fecha,demanda_sin_gwh,demanda_real_gwh,generacion_total_gwh,importaciones_gwh,exportaciones_gwh,diferencia_demareal_demasin_pct,diferencia_balance_gwh,diferencia_balance_pct,variant
2023-01-01,168.12069693,173.8333418,176.93265376,,8.816266830000002,0.03397942653294229,,,CANDIDATE_STRUCTURAL_ZERO
2023-01-02,192.25538055,196.82221884,200.37085832999998,,8.121837779999998,0.02375402070379139,,,CANDIDATE_STRUCTURAL_ZERO
2023-01-03,201.59109962999997,207.72812412,211.13445097,,9.543351339999997,0.030442933746896078,,,CANDIDATE_STRUCTURAL_ZERO
2023-01-04,205.93924784,212.62907445000002,216.47177390999997,,10.55462607,0.032484466560728266,,,CANDIDATE_STRUCTURAL_ZERO
2023-01-05,207.00046921,213.18084770999997,217.23425989999998,,10.23379069,0.029856833289252236,,,CANDIDATE_STRUCTURAL_ZERO
2023-01-06,209.74577078,216.84223826,220.45881742,,10.71304664,0.033833661835515186,,,CANDIDATE_STRUCTURAL_ZERO
2023-01-07,201.55770375999998,208.29228738999998,212.13319235,,10.61690859,0.033412682841530324,,,CANDIDATE_STRUCTURAL_ZERO
2023-01-08,182.95254346,190.00161192999997,193.5478053,,10.60777184,0.038529491510136675,,,CANDIDATE_STRUCTURAL_ZERO
2023-01-09,187.38115875999998,194.43475873,198.05226449999998,,10.733985739999998,0.037643058761496706,,,CANDIDATE_STRUCTURAL_ZERO
2023-01-10,205.90205424,212.02496768999998,216.20118641,,10.310112169999998,0.02973701973299929,,,CANDIDATE_STRUCTURAL_ZERO
2023-01-11,211.26784009999997,214.93206963,218.74696589999996,,7.494095799999999,0.017344000526846058,,,CANDIDATE_STRUCTURAL_ZERO
2023-01-12,211.88667159999997,214.645831,218.62215852999998,,7.175476930000001,0.013021863900947775,,,CANDIDATE_STRUCTURAL_ZERO
2023-01-13,216.35208237999998,221.52245136999997,225.60645393,,9.25437155,0.023897939567407395,,,CANDIDATE_STRUCTURAL_ZERO
2023-01-14,207.31490551,211.91925342,216.11907819,,8.887522679999998,0.022209439782794136,,,CANDIDATE_STRUCTURAL_ZERO
2023-01-15,188.37436184,191.50363364999998,195.50185675,,7.65566491,0.016611983602407076,,,CANDIDATE_STRUCTURAL_ZERO
2023-01-16,211.02494787999998,217.01931013,220.84423140999996,,9.84289353,0.02840594114686732,,,CANDIDATE_STRUCTURAL_ZERO
2023-01-17,215.1520301,220.33214386999998,225.08216348999997,,9.930133389999998,0.02407652750286548,,,CANDIDATE_STRUCTURAL_ZERO
2023-01-18,214.63226141999996,220.94564069,225.07319145999998,,10.44093004,0.029414866284457577,,,CANDIDATE_STRUCTURAL_ZERO
2023-01-19,216.04428740999998,222.24630961999998,226.65781532,,10.624227910000002,0.028707179830356044,,,CANDIDATE_STRUCTURAL_ZERO
2023-01-20,215.87220795,222.13093456999997,226.17850163999998,,10.38741369,0.028992739173954313,,,CANDIDATE_STRUCTURAL_ZERO
2023-01-21,206.16899056,210.21396943,213.99969376999996,,7.830703209999999,0.01961972486266217,,,CANDIDATE_STRUCTURAL_ZERO
2023-01-22,189.26279071,195.26820807999997,199.33713975,,10.417329039999998,0.031730576028554086,,,CANDIDATE_STRUCTURAL_ZERO
2023-01-23,215.09438072999998,221.54846071999998,225.7182059,,10.629425169999998,0.030005804745320448,,,CANDIDATE_STRUCTURAL_ZERO
2023-01-24,219.43774594999996,225.75956745999997,229.69240686,,10.531050910000001,0.028809179945917175,,,CANDIDATE_STRUCTURAL_ZERO
2023-01-25,220.97275338999998,225.41615459,229.50172507,,8.57598168,0.020108366899686262,,,CANDIDATE_STRUCTURAL_ZERO
2023-01-26,221.00560878999997,226.88927616,231.01080503,,10.005196240000002,0.026622253626109166,,,CANDIDATE_STRUCTURAL_ZERO
2023-01-27,219.67169284999997,226.66657719999998,230.26942809999997,,10.59773525,0.031842447514511464,,,CANDIDATE_STRUCTURAL_ZERO
2023-01-28,209.18866789999998,215.92528938,219.74710917,,10.630431269999999,0.03220356794480082,,,CANDIDATE_STRUCTURAL_ZERO
2023-01-29,189.45453038,195.95577013000002,199.38872433999998,,10.27028396,0.034315567629658206,,,CANDIDATE_STRUCTURAL_ZERO
2023-01-30,215.04961963,221.36780445,225.56013295,,10.611733319999999,0.029380125530427098,,,CANDIDATE_STRUCTURAL_ZERO
2023-01-31,217.74472161,224.50191281999997,228.27160640999998,0.0,10.626914799999996,0.031032629218460225,-0.10003000000003226,-0.00045939115887821524,CANDIDATE_STRUCTURAL_ZERO
2023-02-01,217.26141812999998,223.95496167,227.76219189,0.0,10.61997376,0.030808707766028093,-0.11919999999997799,-0.0005486478042256623,CANDIDATE_STRUCTURAL_ZERO
2023-02-02,216.17528405000002,223.33909864999998,226.70193379999998,0.0,10.622579749999998,0.03313891609525083,-0.09593000000003826,-0.0004437602588177946,CANDIDATE_STRUCTURAL_ZERO
2023-02-03,218.2814857,225.41442353999997,228.79294285999998,0.0,10.608607160000002,0.032677704282273824,-0.09714999999999918,-0.0004450675222795553,CANDIDATE_STRUCTURAL_ZERO
2023-02-04,209.18632940999998,216.25068778999997,219.5165791,0.0,10.53558969,0.03377065030934226,-0.20533999999997832,-0.0009816129026171544,CANDIDATE_STRUCTURAL_ZERO
2023-02-05,189.28770105,195.58734321999998,198.84523991999998,0.0,10.07822887,0.033280779126457515,-0.5206900000000303,-0.002750786221776189,CANDIDATE_STRUCTURAL_ZERO
2023-02-06,217.41976391999998,223.77890207999997,227.80333432999998,0.0,10.389840410000001,0.02924820653535363,-0.006270000000000664,-2.883822467173556e-05,CANDIDATE_STRUCTURAL_ZERO
2023-02-07,219.37586266,223.14237418,226.97980086,0.0032798800000000006,7.64360808,0.017169215766629387,-0.03638999999998305,-0.00016587968958272378,CANDIDATE_STRUCTURAL_ZERO
2023-02-08,220.71338981999997,227.22964673999996,231.07102417,0.0,10.38523435,0.029523613974277867,-0.02759999999997831,-0.0001250490512718197,CANDIDATE_STRUCTURAL_ZERO
2023-02-09,222.95366391999997,228.70532572000002,233.25786175999997,0.0,10.304197839999999,0.025797565731253722,0.0,0.0,CANDIDATE_STRUCTURAL_ZERO
2023-02-10,223.06055740999997,222.93741731999998,226.63807339,0.00407116,3.58158714,-0.0005520478000673737,0.0,0.0,CANDIDATE_STRUCTURAL_ZERO
2023-02-11,214.95815775,211.81758957999998,215.74886543999997,0.0024741999999999998,0.83448189,-0.014610137167497301,-0.0413000000000352,-0.00019213041473898284,CANDIDATE_STRUCTURAL_ZERO
2023-02-12,196.20678596,192.74983675,196.24272788,0.00625015,0.061922069999999996,-0.01761890748623119,-0.019730000000009795,-0.00010055717442939044,CANDIDATE_STRUCTURAL_ZERO
2023-02-13,218.53937398,215.59854398,219.17775053999998,0.004893529999999999,0.64327009,-0.01345675127754846,0.0,0.0,CANDIDATE_STRUCTURAL_ZERO
2023-02-14,222.26004318,221.14633978999998,224.89602718999998,0.01001875,2.9575027599999997,-0.005010812443233739,-0.31150000000002365,-0.0014015114707223897,CANDIDATE_STRUCTURAL_ZERO
2023-02-15,223.00673639,225.64013429999997,229.67980632,0.0006374,6.700947330000001,0.011808602523085358,-0.027239999999977726,-0.00012214877649408627,CANDIDATE_STRUCTURAL_ZERO
2023-02-16,221.90919416,223.02861597999998,227.32427840999998,0.00140771,5.723341960000001,0.00504450401091928,-0.3068500000000256,-0.0013827728101197193,CANDIDATE_STRUCTURAL_ZERO
2023-02-17,220.82406771,226.17891353,229.84495406999997,0.0,9.020886360000002,0.024249375874337658,-2.842170943040401e-14,-1.2870748068878605e-16,CANDIDATE_STRUCTURAL_ZERO
2023-02-18,209.73622374,215.39686883000002,219.35135058999998,0.0,9.615126850000001,0.0269893535273012,-2.842170943040401e-14,-1.355116866490218e-16,CANDIDATE_STRUCTURAL_ZERO
2023-02-19,189.61219058,188.40694009999999,191.41388166,0.0,3.2430010799999995,-0.006356397636213723,-1.4413100000000156,-0.00760135725235402,CANDIDATE_STRUCTURAL_ZERO
2023-02-20,213.10666368999998,216.9922535,221.23384376999996,0.0,8.127180079999999,0.01823307513111031,0.0,0.0,CANDIDATE_STRUCTURAL_ZERO
2023-02-21,215.67107205,218.41024822999998,221.83796581999997,0.0,6.508693770000001,0.012700712033206527,-0.34180000000003474,-0.0015848207956271193,CANDIDATE_STRUCTURAL_ZERO
2023-02-22,216.20356927,221.88342228,225.81680948,0.0,9.62144021,0.02627085680952314,-0.008200000000016416,-3.792721844372545e-05,CANDIDATE_STRUCTURAL_ZERO
2023-02-23,218.66944834999998,220.40126995000003,224.83648764999998,0.00579445,6.3329137499999995,0.007919815104797407,-0.16007999999999356,-0.0007320638580647591,CANDIDATE_STRUCTURAL_ZERO
2023-02-24,220.10290218999998,225.74854919999999,229.66441276,0.0,9.56839057,0.02565003438767245,-0.006879999999966913,-3.125810669242277e-05,CANDIDATE_STRUCTURAL_ZERO
2023-02-25,210.86257902999998,211.363351,214.83717954999997,0.0,3.974600520000001,0.00237487358972675,0.0,0.0,CANDIDATE_STRUCTURAL_ZERO
2023-02-26,192.36407591999998,198.30059996,202.27092516,0.0,10.275049240000001,0.030860876759904454,-0.3681999999999732,-0.0019140788020789265,CANDIDATE_STRUCTURAL_ZERO
2023-02-27,218.98004846,224.97109826,229.38938578,0.0,10.435547320000001,0.027358884255130392,-0.026210000000020273,-0.00011969126952133231,CANDIDATE_STRUCTURAL_ZERO
2023-02-28,222.97246213999998,223.56468347999999,228.00952325999998,0.0,5.08677112,0.002656029064379102,-0.049710000000004584,-0.00022294232894460602,CANDIDATE_STRUCTURAL_ZERO
2023-03-01,222.38257611,224.08003510999998,228.00094007,0.0,5.6487339599999995,0.007633057542963008,-0.03036999999997647,-0.00013656645467113467,CANDIDATE_STRUCTURAL_ZERO
2023-03-02,224.91526516999997,224.76370265,228.92280044,0.00128056,4.48801583,-0.0006738649770410797,-0.4791999999999632,-0.0021305801526533322,CANDIDATE_STRUCTURAL_ZERO
2023-03-03,225.69930666,222.13358685999998,225.69191451999998,0.013326479999999998,0.024624339999999998,-0.015798541221801424,-0.018690000000020746,-8.280929293316752e-05,CANDIDATE_STRUCTURAL_ZERO
2023-03-04,216.07542011,215.73877685999997,219.25442417,0.007488119999999999,3.3356021800000004,-0.001557989565998105,-0.1491100000000074,-0.0006900831197000485,CANDIDATE_STRUCTURAL_ZERO
2023-03-05,192.93730266999998,193.06088339999997,196.13604277,0.005016020000000001,3.2447861199999997,0.000640522741272893,-0.04102999999997792,-0.00021265975750762745,CANDIDATE_STRUCTURAL_ZERO
2023-03-06,219.06871005,215.60755050999998,218.99834758,0.01134922,0.007256750000000001,-0.01579942447832938,-0.06627000000000294,-0.000302507829552096,CANDIDATE_STRUCTURAL_ZERO
2023-03-07,220.11557805,216.66409313,220.10055309999998,0.01579583,0.029470879999999994,-0.015680330081935392,-0.028700000000014825,-0.00013038604652277505,CANDIDATE_STRUCTURAL_ZERO
2023-03-08,218.46977368,215.36996409,218.35036028,0.02349187,0.03993847000000001,-0.014188734385473396,-0.1358600000000365,-0.0006218709238882409,CANDIDATE_STRUCTURAL_ZERO
2023-03-09,214.76258016,211.60706299999998,214.78823118,0.00811129,0.03484231000000001,-0.01469304921578577,-0.0010800000000017462,-5.0288090187645204e-06,CANDIDATE_STRUCTURAL_ZERO
2023-03-10,215.91517473,212.50128184,215.61112312,0.22003354,0.02292193,-0.015811268912752623,-0.10693999999998027,-0.0004952870965818303,CANDIDATE_STRUCTURAL_ZERO
2023-03-11,207.24042556999999,203.22901246,201.83051447999998,4.77146071,0.00725962,-0.019356325383751132,-0.6457100000000082,-0.003115753107647936,CANDIDATE_STRUCTURAL_ZERO
2023-03-12,189.21075469999997,184.62608140999998,185.50650803000002,2.8716730500000005,0.02039638,-0.024230511089441707,-0.8529699999999423,-0.004508041846523761,CANDIDATE_STRUCTURAL_ZERO
2023-03-13,212.63698152999999,209.0295504,212.64896151,0.035221470000000005,0.04720144999999999,-0.016965210397754938,2.842170943040401e-14,1.336630591061796e-16,CANDIDATE_STRUCTURAL_ZERO
2023-03-14,216.43312197999998,212.51934115,214.13130803,2.0146627699999997,0.030408820000000003,-0.018083095573336698,-0.31755999999995765,-0.0014672430776528859,CANDIDATE_STRUCTURAL_ZERO
2023-03-15,215.12729683999999,211.41655411,213.72287326999998,1.4330529499999998,0.028629380000000006,-0.017249055719599553,-2.842170943040401e-14,-1.3211577446418867e-16,CANDIDATE_STRUCTURAL_ZERO
2023-03-16,216.33063327,213.00982994999998,214.78063716,1.50780692,0.019960809999999996,-0.015350592145936865,-0.06214999999997417,-0.00028729172129037043,CANDIDATE_STRUCTURAL_ZERO
2023-03-17,217.47297437,214.38719215999998,214.8628201,2.4938733500000003,0.01359908,-0.014189267512155282,-0.1298800000000142,-0.0005972236337699665,CANDIDATE_STRUCTURAL_ZERO
2023-03-18,210.31808852999998,207.74449862,209.47287172,1.09180835,0.41452154,-0.012236655096990774,-0.16792999999998415,-0.0007984572376713592,CANDIDATE_STRUCTURAL_ZERO
2023-03-19,190.00906113,186.76740037,189.48167708,0.01137967,0.023965620000000003,-0.017060558800309683,-0.5399700000000109,-0.00284181184196566,CANDIDATE_STRUCTURAL_ZERO
2023-03-20,196.71017045,193.25333028,194.38320907,2.08397342,0.02112204,-0.017573266100537777,-0.2641099999999881,-0.001342635204859018,CANDIDATE_STRUCTURAL_ZERO
2023-03-21,220.99400509999998,217.52421128999998,220.95972222,0.00781342,0.030860539999999995,-0.01570085038474195,-0.05732999999997901,-0.0002594188017635914,CANDIDATE_STRUCTURAL_ZERO
2023-03-22,222.2011319,218.91792243999998,222.19665118999998,0.00781967,0.029768959999999997,-0.014775844892984648,-0.02643000000003326,-0.00011894628877015752,CANDIDATE_STRUCTURAL_ZERO
2023-03-23,222.49434467999998,218.86283729999997,222.26386123,0.00191531,0.023251860000000003,-0.016321796336994505,-0.25181999999998084,-0.0011318040481530357,CANDIDATE_STRUCTURAL_ZERO
2023-03-24,224.52028038999998,221.20191108,224.37691325999998,0.030592470000000004,0.06122534000000001,-0.014779819908632977,-0.1740000000000066,-0.0007749856703268061,CANDIDATE_STRUCTURAL_ZERO
2023-03-25,214.30893923,211.0492287,214.25143651,0.0038173,0.025494580000000003,-0.015210333930595541,-0.0791799999999796,-0.000369466622738505,CANDIDATE_STRUCTURAL_ZERO
2023-03-26,195.58914646,192.58827673,194.87110539999998,0.73674717,0.022086110000000003,-0.015342721129026012,-0.003380000000021255,-1.7281122501920116e-05,CANDIDATE_STRUCTURAL_ZERO
2023-03-27,219.17418841999998,215.97144650999996,218.99552898999997,0.014847120000000004,0.026207690000000002,-0.014612769565103403,-0.19002000000000407,-0.0008669816522184255,CANDIDATE_STRUCTURAL_ZERO
2023-03-28,222.35180108,218.71981766,222.17219787,0.013017360000000002,0.026414150000000004,-0.016334400721554128,-0.19300000000001205,-0.0008679938685568486,CANDIDATE_STRUCTURAL_ZERO
2023-03-29,221.94705646,217.44246757,221.96687948,0.0083618,0.035014819999999995,-0.02029578117343421,-0.006830000000007885,-3.077310467164862e-05,CANDIDATE_STRUCTURAL_ZERO
2023-03-30,222.55056269,217.40002856,222.55822172,0.010132659999999998,0.029481689999999998,-0.02314320875105752,-0.011689999999987322,-5.252738909616154e-05,CANDIDATE_STRUCTURAL_ZERO
2023-03-31,223.01837036999999,218.20506605999998,222.99570864,0.00868002,0.03604829,-0.021582546325733008,-0.05002999999996405,-0.00022433129574465758,CANDIDATE_STRUCTURAL_ZERO
2023-04-01,213.68633584,210.19125820999997,213.71604233,0.00522702,0.03493351,-0.01635611194445771,0.0,0.0,CANDIDATE_STRUCTURAL_ZERO
2023-04-02,194.23223728999997,191.18668861999998,192.74924399,1.49700253,0.01400923,-0.015679934044382178,2.842170943040401e-14,1.4632848710880445e-16,CANDIDATE_STRUCTURAL_ZERO
2023-04-03,218.29560497,214.76610299,218.10453601,0.18359363,0.024614669999999995,-0.016168451859051608,-0.03209000000001083,-0.0001470025015135825,CANDIDATE_STRUCTURAL_ZERO
2023-04-04,221.06317758,217.31307469,220.00827705999998,0.9266934699999998,0.01602295,-0.01696394185161334,-0.14423000000002162,-0.0006524379210455644,CANDIDATE_STRUCTURAL_ZERO
2023-04-05,217.49949607,213.82226247999998,216.97738241999997,0.52465252,0.02262887,-0.016906860275283278,-0.0200900000000388,-9.236803010142624e-05,CANDIDATE_STRUCTURAL_ZERO
2023-04-06,187.27283196,184.15694466999997,187.28456985999998,0.010584479999999999,0.03287238000000001,-0.0166382238010132,-0.010549999999994952,-5.6334919964516526e-05,CANDIDATE_STRUCTURAL_ZERO
2023-04-07,175.97535683,172.68275512999998,175.94909374999997,0.018316330000000002,0.03176325000000001,-0.018710584023312046,-0.0397100000000421,-0.00022565659598806052,CANDIDATE_STRUCTURAL_ZERO
2023-04-08,190.23125349999998,186.83937426,190.21815899,0.014677410000000002,0.03331289999999999,-0.017830294326478695,-0.03172999999998183,-0.000166796987436041,CANDIDATE_STRUCTURAL_ZERO
2023-04-09,189.89260044,186.1808879,189.90029611999998,0.014844229999999998,0.03308991,-0.01954637795996053,-0.010550000000023374,-5.5557720393411737e-05,CANDIDATE_STRUCTURAL_ZERO
2023-04-10,219.15557963999998,215.70732469,219.03185677,0.14748582999999998,0.027762959999999996,-0.015734278614600267,-0.003999999999990678,-1.8251873881383047e-05,CANDIDATE_STRUCTURAL_ZERO
2023-04-11,223.03372606,219.58730789999998,223.05093211,0.0045203000000000005,0.02349635,-0.015452452958046625,-0.001769999999993388,-7.93601950369258e-06,CANDIDATE_STRUCTURAL_ZERO
2023-04-12,223.72389937999998,219.97425352,223.30821341,0.00566906,0.024873089999999997,-0.016760148872745736,-0.43488999999996736,-0.0019438692120294985,CANDIDATE_STRUCTURAL_ZERO
2023-04-13,224.44678753999997,220.78667452,223.3435418,1.11955973,0.01631399,-0.016307264007276973,2.842170943040401e-14,1.266300566914499e-16,CANDIDATE_STRUCTURAL_ZERO
2023-04-14,227.98508189999998,224.29413547,227.88953536,0.0082485,0.026881959999999996,-0.016189420813151886,-0.11417999999997619,-0.0005008222426152358,CANDIDATE_STRUCTURAL_ZERO
2023-04-15,217.44693159,213.67869875999997,217.44764818999997,0.015138639999999998,0.02570524,-0.017329436669656417,-0.009850000000028558,-4.529840880257122e-05,CANDIDATE_STRUCTURAL_ZERO
2023-04-16,193.16816663999998,188.63029845999998,192.0016278,0.011352679999999999,0.06838384,-0.023491801257590504,-1.2235699999999952,-0.006334221736857477,CANDIDATE_STRUCTURAL_ZERO
2023-04-17,214.95048531999998,211.06626913,214.69903553,0.011812199999999997,0.04361241,-0.018070283415352606,-0.28324999999998113,-0.0013177453383196723,CANDIDATE_STRUCTURAL_ZERO
2023-04-18,221.62408745,217.95456514,221.62155625,0.014800210000000001,0.07769901,-0.016557416444310736,-0.0654299999999921,-0.00029522964201602676,CANDIDATE_STRUCTURAL_ZERO
2023-04-19,223.48925174,220.14089177999998,223.47736903999999,0.01421369,0.012130990000000001,-0.014982196834662016,-0.009800000000012687,-4.38499834945695e-05,CANDIDATE_STRUCTURAL_ZERO
2023-04-20,225.01482491,221.0645493,223.02596015,1.9667379300000003,0.00790317,-0.01755562377536673,-0.030029999999982238,-0.00013345787332898375,CANDIDATE_STRUCTURAL_ZERO
2023-04-21,221.01291091,217.55781167,219.04751025000002,1.8929701699999997,0.00799951,-0.015633019925279178,-0.08042999999995004,-0.0003639153914981122,CANDIDATE_STRUCTURAL_ZERO
2023-04-22,211.45757899999998,207.54182906,211.19499229,0.050690769999999996,0.012174059999999999,-0.018517898287296594,-0.22407000000001176,-0.0010596451593726597,CANDIDATE_STRUCTURAL_ZERO
2023-04-23,191.99235908,188.03095202999998,191.38207672,0.01904061,0.013598250000000001,-0.020633149511691595,-0.6048400000000242,-0.003150333705457505,CANDIDATE_STRUCTURAL_ZERO
2023-04-24,216.84154141999997,212.87866392,213.19374209999998,3.5442425399999995,0.01076322,-0.01827545346730529,-0.1143199999999922,-0.0005272052543592927,CANDIDATE_STRUCTURAL_ZERO
2023-04-25,220.82313392999998,216.81169744,217.03605924,3.7510146900000003,0.0,-0.0181658344332329,-0.03605999999999199,-0.00016329810812042392,CANDIDATE_STRUCTURAL_ZERO
2023-04-26,223.91696106999999,220.11509783,222.47769584999998,1.22331453,0.007949310000000001,-0.01697889798893558,-0.22389999999998622,-0.0009999242528572524,CANDIDATE_STRUCTURAL_ZERO
2023-04-27,225.97717896999998,222.26414753,225.89520338,0.03216969,0.0215941,-0.016431001824714835,-0.07139999999998281,-0.0003159611086633737,CANDIDATE_STRUCTURAL_ZERO
2023-04-28,225.12618847999997,221.40717203999998,223.74339070000002,1.37154233,0.006684549999999999,-0.016519697086820197,-0.017939999999924794,-7.968864093978374e-05,CANDIDATE_STRUCTURAL_ZERO
2023-04-29,215.55754306,212.10942394,215.04372257,0.51813453,0.00431404,-0.015996281415400177,0.0,0.0,CANDIDATE_STRUCTURAL_ZERO
2023-04-30,190.99227412,187.26588193999999,183.88076753,6.847576589999999,0.0,-0.019510695902069428,-0.2639299999999878,-0.0013818883576105345,CANDIDATE_STRUCTURAL_ZERO
2023-05-01,193.75687316999998,190.32043672,190.578955,3.1512993700000003,0.0023812,-0.01773581702562306,-0.02899999999996794,-0.00014967210982251808,CANDIDATE_STRUCTURAL_ZERO
2023-05-02,225.02259694999998,221.01953397,223.03884009,1.9572795,0.01238264,-0.017789604396439625,-0.03885999999997125,-0.0001726937673224256,CANDIDATE_STRUCTURAL_ZERO
2023-05-03,231.25600931,227.20461278,230.78273729,0.29179082000000006,0.008878799999999997,-0.01751909730730104,-0.1903599999999983,-0.0008231569876518091,CANDIDATE_STRUCTURAL_ZERO
2023-05-04,233.44027302,229.12136904,232.70495654,0.26320419,0.01470771,-0.01850110918791632,-0.4868199999999945,-0.002085415655585213,CANDIDATE_STRUCTURAL_ZERO
2023-05-05,238.03892291,233.63521763,232.10094878,5.707143069999999,9.894e-05,-0.018499937851193318,-0.23092999999997232,-0.0009701354601040794,CANDIDATE_STRUCTURAL_ZERO
2023-05-06,225.85335178999998,224.68797565,228.97042246,0.0,3.6216006700000003,-0.005159879766068528,-0.50452999999996,-0.0022338831635718894,CANDIDATE_STRUCTURAL_ZERO
2023-05-07,203.03868887,198.59282969999998,200.81104897,1.50708361,0.67797371,-0.021896610910675084,-1.3985299999999938,-0.006887997591904436,CANDIDATE_STRUCTURAL_ZERO
2023-05-08,227.94049078999998,223.87734632,221.75076685,5.93996394,0.0,-0.017825461619029963,-0.24975999999998066,-0.0010957245864232294,CANDIDATE_STRUCTURAL_ZERO
2023-05-09,232.95485773,229.09655551999998,227.73199229,5.183585439999999,0.0,-0.016562445821464114,-0.03927999999999088,-0.00016861635933566708,CANDIDATE_STRUCTURAL_ZERO
2023-05-10,227.63084971,224.28145537,225.14041473,2.4967927299999997,0.00755775,-0.01471414944093521,-0.0011999999999829924,-5.271693188826486e-06,CANDIDATE_STRUCTURAL_ZERO
2023-05-11,230.57959628999998,226.77318531999998,224.88467065999998,5.65560563,0.0,-0.016508012986598684,-0.039320000000003574,-0.00017052679696147446,CANDIDATE_STRUCTURAL_ZERO
2023-05-12,233.05671911000002,229.35598425,227.23950598,5.720253129999998,0.0,-0.01587911678381308,-0.09696000000002414,-0.00041603606353979506,CANDIDATE_STRUCTURAL_ZERO
2023-05-13,224.07040862,220.16423245,218.86134592,5.20507844,0.00122574,-0.017432806920187643,-0.005210000000005266,-2.3251620024672163e-05,CANDIDATE_STRUCTURAL_ZERO
2023-05-14,199.44304008,196.02436760999998,194.67668415,4.754388300000001,0.00111237,-0.017141096869706413,-0.013080000000002201,-6.558263449431773e-05,CANDIDATE_STRUCTURAL_ZERO
2023-05-15,224.45535613999996,220.65819143,218.61189112,5.676771600000001,0.00486658,-0.016917238132787362,-0.17155999999997107,-0.0007643390781593273,CANDIDATE_STRUCTURAL_ZERO
2023-05-16,226.49120961,222.85208398,225.26723012,1.62106177,0.39940228000000005,-0.016067403394004927,-0.0023199999999974352,-1.0243223143151084e-05,CANDIDATE_STRUCTURAL_ZERO
2023-05-17,224.74034522,220.8828325,222.59828119,2.02529089,0.00853686,-0.017164308954957956,-0.1253099999999847,-0.0005575767887929416,CANDIDATE_STRUCTURAL_ZERO
2023-05-18,232.44314744999997,228.45768415,227.50068917,4.9255882799999995,0.0,-0.01714597028874453,-0.016869999999983065,-7.25768868002956e-05,CANDIDATE_STRUCTURAL_ZERO
2023-05-19,235.18904611,231.62888119,231.77942043,3.4092994699999997,0.006913790000000001,-0.015137460604074582,-0.007239999999995916,-3.078374660616509e-05,CANDIDATE_STRUCTURAL_ZERO
2023-05-20,220.75907841999998,217.04892775999997,214.65082158999996,5.5447668299999995,0.0,-0.016806333341097535,-0.56349000000003,-0.0025525111086393258,CANDIDATE_STRUCTURAL_ZERO
2023-05-21,193.87685309,189.52662187,186.22919844,7.11400465,0.0,-0.022438115487569594,-0.5336499999999944,-0.0027525204349807945,CANDIDATE_STRUCTURAL_ZERO
2023-05-22,194.43991506999998,191.53520730999998,188.77452184999999,5.55292322,0.0,-0.014938845035775134,-0.11247000000000185,-0.0005784306167769704,CANDIDATE_STRUCTURAL_ZERO
2023-05-23,220.82806266999998,217.52058437,219.20104198999996,1.4332839299999998,0.009793249999999998,-0.014977617699533957,-0.20353000000002908,-0.0009216672805945832,CANDIDATE_STRUCTURAL_ZERO
2023-05-24,224.9421798,221.84522407,219.24737503,5.699305819999999,0.00450105,-0.013767785716105124,2.842170943040401e-14,1.2635117813686275e-16,CANDIDATE_STRUCTURAL_ZERO
2023-05-25,224.13391253999998,220.65097878,217.6586485,6.474703269999999,0.006449229999999999,-0.01553952153214833,-0.007009999999979755,-3.127594535132526e-05,CANDIDATE_STRUCTURAL_ZERO
2023-05-26,222.91400706,219.829305,214.49012865999998,8.395488400000001,0.0,-0.01383808088457043,-0.02839000000000169,-0.0001273585288535062,CANDIDATE_STRUCTURAL_ZERO
2023-05-27,213.89401854,210.85632298999997,203.98504003999997,9.580448500000001,0.0,-0.01420187236059595,-0.3285300000000291,-0.001535947579284884,CANDIDATE_STRUCTURAL_ZERO
2023-05-28,194.30254286000002,190.7269537,185.01236301999998,8.87521984,0.0,-0.018402173782029838,-0.4149600000000362,-0.002135638545394774,CANDIDATE_STRUCTURAL_ZERO
2023-05-29,219.96424434,216.26743338,214.44776337,5.43818097,0.0,-0.016806417657070718,-0.07830000000001291,-0.0003559669446957213,CANDIDATE_STRUCTURAL_ZERO
2023-05-30,221.88966600999998,218.4480721,218.76859062999998,3.1160553799999997,0.0,-0.015510383930384982,-0.005020000000001801,-2.2623856668365813e-05,CANDIDATE_STRUCTURAL_ZERO
2023-05-31,224.16086605,220.65532507,221.76475967,2.10603632,0.008409940000000001,-0.015638505693576686,-0.2984800000000405,-0.0013315437491817296,CANDIDATE_STRUCTURAL_ZERO
2023-06-01,220.59397027999998,217.04130431,218.56459442,2.03244889,0.009843030000000001,-0.01610500035649475,-0.0067699999999888405,-3.068986877291196e-05,CANDIDATE_STRUCTURAL_ZERO
2023-06-02,223.33587005,219.65367569,220.75899761,2.4210664200000003,0.00516398,-0.01648725016351224,-0.16097000000002026,-0.0007207530074053156,CANDIDATE_STRUCTURAL_ZERO
2023-06-03,218.50368906,214.82616376,217.65889804,0.74363433,0.01038331,-0.01683049524619323,-0.11154000000001929,-0.0005104719306107046,CANDIDATE_STRUCTURAL_ZERO
2023-06-04,193.56248743,189.83637425,193.17256299000002,0.02307957,0.02146513,-0.01925018235440641,-0.38830999999998994,-0.0020061221838783123,CANDIDATE_STRUCTURAL_ZERO
2023-06-05,218.90719134,215.64674206,218.53190647,0.38580502,0.01431015,-0.014894208180378862,-0.003790000000009286,-1.731327315840791e-05,CANDIDATE_STRUCTURAL_ZERO
2023-06-06,225.74367493999998,222.14814724,224.37507184,1.21376036,0.00603726,-0.015927479256974266,-0.16087999999996327,-0.000712666700596255,CANDIDATE_STRUCTURAL_ZERO
2023-06-07,229.46147016999998,226.05212017999997,224.31131206999999,5.14985067,0.0012925699999999998,-0.014858049970106708,-0.001599999999996271,-6.972848203277382e-06,CANDIDATE_STRUCTURAL_ZERO
2023-06-08,222.95864883000002,219.15076196,215.65843373999996,7.23947509,0.0,-0.01707889283498222,-0.06074000000003821,-0.00027242719813193176,CANDIDATE_STRUCTURAL_ZERO
2023-06-09,224.09521274,220.19202353999998,220.20031214999997,3.7798673699999994,0.00464678,-0.017417548337048044,-0.11968000000001666,-0.0005340587089598917,CANDIDATE_STRUCTURAL_ZERO
2023-06-10,215.25151118,211.43502929999997,212.01955944000002,3.1413656899999998,0.00509395,-0.017730337218439158,-0.09567999999998733,-0.00044450326724989513,CANDIDATE_STRUCTURAL_ZERO
2023-06-11,194.80552848,190.56448059000002,189.42870363999998,5.3786993800000005,0.00187454,-0.02177067521179405,0.0,0.0,CANDIDATE_STRUCTURAL_ZERO
2023-06-12,202.33217558,198.42370795,198.36401748999998,3.9039328099999993,0.00405472,-0.0193170839921832,-0.06828000000004408,-0.00033746486343219737,CANDIDATE_STRUCTURAL_ZERO
2023-06-13,227.98592619999997,223.66781435,223.47967136,4.507403569999999,0.00114873,-0.018940256190252417,2.842170943040401e-14,1.2466431548704963e-16,CANDIDATE_STRUCTURAL_ZERO
2023-06-14,230.78469887999998,226.27238911999999,227.28758206999998,3.30413802,0.00102121,-0.019552031750364168,-0.1939999999999884,-0.0008406103218344716,CANDIDATE_STRUCTURAL_ZERO
2023-06-15,227.45094086,222.96905038,225.85419212,1.5822216200000003,0.009772880000000001,-0.01970486674204916,-0.02430000000001087,-0.00010683622546528809,CANDIDATE_STRUCTURAL_ZERO
2023-06-16,226.79245763999998,223.22609678999999,221.74361812,4.7319388700000005,0.00095935,-0.015725218056682793,-0.3178599999999676,-0.0014015457273474415,CANDIDATE_STRUCTURAL_ZERO
2023-06-17,212.2769151,208.94499939,202.40184254999997,9.83769255,0.0,-0.015696081264561415,-0.03738000000004149,-0.0001760907444054028,CANDIDATE_STRUCTURAL_ZERO
2023-06-18,191.61225869999998,188.43986396000003,184.46979996,7.136894820000001,0.00347608,-0.016556324535409065,-0.009039999999998827,-4.717860987251557e-05,CANDIDATE_STRUCTURAL_ZERO
2023-06-19,200.68515811,197.48617303999998,195.43847797,5.24822268,0.00154254,-0.01594031716210217,0.0,0.0,CANDIDATE_STRUCTURAL_ZERO
2023-06-20,230.73027840999998,226.8044921,224.05690212,6.444112370000001,0.0014860799999999999,-0.017014612633648313,-0.23075000000000045,-0.0010000854746509058,CANDIDATE_STRUCTURAL_ZERO
2023-06-21,235.65761463999996,231.7209128,231.46992451999998,4.03613133,0.00525121,-0.016705175625297823,-0.15681000000000722,-0.0006654145262378068,CANDIDATE_STRUCTURAL_ZERO
2023-06-22,234.48054272999997,230.71927073999998,231.41936012000002,2.8737518200000003,0.0043192099999999995,-0.0160408703690652,-0.19174999999995634,-0.0008177650809208205,CANDIDATE_STRUCTURAL_ZERO
2023-06-23,231.26097166,227.05916405999997,228.21619536999998,2.6483774,0.00998111,-0.018169116776770803,-0.40638000000004126,-0.0017572355468500813,CANDIDATE_STRUCTURAL_ZERO
2023-06-24,217.425942,213.92893600999997,212.37695576,4.790036239999999,0.0,-0.01608366489220509,-0.2589499999999987,-0.001190980237307647,CANDIDATE_STRUCTURAL_ZERO
2023-06-25,195.52048466,192.23540461,188.36762722999998,6.942647429999998,0.0,-0.01680171801799995,-0.21021000000001777,-0.0010751303136628475,CANDIDATE_STRUCTURAL_ZERO
2023-06-26,215.77470959,212.43061537999998,210.23368053,5.54113558,0.00010651999999999999,-0.015498082311658407,0.0,0.0,CANDIDATE_STRUCTURAL_ZERO
2023-06-27,223.51653605,219.43890739,218.01823502,5.504369219999999,0.00866819,-0.018243073788007623,-0.0026000000000294676,-1.1632248986928892e-05,CANDIDATE_STRUCTURAL_ZERO
2023-06-28,227.66603856999998,223.90051217,220.23719454999997,7.420653229999999,0.00016921000000000001,-0.016539693068196432,-0.00836000000001036,-3.67204526969442e-05,CANDIDATE_STRUCTURAL_ZERO
2023-06-29,231.76725899,227.69769043,223.15897632999997,8.566852659999999,0.0,-0.017558858734984573,-0.04143000000001962,-0.00017875691407217786,CANDIDATE_STRUCTURAL_ZERO
2023-06-30,230.52295174999998,226.7969819,223.35636998,7.147351770000002,0.0,-0.01616311877717393,-0.019229999999964775,-8.341902554162822e-05,CANDIDATE_STRUCTURAL_ZERO
2023-07-01,217.54395127,213.17916505,206.91122100999996,10.432710259999999,0.0,-0.02006392820631796,-0.20002000000005182,-0.0009194463869593014,CANDIDATE_STRUCTURAL_ZERO
2023-07-02,189.58290474,186.24848392,178.63344456,10.91103018,0.0,-0.017588193537665865,-0.03843000000000529,-0.00020270815057248654,CANDIDATE_STRUCTURAL_ZERO
2023-07-03,193.56068785,190.88553487,186.66091036,6.89977749,0.0,-0.013820745367846176,0.0,0.0,CANDIDATE_STRUCTURAL_ZERO
2023-07-04,218.55840465999998,215.16389868999997,213.13398585,5.426250209999998,0.0036214000000000003,-0.01553134492942822,-0.0017899999999713145,-8.190030498968571e-06,CANDIDATE_STRUCTURAL_ZERO
2023-07-05,223.62474075,220.08858218999998,219.02394241,4.486288339999999,0.0,-0.015812912954713033,-0.11451000000002409,-0.0005120631984456491,CANDIDATE_STRUCTURAL_ZERO
2023-07-06,223.12801525999998,219.45039748999997,220.67451555999997,2.1519778599999997,0.00924816,-0.016482097802531282,-0.3107700000000193,-0.001392787900873382,CANDIDATE_STRUCTURAL_ZERO
2023-07-07,221.92430837999999,218.50607136999997,217.35347839000002,4.50437999,0.0,-0.015402715614852704,-0.06644999999997481,-0.0002994264147314262,CANDIDATE_STRUCTURAL_ZERO
2023-07-08,212.38125387,208.90919846999998,212.199212,0.01845682,0.00803495,-0.016348219707400753,-0.1716199999999901,-0.0008080750860668704,CANDIDATE_STRUCTURAL_ZERO
2023-07-09,195.9774186,191.41958547,185.10507062,9.95608798,0.0,-0.023256930122662643,-0.9162599999999941,-0.004675334569387956,CANDIDATE_STRUCTURAL_ZERO
2023-07-10,222.86464937,218.97759285,217.69560706,4.487433429999999,0.00167112,-0.017441332804408537,-0.6832799999999963,-0.003065896731184202,CANDIDATE_STRUCTURAL_ZERO
2023-07-11,226.38541905,222.76602957,221.2848136,4.97245298,0.00091753,-0.015987732315925384,-0.12906999999998447,-0.0005701338917568617,CANDIDATE_STRUCTURAL_ZERO
2023-07-12,224.54958097999997,221.29091267,221.37012746,3.1001060200000006,0.0045725,-0.014512021335235548,-0.08391999999997779,-0.00037372592562286865,CANDIDATE_STRUCTURAL_ZERO
2023-07-13,230.29793866999998,226.77936454,226.56079086,3.7261761499999997,0.036588340000000004,-0.015278357028813222,-0.047560000000004266,-0.00020651509203542743,CANDIDATE_STRUCTURAL_ZERO
2023-07-14,230.00580958999998,226.79974059999998,229.03099527,1.01862739,0.043813069999999996,-0.013939078302913426,2.842170943040401e-14,1.235695284439446e-16,CANDIDATE_STRUCTURAL_ZERO
2023-07-15,218.70885927,215.05250497999998,214.54944297999998,4.11357234,0.00192605,-0.016717906637180112,-0.0477700000000425,-0.00021841822118906295,CANDIDATE_STRUCTURAL_ZERO
2023-07-16,196.34067616999997,193.07481123,191.04355199,5.233714179999999,0.0,-0.016633664524880465,-0.06340999999997621,-0.00032295905890164696,CANDIDATE_STRUCTURAL_ZERO
2023-07-17,222.96668408,219.45614206,217.2041595,5.662324579999999,0.0,-0.015744693134246132,-0.10020000000000095,-0.0004493944932331209,CANDIDATE_STRUCTURAL_ZERO
2023-07-18,227.84994696,224.80986646999997,223.4602865,4.401484740000001,0.01182428,-0.013342467402609207,-2.842170943040401e-14,-1.2473871427055261e-16,CANDIDATE_STRUCTURAL_ZERO
2023-07-19,229.92193663999998,226.15206332999998,222.80134331,7.011803329999999,0.0,-0.01639631852920012,-0.10878999999999905,-0.0004731605935032501,CANDIDATE_STRUCTURAL_ZERO
2023-07-20,214.79757053,211.148006,208.94459849999998,5.77503203,0.0,-0.016990716054166313,-0.07794000000001233,-0.0003628532660201887,CANDIDATE_STRUCTURAL_ZERO
2023-07-21,231.67422498,227.1792141,224.36249139,7.258643589999998,0.0,-0.019402291646332438,-0.05308999999999742,-0.00022915799116013263,CANDIDATE_STRUCTURAL_ZERO
2023-07-22,218.23280187,214.52967552999996,214.75110889,3.4428571400000005,0.0067341599999999995,-0.01696869722731219,-0.04556999999999789,-0.00020881370540778592,CANDIDATE_STRUCTURAL_ZERO
2023-07-23,200.63386083999998,195.17216940999998,194.10432167,5.33616917,0.0,-0.027222181774967442,-1.1933699999999874,-0.00594799898184518,CANDIDATE_STRUCTURAL_ZERO
2023-07-24,229.18752684999998,224.94200585,220.79783634,8.38969051,0.0,-0.01852422362748663,2.842170943040401e-14,1.240107165561659e-16,CANDIDATE_STRUCTURAL_ZERO
2023-07-25,233.1657773,228.66067626,224.96188239,8.180724910000002,0.0,-0.019321450566922454,-0.02316999999999325,-9.937135830264594e-05,CANDIDATE_STRUCTURAL_ZERO
2023-07-26,230.77191838,226.73935996,224.03538747,6.430270910000001,0.0,-0.017474216309801546,-0.30626000000000886,-0.001327111210713717,CANDIDATE_STRUCTURAL_ZERO
2023-07-27,229.48480347999998,225.49666378,222.45036194,7.02311396,0.00193242,-0.01737866577447491,-0.013260000000002492,-5.778160383137581e-05,CANDIDATE_STRUCTURAL_ZERO
2023-07-28,232.29863023,228.46836890999998,226.64853718999998,5.645283039999999,0.0,-0.016488523054172317,-0.004809999999991987,-2.0706105736523644e-05,CANDIDATE_STRUCTURAL_ZERO
2023-07-29,224.26674404,220.47930285999996,218.84587731,5.110727779999999,0.00063105,-0.0168881088286746,-0.3107700000000193,-0.0013857159309567124,CANDIDATE_STRUCTURAL_ZERO
2023-07-30,204.8554034,200.35015826,198.35293889,5.98098451,0.0,-0.02199231782626242,-0.5214799999999968,-0.002545600415439161,CANDIDATE_STRUCTURAL_ZERO
2023-07-31,225.76691008999998,221.85084104999999,218.97183764,6.731892450000001,0.0,-0.017345628898579026,-0.06317999999998847,-0.00027984614740398544,CANDIDATE_STRUCTURAL_ZERO
2023-08-01,229.45278065,225.40328971999998,220.72587518,8.191775470000003,0.0,-0.017648471805521433,-0.535129999999981,-0.002332200980454673,CANDIDATE_STRUCTURAL_ZERO
2023-08-02,232.34853981,228.64092566,224.01913284,8.14146697,0.0,-0.015957122661635254,-0.18793999999999755,-0.0008088710183144815,CANDIDATE_STRUCTURAL_ZERO
2023-08-03,236.29384211,231.88326329999998,229.97258004999998,6.25084206,0.0,-0.018665652776286953,-0.07042000000004123,-0.0002980187692206518,CANDIDATE_STRUCTURAL_ZERO
2023-08-04,237.65320761,233.27737911,236.53742827999997,1.06641201,0.00902268,-0.018412663325718497,-0.05839000000003125,-0.00024569413805620484,CANDIDATE_STRUCTURAL_ZERO
2023-08-05,225.70737175999997,221.29069907999997,223.09835547,2.1723561599999996,0.00133987,-0.01956813659013476,-0.4379999999999882,-0.0019405657714437613,CANDIDATE_STRUCTURAL_ZERO
2023-08-06,204.56130793999998,200.45375135,201.55724635,2.44191402,0.00074243,-0.020079831476267074,-0.5628899999999533,-0.00275169339533679,CANDIDATE_STRUCTURAL_ZERO
2023-08-07,207.13951138999997,203.65425856000002,206.14074363999998,1.0910776000000002,0.37318985000000005,-0.016825630255726323,-0.2808799999999678,-0.0013559943156915635,CANDIDATE_STRUCTURAL_ZERO
2023-08-08,233.39632013999997,230.36252944,234.21167156,0.00639555,0.9202669699999999,-0.012998451295976671,-0.09851999999995087,-0.00042211462434735405,CANDIDATE_STRUCTURAL_ZERO
2023-08-09,235.56596322,231.42133662999998,235.23158512,0.31600531,0.08802721,-0.017594335503084747,-0.1063999999999794,-0.0004516781564941545,CANDIDATE_STRUCTURAL_ZERO
2023-08-10,233.98541415999998,229.34834683,232.46803039999998,1.3392148000000001,0.21547104000000003,-0.019817762344917524,-0.3936400000000049,-0.0016823270861269694,CANDIDATE_STRUCTURAL_ZERO
2023-08-11,237.48478013,233.15348778999999,236.0310753,1.4460946499999998,0.0034898200000000002,-0.01823818914891742,-0.011099999999999,-4.673983736525272e-05,CANDIDATE_STRUCTURAL_ZERO
2023-08-12,227.0750019,222.70150364999998,225.66131253,1.41247283,0.00448346,-0.019260148468152504,-0.005699999999961847,-2.510183838937952e-05,CANDIDATE_STRUCTURAL_ZERO
2023-08-13,205.21435794999996,201.1577207,203.40212619,1.8056481699999998,0.0024064100000000003,-0.019767804214695137,-0.008989999999954534,-4.380785092115693e-05,CANDIDATE_STRUCTURAL_ZERO
2023-08-14,228.22765959,224.43131164,227.07212407999998,1.1603694800000002,0.00483397,-0.016634039698868962,0.0,0.0,CANDIDATE_STRUCTURAL_ZERO
2023-08-15,229.75193319999997,227.66628895999997,230.39057153,0.9491925999999998,1.77892093,-0.009077809317862983,-0.19108999999997422,-0.0008317231430371888,CANDIDATE_STRUCTURAL_ZERO
2023-08-16,230.12198231999997,227.25720067999998,228.62159794999997,1.6816645000000001,0.20487013,-0.012448969938110127,-0.023589999999984457,-0.00010251084995079256,CANDIDATE_STRUCTURAL_ZERO
2023-08-17,233.44054743,229.98056513999998,231.95877015000002,1.6903885300000001,0.22094125000000003,-0.014821685127505733,-0.012329999999991514,-5.281858758358513e-05,CANDIDATE_STRUCTURAL_ZERO
2023-08-18,235.09557098,231.63483802999997,234.45243025,0.64800091,0.004860179999999999,-0.01472053656976138,0.0,0.0,CANDIDATE_STRUCTURAL_ZERO
2023-08-19,227.60534138999998,223.87769143999998,227.58117101,0.007605259999999998,0.00452488,-0.01637769099457425,-0.02108999999998673,-9.266039132117369e-05,CANDIDATE_STRUCTURAL_ZERO
2023-08-20,201.56256817,197.51730563,201.16974528,0.01039886,0.00335597,-0.02006951279062968,-0.3857799999999827,-0.0019139466395100293,CANDIDATE_STRUCTURAL_ZERO
2023-08-21,202.40821652,199.36196970999998,202.28662346,0.008741089999999998,0.10620803000000001,-0.015050015569397666,-0.21906000000001313,-0.001082268317790191,CANDIDATE_STRUCTURAL_ZERO
2023-08-22,219.18162568,215.44088127999999,218.53280673,0.21462011999999997,0.00414117,-0.017066870402090227,-0.4383399999999824,-0.001999893917384975,CANDIDATE_STRUCTURAL_ZERO
2023-08-23,224.7262244,221.4565463,224.31821265,0.005492169999999999,0.006010419999999999,-0.014549606343139333,-0.40853000000001316,-0.0018179008751237364,CANDIDATE_STRUCTURAL_ZERO
2023-08-24,228.53149171,225.44727814,228.52281568,0.007061509999999999,0.00578548,-0.013495792404461186,-0.007399999999989859,-3.238065767049842e-05,CANDIDATE_STRUCTURAL_ZERO
2023-08-25,233.26869187,229.93976204,232.99141723000002,0.006917050000000001,0.04622241,-0.014270795636197918,-0.31657999999998765,-0.0013571474056896448,CANDIDATE_STRUCTURAL_ZERO
2023-08-26,222.89956515999998,219.40444064,222.38197657,0.03374670999999999,0.01073812,-0.015680266210888066,-0.4945799999999849,-0.0022188468588755185,CANDIDATE_STRUCTURAL_ZERO
2023-08-27,201.76144094999998,198.76582283,200.98215904,0.11716104999999999,0.00377914,-0.014847327149801411,-0.6658999999999935,-0.0033004324159491664,CANDIDATE_STRUCTURAL_ZERO
2023-08-28,230.86232161,230.12341475,233.22605718999998,0.00162098,2.3870065599999997,-0.003200638609397091,-0.021650000000022374,-9.3778836880087e-05,CANDIDATE_STRUCTURAL_ZERO
2023-08-29,236.73948244,236.76445671,240.01808759,0.0025347,3.30079985,0.00010549262734968957,-0.019659999999987576,-8.304487192992944e-05,CANDIDATE_STRUCTURAL_ZERO
2023-08-30,240.83315641999997,241.74874555,244.9882083,0.0008344699999999999,4.19157635,0.003801756965736443,-0.03568999999995981,-0.00014819388048761188,CANDIDATE_STRUCTURAL_ZERO
2023-08-31,239.50016344999997,242.69043064,245.80082698999996,0.00272721,6.34939075,0.013320521973948635,-0.04600000000002069,-0.00019206667476710942,CANDIDATE_STRUCTURAL_ZERO
2023-09-01,240.23836622999997,242.01406871,244.53612235,0.0013684600000000002,4.361804579999999,0.007391419230265698,-0.06267999999997187,-0.00026090753522675533,CANDIDATE_STRUCTURAL_ZERO
2023-09-02,225.27461308,231.7890038,234.91575689,0.0,9.659143809999998,0.028917553695615893,-0.01799999999997226,-7.99024788185079e-05,CANDIDATE_STRUCTURAL_ZERO
2023-09-03,200.77334875,199.53274484,201.57402701,0.01510301,1.7549612700000001,-0.0061791264514135585,-0.9391799999999932,-0.004677812099301319,CANDIDATE_STRUCTURAL_ZERO
2023-09-04,225.64764200999997,226.54297996999998,229.14768630999998,0.00495613,3.65878043,0.003967858702287382,-0.15377999999998337,-0.0006815050165388758,CANDIDATE_STRUCTURAL_ZERO
2023-09-05,235.29298495999998,238.18636948,240.84301624,0.005401399999999999,5.62057268,0.012296943406501856,-0.06513999999998532,-0.00027684633271603563,CANDIDATE_STRUCTURAL_ZERO
2023-09-06,239.51818469,242.8698021,245.46514373,0.00962848,5.991407520000001,0.01399316471247421,-0.0348199999999963,-0.0001453751832874928,CANDIDATE_STRUCTURAL_ZERO
2023-09-07,239.59829256,244.90045229,248.32628661,0.0,8.976854050000002,0.022129371930612724,-0.24886000000000763,-0.0010386551479188372,CANDIDATE_STRUCTURAL_ZERO
2023-09-08,239.59255272999997,245.3419604,249.25757688,0.0,9.67410415,0.0239966042537187,-0.009079999999983102,-3.789767209590807e-05,CANDIDATE_STRUCTURAL_ZERO
2023-09-09,225.36756444999997,231.24536490999998,234.41236726999998,0.0,9.376352820000001,0.026080951242227455,-0.3315499999999929,-0.0014711522521403055,CANDIDATE_STRUCTURAL_ZERO
2023-09-10,199.33371194,201.39838048,204.36175232999997,0.0,5.537530390000001,0.010357849256434137,-0.509490000000028,-0.0025559650449562986,CANDIDATE_STRUCTURAL_ZERO
2023-09-11,230.01969325999997,233.88769943,236.84340876,0.0022872200000000004,6.82600272,0.01681597829811848,2.842170943040401e-14,1.2356206995840948e-16,CANDIDATE_STRUCTURAL_ZERO
2023-09-12,237.48778481,241.28527001999998,244.61812794999997,0.00359883,7.24840197,0.01599023382629189,-0.11446000000003664,-0.0004819616305386374,CANDIDATE_STRUCTURAL_ZERO
2023-09-13,236.89980021999997,243.68186411,246.62178551999997,0.0,9.995075300000002,0.028628406962360325,-0.2730899999999963,-0.0011527658518343529,CANDIDATE_STRUCTURAL_ZERO
2023-09-14,237.60514436,244.56843656,247.62856947,0.0,10.16988511,0.029306150835900244,-0.1464599999999905,-0.0006164007955067092,CANDIDATE_STRUCTURAL_ZERO
2023-09-15,233.91637285,238.26014885,241.05803932999999,0.0,7.459906480000001,0.01856978178601242,-0.31824000000000296,-0.0013604862118996514,CANDIDATE_STRUCTURAL_ZERO
2023-09-16,221.96458318,223.27339082999998,226.30335628,0.0019929600000000002,4.41121606,0.00589647064972799,-0.0704499999999939,-0.0003173929777024976,CANDIDATE_STRUCTURAL_ZERO
2023-09-17,202.6381488,205.06136336,207.65188769999997,0.00262093,5.535469829999999,0.01195833348434138,-0.5191100000000404,-0.002561758499444209,CANDIDATE_STRUCTURAL_ZERO
2023-09-18,226.64559333,232.67139656999998,235.90542041999998,0.0,9.26335709,0.026586897858747738,-0.0035300000000120235,-1.5574977426859922e-05,CANDIDATE_STRUCTURAL_ZERO
2023-09-19,233.32736153,240.18719183999997,243.26887508,0.0,10.190983549999999,0.029400025205007847,-0.2494700000000023,-0.0010691845069697357,CANDIDATE_STRUCTURAL_ZERO
2023-09-20,236.48158565,240.36619099999996,243.63621708,0.0,7.897001430000001,0.016426671613024843,-0.742369999999994,-0.0031392296273703288,CANDIDATE_STRUCTURAL_ZERO
2023-09-21,239.48060608999998,245.98858034999998,249.29673248999995,0.0,10.0968164,0.027175370758641786,-0.2806900000000212,-0.0011720782095170337,CANDIDATE_STRUCTURAL_ZERO
2023-09-22,240.30736678999997,246.93741240999998,250.43913121999998,0.0,10.25858443,0.02758985589398878,-0.12682000000000926,-0.0005277407916954741,CANDIDATE_STRUCTURAL_ZERO
2023-09-23,224.30880828,230.52640701999997,233.43277339999997,0.0,9.164775120000002,0.027718923691300936,-0.04081000000002177,-0.00018193668056530133,CANDIDATE_STRUCTURAL_ZERO
2023-09-24,204.28068833999998,210.48274533999995,212.91562517999998,0.0,8.96634684,0.0303604665247525,-0.3314100000000053,-0.0016223266266286232,CANDIDATE_STRUCTURAL_ZERO
2023-09-25,233.46329532,240.91407436999998,244.07663082,0.0,10.623545499999999,0.03191413468137452,-0.010210000000000719,-4.3732784573293324e-05,CANDIDATE_STRUCTURAL_ZERO
2023-09-26,236.70594223999998,243.95475363000003,247.13926994,0.0,10.632967699999998,0.03062369842262074,-0.19963999999998805,-0.0008434093293592513,CANDIDATE_STRUCTURAL_ZERO
2023-09-27,238.99938919999997,245.99162199,249.63402106,0.0,10.669111860000001,0.029256278911025904,-0.03447999999994522,-0.00014426815112523821,CANDIDATE_STRUCTURAL_ZERO
2023-09-28,235.95385661,242.12761074,245.8858359,0.0,9.94547929,0.026165090999993177,-0.013500000000021828,-5.721457658704648e-05,CANDIDATE_STRUCTURAL_ZERO
2023-09-29,236.28179298999999,241.00719001,244.57322124,0.0,8.64352825,0.019998989173914017,-0.35209999999997876,-0.0014901698329963175,CANDIDATE_STRUCTURAL_ZERO
2023-09-30,228.93132849999998,235.36864071999997,238.90991600999996,0.0,10.070287510000002,0.02811896590203903,-0.09170000000003142,-0.0004005567984114128,CANDIDATE_STRUCTURAL_ZERO
2023-10-01,206.46949815,213.7134602,216.75776165,0.0,10.7755135,0.03508490171626832,-0.48724999999998886,-0.0023599127443318622,CANDIDATE_STRUCTURAL_ZERO
2023-10-02,233.19244916999997,237.75908625,241.08486054000002,0.0,7.8956013700000005,0.019583125852719572,-0.0031899999999609463,-1.3679688220245071e-05,CANDIDATE_STRUCTURAL_ZERO
2023-10-03,233.64745574999998,236.44372123,239.64985205,0.0,6.319686300000002,0.011967883283916379,-0.31728999999998564,-0.0013579861119458634,CANDIDATE_STRUCTURAL_ZERO
2023-10-04,228.13453503999997,233.04507812,236.09991189,0.0,8.156336849999999,0.021524768615760147,-0.1909599999999898,-0.0008370499449656222,CANDIDATE_STRUCTURAL_ZERO
2023-10-05,231.40134465,237.09451764999997,240.23322663,0.0,9.07582198,0.024603024708482277,-0.24394000000000915,-0.0010541857497369956,CANDIDATE_STRUCTURAL_ZERO
2023-10-06,231.04558178999997,234.33781944999998,237.82175103999998,0.0,7.2605892500000015,0.014249299356835853,-0.4844200000000001,-0.0020966425596499615,CANDIDATE_STRUCTURAL_ZERO
2023-10-07,222.00843208,224.97943207,228.00639490999998,0.0,6.228142829999998,0.013382374543906539,-0.23018000000001848,-0.0010368074664707954,CANDIDATE_STRUCTURAL_ZERO
2023-10-08,198.24581015,201.02611283,203.61202624999999,0.0,6.1746861,0.014024521768688573,-0.8084700000000282,-0.004078118974561481,CANDIDATE_STRUCTURAL_ZERO
2023-10-09,226.21416443,229.96653107999998,232.48207863,0.0,6.288044199999998,0.016587673276140528,-0.020130000000023074,-8.898647019184392e-05,CANDIDATE_STRUCTURAL_ZERO
2023-10-10,232.53713608,235.28982441,237.89778520999997,0.0,5.3859191299999996,0.011837628932752373,-0.025270000000034543,-0.00010867081458911955,CANDIDATE_STRUCTURAL_ZERO
2023-10-11,233.08257311,235.30085115999998,238.3583901,0.0,5.32267699,0.009517133865486787,-0.04685999999998103,-0.00020104463141423326,CANDIDATE_STRUCTURAL_ZERO
2023-10-12,237.42116244999997,240.74762431,243.74264054,0.0,6.35661809,0.014010806053148544,-0.035139999999984184,-0.00014800702531049455,CANDIDATE_STRUCTURAL_ZERO
2023-10-13,235.88045744,239.10452032999999,242.08496463999998,0.0,6.2415072,0.013668206874747527,-0.03700000000000614,-0.00015685911584861873,CANDIDATE_STRUCTURAL_ZERO
2023-10-14,220.53989344,223.3753253,226.62586241999998,0.0,6.173308980000002,0.012856775324285747,-0.08734000000001174,-0.00039602812279300134,CANDIDATE_STRUCTURAL_ZERO
2023-10-15,199.06765692,199.93874511,202.7305472,0.00032943,3.9164697100000003,0.004375839870110544,-0.2532500000000084,-0.0012721805436318712,CANDIDATE_STRUCTURAL_ZERO
2023-10-16,199.68748316999998,201.3899826,204.29556692,0.0,4.698423750000001,0.008525819460354599,-0.09033999999996922,-0.0004524069238884645,CANDIDATE_STRUCTURAL_ZERO
2023-10-17,228.31152090999998,230.66745935,233.46890075,0.0,5.277499840000001,0.010318964328255357,-0.1201199999999858,-0.0005261232526559047,CANDIDATE_STRUCTURAL_ZERO
2023-10-18,233.62555666999998,237.22090184,240.0565556,0.0,6.574698929999999,0.015389348756388479,-0.1436999999999955,-0.0006150868169057984,CANDIDATE_STRUCTURAL_ZERO
2023-10-19,237.38463344,242.23459354,245.33031322999997,0.0,9.128299789999998,0.020430808977472643,-1.1826200000000142,-0.004981872595805265,CANDIDATE_STRUCTURAL_ZERO
2023-10-20,231.04493157,232.44740481,235.12362797,0.0,4.412896399999999,0.006070132032197802,-0.3341999999999814,-0.0014464718950076964,CANDIDATE_STRUCTURAL_ZERO
2023-10-21,218.76755612,220.39882662,222.9721779,0.0,4.31373178,0.007456638127388519,-0.10911000000001536,-0.0004987485435919279,CANDIDATE_STRUCTURAL_ZERO
2023-10-22,198.55466805,200.59338586999996,202.74390474,0.0,5.03818669,0.01026779093144549,-0.8489500000000021,-0.004275648658062371,CANDIDATE_STRUCTURAL_ZERO
2023-10-23,229.22098952,229.32999052,232.15733617,0.00784229,3.01730894,0.00047552800565192475,-0.07311999999996033,-0.00031899347504378724,CANDIDATE_STRUCTURAL_ZERO
2023-10-24,230.11134353,228.3639596,231.35340300000001,0.01471494,1.3273844099999998,-0.0075936453335782765,-0.07060999999998785,-0.00030685145250469714,CANDIDATE_STRUCTURAL_ZERO
2023-10-25,226.70466029,226.48627777000002,229.95989587,0.00740976,3.7793453400000003,-0.0009632908283430215,-0.516699999999986,-0.002279176790362513,CANDIDATE_STRUCTURAL_ZERO
2023-10-26,222.32065419999998,221.54129838999998,224.78606239,0.008516349999999999,2.56403454,-0.0035055483837272664,-0.09010999999995306,-0.00040531546798566894,CANDIDATE_STRUCTURAL_ZERO
2023-10-27,221.22609956,222.63194177999998,226.44583252,0.006157559999999999,5.232290520000001,0.006354775601956929,-0.006399999999985084,-2.8929678788868687e-05,CANDIDATE_STRUCTURAL_ZERO
2023-10-28,210.93538800999997,215.84481095999996,220.04140797999997,0.0,9.24171997,0.02327453442647209,-0.13569999999998572,-0.0006433249597433717,CANDIDATE_STRUCTURAL_ZERO
2023-10-29,189.53411324,195.33016906,198.89025442,0.0,9.357751180000001,0.03058054152320676,-0.001610000000027867,-8.494513058919287e-06,CANDIDATE_STRUCTURAL_ZERO
2023-10-30,220.84153437999998,225.67286758999998,229.69046566999998,0.0,8.85491129,0.021876922851327262,-0.005979999999993879,-2.707823968341095e-05,CANDIDATE_STRUCTURAL_ZERO
2023-10-31,222.30716148,225.45421991999999,229.60210131999997,0.0,7.304599840000001,0.014156352044840094,-0.009660000000025093,-4.345339095562228e-05,CANDIDATE_STRUCTURAL_ZERO
2023-11-01,220.48217753,224.80515327999998,229.63647453,0.0,9.461217000000001,0.019606916978184216,-0.3069200000000194,-0.0013920399527905525,CANDIDATE_STRUCTURAL_ZERO
2023-11-02,219.96103958,224.04628716999997,228.53424925999997,0.0,8.575349680000002,0.018572596300692416,-0.002140000000025566,-9.728995662648912e-06,CANDIDATE_STRUCTURAL_ZERO
2023-11-03,222.62173205,227.04094812,231.68263876999998,0.0,9.102096720000002,0.019850784688924553,-0.04119000000000028,-0.0001850223678555747,CANDIDATE_STRUCTURAL_ZERO
2023-11-04,215.23464503999998,217.61347325999998,221.65467431999997,0.0,6.4200292800000005,0.011052255177403771,0.0,0.0,CANDIDATE_STRUCTURAL_ZERO
2023-11-05,197.32419752,199.39277733,203.10892764,0.0,5.827090119999999,0.010483153287828907,-0.042360000000030595,-0.0002146721006973164,CANDIDATE_STRUCTURAL_ZERO
2023-11-06,200.60597033,203.99881483,207.80331632999997,0.0,7.3387459999999995,0.016912978683628968,-0.1414000000000044,-0.0007048643655390674,CANDIDATE_STRUCTURAL_ZERO
2023-11-07,224.63891775,228.71842999,232.71693241999998,0.0,8.53714467,0.018160309357170654,-0.459130000000016,-0.0020438577811836703,CANDIDATE_STRUCTURAL_ZERO
2023-11-08,232.92999734,236.23295973,239.73800971999998,0.0,7.13463238,0.014180064516030466,-0.3266200000000197,-0.0014022238600864428,CANDIDATE_STRUCTURAL_ZERO
2023-11-09,237.71772203,240.10962694,243.85515826,0.0,6.185986229999999,0.010061954529827334,-0.048550000000005866,-0.00020423382651243332,CANDIDATE_STRUCTURAL_ZERO
2023-11-10,235.36660518,237.6221601,241.17981827,0.0,6.095373090000001,0.009583156107787852,-0.28216000000000463,-0.0011988106799782352,CANDIDATE_STRUCTURAL_ZERO
2023-11-11,225.26459734,225.17686633999998,228.52507966999997,0.00965284,3.3995351699999996,-0.00038945755807160304,-0.12940000000003238,-0.0005744355816583299,CANDIDATE_STRUCTURAL_ZERO
2023-11-12,203.27680062,205.84606344999997,208.95726313,0.0,5.711712509999999,0.012639232918678673,-0.03125,-0.00015373126645385315,CANDIDATE_STRUCTURAL_ZERO
2023-11-13,208.38704643,209.81301842,212.82001081,0.00019973,4.9321641099999995,0.006842901295589871,-0.4989999999999952,-0.002394582621850327,CANDIDATE_STRUCTURAL_ZERO
2023-11-14,233.24172174999998,237.37202915999998,241.07456739,0.0,8.13581564,0.017708270111412863,-0.30296999999998775,-0.0012989528534038434,CANDIDATE_STRUCTURAL_ZERO
2023-11-15,230.76053736999998,233.13053992000002,236.10905796,0.0,5.52852059,0.010270397950235273,-0.1799999999999784,-0.0007800293847962728,CANDIDATE_STRUCTURAL_ZERO
2023-11-16,233.44922719,232.96262578,236.3516716,0.009489210000000001,2.95043362,-0.0020843993182464286,-0.03849999999999909,-0.00016491808717218265,CANDIDATE_STRUCTURAL_ZERO
2023-11-17,235.87621012999998,237.08460416,241.2297156,0.0,5.43986547,0.005123000871236791,-0.0863599999999849,-0.0003661242477670332,CANDIDATE_STRUCTURAL_ZERO
2023-11-18,219.63656891999997,220.61362642,224.51378637,0.0,5.001527449999999,0.004448519227942915,-0.12430999999997994,-0.0005659804312698874,CANDIDATE_STRUCTURAL_ZERO
2023-11-19,196.97523649000001,197.34217042,200.92556803999997,0.0,5.32303155,0.0018628429468524387,-1.3727000000000373,-0.006968896316414506,CANDIDATE_STRUCTURAL_ZERO
2023-11-20,224.71238673,227.5621178,231.78756084999998,0.0,7.497954119999999,0.012681682178134989,-0.42278000000001725,-0.0018814272152607352,CANDIDATE_STRUCTURAL_ZERO
2023-11-21,230.48249052999998,232.96976537,237.27133791,0.0,7.25985738,0.010791599979158843,-0.4710099999999784,-0.002043582568536463,CANDIDATE_STRUCTURAL_ZERO
2023-11-22,231.10513361,232.67227981,236.78190216,0.0,6.179758550000001,0.006781096445242207,-0.5029900000000112,-0.0021764553307103457,CANDIDATE_STRUCTURAL_ZERO
2023-11-23,233.52070350999998,237.04788925,240.87709486,0.0,7.603441349999998,0.01510438126891382,-0.24704999999997312,-0.001057936175622192,CANDIDATE_STRUCTURAL_ZERO
2023-11-24,233.30603602,233.59962072999997,237.63724079999997,0.0,4.597264779999999,0.0012583674002108066,-0.2660600000000102,-0.0011403905554213882,CANDIDATE_STRUCTURAL_ZERO
2023-11-25,219.13649091999997,215.14980792,218.77195177,0.01089618,0.01538703,-0.018192693436235533,-0.3690299999999809,-0.001684018934731881,CANDIDATE_STRUCTURAL_ZERO
2023-11-26,201.70357246999998,198.05973325,201.46577587999997,0.00365887,0.7013022800000001,-0.0180653182062105,-0.9354399999999998,-0.004637696737568349,CANDIDATE_STRUCTURAL_ZERO
2023-11-27,229.60097593,231.52953842,235.58429439999998,0.0,6.044118469999999,0.008399626709722541,-0.06080000000002883,-0.00026480723678877277,CANDIDATE_STRUCTURAL_ZERO
2023-11-28,233.82006772999998,235.62632306999996,239.37391115,0.0,5.68679342,0.007724979970862566,-0.13294999999996548,-0.0005685996129018635,CANDIDATE_STRUCTURAL_ZERO
2023-11-29,233.52259155000002,235.06443689999998,238.41052496,0.00183446,5.196387870000001,0.006602553268041445,-0.30662000000000944,-0.0013130207144620455,CANDIDATE_STRUCTURAL_ZERO
2023-11-30,233.99683176,237.81598669,240.93281383,0.0,7.128882070000001,0.01632139589786041,-0.19290000000000873,-0.0008243701359078979,CANDIDATE_STRUCTURAL_ZERO
2023-12-01,231.98506747,234.44214134999999,237.64593707,0.0,5.667879600000001,0.010591517405825018,-0.007009999999979755,-3.0217462168707383e-05,CANDIDATE_STRUCTURAL_ZERO
2023-12-02,220.74705371,221.76888306,225.11251683,0.0040510400000000005,4.56343416,0.004628960309216254,-0.19391999999999143,-0.0008784715208690766,CANDIDATE_STRUCTURAL_ZERO
2023-12-03,202.89066668,204.51990347999998,207.63604403,0.0,4.93914735,0.00803012196992586,-0.19377000000002909,-0.0009550463960259144,CANDIDATE_STRUCTURAL_ZERO
2023-12-04,232.22493953999998,234.00308317999998,237.68380601,0.0,6.590976470000002,0.00765698827835723,-1.132109999999983,-0.004875057787688565,CANDIDATE_STRUCTURAL_ZERO
2023-12-05,237.2082423,240.90629651,244.15848029,0.0,7.008177989999998,0.0155899060426536,-0.0579400000000021,-0.000244257954269248,CANDIDATE_STRUCTURAL_ZERO
2023-12-06,235.67376693999998,242.21707644999998,245.51315863,0.0,9.839391690000001,0.027764267508253716,0.0,0.0,CANDIDATE_STRUCTURAL_ZERO
2023-12-07,229.77132734,235.90665663,239.01044860999997,0.0,9.298791269999997,0.026701892533881496,-0.059670000000039636,-0.00025969297688629365,CANDIDATE_STRUCTURAL_ZERO
2023-12-08,211.23999402,217.41262196999998,221.1513267,0.0,9.911332680000003,0.029220924657929807,-2.842170943040401e-14,-1.3454700925485287e-16,CANDIDATE_STRUCTURAL_ZERO
2023-12-09,220.54114431999997,226.20531669,229.94913644999997,0.0,9.407992129999998,0.025683064207653865,0.0,0.0,CANDIDATE_STRUCTURAL_ZERO
2023-12-10,207.7386695,207.53086000999997,210.59135392999997,0.00385643,3.15355086,-0.00100034091149321,-0.2970100000000002,-0.0014297289990104621,CANDIDATE_STRUCTURAL_ZERO
2023-12-11,233.52073072999997,236.45121464,239.29243080999998,0.0,5.85977008,0.012549138146489823,-0.08806999999998766,-0.0003771399640823129,CANDIDATE_STRUCTURAL_ZERO
2023-12-12,238.30952087,241.03330850999998,244.06064217999997,0.0,5.751121309999999,0.011429621569697311,-2.842170943040401e-14,-1.1926384362086947e-16,CANDIDATE_STRUCTURAL_ZERO
2023-12-13,237.10925469,240.69117804,243.39890341,0.0,6.529638719999999,0.01510663662067121,-0.23999000000000592,-0.001012149442727456,CANDIDATE_STRUCTURAL_ZERO
2023-12-14,237.1502085,241.25651184999998,244.07290369999998,0.0,7.090065199999999,0.017315200252079856,-0.16737000000000535,-0.0007057552302341971,CANDIDATE_STRUCTURAL_ZERO
2023-12-15,233.56837922,235.62267350999997,238.62421916999998,0.0,5.113929950000001,0.008795258574214005,-0.05809000000002129,-0.0002487066108606501,CANDIDATE_STRUCTURAL_ZERO
2023-12-16,220.49373771999998,223.74606065,227.07509342999998,0.0,6.63386571,0.014750182765417452,-0.05251000000001227,-0.00023814735304044567,CANDIDATE_STRUCTURAL_ZERO
2023-12-17,202.53313372999997,203.16056776,205.98183639999996,0.01326677,3.91906944,0.003097932760159923,-0.45709999999999695,-0.002256914666660735,CANDIDATE_STRUCTURAL_ZERO
2023-12-18,228.42829591999998,225.98053128,228.39568961999998,0.02413742,0.46179112,-0.010715680516468191,-0.4702599999999961,-0.0020586766543348478,CANDIDATE_STRUCTURAL_ZERO
2023-12-19,230.54553259,227.80913144,230.56256528,0.013240809999999999,0.7356934999999999,-0.011869243872386788,-0.7054199999999753,-0.0030597860304432253,CANDIDATE_STRUCTURAL_ZERO
2023-12-20,230.53217779,229.86685226,232.48686152999997,0.005946750000000001,1.9606304899999998,-0.0028860419242907544,-2.842170943040401e-14,-1.2328738531370817e-16,CANDIDATE_STRUCTURAL_ZERO
2023-12-21,229.0303158,228.84834095999997,231.56825033999996,0.00317354,3.27233808,-0.0007945447717888438,-0.7312300000000391,-0.0031927214414644712,CANDIDATE_STRUCTURAL_ZERO
2023-12-22,228.9167739,228.90385098,232.02006579,0.00545509,3.1087469800000003,-5.6452481746347405e-05,-2.842170943040401e-14,-1.2415739111726144e-16,CANDIDATE_STRUCTURAL_ZERO
2023-12-23,216.04192749,214.86835311,217.69893444999997,0.005063590000000001,1.6664705500000003,-0.005432160292378158,-0.0044000000000608,-2.036641707089224e-05,CANDIDATE_STRUCTURAL_ZERO
2023-12-24,198.77667983999999,198.9840211,201.99798964,0.0,3.2213098000000002,0.0010430864433741166,0.0,0.0,CANDIDATE_STRUCTURAL_ZERO
2023-12-25,188.36679083,186.60454192999998,189.0877879,0.00541745,0.72844452,-0.009355411812427442,-0.002030000000019072,-1.0776846550680665e-05,CANDIDATE_STRUCTURAL_ZERO
2023-12-26,217.92933641999997,220.23518904,223.26079357999998,0.0018044399999999998,5.3564815999999995,0.010580735287314031,-0.0232199999999807,-0.00010654829855137272,CANDIDATE_STRUCTURAL_ZERO
2023-12-27,222.29675140999998,220.00245275999998,222.76057466999998,0.00557178,0.90052504,-0.010320882493547736,-0.431129999999996,-0.00193943454983212,CANDIDATE_STRUCTURAL_ZERO
2023-12-28,221.20949775,218.5319937,221.19560762999998,0.01507768,0.00278756,-0.012103928977886801,-0.0016000000000246928,-7.2329624916599806e-06,CANDIDATE_STRUCTURAL_ZERO
2023-12-29,216.28443119999997,214.18220065999998,216.7466292,0.012665880000000001,0.5195838799999999,-0.009719749721865296,-0.044719999999983884,-0.00020676476689452945,CANDIDATE_STRUCTURAL_ZERO
2023-12-30,204.55702434,201.46550546999998,204.52417307999997,0.015276660000000001,0.010645400000000001,-0.01511323739663672,-0.028220000000004575,-0.00013795664114227296,CANDIDATE_STRUCTURAL_ZERO
2023-12-31,191.31210854,188.73992471999998,191.31145461,0.00828034,0.00762641,-0.013444960905139062,0.0,0.0,CANDIDATE_STRUCTURAL_ZERO
2024-01-01,176.26881502999998,173.81037332,176.15349608999998,0.11916748999999999,0.0038485500000000005,-0.013947116565012223,0.0,0.0,CANDIDATE_STRUCTURAL_ZERO
2024-01-02,203.89615639,203.75783271,206.68762948999998,0.00227693,2.8417300300000004,-0.000678402587125811,-0.04798000000002389,-0.000235315862983953,CANDIDATE_STRUCTURAL_ZERO
2024-01-03,214.8647595,212.55827232999997,214.84660331,0.008319,0.00882281,-0.010734599640105364,-0.0186599999999828,-8.684532560576925e-05,CANDIDATE_STRUCTURAL_ZERO
2024-01-04,219.407971,217.01830560999997,219.39759899999999,0.010263450000000004,0.0035214499999999998,-0.010891424678459076,-0.003630000000015343,-1.6544521985554223e-05,CANDIDATE_STRUCTURAL_ZERO
2024-01-05,221.26343549,218.52270919,221.2674807,0.01508544,0.019130650000000003,-0.01238671131509152,0.0,0.0,CANDIDATE_STRUCTURAL_ZERO
2024-01-06,211.66904588,209.78243143999998,212.21834743,0.01668786,0.56598941,-0.0089130389006883,0.0,0.0,CANDIDATE_STRUCTURAL_ZERO
2024-01-07,196.82146233,194.43359449,196.79519154,0.01839464,0.01812385,-0.01213215170607971,-0.02600000000001046,-0.00013209941483118164,CANDIDATE_STRUCTURAL_ZERO
2024-01-08,200.52605781999998,197.87616384999998,200.52539517999998,0.01736409,0.01870145,-0.013214711338805862,-0.0020000000000095497,-9.973766111758043e-06,CANDIDATE_STRUCTURAL_ZERO
2024-01-09,223.69321965999998,221.01068650000002,223.63196688,0.019281869999999996,0.01998909,-0.011992018193833722,-0.06195999999999913,-0.0002769864911157099,CANDIDATE_STRUCTURAL_ZERO
2024-01-10,229.88615811,227.86835458,231.01879269999998,0.00305369,1.1463882799999998,-0.008777403331237084,-0.010700000000014143,-4.6544777153978175e-05,CANDIDATE_STRUCTURAL_ZERO
2024-01-11,232.20464852,229.27472097999998,232.20228906,0.023352880000000003,0.020993420000000002,-0.012617867724330527,0.0,0.0,CANDIDATE_STRUCTURAL_ZERO
2024-01-12,233.46670769999997,233.52018902999998,236.94556107,0.005218879999999999,3.53783225,0.00022907475985284127,-0.05375999999998271,-0.0002302683775755438,CANDIDATE_STRUCTURAL_ZERO
2024-01-13,221.76156305,223.78378944999997,227.248156,0.0,5.486592949999999,0.009118922017807113,0.0,0.0,CANDIDATE_STRUCTURAL_ZERO
2024-01-14,202.79666212,208.50263736,211.30603072,0.0,8.5393986,0.028136435680699783,-0.03003000000001066,-0.00014807936031137009,CANDIDATE_STRUCTURAL_ZERO
2024-01-15,230.23856313999997,231.76788211,235.18849207999997,0.0,4.9530489399999995,0.006642323289127264,-0.0031199999999955708,-1.3551161705688757e-05,CANDIDATE_STRUCTURAL_ZERO
2024-01-16,233.56623227,235.1711763,238.24657694999996,0.0025845,4.843779179999999,0.00687147287688708,-0.16085000000003902,-0.0006886697551985948,CANDIDATE_STRUCTURAL_ZERO
2024-01-17,235.34735111999998,232.44268259,235.33658244,0.019809469999999996,0.10027079,-0.012342048959450302,-0.0912299999999675,-0.0003876397994955581,CANDIDATE_STRUCTURAL_ZERO
2024-01-18,235.51654296,232.68602903,235.50437998,0.015961100000000002,0.01867812,-0.01201832319048924,-0.014880000000005111,-6.318027520696209e-05,CANDIDATE_STRUCTURAL_ZERO
2024-01-19,236.21035881999998,233.21061576,236.19123231999998,0.012828069999999999,0.00571157,-0.012699456006016603,-0.012009999999975207,-5.084451020679927e-05,CANDIDATE_STRUCTURAL_ZERO
2024-01-20,225.58031927,222.58193187999998,225.57288097,0.01691316,0.00947486,-0.013291883794220525,0.0,0.0,CANDIDATE_STRUCTURAL_ZERO
2024-01-21,205.74131816999997,202.47396315999998,205.02085079,0.015491860000000003,0.036654479999999996,-0.01588088887085013,-0.7416299999999865,-0.0036046721514012676,CANDIDATE_STRUCTURAL_ZERO
2024-01-22,230.95771283,227.45948822999998,230.51911847,0.037394250000000004,0.01793989,-0.015146602194553846,-0.41913999999999874,-0.0018147910925517055,CANDIDATE_STRUCTURAL_ZERO
2024-01-23,234.95005869,231.7505227,234.51229051,0.00669265,0.010144470000000003,-0.0136179407991617,-0.44121999999998707,-0.0018779310056787246,CANDIDATE_STRUCTURAL_ZERO
2024-01-24,235.09009159,231.75259196999997,234.78910437999997,0.034263169999999996,0.035895960000000005,-0.014196683481754974,-0.30262000000001876,-0.001287251189334648,CANDIDATE_STRUCTURAL_ZERO
2024-01-25,234.70484942,230.84374810999998,234.55163513999997,0.01527266,0.017388380000000002,-0.016450879986253032,-0.15533000000002062,-0.0006618099301478874,CANDIDATE_STRUCTURAL_ZERO
2024-01-26,236.13377471,232.03922971999998,235.27164111999997,0.011048569999999999,0.017814979999999998,-0.017339937901846583,-0.8689000000000249,-0.003679693856023502,CANDIDATE_STRUCTURAL_ZERO
2024-01-27,224.9139118,222.49327875,225.58438807,0.0069957000000000005,0.73119197,-0.010762486991700583,-0.053719999999998436,-0.00023884694179241266,CANDIDATE_STRUCTURAL_ZERO
2024-01-28,205.37608627999998,201.88410052,204.52091837,0.009669660000000004,0.00838175,-0.017002883944526873,-0.8538800000000037,-0.00415764082112201,CANDIDATE_STRUCTURAL_ZERO
2024-01-29,231.71921049,233.10589277,236.05334345,0.0009315899999999999,4.37240455,0.005984321615232871,-0.03734000000000037,-0.0001611433075446794,CANDIDATE_STRUCTURAL_ZERO
2024-01-30,236.74260872999997,237.70969270999998,241.14839390999998,0.0033685,4.59415368,0.004084959548211076,-0.18500000000000227,-0.0007814393910434219,CANDIDATE_STRUCTURAL_ZERO
2024-01-31,235.12228727,235.56978961000002,238.61271870999997,0.0029386,3.4965900400000005,0.0019032748668617026,-0.003220000000027312,-1.3695001173281638e-05,CANDIDATE_STRUCTURAL_ZERO
2024-02-01,232.42191506,233.12107616999998,236.71893495999998,0.00298997,4.300009869999999,0.00300815484555098,-2.842170943040401e-14,-1.2228498084213318e-16,CANDIDATE_STRUCTURAL_ZERO
2024-02-02,228.78511422,225.85660299,228.77194195,0.01825685,0.01004458,-0.01280026998253015,-0.004959999999982756,-2.167973216654828e-05,CANDIDATE_STRUCTURAL_ZERO
2024-02-03,216.82780991999996,213.60424917,216.69048557999997,0.05224348999999999,0.04199915,-0.014866915600860035,-0.12708000000000652,-0.0005860871815607671,CANDIDATE_STRUCTURAL_ZERO
2024-02-04,198.63577822,195.91597733999998,198.45342875999998,0.024661060000000005,0.022091599999999996,-0.013692401763531642,-0.17978000000002226,-0.000905073605626606,CANDIDATE_STRUCTURAL_ZERO
2024-02-05,223.23130627999998,220.14651686999997,223.09870021999998,0.01933016,0.011974100000000001,-0.013818802843588385,-0.1252499999999941,-0.0005610772166646397,CANDIDATE_STRUCTURAL_ZERO
2024-02-06,225.76315563999998,223.06516201,225.60238718,0.01396591,0.012977449999999998,-0.011950548894267684,-0.1597799999999836,-0.0007077328430630525,CANDIDATE_STRUCTURAL_ZERO
2024-02-07,222.80359642,220.23443836999996,222.61415078,0.014323450000000001,0.01274781,-0.011531043893730462,-0.18787000000000376,-0.0008432090101717029,CANDIDATE_STRUCTURAL_ZERO
2024-02-08,222.76789368,220.08215576999999,222.76889283999998,0.0052759,0.006275060000000001,-0.012056216295953265,-2.842170943040401e-14,-1.2758440617673128e-16,CANDIDATE_STRUCTURAL_ZERO
2024-02-09,226.09855134999998,223.47529702,226.07320162999997,0.0122792,0.01115948,-0.011602260670565684,-0.02423000000001707,-0.00010716565787504358,CANDIDATE_STRUCTURAL_ZERO
2024-02-10,219.27271122,216.51081875999998,219.22461296999998,0.01051884,0.009590590000000001,-0.012595696220625282,-0.04716999999999416,-0.00021512024792117294,CANDIDATE_STRUCTURAL_ZERO
2024-02-11,203.15555400999997,200.79948027,203.14430075999996,0.00938139,0.00836814,-0.01159738778238865,-0.010240000000010241,-5.0404725826526975e-05,CANDIDATE_STRUCTURAL_ZERO
2024-02-12,230.45824061,227.62769535,230.42101492999998,0.01202405,0.01252837,-0.012282247979103756,-0.03773000000001048,-0.0001637172960278744,CANDIDATE_STRUCTURAL_ZERO
2024-02-13,234.52142787,231.98864834,234.51664406999998,0.016206159999999997,0.01743236,-0.01079977873665331,-0.0060100000000034015,-2.562665618484494e-05,CANDIDATE_STRUCTURAL_ZERO
2024-02-14,236.29724238999998,233.52843738999997,236.13051639999998,0.01824607,0.01776008,-0.011717466407966805,-0.16623999999998773,-0.0007035206941840425,CANDIDATE_STRUCTURAL_ZERO
2024-02-15,237.7495851,234.82082681999998,237.60526299999998,0.01420743,0.01621533,-0.012318668311316481,-0.14633000000000607,-0.0006154795178231673,CANDIDATE_STRUCTURAL_ZERO
2024-02-16,239.23680281,236.18094881999997,238.94392312999997,0.01426376,0.01448408,-0.01277334404283511,-0.2931000000000097,-0.0012251459497759107,CANDIDATE_STRUCTURAL_ZERO
2024-02-17,228.97038961,227.17707396999998,229.50474143,0.01203261,0.54765443,-0.00783208537599357,-0.0012700000000052114,-5.5465687164544425e-06,CANDIDATE_STRUCTURAL_ZERO
2024-02-18,209.58383086999999,206.28484045,205.534504,3.070786870000001,0.0,-0.015740672390162976,-0.9785399999999811,-0.004668967047400459,CANDIDATE_STRUCTURAL_ZERO
2024-02-19,234.03666334,231.06944191999997,232.3575594,1.2256544500000002,0.020170509999999996,-0.012678446947815794,-0.4736199999999826,-0.002023700018795451,CANDIDATE_STRUCTURAL_ZERO
2024-02-20,235.61746798,232.83777338,235.32360939,0.019057530000000003,0.012938940000000001,-0.011797489480856101,-0.28773999999998523,-0.0012212167564096292,CANDIDATE_STRUCTURAL_ZERO
2024-02-21,230.9067353,228.0937339,230.46265185,0.01887444,0.014790990000000002,-0.012182413805925992,-0.44000000000002615,-0.0019055312502182613,CANDIDATE_STRUCTURAL_ZERO
2024-02-22,229.02576564999998,225.88308634,228.59365469,0.019106,0.01435504,-0.01372194652894495,-0.4273599999999931,-0.0018659909237159365,CANDIDATE_STRUCTURAL_ZERO
2024-02-23,230.44485521,226.81553454,230.44330664,0.013265419999999998,0.011716850000000001,-0.015749193735276355,2.842170943040401e-14,1.2333410266201798e-16,CANDIDATE_STRUCTURAL_ZERO
2024-02-24,222.31781532,219.09944961,222.22835861,0.012614809999999999,0.0140081,-0.014476418389446417,-0.09085000000001742,-0.00040864921180180577,CANDIDATE_STRUCTURAL_ZERO
2024-02-25,202.92124977,199.34286995,202.11827585999998,0.01663602,0.01438211,-0.017634327721004598,-0.800720000000041,-0.003945964264006912,CANDIDATE_STRUCTURAL_ZERO
2024-02-26,228.19744684,225.03555283999998,227.79064353999996,0.0198505,0.029097200000000004,-0.013855956952125634,-0.4160500000000411,-0.0018232018182558958,CANDIDATE_STRUCTURAL_ZERO
2024-02-27,233.71192477,230.22762058,233.50760057,0.02411611,0.027861910000000004,-0.014908542614712337,-0.20807000000002063,-0.0008902840546317265,CANDIDATE_STRUCTURAL_ZERO
2024-02-28,234.74294236999998,233.8982174,236.89449671999998,0.0,2.26966435,-0.003598510615362989,-0.11811000000000149,-0.0005031461172274029,CANDIDATE_STRUCTURAL_ZERO
2024-02-29,236.24663433,235.5762184,238.83103537,7.647e-05,2.58447751,-0.002837779813885311,0.0,0.0,CANDIDATE_STRUCTURAL_ZERO
2024-03-01,233.27966522,232.70633835,236.38596754,0.0,3.39885232,-0.002457680438881368,-0.29255000000000564,-0.0012540741591175954,CANDIDATE_STRUCTURAL_ZERO
2024-03-02,221.45268933,223.70566544999997,226.73111034,0.0,5.328331009999999,0.010173622758054095,-0.04991000000001122,-0.00022537545220612483,CANDIDATE_STRUCTURAL_ZERO
2024-03-03,201.95883577,200.95597877,203.61502615999999,0.0,3.26325039,-0.004965650530596767,-1.6070600000000184,-0.007957364152317714,CANDIDATE_STRUCTURAL_ZERO
2024-03-04,230.31869286,233.23711418,236.18915304,0.0,6.062020180000001,0.012671230822649577,-0.1915599999999813,-0.0008317171204007384,CANDIDATE_STRUCTURAL_ZERO
2024-03-05,234.96495041999998,237.85163998000002,240.67939422999999,0.0,5.72644381,0.012285617726559119,-0.012000000000000455,-5.1071446947940314e-05,CANDIDATE_STRUCTURAL_ZERO
2024-03-06,238.78123511,240.35581176,243.49711126,0.0,5.20295615,0.006594222738125207,-0.48708000000002016,-0.002039858784446088,CANDIDATE_STRUCTURAL_ZERO
2024-03-07,240.47417715999998,240.84590465,244.04170477,0.0,3.6062876100000003,0.0015458104250115903,-0.03875999999999635,-0.00016118154746489602,CANDIDATE_STRUCTURAL_ZERO
2024-03-08,241.26376082,243.11455035,246.64050251999998,0.0,5.376741699999999,0.007671228881244356,0.0,0.0,CANDIDATE_STRUCTURAL_ZERO
2024-03-09,229.23266794999998,230.34149484,233.39931608,0.0,4.16784813,0.004837124219318835,-0.0011999999999829924,-5.234855968455313e-06,CANDIDATE_STRUCTURAL_ZERO
2024-03-10,211.14322858,210.30177683,213.16662379,0.00273407,2.20565928,-0.003985217786329279,-0.17952999999999975,-0.0008502759061107076,CANDIDATE_STRUCTURAL_ZERO
2024-03-11,238.46400806,237.45489743,241.18654643999997,0.0005424399999999999,2.9652008199999997,-0.004231710429634759,-0.2421200000000283,-0.0010153314203253199,CANDIDATE_STRUCTURAL_ZERO
2024-03-12,241.69209555,241.77931174,245.23687595,0.00013391,3.54491431,0.00036085660890779745,0.0,0.0,CANDIDATE_STRUCTURAL_ZERO
2024-03-13,243.33615849999998,243.18817884,246.38454716,0.00074253,3.06928119,-0.0006081285285021703,-0.02014999999997258,-8.280725776301996e-05,CANDIDATE_STRUCTURAL_ZERO
2024-03-14,244.04593788,243.79125084999998,247.40888434,0.0,3.42695646,-0.0010436028241750373,-0.06401000000002455,-0.00026228668485971254,CANDIDATE_STRUCTURAL_ZERO
2024-03-15,243.34090408,243.6996707,247.08178648999998,0.0,3.76370241,0.0014743374993053551,-0.022820000000024265,-9.37779042380891e-05,CANDIDATE_STRUCTURAL_ZERO
2024-03-16,233.23085834,233.86325122,236.95867060999998,0.0,3.7600622700000006,0.0027114460089072176,-0.032250000000004775,-0.0001382750131330875,CANDIDATE_STRUCTURAL_ZERO
2024-03-17,212.56703671999998,211.49410027,214.42134070999998,0.0,2.9998139900000003,-0.00504752038018619,-1.1455100000000016,-0.005388935263320736,CANDIDATE_STRUCTURAL_ZERO
2024-03-18,241.33618042999998,239.9435149,243.55524032,0.00298948,2.3183093699999997,-0.005770645443706826,-0.0962600000000009,-0.0003988626977873353,CANDIDATE_STRUCTURAL_ZERO
2024-03-19,242.09352199999998,241.82251981,245.42505404999997,0.0,3.54171205,-0.0011194111587999871,-0.21018000000000825,-0.0008681768857904767,CANDIDATE_STRUCTURAL_ZERO
2024-03-20,240.34971518999998,239.55406669,243.0223649,0.0,2.69069971,-0.003310378376654195,-0.01804999999995971,-7.509890321979753e-05,CANDIDATE_STRUCTURAL_ZERO
2024-03-21,238.68233375,237.84139571999998,241.27019186999996,0.00180059,2.64955871,-0.003523252084843577,-0.0599000000000558,-0.000250961179484679,CANDIDATE_STRUCTURAL_ZERO
2024-03-22,241.01366613,239.42031960999998,242.56777069999998,0.00139339,1.69854796,-0.006611021464403511,-0.14305000000001655,-0.0005935348077849537,CANDIDATE_STRUCTURAL_ZERO
2024-03-23,230.6741878,229.68271521,232.90565931,0.01720394,2.37398545,-0.00429815142932087,-0.1253099999999847,-0.0005432337323698803,CANDIDATE_STRUCTURAL_ZERO
2024-03-24,210.67056813999997,211.81188605,215.17311313,0.0,4.513024990000001,0.005417547975859494,-0.010479999999972733,-4.974591416589482e-05,CANDIDATE_STRUCTURAL_ZERO
2024-03-25,215.52940677,216.36411501999999,219.90623742,0.0,4.427210649999999,0.0038728276688977646,-0.0503800000000183,-0.00023375000541703712,CANDIDATE_STRUCTURAL_ZERO
2024-03-26,230.15375874,233.48218959,237.18880214,0.0,7.1138233999999985,0.014461770549487527,-0.07877999999999474,-0.0003422929107535928,CANDIDATE_STRUCTURAL_ZERO
2024-03-27,223.17674078,222.31090022,225.87140782,0.0,2.6946670399999997,-0.0038796182656574284,0.0,0.0,CANDIDATE_STRUCTURAL_ZERO
2024-03-28,200.27914557,201.38071567999998,204.9561269,0.0,4.85473133,0.005500173804241495,-0.17775000000000318,-0.0008875112757951995,CANDIDATE_STRUCTURAL_ZERO
2024-03-29,191.48761403999998,193.7252517,197.19647441,0.0,5.708860369999999,0.011685547763588494,2.842170943040401e-14,1.4842583721611873e-16,CANDIDATE_STRUCTURAL_ZERO
2024-03-30,203.36438241,208.56702378,211.85623384,0.0,8.491851429999997,0.025582854324564266,0.0,0.0,CANDIDATE_STRUCTURAL_ZERO
2024-03-31,199.04007941999998,203.48627419,207.17346780999998,0.0,8.134828390000001,0.022338188283265132,-0.0014400000000023283,-7.2347238013492975e-06,CANDIDATE_STRUCTURAL_ZERO
2024-04-01,225.81644851,229.01443385,232.06257867,0.00144711,6.29152727,0.014161879531368078,-0.04394999999999527,-0.00019462709776010405,CANDIDATE_STRUCTURAL_ZERO
2024-04-02,227.77095622999997,226.12534066,229.75653123,0.014169900000000003,2.0010948999999996,-0.007224870094228526,-0.0013499999999453394,-5.927006771583854e-06,CANDIDATE_STRUCTURAL_ZERO
2024-04-03,230.11030780000002,228.31726686,231.36150202999997,0.0073051,1.3984993300000006,-0.007792093092841562,-0.1400000000000432,-0.0006084038622108314,CANDIDATE_STRUCTURAL_ZERO
2024-04-04,229.24360224,227.1623669,230.65906364,0.009795410000000001,1.6704868099999999,-0.009078706317924269,-0.2452299999999923,-0.0010697354150946197,CANDIDATE_STRUCTURAL_ZERO
2024-04-05,232.20327016999997,234.05465612999998,236.99014523,0.0,4.923875059999999,0.007973126126279723,-0.13699999999997203,-0.00059000030404254,CANDIDATE_STRUCTURAL_ZERO
2024-04-06,225.42907628,226.19512949,229.33430025999996,0.0004552,3.99302918,0.0033982005455609433,-0.08735000000004334,-0.00038748328938520784,CANDIDATE_STRUCTURAL_ZERO
2024-04-07,208.85825146,209.46393099,212.35218158,0.00010706000000000001,3.8489871800000004,0.0028999549970665224,-0.3549499999999739,-0.0016994779833630516,CANDIDATE_STRUCTURAL_ZERO
2024-04-08,234.32576283999998,233.02183355999998,235.82903499999998,0.00838504,1.5116572000000004,-0.005564600597887914,0.0,0.0,CANDIDATE_STRUCTURAL_ZERO
2024-04-09,235.60935632,232.25435306999998,235.50049996999996,0.004730509999999999,0.39827416000000004,-0.014239685988714772,-0.5024000000000228,-0.002132343162627519,CANDIDATE_STRUCTURAL_ZERO
2024-04-10,237.41875725999998,236.27193423,239.74388955999999,0.00823353,2.6203358300000006,-0.004830380898439629,-0.2869699999999682,-0.0012087082053323364,CANDIDATE_STRUCTURAL_ZERO
2024-04-11,241.22621238,239.88986911,243.39837719000002,0.0026777399999999996,2.18211255,-0.005539792947106697,-0.007269999999977017,-3.0137686647936487e-05,CANDIDATE_STRUCTURAL_ZERO
2024-04-12,241.3534537,238.76212675,241.97732985,0.00496203,0.6874381800000001,-0.010736647478104829,-0.05859999999998422,-0.00024279743712647865,CANDIDATE_STRUCTURAL_ZERO
2024-04-13,229.40138977,226.83498615999997,229.37579391999998,0.028748279999999998,0.00736243,-0.01118739347034095,-0.004210000000028913,-1.8352112008780323e-05,CANDIDATE_STRUCTURAL_ZERO
2024-04-14,208.78473125,205.89435891,208.20697479,0.01631994,0.015833479999999997,-0.013843791749977402,-0.5772699999999986,-0.0027649052521411268,CANDIDATE_STRUCTURAL_ZERO
2024-04-15,235.63239738999997,232.45694561,235.53319802,0.011263710000000001,0.040874339999999995,-0.01347629534466867,-0.1288099999999588,-0.0005466565779015639,CANDIDATE_STRUCTURAL_ZERO
2024-04-16,239.64576809,236.60194304,239.39337052999997,0.01675589,0.03249833,-0.01270135114114287,-0.2681400000000167,-0.001118901460839966,CANDIDATE_STRUCTURAL_ZERO
2024-04-17,239.41943541999999,235.78951372,238.89615848,0.05102657,0.02371963,-0.015161349343390675,-0.4959699999999714,-0.002071552792403504,CANDIDATE_STRUCTURAL_ZERO
2024-04-18,236.75062938,232.95649755,236.64387317999999,0.01124036,0.029534160000000004,-0.01602585741772273,-0.12505000000001587,-0.0005281928936260717,CANDIDATE_STRUCTURAL_ZERO
2024-04-19,232.55972085,228.39875875,232.03034805,0.013698469999999999,0.02275567,-0.017892015370468133,-0.5384300000000053,-0.002315233257212629,CANDIDATE_STRUCTURAL_ZERO
2024-04-20,221.97631586,218.49370601,221.75367586,0.0,0.0,-0.01568910555392974,-0.2226400000000126,-0.001002989887175311,CANDIDATE_STRUCTURAL_ZERO
2024-04-21,201.00575916999998,197.51954918,200.34355917,0.0,0.0,-0.017343831362819372,-0.6621999999999844,-0.0032944329691565245,CANDIDATE_STRUCTURAL_ZERO
2024-04-22,220.48207371,217.36957389,220.38639371,0.0,0.0,-0.014116793114409295,-0.09568000000001575,-0.0004339581825861436,CANDIDATE_STRUCTURAL_ZERO
2024-04-23,225.16154061,222.65398213999998,225.09492153000002,0.00095908,0.0,-0.011136708619094667,-0.06565999999997985,-0.0002916128563612418,CANDIDATE_STRUCTURAL_ZERO
2024-04-24,230.91745061,227.59553665,230.40257579,0.00030482,0.0,-0.01438572074663348,-0.5145700000000204,-0.0022283720811948748,CANDIDATE_STRUCTURAL_ZERO
2024-04-25,232.32134483000002,228.37597316999998,231.73086483,0.0,0.0,-0.01698238990001991,-0.5904800000000137,-0.0025416519538146373,CANDIDATE_STRUCTURAL_ZERO
2024-04-26,224.54337921,221.13622211999999,224.47978921,0.0,0.0,-0.015173714326324209,-0.06359000000000492,-0.0002831969493989558,CANDIDATE_STRUCTURAL_ZERO
2024-04-27,217.17119748,213.84777125,217.16553747999998,0.0,0.0,-0.015303255075093744,-0.005660000000005994,-2.6062387948693067e-05,CANDIDATE_STRUCTURAL_ZERO
2024-04-28,195.06084352,191.31293852,194.18878673,0.004315009999999999,0.012438220000000002,-0.019214030516666574,-0.8801799999999957,-0.00451233565956434,CANDIDATE_STRUCTURAL_ZERO
2024-04-29,223.03865659,219.49782849999997,222.35454110999999,0.01266244,0.041646960000000004,-0.015875400901956355,-0.7130999999999972,-0.0031972036188814153,CANDIDATE_STRUCTURAL_ZERO
2024-04-30,228.32994925,230.85961363999996,233.85816407,0.00274526,5.5370200800000005,0.011078986345458425,-0.0060599999999908505,-2.6540539337464294e-05,CANDIDATE_STRUCTURAL_ZERO
2024-05-01,210.97998961000002,214.12229614,217.47009347,0.0,6.49998386,0.014893860483207863,-0.009880000000009659,-4.682908563164213e-05,CANDIDATE_STRUCTURAL_ZERO
2024-05-02,228.43317803,228.91204132999997,232.85749857999997,0.0,4.495590550000001,0.0020962948733177595,-0.07127000000002681,-0.0003119949589401018,CANDIDATE_STRUCTURAL_ZERO
2024-05-03,229.14441713999997,229.32562008999997,232.14583715999999,0.00432511,3.02721513,0.0007907805577881051,-0.02146999999999366,-9.369636959942242e-05,CANDIDATE_STRUCTURAL_ZERO
2024-05-04,216.74378541,213.81333184,217.43927243,0.0,0.8363670200000002,-0.013520357986073976,-0.1408800000000099,-0.0006499840340682269,CANDIDATE_STRUCTURAL_ZERO
2024-05-05,197.98896481,197.43511107,199.78094903,0.00041026999999999996,1.9996944899999998,-0.002797397019230336,-0.2073000000000036,-0.0010470280512802264,CANDIDATE_STRUCTURAL_ZERO
2024-05-06,229.44851053,229.29368248,232.52979048999998,0.00321983,3.1070097899999998,-0.0006747834171699641,-0.022510000000011132,-9.81047989721772e-05,CANDIDATE_STRUCTURAL_ZERO
2024-05-07,232.09059627,231.3248735,234.56904201999998,0.0001039,3.01534965,-0.0032992408236531975,-0.5367999999999995,-0.002312889917243865,CANDIDATE_STRUCTURAL_ZERO
2024-05-08,229.04626394,229.4522429,232.61527848999998,0.0,3.77181455,0.0017724758003751912,-0.20279999999999632,-0.0008854106437340579,CANDIDATE_STRUCTURAL_ZERO
2024-05-09,225.6363726,222.99272632,226.21927269,0.00569368,0.6155437699999999,-0.011716401258969647,-0.02694999999997094,-0.00011943996302292507,CANDIDATE_STRUCTURAL_ZERO
2024-05-10,228.57422075,226.20233063999999,229.34591684999998,0.04318513999999999,0.8180112399999999,-0.01037689246940158,-0.0031300000000271666,-1.369358272230779e-05,CANDIDATE_STRUCTURAL_ZERO
2024-05-11,221.66952084,219.28145923,222.27286915,0.006533000000000001,0.60988131,-0.0107730715569313,0.0,0.0,CANDIDATE_STRUCTURAL_ZERO
2024-05-12,199.47689556,196.49827967,199.46668255999998,0.012570300000000003,0.0104273,-0.014932134780010582,-0.008070000000031996,-4.0455813077382926e-05,CANDIDATE_STRUCTURAL_ZERO
2024-05-13,207.28647862999998,204.68230456999999,206.99311267,0.00672412,0.01656816,-0.012563164163970204,-0.30320999999997866,-0.0014627582175352559,CANDIDATE_STRUCTURAL_ZERO
2024-05-14,231.11934412,228.17962043,230.86461161,0.01191451,0.008611999999999998,-0.012719505159523355,-0.25142999999999915,-0.0010878795150502574,CANDIDATE_STRUCTURAL_ZERO
2024-05-15,230.88143374999999,228.0338683,230.86166027,0.02108996,0.01004648,-0.012333453598886405,-0.008729999999985694,-3.781161550407989e-05,CANDIDATE_STRUCTURAL_ZERO
2024-05-16,233.12908722999998,230.27402654999997,233.12289948999998,0.010871200000000001,0.013163460000000002,-0.012246694369730315,-0.008479999999991605,-3.6374697386540295e-05,CANDIDATE_STRUCTURAL_ZERO
2024-05-17,232.87614836999998,230.99334103,233.6026251,0.00518151,0.8025982399999999,-0.008085015804231335,-0.07093999999997891,-0.0003046254435953119,CANDIDATE_STRUCTURAL_ZERO
2024-05-18,224.46941093,223.59919147,226.03708389,0.00288803,1.5849909899999999,-0.0038767841747105146,-0.014430000000004384,-6.428492835713963e-05,CANDIDATE_STRUCTURAL_ZERO
2024-05-19,208.66228996,208.4508657,210.84175222,0.0,2.44073226,-0.0010132365557788644,-0.26127000000002454,-0.0012521189144914938,CANDIDATE_STRUCTURAL_ZERO
2024-05-20,233.37305752999998,231.49589047999999,234.57576014999998,0.01319018,1.4546628000000001,-0.008043632242160979,-0.23876999999998816,-0.0010231258163521913,CANDIDATE_STRUCTURAL_ZERO
2024-05-21,227.39596938999998,225.01917633,227.79660884,0.01583941,0.45562885999999997,-0.01045222158675828,-0.039149999999949614,-0.0001721666400023328,CANDIDATE_STRUCTURAL_ZERO
2024-05-22,226.81305103999998,223.73360030999999,226.74407485,0.0097938,0.02358761,-0.013577043807134842,-0.08276999999995382,-0.0003649260905421037,CANDIDATE_STRUCTURAL_ZERO
2024-05-23,229.50880612,226.08251233,229.36542228999997,0.01265111,0.01920728,-0.014928811874035715,-0.14994000000001506,-0.0006533082653116939,CANDIDATE_STRUCTURAL_ZERO
2024-05-24,231.10961687999998,232.40689154999998,235.77193701,0.00369583,4.70181596,0.005613243998728087,-0.035799999999994725,-0.00015490484767920025,CANDIDATE_STRUCTURAL_ZERO
2024-05-25,219.03456787,220.03622402,223.70246558,0.004572390000000001,4.793770100000001,0.004573050545129018,-0.12129999999999086,-0.0005537938654139016,CANDIDATE_STRUCTURAL_ZERO
2024-05-26,202.97932197,200.93776306,204.04385636,0.00678477,1.31056916,-0.010057964969957535,-0.2392499999999984,-0.0011786914926997301,CANDIDATE_STRUCTURAL_ZERO
2024-05-27,224.58941337,221.46229732,224.61280327,0.00680379,0.030193689999999995,-0.013923701937135453,0.0,0.0,CANDIDATE_STRUCTURAL_ZERO
2024-05-28,230.51682906,227.35932825999998,230.53495570999996,0.0031756600000000003,0.022702309999999996,-0.013697484964007375,-0.0014000000000180535,-6.073309292544775e-06,CANDIDATE_STRUCTURAL_ZERO
2024-05-29,228.61625525,225.62705354999997,228.38334835,0.007322789999999999,0.02949589,-0.013075193173517892,-0.2550799999999924,-0.0011157561815587145,CANDIDATE_STRUCTURAL_ZERO
2024-05-30,227.93976819,225.15788591999998,227.82615049999998,0.008955949999999999,0.02848826,-0.012204462135282876,-0.13315000000000055,-0.0005841455444888094,CANDIDATE_STRUCTURAL_ZERO
2024-05-31,227.8888375,225.12520505999998,227.86535361,0.0028214800000000003,0.031427590000000005,-0.012127107542070853,-0.05208999999999264,-0.00022857635578571347,CANDIDATE_STRUCTURAL_ZERO
2024-06-01,222.32761856999997,218.8343716,222.34305584999998,0.00993269,0.025369970000000002,-0.015712159346051385,0.0,0.0,CANDIDATE_STRUCTURAL_ZERO
2024-06-02,205.85454384,202.82488659999999,205.20933425,0.009253960000000002,0.026404369999999996,-0.014717465951855795,-0.6623599999999783,-0.0032176117546125005,CANDIDATE_STRUCTURAL_ZERO
2024-06-03,206.35676406,203.89717052999998,206.24119402999997,0.013644050000000001,0.036294019999999996,-0.011919132097287873,-0.13822000000001822,-0.000669810852237582,CANDIDATE_STRUCTURAL_ZERO
2024-06-04,224.79614997999997,222.01396169,224.5956696,0.0134984,0.036538020000000004,-0.01237649439390975,-0.22351999999995087,-0.0009943230790199803,CANDIDATE_STRUCTURAL_ZERO
2024-06-05,226.08009128999998,223.7839442,226.08133706999996,0.016037620000000002,0.033733400000000004,-0.0101563436076936,-0.01645000000002028,-7.276182483011896e-05,CANDIDATE_STRUCTURAL_ZERO
2024-06-06,227.25098602999998,224.42127287,227.24073248000002,0.015308620000000002,0.03600506999999999,-0.012451929073814559,-0.030949999999933198,-0.00013619302842473655,CANDIDATE_STRUCTURAL_ZERO
2024-06-07,227.62925571999997,225.50268819,227.65237566,0.014523480000000002,0.037643420000000004,-0.009342241722284662,2.842170943040401e-14,1.2485965101675995e-16,CANDIDATE_STRUCTURAL_ZERO
2024-06-08,221.15685199,219.74205336999995,221.17141042999998,0.01401761,0.030516050000000003,-0.006397263332650569,-0.0019400000000189266,-8.772054686809555e-06,CANDIDATE_STRUCTURAL_ZERO
2024-06-09,197.08388706,195.49427379999997,196.8029133,0.009856219999999999,0.030312459999999996,-0.008065668298474757,-0.3014300000000105,-0.001529450248300834,CANDIDATE_STRUCTURAL_ZERO
2024-06-10,202.11137134999998,200.22037424999996,202.10417151000001,0.014285449999999998,0.03562561,-0.009356213296506443,-0.02853999999999246,-0.00014120927392338167,CANDIDATE_STRUCTURAL_ZERO
2024-06-11,221.66025684,219.33100964,221.62679362,0.00943911,0.03419589,-0.010508185965341128,-0.05822000000000571,-0.00026265421158485074,CANDIDATE_STRUCTURAL_ZERO
2024-06-12,226.03465305999998,223.84272154999996,226.05719545,0.011515359999999999,0.03405775,-0.009697325079699962,2.842170943040401e-14,1.2574049618338645e-16,CANDIDATE_STRUCTURAL_ZERO
2024-06-13,227.38869863,224.65574332999998,222.72340844,4.658667210000001,0.0034670199999999995,-0.01201887040326044,-0.01008999999999105,-4.4373357430613526e-05,CANDIDATE_STRUCTURAL_ZERO
2024-06-14,226.72397894,223.75208933000002,220.68461829999998,6.00520547,0.0023248300000000004,-0.013107963365385602,-0.036480000000011614,-0.0001609004930601789,CANDIDATE_STRUCTURAL_ZERO
2024-06-15,210.20924491,206.01358120999998,208.76278650999998,1.45237806,0.01791966,-0.019959463256701022,-0.012000000000000455,-5.708597642857332e-05,CANDIDATE_STRUCTURAL_ZERO
2024-06-16,191.0642103,190.86297942,192.66625657,0.41398112,2.01602739,-0.0010532107488056622,-2.842170943040401e-14,-1.4875475310513454e-16,CANDIDATE_STRUCTURAL_ZERO
2024-06-17,223.53439516999998,224.07672885,226.60732616,0.03957065,3.3434516400000005,0.002426175531454849,-0.23094999999997867,-0.0010331743346447381,CANDIDATE_STRUCTURAL_ZERO
2024-06-18,227.81107056,225.15741651,227.76057624999999,0.013720310000000001,0.075516,-0.011648485929489064,-0.11229000000000156,-0.0004929084426141927,CANDIDATE_STRUCTURAL_ZERO
2024-06-19,223.72350203,222.15168860999998,224.71719466,0.10990699999999999,1.2851196300000003,-0.007025696476846859,-0.18152000000000612,-0.000811358656345659,CANDIDATE_STRUCTURAL_ZERO
2024-06-20,223.47193735,220.77472639,223.33554862,0.03823119,0.00685246,-0.012069573441678395,-0.10500999999999294,-0.0004699024013718873,CANDIDATE_STRUCTURAL_ZERO
2024-06-21,226.89954265,229.94409755999996,232.70566480000002,0.01724211,5.92851426,0.013418074247493241,-0.10514999999998054,-0.0004634209429067817,CANDIDATE_STRUCTURAL_ZERO
2024-06-22,217.12865481,217.81257994999999,220.5183536,0.014777869999999999,3.40447666,0.0031498612681889406,0.0,0.0,CANDIDATE_STRUCTURAL_ZERO
2024-06-23,198.04395884,195.27801970000002,193.37584647999998,4.48897018,0.009367819999999999,-0.013966288879503658,-0.18851000000000795,-0.0009518593806353137,CANDIDATE_STRUCTURAL_ZERO
2024-06-24,224.61456991,221.75736193,220.65989878,3.9596252800000005,0.011754150000000001,-0.012720492624965702,-0.006799999999998363,-3.0274082410250724e-05,CANDIDATE_STRUCTURAL_ZERO
2024-06-25,226.95000786,223.58781994999998,221.35614078,5.48916024,0.0032331599999999997,-0.01481466311327061,-0.10794000000001347,-0.00047561135167088894,CANDIDATE_STRUCTURAL_ZERO
2024-06-26,225.06191168,221.55589214999998,218.29517368,6.692328000000001,0.0,-0.015578022526463734,-0.07441000000000031,-0.0003306201366750974,CANDIDATE_STRUCTURAL_ZERO
2024-06-27,223.67233908999998,220.57543915000002,219.06602784,4.59226454,0.00557329,-0.013845699260800617,-0.01961999999997488,-8.771759655126733e-05,CANDIDATE_STRUCTURAL_ZERO
2024-06-28,224.47310464999998,221.08755574999998,224.28420876,0.1792091,0.01660321,-0.01508220285578878,-0.0262899999999604,-0.00011711870801159877,CANDIDATE_STRUCTURAL_ZERO
2024-06-29,214.90831562999998,210.97242154,214.87916993,0.03246776999999999,0.013472070000000001,-0.01831429406750489,-0.010149999999981674,-4.722944279855866e-05,CANDIDATE_STRUCTURAL_ZERO
2024-06-30,198.65931037,195.22881229,198.03327917000001,0.03647102000000001,0.01753982,-0.017268247199744763,-0.6070999999999742,-0.003055985641293426,CANDIDATE_STRUCTURAL_ZERO
2024-07-01,200.77443593,197.84732207,200.77963189,0.025089949999999996,0.03028591,-0.014579116342384136,-2.842170943040401e-14,-1.4156039985246546e-16,CANDIDATE_STRUCTURAL_ZERO
2024-07-02,224.64598966,224.74146753,227.97766384,0.00279425,3.4204784300000006,0.00042501479837009923,-0.08601000000001591,-0.0003828690649238448,CANDIDATE_STRUCTURAL_ZERO
2024-07-03,226.54033955,227.32990436,230.50362371999998,0.010820090000000001,3.99338426,0.003485316617642554,-0.019280000000009068,-8.510625541705678e-05,CANDIDATE_STRUCTURAL_ZERO
2024-07-04,227.90034243,224.6215237,227.90552746,0.00983885,0.04502387999999999,-0.014387072415246935,-0.030000000000001137,-0.00013163648496586044,CANDIDATE_STRUCTURAL_ZERO
2024-07-05,220.57037486000002,217.22171742,220.42533307,0.00715816,0.03206637,-0.015181809624821394,-0.16995000000002847,-0.0007705023854989538,CANDIDATE_STRUCTURAL_ZERO
2024-07-06,213.77330887999997,213.02806593999998,216.04592101,0.002309,2.29476113,-0.0034861365242670854,-0.019839999999987867,-9.280859291524042e-05,CANDIDATE_STRUCTURAL_ZERO
2024-07-07,200.05918918999998,196.01622013999997,198.87187536,0.014913579999999997,0.025029749999999996,-0.02020886451839174,-1.1974299999999687,-0.005985378651428737,CANDIDATE_STRUCTURAL_ZERO
2024-07-08,227.18389793,223.8055109,227.20482622,0.01091839,0.03504668,-0.014870715137746906,-0.003199999999992542,-1.4085505307152215e-05,CANDIDATE_STRUCTURAL_ZERO
2024-07-09,231.16678233,228.09989221,231.11400959999997,0.00576359,0.027760860000000002,-0.013267001811799552,-0.07477000000002931,-0.0003234461251153814,CANDIDATE_STRUCTURAL_ZERO
2024-07-10,231.93289452,229.13175404,231.91799615,0.00875896,0.030610590000000003,-0.012077374732881795,-0.03675000000001205,-0.0001584510040116066,CANDIDATE_STRUCTURAL_ZERO
2024-07-11,232.48311628,230.85235281999996,233.50734333999998,0.00033789,1.2345249499999997,-0.007014545770437595,-0.20996000000002368,-0.000903119346297605,CANDIDATE_STRUCTURAL_ZERO
2024-07-12,230.82124772999998,230.07490263,232.77961266,0.00130059,1.9596655199999997,-0.003233433262058318,2.842170943040401e-14,1.2313298584907537e-16,CANDIDATE_STRUCTURAL_ZERO
2024-07-13,219.98701862,218.59771073000002,221.20624892,0.00451914,1.2237494400000002,-0.006315408512353289,2.842170943040401e-14,1.291972117659313e-16,CANDIDATE_STRUCTURAL_ZERO
2024-07-14,203.1238399,200.23719269999998,203.13122259,0.012382400000000002,0.028215089999999998,-0.014211267379649548,-0.008450000000010505,-4.160023758988865e-05,CANDIDATE_STRUCTURAL_ZERO
2024-07-15,227.3184709,224.39621792999998,227.24002704,0.010911260000000002,0.027397400000000002,-0.012855325651409776,-0.09493000000000507,-0.0004176079472299717,CANDIDATE_STRUCTURAL_ZERO
2024-07-16,230.37702131,227.34551001,229.92317405,0.4501821,0.01920484,-0.013158913518205195,-0.022869999999983293,-9.927205356652717e-05,CANDIDATE_STRUCTURAL_ZERO
2024-07-17,233.82275800999997,230.66686396,233.62095044,0.008397640000000001,0.028580070000000003,-0.013496949898542394,-0.22198999999997682,-0.0009493943270931861,CANDIDATE_STRUCTURAL_ZERO
2024-07-18,230.33571121,227.61467048999998,230.28231827,0.009487739999999998,0.0260248,-0.011813368868013747,-0.06992999999999938,-0.00030360033896890314,CANDIDATE_STRUCTURAL_ZERO
2024-07-19,227.13561719999998,224.24013616,227.12467175999998,0.00709509,0.02330965,-0.01274780712815477,-0.027159999999980755,-0.0001195761384092638,CANDIDATE_STRUCTURAL_ZERO
2024-07-20,209.35391468,206.65583249999997,209.36747190999998,0.01121171,0.024768940000000007,-0.012887660515563226,-2.842170943040401e-14,-1.3575914963829043e-16,CANDIDATE_STRUCTURAL_ZERO
2024-07-21,202.28916565,199.56152063,202.15832938,0.009938380000000002,0.024452109999999992,-0.013483890801741567,-0.14535000000000764,-0.0007185258762275568,CANDIDATE_STRUCTURAL_ZERO
2024-07-22,229.46346036,226.56196839999998,229.48915347999997,0.007648879999999999,0.033342000000000004,-0.012644679703896782,-2.842170943040401e-14,-1.2386159167047266e-16,CANDIDATE_STRUCTURAL_ZERO
2024-07-23,231.82954672,229.02040820999997,231.84002696,0.00653631,0.023976549999999996,-0.012117258346680277,-0.006959999999992306,-3.0022057578357265e-05,CANDIDATE_STRUCTURAL_ZERO
2024-07-24,232.74594902,229.6628623,232.61691878,0.005685910000000001,0.027795669999999998,-0.013246575216375,-0.15113999999999805,-0.0006493775751474433,CANDIDATE_STRUCTURAL_ZERO
2024-07-25,233.66128705999998,233.69684786,236.70477086,0.00327502,3.4758588200000005,0.00015218952376514896,-0.42910000000000537,-0.0018364188839284288,CANDIDATE_STRUCTURAL_ZERO
2024-07-26,232.94690334999999,234.40089562999998,237.74796116,0.0,4.92477781,0.006241732596957462,-0.12371999999999161,-0.0005311081547802495,CANDIDATE_STRUCTURAL_ZERO
2024-07-27,222.16047455,220.90603786,224.09481283,0.0008660499999999999,2.31233433,-0.005646534076509091,-0.37712999999999397,-0.0016975566907835179,CANDIDATE_STRUCTURAL_ZERO
2024-07-28,205.43812794,202.35005253999998,205.14943397,0.00127486,0.016480889999999998,-0.01503165664020219,-0.3038999999999987,-0.0014792774985213815,CANDIDATE_STRUCTURAL_ZERO
2024-07-29,233.99958737999998,236.38858811,239.73410027999998,0.00041159,5.76349449,0.01020942283167551,-0.028570000000001983,-0.00012209423238685536,CANDIDATE_STRUCTURAL_ZERO
2024-07-30,235.63811421999998,241.72211625,245.11038208999997,0.0,9.565727870000002,0.025819261243619464,-0.09345999999999322,-0.000396625139822396,CANDIDATE_STRUCTURAL_ZERO
2024-07-31,234.85257291,241.05447335,244.76233804999998,0.0,10.09501514,0.026407632512404664,-0.18524999999999636,-0.0007887927209168269,CANDIDATE_STRUCTURAL_ZERO
2024-08-01,230.92315699,237.65797909999998,241.32854905,0.0,10.554812060000003,0.029164775840526163,-0.14942000000002054,-0.0006470550721186056,CANDIDATE_STRUCTURAL_ZERO
2024-08-02,232.2341138,238.89375372,242.89946489999997,0.0,10.800821099999997,0.028676406799284015,-0.1354700000000264,-0.0005833337651534397,CANDIDATE_STRUCTURAL_ZERO
2024-08-03,223.50347005,230.28900772999998,234.2514253,0.0,10.882015249999998,0.030359876195577555,-0.13406000000000518,-0.0005998117164356088,CANDIDATE_STRUCTURAL_ZERO
2024-08-04,204.33019091999998,210.84427383,214.52209026999998,0.0,10.829159350000005,0.031880178257898406,-0.6372599999999977,-0.0031187755325374302,CANDIDATE_STRUCTURAL_ZERO
2024-08-05,228.97385898,234.77072485,239.11649316,0.0,10.299114180000002,0.0253167147368833,-0.15647999999998774,-0.0006833967890354491,CANDIDATE_STRUCTURAL_ZERO
2024-08-06,227.01397102,233.45893476999998,237.29494696,0.0,10.407075939999999,0.028390163482194527,-0.1261000000000081,-0.0005554724206330836,CANDIDATE_STRUCTURAL_ZERO
2024-08-07,209.61668396,215.57701403,218.87242596,0.0,9.447682000000002,0.028434425912096647,-0.19194000000001665,-0.0009156713882404682,CANDIDATE_STRUCTURAL_ZERO
2024-08-08,230.0213877,237.28435623,240.85360048,0.0,10.876402780000001,0.03157518786675851,-0.044189999999986185,-0.00019211257023464252,CANDIDATE_STRUCTURAL_ZERO
2024-08-09,231.38252793,237.18040775999998,240.71685076999998,0.0005532,9.503306039999998,0.025057552451644056,-0.16843000000002917,-0.0007279287745139692,CANDIDATE_STRUCTURAL_ZERO
2024-08-10,218.82962605999998,222.68173589999998,226.22862225,0.00091675,7.480232939999999,0.017603237319172692,-0.08032000000000039,-0.0003670435372310045,CANDIDATE_STRUCTURAL_ZERO
2024-08-11,198.79197803,203.72518312,206.49406799,0.0,7.90991996,0.0248159163105441,-0.2078300000000013,-0.0010454647217637593,CANDIDATE_STRUCTURAL_ZERO
2024-08-12,226.78024474999998,233.85482205,237.41938383999997,0.0,10.64598909,0.03119573888721635,-0.006850000000014234,-3.0205452893683916e-05,CANDIDATE_STRUCTURAL_ZERO
2024-08-13,227.60508069999997,231.8866492,235.29635303999999,0.0,7.94909234,0.01881139246466751,-0.25781999999998106,-0.0011327515150674802,CANDIDATE_STRUCTURAL_ZERO
2024-08-14,232.16163493,238.3775115,241.67891927999997,0.0,9.517284349999999,0.026773917972597757,-2.842170943040401e-14,-1.2242207649413546e-16,CANDIDATE_STRUCTURAL_ZERO
2024-08-15,236.18263706999997,243.65629100999996,247.06992613,0.0,10.887289059999999,0.031643536682948226,2.842170943040401e-14,1.2033784440293282e-16,CANDIDATE_STRUCTURAL_ZERO
2024-08-16,236.79186715,243.2118942,246.42450680999997,0.0,9.65454966,0.02711253189254641,-0.021910000000019636,-9.252851571181859e-05,CANDIDATE_STRUCTURAL_ZERO
2024-08-17,220.88318123,225.81293642,229.10512193,0.0,8.290390700000001,0.022318381881990288,-0.06844999999998436,-0.00030989231329799224,CANDIDATE_STRUCTURAL_ZERO
2024-08-18,200.65694882,202.61530729,204.81862905,0.0,4.20854023,0.009759734120928747,-0.04686000000000945,-0.00023353290417091598,CANDIDATE_STRUCTURAL_ZERO
2024-08-19,209.83724868,215.23597327,218.19754218999998,0.0,8.617293509999998,0.025728151812707996,-0.257000000000005,-0.0012247587195156557,CANDIDATE_STRUCTURAL_ZERO
2024-08-20,235.05046665,239.40741576,242.46014723999997,0.0,7.43442059,0.018536228292146587,-0.024740000000036844,-0.00010525399227084174,CANDIDATE_STRUCTURAL_ZERO
2024-08-21,236.12105087999998,240.21215151999996,243.26206158,0.0,7.398140700000001,0.01732628507603557,-0.2571299999999894,-0.001088975332956088,CANDIDATE_STRUCTURAL_ZERO
2024-08-22,234.8109383,236.73712625,239.62831252,0.0,5.066674220000001,0.008203144044077886,-0.24930000000000518,-0.001061705224658204,CANDIDATE_STRUCTURAL_ZERO
2024-08-23,234.65480287,236.84391417,240.15374272999998,,5.930599860000001,0.009329070929832137,,,CANDIDATE_STRUCTURAL_ZERO
2024-08-24,221.10041922999997,223.45555148999998,226.83128088,,5.86748165,0.010651867003246501,,,CANDIDATE_STRUCTURAL_ZERO
2024-08-25,200.67045862999998,207.38594533,211.07488414999997,,10.64061552,0.03346524817777068,,,CANDIDATE_STRUCTURAL_ZERO
2024-08-26,219.01688047999997,225.20941485999998,228.71556586,,9.698685379999999,0.02827423332132382,,,CANDIDATE_STRUCTURAL_ZERO
2024-08-27,227.85781262,234.52411651,237.88741251,,10.03307989,0.02925642010404723,,,CANDIDATE_STRUCTURAL_ZERO
2024-08-28,236.2817299,242.87366297,247.05409778,,10.788357880000001,0.027898615236945624,,,CANDIDATE_STRUCTURAL_ZERO
2024-08-29,239.29882303,245.80438278999998,249.78575363,,10.679000599999998,0.027185924600993148,,,CANDIDATE_STRUCTURAL_ZERO
2024-08-30,236.91355234,243.91002894999997,247.34304708,,10.631824740000003,0.02953177030564791,,,CANDIDATE_STRUCTURAL_ZERO
2024-08-31,224.68614752,230.85892268,234.35807555999997,,9.957218040000003,0.02747287818200077,,,CANDIDATE_STRUCTURAL_ZERO
2024-09-01,200.0652385,207.21463167999997,210.34474394,,10.637505440000002,0.03573530931011774,,,CANDIDATE_STRUCTURAL_ZERO
2024-09-02,228.36155556,234.78429241999999,238.44408067999998,,10.182525120000001,0.02812529825455874,,,CANDIDATE_STRUCTURAL_ZERO
2024-09-03,232.54738702999998,238.80420750000002,242.83331977,,10.32383274,0.02690557202086674,,,CANDIDATE_STRUCTURAL_ZERO
2024-09-04,231.61753908,237.70825478,241.68546580999998,,10.33071673,0.02629643559893057,,,CANDIDATE_STRUCTURAL_ZERO
2024-09-05,232.75527946,238.00669948,241.6073257,,9.129936240000001,0.022561980257476785,,,CANDIDATE_STRUCTURAL_ZERO
2024-09-06,233.20689364999998,238.21602869999998,241.75941727999998,,8.598833629999998,0.021479360972569594,,,CANDIDATE_STRUCTURAL_ZERO
2024-09-07,221.36955281,225.62215351999998,229.05195383999998,,7.813311029999998,0.019210413790057095,,,CANDIDATE_STRUCTURAL_ZERO
2024-09-08,206.11365946,212.13714969999998,214.96772787999998,,9.246888419999998,0.029224119623032247,,,CANDIDATE_STRUCTURAL_ZERO
2024-09-09,234.46291746,240.91985419999997,244.48909786999997,,10.19352041,0.027539266379305143,,,CANDIDATE_STRUCTURAL_ZERO
2024-09-10,240.64987834,243.89491164999998,247.41747593,,6.81595759,0.013484458551918654,,,CANDIDATE_STRUCTURAL_ZERO
2024-09-11,242.37468783999998,246.56896324999997,249.93225337,,7.96958553,0.01730492341167563,,,CANDIDATE_STRUCTURAL_ZERO
2024-09-12,238.75319494999997,242.00339377,245.10130241,,6.3489774599999995,0.013613216027038709,,,CANDIDATE_STRUCTURAL_ZERO
2024-09-13,239.21614709999997,245.92570164,249.09342927999998,,9.930782180000001,0.02804808379927305,,,CANDIDATE_STRUCTURAL_ZERO
2024-09-14,232.71702508,238.73290471,242.62017078,,9.908325699999999,0.025850621061918228,,,CANDIDATE_STRUCTURAL_ZERO
2024-09-15,216.32258645,220.24036462,223.38808648,,7.65032003,0.018110814197876468,,,CANDIDATE_STRUCTURAL_ZERO
2024-09-16,239.39621558,243.60823491000002,247.72219963,,8.46148405,0.017594343836201894,,,CANDIDATE_STRUCTURAL_ZERO
2024-09-17,236.76914218,233.59991294,237.90816680999998,,8.24519463,-0.013385313689191122,,,CANDIDATE_STRUCTURAL_ZERO
2024-09-18,239.63692403,245.15119535999997,249.09126025999998,,10.14265623,0.0230109418751747,,,CANDIDATE_STRUCTURAL_ZERO
2024-09-19,240.98337400999998,245.68724831999998,250.16432869,,9.582034679999998,0.019519497265420512,,,CANDIDATE_STRUCTURAL_ZERO
2024-09-20,235.94362395,238.16482581999998,242.20733493,,6.299010979999999,0.009414121190537845,,,CANDIDATE_STRUCTURAL_ZERO
2024-09-21,227.62970253,229.81108466999999,233.88195033,,6.3585177999999996,0.009583029436646087,,,CANDIDATE_STRUCTURAL_ZERO
2024-09-22,202.83859213,205.65866619999997,209.49894207,0.0,6.880999940000002,0.013903044979687987,-0.22065000000000623,-0.0010878107449029761,CANDIDATE_STRUCTURAL_ZERO
2024-09-23,230.29834219999998,233.25053104,237.45646465,0.0,7.294342450000001,0.012818975646104411,-0.13621999999998025,-0.0005914936195314925,CANDIDATE_STRUCTURAL_ZERO
2024-09-24,239.20434946999998,242.83819264,246.63886243,0.0,7.47259296,0.01519137581758624,-0.038080000000007885,-0.0001591944297182762,CANDIDATE_STRUCTURAL_ZERO
2024-09-25,236.5467553,241.17948324,245.32303271,0.0,8.81557741,0.0195848297903074,-0.039299999999997226,-0.00016614051606903284,CANDIDATE_STRUCTURAL_ZERO
2024-09-26,233.36262853,235.54556606,239.14031595999998,0.0,5.802687430000001,0.009354272120393843,-0.025000000000005684,-0.00010712940695554345,CANDIDATE_STRUCTURAL_ZERO
2024-09-27,236.04236382,238.08048041,241.63425691999998,0.0,5.721303099999999,0.008634537279732686,-0.12941000000000713,-0.0005482490426959627,CANDIDATE_STRUCTURAL_ZERO
2024-09-28,221.45077847999997,226.75902637999997,231.00237857,0.0,9.89071009,0.02397032846953575,-0.3391099999999767,-0.001531310941092957,CANDIDATE_STRUCTURAL_ZERO
2024-09-29,196.81954588,202.4942853,205.94037695,0.0,9.31553107,0.02883219445826723,-0.19469999999998322,-0.0009892310193556231,CANDIDATE_STRUCTURAL_ZERO
2024-09-30,220.61849704,217.19092614,220.31643825999998,0.009394179999999999,0.0188054,-0.015536190056532562,-0.3114700000000141,-0.0014118036528167537,CANDIDATE_STRUCTURAL_ZERO
2024-10-01,228.74960172,230.3108274,233.48947884999998,0.0,4.77613713,0.006825042178263631,-0.03625999999999863,-0.00015851393719313459,CANDIDATE_STRUCTURAL_ZERO
2024-10-02,232.02060787999997,228.02997204999997,231.92932645,0.00526323,0.041591799999999984,-0.017199488728449248,-0.1276099999999758,-0.0005499942490710787,CANDIDATE_STRUCTURAL_ZERO
2024-10-03,233.50306838999998,230.62368433,233.32808337,0.010234359999999998,0.01667934,-0.012331247207384839,-0.18142999999997755,-0.0007769919309880361,CANDIDATE_STRUCTURAL_ZERO
2024-10-04,234.72351109,231.8084147,234.65619189999998,0.0064612,0.027022009999999996,-0.012419277372185641,-0.08788000000001261,-0.00037439794416809316,CANDIDATE_STRUCTURAL_ZERO
2024-10-05,221.60238582,218.29772450000002,221.37025688,0.017574540000000003,0.057905599999999995,-0.014912571034701056,-0.27245999999999526,-0.001229499398175727,CANDIDATE_STRUCTURAL_ZERO
2024-10-06,201.85849353999998,197.4163686,201.16594521999997,0.0027787800000000002,0.011960460000000003,-0.022006133416029583,-0.7017300000000262,-0.0034763461655428055,CANDIDATE_STRUCTURAL_ZERO
2024-10-07,225.28803118,222.06825670999999,224.8681595,0.0051899400000000005,0.014858260000000002,-0.014291813254062655,-0.4295400000000029,-0.001906625921271469,CANDIDATE_STRUCTURAL_ZERO
2024-10-08,225.32858808999998,222.06787858,224.97454805,0.00587318,0.010943139999999999,-0.014470909073896953,-0.3591099999999585,-0.0015937169936755828,CANDIDATE_STRUCTURAL_ZERO
2024-10-09,229.37079891999997,226.42598278,229.32818106999997,0.00875517,0.01967732,-0.012838670632293808,-0.053539999999998145,-0.00023342116891990182,CANDIDATE_STRUCTURAL_ZERO
2024-10-10,228.35467121,225.62656137,228.45739586999997,0.0022346099999999997,0.14564927,-0.011946809870559521,-0.04069000000004053,-0.00017818772782020784,CANDIDATE_STRUCTURAL_ZERO
2024-10-11,229.56136381999997,226.49679024,229.52560362999998,0.0077434999999999995,0.011873309999999998,-0.013349692339356015,-0.03988999999998555,-0.00017376617448249464,CANDIDATE_STRUCTURAL_ZERO
2024-10-12,222.19190016,218.57153379,221.60987633999997,0.0033212700000000003,0.021547450000000003,-0.016293871952096275,-0.6002500000000452,-0.002701493616859149,CANDIDATE_STRUCTURAL_ZERO
2024-10-13,201.765623,198.96347597,201.56799959,0.006486649999999999,0.024403239999999993,-0.013888129148740143,-0.21554000000000428,-0.001068269196680766,CANDIDATE_STRUCTURAL_ZERO
2024-10-14,205.71950697,202.77534003,205.53752064,0.018142109999999996,0.03355578,-0.014311559381820554,-0.19739999999998759,-0.0009595589786668814,CANDIDATE_STRUCTURAL_ZERO
2024-10-15,227.08014000999998,223.92965419999996,227.08057969,0.011258899999999999,0.022638580000000002,-0.013873894079250092,-0.010939999999976635,-4.817682426783279e-05,CANDIDATE_STRUCTURAL_ZERO
2024-10-16,229.51053244999997,226.19382244999997,229.39184609,0.02025372,0.024947360000000002,-0.014451232214027313,-0.12337999999996896,-0.0005375788147188753,CANDIDATE_STRUCTURAL_ZERO
2024-10-17,235.82035872999998,232.60795300999996,235.74120333,0.00428443,0.01353903,-0.013622257795299306,-0.08840999999998189,-0.00037490401794022365,CANDIDATE_STRUCTURAL_ZERO
2024-10-18,241.01023612,237.44335510999997,240.87915058,0.013871789999999998,0.01338625,-0.014799707545301381,-0.13060000000001537,-0.0005418856978962051,CANDIDATE_STRUCTURAL_ZERO
2024-10-19,227.83472071,224.69875851,227.59055755999998,0.0015990099999999999,0.015365859999999999,-0.01376419796871791,-0.257930000000016,-0.0011320925941236272,CANDIDATE_STRUCTURAL_ZERO
2024-10-20,205.01727436000002,201.16135480999998,203.80130279,0.00231494,0.010643370000000001,-0.018807778817843603,-1.224300000000028,-0.00597169191631247,CANDIDATE_STRUCTURAL_ZERO
2024-10-21,226.99237140999998,223.79192328,226.79793702,0.02165729,0.0334529,-0.0140993642655032,-0.20622999999994818,-0.0009085327349060985,CANDIDATE_STRUCTURAL_ZERO
2024-10-22,230.09510135,226.55017856999999,230.05461971999998,0.00200361,0.019601979999999995,-0.01540633746308136,-0.05808000000001812,-0.00025241736855437024,CANDIDATE_STRUCTURAL_ZERO
2024-10-23,231.8883838,228.53732407,231.75005614999998,0.010084969999999999,0.03248732,-0.01445117549695908,-0.16073000000002935,-0.0006931351944677676,CANDIDATE_STRUCTURAL_ZERO
2024-10-24,235.5768431,232.40442013999998,235.51829716999998,0.00383594,0.013450010000000002,-0.013466616320405246,-0.06816000000003442,-0.00028933234312466437,CANDIDATE_STRUCTURAL_ZERO
2024-10-25,238.90412736,236.45055295999998,238.85641012999997,0.013630429999999999,0.0167732,-0.010270121437888614,-0.05086000000000013,-0.00021288874563209274,CANDIDATE_STRUCTURAL_ZERO
2024-10-26,231.0193758,228.19213866999996,230.95624260999998,0.0080012,0.017518009999999997,-0.012238095268890614,-0.07265000000003852,-0.00031447578692678,CANDIDATE_STRUCTURAL_ZERO
2024-10-27,211.9532049,208.95735489999998,211.67042526,0.00351441,0.014684769999999998,-0.014134487852700633,-0.29394999999999527,-0.0013868627282077736,CANDIDATE_STRUCTURAL_ZERO
2024-10-28,232.92644009999998,230.13659416000002,232.83178388,0.01830928,0.017693060000000004,-0.011977369073267196,-0.09403999999997836,-0.00040373261171898354,CANDIDATE_STRUCTURAL_ZERO
2024-10-29,236.89954050999998,234.2567685,236.79783382,0.00870133,0.01523464,-0.011155665411214384,-0.10823999999996659,-0.0004569025324698659,CANDIDATE_STRUCTURAL_ZERO
2024-10-30,235.92102622,232.60876915,235.61421384,0.005319379999999999,0.017667,-0.01403968575022752,-0.31915999999998235,-0.0013528255836864694,CANDIDATE_STRUCTURAL_ZERO
2024-10-31,225.56128571,222.00645551000002,225.06899226999997,0.00496866,0.017985220000000003,-0.01575993056082483,-0.505310000000037,-0.002240233728095099,CANDIDATE_STRUCTURAL_ZERO
2024-11-01,222.52820853999998,219.93106396000002,222.24653050999999,0.00237279,0.03585476,-0.011671080251082504,-0.31515999999999167,-0.0014162698835700235,CANDIDATE_STRUCTURAL_ZERO
2024-11-02,213.71564716999998,211.07334899,213.70129911,0.02477225,0.02182419,-0.012363615930742632,-0.011399999999952115,-5.334190617724865e-05,CANDIDATE_STRUCTURAL_ZERO
2024-11-03,193.76048988,191.00246435999998,193.31159015999998,0.00538459,0.01966487,-0.01423419976749709,-0.4631800000000226,-0.0023904770280405454,CANDIDATE_STRUCTURAL_ZERO
2024-11-04,197.70418003999998,195.05394626999998,197.06493122,0.004546219999999999,0.0099574,-0.013405046719112353,-0.6446599999999592,-0.0032607302479367405,CANDIDATE_STRUCTURAL_ZERO
2024-11-05,225.37648518,222.22662601999997,225.13779209,0.00355109,0.016098,-0.013975988477610501,-0.2512399999999957,-0.001114756935708441,CANDIDATE_STRUCTURAL_ZERO
2024-11-06,230.39230953999999,227.14834875999998,229.99138201999997,0.0015725399999999999,0.00950502,-0.014080160863341677,-0.4088600000000042,-0.0017746252069625581,CANDIDATE_STRUCTURAL_ZERO
2024-11-07,229.61136104,226.54890733,229.5948462,0.013046470000000001,0.01720163,-0.013337553055427854,-0.020669999999967104,-9.002167796203358e-05,CANDIDATE_STRUCTURAL_ZERO
2024-11-08,225.15950669999998,221.83356558999998,225.15031824999997,0.00926012,0.02099167,-0.014771488704811604,-0.020920000000018035,-9.291191078994328e-05,CANDIDATE_STRUCTURAL_ZERO
2024-11-09,212.88165876,210.27976515,212.79477423999998,0.026487840000000006,0.01465332,-0.012222253552305,-0.07505000000003292,-0.00035254328830950775,CANDIDATE_STRUCTURAL_ZERO
2024-11-10,193.68498264,190.68137431,192.93562303,0.004341729999999999,0.00763212,-0.015507698578690342,-0.7526500000000169,-0.0038859491827456685,CANDIDATE_STRUCTURAL_ZERO
2024-11-11,196.75672898,193.62214192,196.01419167999998,0.01061926,0.027501960000000002,-0.015931282636430833,-0.7594200000000058,-0.003859690105323918,CANDIDATE_STRUCTURAL_ZERO
2024-11-12,221.69286878999998,218.85998382,221.51776024999998,0.00577865,0.017510110000000002,-0.012778421721284367,-0.18683999999998946,-0.0008427875962802163,CANDIDATE_STRUCTURAL_ZERO
2024-11-13,226.9711932,223.52436194,226.62125774999998,0.006824429999999999,0.01743898,-0.015186205841385083,-0.3605500000000177,-0.0015885275788382193,CANDIDATE_STRUCTURAL_ZERO
2024-11-14,228.24834778,224.97793814,228.18220430999997,0.012387149999999998,0.018403680000000002,-0.014328294911261403,-0.07216000000002509,-0.0003161468667873005,CANDIDATE_STRUCTURAL_ZERO
2024-11-15,229.89316827,226.90835913,229.87949604,0.004388080000000001,0.024185850000000002,-0.012983461676836117,-0.033469999999994116,-0.0001455893633197703,CANDIDATE_STRUCTURAL_ZERO
2024-11-16,217.99695743,215.12675363999998,217.95341868999998,0.012197379999999999,0.013538640000000003,-0.01316625618924829,-0.04488000000003467,-0.00020587443296976233,CANDIDATE_STRUCTURAL_ZERO
2024-11-17,201.41220163999998,208.72396499999996,211.37284388999998,0.0,10.118082249999999,0.03630248465814837,-0.15743999999997982,-0.0007816805472460145,CANDIDATE_STRUCTURAL_ZERO
2024-11-18,226.52326294,233.35968420999998,236.39319249,0.0,10.372269549999999,0.0301797757160631,-0.5023400000000038,-0.0022176088825502233,CANDIDATE_STRUCTURAL_ZERO
2024-11-19,230.78683433,236.7655499,240.31894504999997,0.0,9.66304072,0.02590579132192212,-0.13093000000003485,-0.0005673200569700576,CANDIDATE_STRUCTURAL_ZERO
2024-11-20,227.12778033,233.62306931,236.87293317,0.0,9.78674284,0.02859751004726423,-0.04158999999998514,-0.00018311278320757557,CANDIDATE_STRUCTURAL_ZERO
2024-11-21,227.73615902,234.40684113,237.86956739,0.0,10.258748369999998,0.029291273457431835,-0.12534000000002266,-0.000550373733092667,CANDIDATE_STRUCTURAL_ZERO
2024-11-22,225.02400991999997,231.73331252999998,234.80163768,0.0,9.890457759999999,0.029815941029516294,-0.112829999999974,-0.0005014131604893499,CANDIDATE_STRUCTURAL_ZERO
2024-11-23,215.40128021,222.81000898000002,225.65896919,0.0,10.389218979999999,0.03439500806484093,-0.13153000000002635,-0.0006106277542630875,CANDIDATE_STRUCTURAL_ZERO
2024-11-24,201.15538475999998,207.83606729,210.70502187,0.0,10.23209711,0.03321155204455892,-0.6824599999999919,-0.0033927006270015594,CANDIDATE_STRUCTURAL_ZERO
2024-11-25,230.02909384,236.73524157999998,239.79254459999999,0.0,9.806020760000001,0.029153476319236964,-0.04257000000001199,-0.0001850635469164703,CANDIDATE_STRUCTURAL_ZERO
2024-11-26,233.31313761,240.01606782,243.66032414,0.0,10.435596530000002,0.02872933036974718,-0.08841000000001031,-0.00037893279780838615,CANDIDATE_STRUCTURAL_ZERO
2024-11-27,231.23366808,238.67375286999996,241.84111817000002,0.0,10.842570089999999,0.032175612019552054,-0.2351199999999949,-0.0010168069466365527,CANDIDATE_STRUCTURAL_ZERO
2024-11-28,232.05789543,239.49662884999998,242.32067935999999,0.0,10.536313929999997,0.032055506692483395,-0.27353000000002226,-0.0011787144733566382,CANDIDATE_STRUCTURAL_ZERO
2024-11-29,234.17319541999998,240.13126997999998,243.77682977999999,0.0,9.643754359999999,0.025443025403970466,-0.04012000000000171,-0.00017132618414351274,CANDIDATE_STRUCTURAL_ZERO
2024-11-30,224.0104428,229.44606334,232.13373249,0.0,8.21771969,0.024265031897879014,-0.09442999999998847,-0.00042154284782293405,CANDIDATE_STRUCTURAL_ZERO
2024-12-01,208.41100375999997,215.92750213,218.70175695,0.0,10.33559319,0.03606574621489661,-0.04483999999996513,-0.00021515178753038188,CANDIDATE_STRUCTURAL_ZERO
2024-12-02,232.2204908,239.52535636,242.60596177999997,0.0,10.453150979999998,0.03145659340756159,-0.06768000000002417,-0.000291447149073135,CANDIDATE_STRUCTURAL_ZERO
2024-12-03,235.45969262999998,242.46404564,245.56962792999997,0.0,10.4366353,0.029747567117598413,-0.32670000000001664,-0.0013874986259894222,CANDIDATE_STRUCTURAL_ZERO
2024-12-04,237.33609493999998,243.99756721999995,247.3277959,0.0,10.05177096,0.028067674584786737,-0.06006999999996765,-0.0002531009875053085,CANDIDATE_STRUCTURAL_ZERO
2024-12-05,238.11605584999998,244.36130296,247.36248870999998,0.0,9.64504286,0.026227744650424458,-0.3986099999999908,-0.0016740156331629026,CANDIDATE_STRUCTURAL_ZERO
2024-12-06,235.81087700999998,242.60003586,245.95501743,0.0,10.25138042,0.028790694204118922,-0.10723999999999023,-0.00045477121903686625,CANDIDATE_STRUCTURAL_ZERO
2024-12-07,220.59082223,227.98915695,230.7860552,0.0,10.244242970000002,0.03353872407386968,-0.049009999999981346,-0.00022217606110956354,CANDIDATE_STRUCTURAL_ZERO
2024-12-08,202.95440849,209.80533939999998,212.42270007999997,0.0,9.495991590000001,0.0337560093469837,-0.02770000000001005,-0.00013648385470461406,CANDIDATE_STRUCTURAL_ZERO
2024-12-09,232.42194765,236.58449859,239.20088819999998,0.0,6.839520549999999,0.01790945726979419,-0.06058000000001584,-0.00026064664121669856,CANDIDATE_STRUCTURAL_ZERO
2024-12-10,238.33438621,245.09171644999998,248.44813696999998,0.0,10.17233076,0.028352309322440795,-0.058580000000006294,-0.0002457891239763891,CANDIDATE_STRUCTURAL_ZERO
2024-12-11,238.11526203,243.49870188,246.69410158,0.0,9.222959549999999,0.022608545979391048,-0.6441199999999867,-0.0027050765016432858,CANDIDATE_STRUCTURAL_ZERO
2024-12-12,239.01166783,244.51297476999997,248.09282808999995,0.0,9.294760259999999,0.023016896998990236,-0.2136000000000422,-0.0008936802204650856,CANDIDATE_STRUCTURAL_ZERO
2024-12-13,236.64273490999997,242.79888329,246.67603207999997,0.0,10.056907169999999,0.026014525154728824,-0.023609999999990805,-9.97706521984297e-05,CANDIDATE_STRUCTURAL_ZERO
2024-12-14,222.65280122999997,223.95962597999997,227.4084972,0.005358470000000001,4.80081444,0.005869338911438426,-0.039759999999972706,-0.00017857399404061706,CANDIDATE_STRUCTURAL_ZERO
2024-12-15,206.16270577999998,209.35567823000002,211.90999281,0.0,6.188017029999998,0.01548763360434026,-0.44072999999997364,-0.0021377775302885513,CANDIDATE_STRUCTURAL_ZERO
2024-12-16,232.54516672,238.32777323,240.76597485999997,0.0,8.35179814,0.024866595128862173,-0.13099000000002547,-0.0005632884219767347,CANDIDATE_STRUCTURAL_ZERO
2024-12-17,235.39388626,238.10515811,241.16750807999998,0.0,6.153701819999999,0.011518021530114497,-0.38008000000002085,-0.0016146553593163863,CANDIDATE_STRUCTURAL_ZERO
2024-12-18,238.3351944,240.47291106999998,243.65426078999997,0.0,5.641386389999999,0.008969370534559939,-0.32232000000004746,-0.0013523810480926919,CANDIDATE_STRUCTURAL_ZERO
2024-12-19,236.96747799,240.48949266999995,243.13028446999996,0.0,6.172566479999999,0.01486286097094127,-0.009760000000028413,-4.118708644247074e-05,CANDIDATE_STRUCTURAL_ZERO
2024-12-20,235.42347026,241.96017075999998,245.82047747000001,0.0,10.437837210000001,0.027765712963031722,-0.04082999999997128,-0.00017343215591410203,CANDIDATE_STRUCTURAL_ZERO
2024-12-21,223.36108349,227.82892392,230.9111959,0.0,7.572702409999999,0.02000277022384709,-0.022590000000008104,-0.00010113668704969131,CANDIDATE_STRUCTURAL_ZERO
2024-12-22,206.52954312,211.88398734999998,214.58963957,0.0,8.13920645,0.025925802909895986,-0.0791099999999858,-0.00038304447298380195,CANDIDATE_STRUCTURAL_ZERO
2024-12-23,222.38439402999998,225.91708744,229.29386956,0.0,6.974445529999999,0.01588552751378517,-0.0649699999999882,-0.0002921517954682722,CANDIDATE_STRUCTURAL_ZERO
2024-12-24,209.47220578999998,213.59186863,216.62430451,0.0,7.2324087200000005,0.019666870955328847,-0.0803099999999688,-0.00038339215313596856,CANDIDATE_STRUCTURAL_ZERO
2024-12-25,187.0207826,190.41197941000001,192.90315617999997,0.0008102900000000001,5.896813870000001,0.01813272708441776,-0.013630000000006248,-7.287960092198999e-05,CANDIDATE_STRUCTURAL_ZERO
2024-12-26,219.55888912,225.38331553999998,228.43325862,0.0,8.9516395,0.026527855207067647,-0.07726999999999862,-0.00035193291562778253,CANDIDATE_STRUCTURAL_ZERO
2024-12-27,222.90449508,228.01131918,231.52299738,0.0,8.6325023,0.022910368398659495,-0.014000000000010004,-6.280716768401387e-05,CANDIDATE_STRUCTURAL_ZERO
2024-12-28,213.46664516999996,219.82371773999998,222.92470986999996,0.0,9.576364699999997,0.029780168067650038,-0.11830000000000496,-0.0005541849402551557,CANDIDATE_STRUCTURAL_ZERO
2024-12-29,199.77611999,206.21036880999998,209.30284468,0.0,9.63336469,0.03220729694981581,-0.10664000000002716,-0.0005337975329852493,CANDIDATE_STRUCTURAL_ZERO
2024-12-30,210.8126953,214.38261367,216.97163051,0.0,6.162715210000001,0.016934076787547294,-0.00377999999997769,-1.7930608944582333e-05,CANDIDATE_STRUCTURAL_ZERO
2024-12-31,197.24608640999998,198.34735364,200.82502014,0.0,3.591713730000001,0.005583214602853519,-0.012779999999992242,-6.479216005040251e-05,CANDIDATE_STRUCTURAL_ZERO
2025-01-01,176.78208052,176.12359116,178.81965346,0.00379147,2.05615441,-0.0037248648622251455,-0.014789999999976544,-8.366232570898665e-05,CANDIDATE_STRUCTURAL_ZERO
2025-01-02,202.35850811999998,204.82845411,207.58568286,0.0,5.2421247399999995,0.012205792644682469,-0.014949999999998909,-7.387878147003068e-05,CANDIDATE_STRUCTURAL_ZERO
2025-01-03,209.93243441999996,212.38707194,215.50343253999998,0.0,5.578868119999999,0.011692512054088696,-0.007869999999996935,-3.748825197850024e-05,CANDIDATE_STRUCTURAL_ZERO
2025-01-04,204.60461415999998,205.84466984,209.15770743,0.0,4.578573270000001,0.006060741518909701,-0.025479999999987513,-0.00012453287089636333,CANDIDATE_STRUCTURAL_ZERO
2025-01-05,187.89642411,193.90259857,196.70292373,0.0,8.901159619999998,0.03196534733669983,-0.09465999999997621,-0.0005037881931407034,CANDIDATE_STRUCTURAL_ZERO
2025-01-06,192.93313413999996,197.79396477,200.21464068,0.0007255600000000001,7.3271021,0.025194379657321204,-0.04486999999994623,-0.0002325676209011707,CANDIDATE_STRUCTURAL_ZERO
2025-01-07,217.94904676,221.97402857999998,224.5077574,0.00150286,6.5753835,0.01846753578340814,-0.015169999999983474,-6.960342440354096e-05,CANDIDATE_STRUCTURAL_ZERO
2025-01-08,225.02038627,232.13321623999997,234.94277363999998,0.0,9.963677370000001,0.031609713625970565,-0.0412900000000036,-0.00018349448547501867,CANDIDATE_STRUCTURAL_ZERO
2025-01-09,226.59967806999998,230.87051391,234.12021565999999,0.0,7.556447590000001,0.01884749297252176,-0.03591000000000122,-0.00015847330546033738,CANDIDATE_STRUCTURAL_ZERO
2025-01-10,228.76235369,232.45224921,236.57087087999997,0.0,7.859617189999999,0.016129819703639862,-0.05110000000001946,-0.00022337591468072582,CANDIDATE_STRUCTURAL_ZERO
2025-01-11,219.45551455999998,223.61314867,226.56662294,0.0,7.13428838,0.01894522504178536,-0.023179999999968004,-0.00010562505137518658,CANDIDATE_STRUCTURAL_ZERO
2025-01-12,201.56183306999998,205.28206396,207.77701915999995,0.0,6.24781609,0.018457020524853134,-0.032630000000011705,-0.00016188580696564563,CANDIDATE_STRUCTURAL_ZERO
2025-01-13,226.83181531999998,229.95266979,232.88550719,0.0,6.072811870000001,0.013758451236645564,-0.019119999999986703,-8.4291526622989e-05,CANDIDATE_STRUCTURAL_ZERO
2025-01-14,230.65185913,237.24570479999997,240.32978382,0.0,9.69401469,0.02858787132638526,-0.016089999999991278,-6.975881339383713e-05,CANDIDATE_STRUCTURAL_ZERO
2025-01-15,230.46637899,237.36404220999998,240.1066252,0.0,9.68300621,0.02992915170632876,-0.04276000000001545,-0.00018553682401488514,CANDIDATE_STRUCTURAL_ZERO
2025-01-16,230.85059572999998,237.54622701,240.78502050999998,0.0,10.21491478,0.029004175877592894,-0.28049000000001456,-0.0012150282701807373,CANDIDATE_STRUCTURAL_ZERO
2025-01-17,232.85377769,239.66088632,243.13243609999998,0.0,10.322958410000002,0.029233404317203615,-0.0443000000000211,-0.0001902481481704713,CANDIDATE_STRUCTURAL_ZERO
2025-01-18,220.89317219,225.01714568,227.85291964,0.0,6.994447449999999,0.018669538080845635,-0.03469999999998663,-0.00015708950917749337,CANDIDATE_STRUCTURAL_ZERO
2025-01-19,203.61254287,208.41681806999998,210.87370328,0.0,7.75672041,0.023595182950332052,-0.49555999999998335,-0.002433838274473996,CANDIDATE_STRUCTURAL_ZERO
2025-01-20,230.54912294999997,237.57974101,241.11939671,0.0,10.59381376,0.030495097834420212,-0.023539999999968586,-0.00010210405356898188,CANDIDATE_STRUCTURAL_ZERO
2025-01-21,234.87805287999998,241.26676747999997,244.2198747,0.0,9.37018182,0.02720013437468337,-0.02835999999999217,-0.00012074350775754,CANDIDATE_STRUCTURAL_ZERO
2025-01-22,236.02396977,242.34988400999998,245.45126162,0.0,9.47194185,0.02680199916205305,-0.04465000000001851,-0.0001891757012795307,CANDIDATE_STRUCTURAL_ZERO
2025-01-23,236.90412966999997,242.96544885999998,246.67130434999999,0.0,9.81835468,0.02558553621856754,-0.05117999999998801,-0.00021603675744817175,CANDIDATE_STRUCTURAL_ZERO
2025-01-24,236.60865146999998,242.81024981,246.90770308999998,0.0,10.325781619999999,0.026210361715308262,-0.026729999999986376,-0.00011297135516355166,CANDIDATE_STRUCTURAL_ZERO
2025-01-25,225.47534763,230.93984202,234.3344317,0.0,8.883454069999999,0.024235440581145535,-0.024369999999976244,-0.00010808276938535591,CANDIDATE_STRUCTURAL_ZERO
2025-01-26,206.04459873,206.20622744,208.73612839999998,0.01438594,3.7143656099999998,0.0007844355590791285,-1.008449999999982,-0.004894328733758515,CANDIDATE_STRUCTURAL_ZERO
2025-01-27,234.06686359,234.5218913,238.55811262,0.0,4.533209029999999,0.0019440073790070473,-0.041959999999988895,-0.00017926501580115822,CANDIDATE_STRUCTURAL_ZERO
2025-01-28,235.48624431,237.85379872,240.92168055999997,0.0,5.723716249999999,0.010053896850481376,-0.2882800000000145,-0.0012241904016292158,CANDIDATE_STRUCTURAL_ZERO
2025-01-29,237.55096622,238.00648805999998,240.94458189,0.0017736199999999998,3.45307929,0.0019175751934350047,-0.05769000000000801,-0.00024285314818117944,CANDIDATE_STRUCTURAL_ZERO
2025-01-30,238.71866765,235.57436275999999,238.54940137999998,0.004451300000000001,0.04878503000000001,-0.013171591987142196,-0.21360000000001378,-0.0008947771119147907,CANDIDATE_STRUCTURAL_ZERO
2025-01-31,238.74508919999997,236.08961706,239.19128569999998,0.0069770000000000006,0.5023135,-0.011122625176911797,-0.04913999999999419,-0.00020582622312632763,CANDIDATE_STRUCTURAL_ZERO
2025-02-01,226.38845488999996,225.56775800999998,228.56784233,0.00262101,2.38237845,-0.0036251710821506096,-0.20036999999996397,-0.0008850716353769978,CANDIDATE_STRUCTURAL_ZERO
2025-02-02,205.72626204,206.69937327999997,209.50367562999998,0.00986056,3.9028641499999996,0.004730126481424988,-0.11559000000002584,-0.000561863122645719,CANDIDATE_STRUCTURAL_ZERO
2025-02-03,232.43118141999997,237.84054468,241.29039621999996,0.0,8.8903648,0.02327296719378359,-0.031150000000025102,-0.0001340181631815461,CANDIDATE_STRUCTURAL_ZERO
2025-02-04,235.22769356,239.20710734,242.42506045,0.0,7.8848668900000005,0.016917284354467176,-0.6875000000000284,-0.002922700085160961,CANDIDATE_STRUCTURAL_ZERO
2025-02-05,236.87581666,241.22891592000002,245.1406068,0.0,8.453610139999999,0.018377136684443598,-0.18881999999999266,-0.0007971265393926459,CANDIDATE_STRUCTURAL_ZERO
2025-02-06,236.22838294999997,242.69265625999998,246.03883694999996,0.0,9.851424000000002,0.027364507301259545,-0.040970000000015716,-0.00017343385874460062,CANDIDATE_STRUCTURAL_ZERO
2025-02-07,237.40656438,243.80862890999998,247.65099098,0.0,10.271196600000001,0.02696667022126926,-0.026769999999999072,-0.00011276015079831666,CANDIDATE_STRUCTURAL_ZERO
2025-02-08,224.24242547,226.14064151000002,230.08863560999998,0.0,5.94366014,0.008465017429335525,-0.09745000000000914,-0.0004345743219453643,CANDIDATE_STRUCTURAL_ZERO
2025-02-09,204.69406941,204.55641729,207.49425681,0.0,2.9309574,-0.0006724773238264591,-0.1307700000000125,-0.0006388558319102133,CANDIDATE_STRUCTURAL_ZERO
2025-02-10,228.53450575999997,225.37094482999998,228.29294259,0.00628833,0.026075159999999997,-0.013842815199741716,-0.2613499999999931,-0.0011435909825996033,CANDIDATE_STRUCTURAL_ZERO
2025-02-11,231.89358112,228.30847838,231.89307881,0.00212158,0.02265927,-0.015460120641048628,-0.02103999999999928,-9.073127379542054e-05,CANDIDATE_STRUCTURAL_ZERO
2025-02-12,233.23535612,230.16982141999998,233.12720823,0.01025643,0.022828539999999998,-0.013143524854022587,-0.12072000000000571,-0.0005175887653066419,CANDIDATE_STRUCTURAL_ZERO
2025-02-13,234.70665108999998,231.40655189,234.03842115,0.61989487,0.05251493,-0.014060526979844853,-0.1008499999999799,-0.00042968530943466205,CANDIDATE_STRUCTURAL_ZERO
2025-02-14,233.27327319,229.26588751999998,233.17640797,0.02579035,0.014435130000000001,-0.01717893188190497,-0.08550999999999931,-0.00036656578282910195,CANDIDATE_STRUCTURAL_ZERO
2025-02-15,221.75552846,218.28405592,218.12505582,3.59361435,0.01763171,-0.015654502794622268,-0.05448999999998705,-0.00024572104415343087,CANDIDATE_STRUCTURAL_ZERO
2025-02-16,202.67785124,199.52556620999997,202.51864694,0.04903307,0.02224877,-0.015553179643034931,-0.1324199999999962,-0.000653352101326512,CANDIDATE_STRUCTURAL_ZERO
2025-02-17,228.65460216999998,224.76892427999996,227.7183595,0.70772742,0.03361475,-0.01699365704046092,-0.2621299999999849,-0.0011464015922369086,CANDIDATE_STRUCTURAL_ZERO
2025-02-18,231.63063294,227.66106245999998,230.85256864,0.3974120199999999,0.028357719999999996,-0.017137502193107015,-0.4090100000000234,-0.001765785443870762,CANDIDATE_STRUCTURAL_ZERO
2025-02-19,233.65462349,229.97721944,233.56202976999998,0.036198989999999986,0.02252527,-0.01573863163960628,-0.07892000000001076,-0.0003377634853580734,CANDIDATE_STRUCTURAL_ZERO
2025-02-20,235.87345205,231.7653774,234.82634063,0.77990902,0.0194976,-0.017416435017575314,-0.2866999999999962,-0.0012154822745343214,CANDIDATE_STRUCTURAL_ZERO
2025-02-21,237.00927284999997,232.93283716,236.90777780999997,0.09508951,0.022324470000000003,-0.017199477644825757,-0.028729999999995925,-0.00012121888588797435,CANDIDATE_STRUCTURAL_ZERO
2025-02-22,224.97045591999998,221.29247095999997,224.56339131,0.33076540000000004,0.02448079,-0.016348746527445824,-0.10078000000001452,-0.0004479699327090848,CANDIDATE_STRUCTURAL_ZERO
2025-02-23,205.92328777,201.39184447999997,201.58381391,3.9239194000000004,0.008765539999999999,-0.02200549213773864,-0.4243200000000229,-0.0020605731609819418,CANDIDATE_STRUCTURAL_ZERO
2025-02-24,231.60033712,226.79094304999998,224.54437536999998,6.98548123,0.00210948,-0.02076591998874386,-0.07259000000001947,-0.0003134278684681194,CANDIDATE_STRUCTURAL_ZERO
2025-02-25,235.16839979,230.80647873,229.94645880999997,5.18688725,0.00625627,-0.018548074757897243,-0.04131000000000995,-0.00017566135601934118,CANDIDATE_STRUCTURAL_ZERO
2025-02-26,233.93521086,230.13965463999997,230.70730902,3.1402446500000005,0.01346281,-0.016224818000021003,-0.10112000000000876,-0.00043225643385734117,CANDIDATE_STRUCTURAL_ZERO
2025-02-27,235.26061273,231.33128551,233.67439283,1.5646487300000003,0.016938830000000002,-0.016702018983983307,-0.038510000000002265,-0.0001636908088996554,CANDIDATE_STRUCTURAL_ZERO
2025-02-28,233.59703487,229.81233249,230.06140548999997,3.4595880000000006,0.009778619999999998,-0.016201842553807407,-0.08582000000001244,-0.00036738480027271095,CANDIDATE_STRUCTURAL_ZERO
2025-03-01,223.45069119,218.8981632,218.82178763000002,4.608160780000001,0.006387220000000001,-0.020373747629757723,-0.027129999999971233,-0.00012141381105374433,CANDIDATE_STRUCTURAL_ZERO
2025-03-02,204.47978955,201.41699572,204.15225764,0.010532320000000001,0.01981041,-0.01497846724480847,-0.3368099999999856,-0.0016471554511142915,CANDIDATE_STRUCTURAL_ZERO
2025-03-03,227.99110524999998,224.13693417,224.22890481999997,3.6839605100000004,0.00510008,-0.016904918618530128,-0.08334000000002106,-0.00036554057628097343,CANDIDATE_STRUCTURAL_ZERO
2025-03-04,232.87627806999998,228.91821690999998,227.01102884,5.779478299999999,0.0036990699999999996,-0.016996411969493308,-0.08947000000000571,-0.0003841954223139552,CANDIDATE_STRUCTURAL_ZERO
2025-03-05,233.90875831,230.65610096,233.81308316000002,0.05088694999999999,0.027121799999999998,-0.01390566720759227,-0.07190999999997416,-0.00030742756500238275,CANDIDATE_STRUCTURAL_ZERO
2025-03-06,233.37067818,229.79030906,233.21363694000001,0.009473780000000001,0.04211254000000001,-0.01534198361131917,-0.18967999999998142,-0.0008127842001370895,CANDIDATE_STRUCTURAL_ZERO
2025-03-07,234.6786766,230.78450484999996,234.67403030999998,0.00493153,0.02537524,-0.016593632648770555,-0.02509000000000583,-0.00010691214201267501,CANDIDATE_STRUCTURAL_ZERO
2025-03-08,223.07137287999998,219.58495499999998,216.84683707,6.22103108,0.00357527,-0.015629158663382162,-0.007080000000001974,-3.173872069999148e-05,CANDIDATE_STRUCTURAL_ZERO
2025-03-09,206.16033511999998,202.56941869999997,205.05410282999998,0.6025006199999999,0.01913833,-0.01741807616828836,-0.5228700000000117,-0.0025362298702884052,CANDIDATE_STRUCTURAL_ZERO
2025-03-10,231.57940011,228.14943677999997,227.52593599,4.03947665,0.005822529999999999,-0.014811176332483768,-0.019809999999978345,-8.554301457974506e-05,CANDIDATE_STRUCTURAL_ZERO
2025-03-11,234.56442164999999,230.74938053,230.84212639999998,3.6946113900000004,0.0038661399999999997,-0.016264363935347862,-0.03155000000000996,-0.00013450462682310183,CANDIDATE_STRUCTURAL_ZERO
2025-03-12,233.26987000999998,229.63817701999997,227.44537434,5.59990646,0.0012507899999999999,-0.015568632973664018,-0.22583999999997673,-0.0009681490369514728,CANDIDATE_STRUCTURAL_ZERO
2025-03-13,234.6920385,233.1550633,233.66540048999997,3.2767719200000003,2.3574939100000005,-0.006548902169086578,-0.10736000000002832,-0.0004574505410844106,CANDIDATE_STRUCTURAL_ZERO
2025-03-14,234.61110644,229.92513318,231.26813325,2.96546056,0.01119737,-0.019973364991560615,-0.3887099999999748,-0.0016568269332951824,CANDIDATE_STRUCTURAL_ZERO
2025-03-15,223.38789709999998,218.977757,220.38526521999998,2.4988078099999997,0.01754593,-0.019742072678296314,-0.5213700000000188,-0.0023339223242100113,CANDIDATE_STRUCTURAL_ZERO
2025-03-16,204.56238249999998,199.9277414,199.93730876,3.6703835899999993,0.00968985,-0.0226563703617403,-0.9643799999999771,-0.004714356511759816,CANDIDATE_STRUCTURAL_ZERO
2025-03-17,230.21974766,226.4808344,227.13949859,3.00687086,0.01340179,-0.016240627913126797,-0.08678000000000452,-0.0003769442060555359,CANDIDATE_STRUCTURAL_ZERO
2025-03-18,230.68379833999998,227.22586368999998,229.87500676,0.79785316,0.02608158,-0.014989932864307278,-0.03702000000001249,-0.00016047941063225207,CANDIDATE_STRUCTURAL_ZERO
2025-03-19,232.71295124,229.27103789,230.04573699,2.63009419,0.00682994,-0.014790381590968273,-0.04394999999999527,-0.00018885927820437053,CANDIDATE_STRUCTURAL_ZERO
2025-03-20,235.80993443999998,231.89661208,234.41196946,1.2194697899999998,0.01255481,-0.01659523959112792,-0.19104999999998995,-0.0008101863920775618,CANDIDATE_STRUCTURAL_ZERO
2025-03-21,236.44453636999998,233.16781519999998,235.52059871,0.8710763299999997,0.01922867,-0.013858307831111936,-0.07208999999997445,-0.00030489179875640895,CANDIDATE_STRUCTURAL_ZERO
2025-03-22,228.78317244999997,223.36959649,228.36122469,0.42845553,0.022467770000000005,-0.023662474394540965,-0.015959999999950014,-6.97603754202597e-05,CANDIDATE_STRUCTURAL_ZERO
2025-03-23,208.62678202,205.25474823,208.61088071,0.01902404,0.021632730000000003,-0.01616299574460559,-0.018509999999992033,-8.872302884975512e-05,CANDIDATE_STRUCTURAL_ZERO
2025-03-24,214.87745974,210.87357519,213.0406248,1.4112233599999997,0.22685842,-0.01863333899630365,-0.6524700000000223,-0.0030364748391455564,CANDIDATE_STRUCTURAL_ZERO
2025-03-25,238.81508612,234.88157839000002,235.95961248999998,2.7513228200000004,0.01182919,-0.016470934872277968,-0.1159799999999791,-0.00048564771130790865,CANDIDATE_STRUCTURAL_ZERO
2025-03-26,239.52272133,235.68403905,238.72415259,0.7167434900000001,0.19775474999999998,-0.016026380539954265,-0.27958000000000993,-0.001167237907316615,CANDIDATE_STRUCTURAL_ZERO
2025-03-27,240.13729527,235.54917046999998,239.40896689,0.00893086,0.3878224799999999,-0.01910625667221471,-1.1072200000000407,-0.00461077900771361,CANDIDATE_STRUCTURAL_ZERO
2025-03-28,237.03887296,233.14905688,236.75480302,0.007661970000000001,0.03135203,-0.0164100344868599,-0.3077600000000018,-0.0012983524438708242,CANDIDATE_STRUCTURAL_ZERO
2025-03-29,225.77866322999998,222.03757794,221.61885367999997,3.8546702699999993,0.01154072,-0.01656970254177181,-0.3166800000000194,-0.001402612609489226,CANDIDATE_STRUCTURAL_ZERO
2025-03-30,205.80875756,201.71573916999998,204.85187491,0.011168210000000001,0.019095559999999998,-0.019887484082434036,-0.9648100000000284,-0.004687895750591442,CANDIDATE_STRUCTURAL_ZERO
2025-03-31,229.56762924999998,226.28238905,227.25451766999998,2.16080129,0.22684970999999998,-0.014310555067074971,-0.37916000000001304,-0.001651626587070368,CANDIDATE_STRUCTURAL_ZERO
2025-04-01,231.81734534999998,230.02185624,229.27807402000002,3.7376593700000007,1.39836804,-0.007745275088406913,-0.19997999999998228,-0.0008626619362673255,CANDIDATE_STRUCTURAL_ZERO
2025-04-02,231.71529456,228.72941887,231.34398132999996,0.3241788200000001,0.01470559,-0.012885967219685804,-0.0618400000000463,-0.0002668792326267162,CANDIDATE_STRUCTURAL_ZERO
2025-04-03,234.00726627,230.16606478,233.61341123,0.00945246,0.02470742,-0.01641488126085788,-0.4091099999999983,-0.00174827904501035,CANDIDATE_STRUCTURAL_ZERO
2025-04-04,232.09979515,228.45078867,231.84755055999997,0.00508053,0.028355940000000007,-0.01572171348812152,-0.27552000000005705,-0.0011870755845432596,CANDIDATE_STRUCTURAL_ZERO
2025-04-05,222.63106077999998,219.01587394,222.14753680999996,0.0119772,0.01841323,-0.01623846568099696,-0.4899600000000248,-0.002200771079666168,CANDIDATE_STRUCTURAL_ZERO
2025-04-06,203.63551263,199.97901989999997,203.14415996,0.23016929000000003,0.023876619999999998,-0.017956066124103654,-0.28506000000001563,-0.0013998540643446688,CANDIDATE_STRUCTURAL_ZERO
2025-04-07,229.47593781,225.55171359,228.68625543000002,0.11356407,0.014321689999999998,-0.017100809163046835,-0.6904399999999953,-0.003008768616828407,CANDIDATE_STRUCTURAL_ZERO
2025-04-08,232.33994505,229.04137674999998,229.95023018999998,2.43752194,0.17994707999999998,-0.014197163984394374,-0.13214000000002102,-0.0005687356083844482,CANDIDATE_STRUCTURAL_ZERO
2025-04-09,234.28827388999997,230.57272324999997,233.94736987,0.01226246,0.02239844,-0.015858884349220486,-0.35103999999998337,-0.0014983250940027804,CANDIDATE_STRUCTURAL_ZERO
2025-04-10,232.48679324999998,228.20585247999998,231.40761644999998,0.6775592499999998,0.022472449999999998,-0.018413694430360943,-0.42409000000000674,-0.001824146628165541,CANDIDATE_STRUCTURAL_ZERO
2025-04-11,227.47324572,223.75833099,227.03271518999998,0.0055305,0.02474997,-0.016331216087595392,-0.45975000000001387,-0.0020211168067031785,CANDIDATE_STRUCTURAL_ZERO
2025-04-12,222.78238381,218.62590604,222.26635407999999,0.01364694,0.01952721,-0.018657120455021534,-0.5219100000000196,-0.0023426897184345183,CANDIDATE_STRUCTURAL_ZERO
2025-04-13,210.25090447999997,207.17285445,210.22966297,0.010755009999999999,0.017783500000000004,-0.014639889600535744,-0.028269999999992024,-0.00013445839897768998,CANDIDATE_STRUCTURAL_ZERO
2025-04-14,235.96589802,232.26461983,235.85048243,0.0102929,0.01964731,-0.015685648735930043,-0.12477000000001226,-0.0005287628468645796,CANDIDATE_STRUCTURAL_ZERO
2025-04-15,239.00088775999998,235.44193391,238.9596631,0.01378648,0.02818182,-0.014890964980740266,-0.055619999999976244,-0.00023271880084323686,CANDIDATE_STRUCTURAL_ZERO
2025-04-16,235.56845657,232.74099711,235.55117732000002,0.01245777,0.034228520000000005,-0.01200270826225756,-0.039049999999974716,-0.0001657692229620347,CANDIDATE_STRUCTURAL_ZERO
2025-04-17,208.82837740999997,205.66869212,208.82477297,0.01255123,0.02394679,-0.015130536037238133,-0.014999999999957936,-7.182931834263079e-05,CANDIDATE_STRUCTURAL_ZERO
2025-04-18,197.43986687999998,195.02302405999998,197.44214225999997,0.0067776799999999995,0.02596306,-0.012240905842328734,-0.016910000000024183,-8.56463300307113e-05,CANDIDATE_STRUCTURAL_ZERO
2025-04-19,208.88552882,205.70055121,208.77663164,0.01007533,0.02495815,-0.01524747850170392,-0.12377999999998224,-0.000592573361588133,CANDIDATE_STRUCTURAL_ZERO
2025-04-20,204.56855853999997,201.28370755999998,204.53152332,0.00898137,0.01482615,-0.01605745772196801,-0.0428799999999967,-0.00020961187929381743,CANDIDATE_STRUCTURAL_ZERO
2025-04-21,230.42963949,227.07969265,230.42501459,0.0095808,0.0598459,-0.014537829627361715,-0.05489000000000033,-0.0002382072033853197,CANDIDATE_STRUCTURAL_ZERO
2025-04-22,233.35274732,229.96457515999998,233.50974061999997,0.012770469999999999,0.28076377,-0.014519529763040506,-0.11100000000001842,-0.0004756747082467494,CANDIDATE_STRUCTURAL_ZERO
2025-04-23,233.75050177999998,230.47084514,233.89857049,0.01174901,0.34783772,-0.014030586522918843,-0.18801999999999452,-0.000804361909678184,CANDIDATE_STRUCTURAL_ZERO
2025-04-24,236.15012503999998,234.07121747,237.64023103,0.008918620000000002,1.93990461,-0.008803330379976937,-0.44087999999999283,-0.001866947984572589,CANDIDATE_STRUCTURAL_ZERO
2025-04-25,236.25210111,232.71105655,236.15830533,0.00814708,0.032391300000000005,-0.014988415101338259,-0.11804000000003612,-0.000499635768086042,CANDIDATE_STRUCTURAL_ZERO
2025-04-26,222.70694797,219.82493377999998,223.21537981999998,0.00513983,0.60877168,-0.01294083645018669,-0.0952000000000055,-0.00042746757956033565,CANDIDATE_STRUCTURAL_ZERO
2025-04-27,203.90775957,200.78076920999996,203.04111705999998,0.010966660000000001,0.02131415,-0.015335318119301703,-0.8769900000000064,-0.004300915285663478,CANDIDATE_STRUCTURAL_ZERO
2025-04-28,228.62950967999998,229.51259046,232.59370816,0.00468679,4.03165527,0.003862496933296265,-0.06276999999997201,-0.00027454898577103056,CANDIDATE_STRUCTURAL_ZERO
2025-04-29,231.78316163999997,228.72568728,231.56300205999997,0.018357130000000003,0.015927550000000002,-0.013191097827670424,-0.21772999999998888,-0.0009393693591002175,CANDIDATE_STRUCTURAL_ZERO
2025-04-30,229.79132152,226.69395036999998,229.5190907,0.008910549999999998,0.014729729999999996,-0.013479060608171984,-0.27805000000000746,-0.0012100108836173226,CANDIDATE_STRUCTURAL_ZERO
2025-05-01,212.51529594999997,209.97862027999997,212.47187335,0.00779525,0.02331265,-0.011936438074541308,-0.058939999999978454,-0.0002773447423466671,CANDIDATE_STRUCTURAL_ZERO
2025-05-02,230.90309696999998,227.19631737999998,230.89796008,0.00798287,0.026625980000000004,-0.01605339919057733,-0.023779999999987922,-0.00010298692530346413,CANDIDATE_STRUCTURAL_ZERO
2025-05-03,217.75301523,214.58355958999996,217.71097651999997,0.00824633,0.024507620000000004,-0.014555277852994642,-0.058300000000031105,-0.000267734524541266,CANDIDATE_STRUCTURAL_ZERO
2025-05-04,201.83260116999998,199.59887656,201.77519251,0.012096729999999998,0.01867807,-0.011067214102436015,-0.06398999999996136,-0.0003170449155836015,CANDIDATE_STRUCTURAL_ZERO
2025-05-05,225.41478887999997,223.17823708,225.99894303,0.01296599,0.6193701399999999,-0.009921939066698084,-0.022249999999985448,-9.870692207258097e-05,CANDIDATE_STRUCTURAL_ZERO
2025-05-06,230.02758449,227.23448765,229.98218115999998,0.017382569999999996,0.02443924,-0.012142443030007248,-0.05246000000002482,-0.00022805960474842708,CANDIDATE_STRUCTURAL_ZERO
2025-05-07,229.28137827,226.54391434,229.26915211,0.0075816699999999996,0.03136551,-0.011939320805967947,-0.03601000000000454,-0.0001570559295818583,CANDIDATE_STRUCTURAL_ZERO
2025-05-08,230.33857661,227.02157628999998,230.10368422,0.007843729999999998,0.02715134,-0.014400541884116167,-0.2541999999999973,-0.001103592822970329,CANDIDATE_STRUCTURAL_ZERO
2025-05-09,233.63818630999998,230.85119097999998,233.48383301,0.00978948,0.018346179999999997,-0.011928680726454987,-0.16290999999998235,-0.0006972747159739855,CANDIDATE_STRUCTURAL_ZERO
2025-05-10,228.61642805,225.6659052,228.54095457999998,0.01358566,0.028782190000000006,-0.012905996630105247,-0.09067000000001713,-0.0003966031696557999,CANDIDATE_STRUCTURAL_ZERO
2025-05-11,209.85996412999998,207.28155804,209.63151947999998,0.01145058,0.022365930000000003,-0.01228631721485841,-0.2393600000000049,-0.0011405700986955797,CANDIDATE_STRUCTURAL_ZERO
2025-05-12,239.23452862,236.91164107999998,240.07372805,0.016712429999999997,0.9573518599999999,-0.00970966671658707,-0.10143999999996822,-0.00042401906022978593,CANDIDATE_STRUCTURAL_ZERO
2025-05-13,241.43697888,237.81446289,241.40394822,0.010584230000000002,0.021583570000000003,-0.01500398160548757,-0.04402999999999224,-0.00018236643037964874,CANDIDATE_STRUCTURAL_ZERO
2025-05-14,240.31044477999998,235.60007149,239.55751346999998,0.00969826,0.01817695,-0.019601200831333997,-0.7614100000000121,-0.0031684432222539045,CANDIDATE_STRUCTURAL_ZERO
2025-05-15,234.15499734,230.47189321,234.11035849999996,0.007058989999999999,0.029660149999999996,-0.015729342409259058,-0.06724000000005503,-0.0002871602176502796,CANDIDATE_STRUCTURAL_ZERO
2025-05-16,232.2786957,228.34971250999996,232.25407625999998,0.012656,0.025536560000000003,-0.016914952867974217,-0.03750000000002274,-0.00016144399247211176,CANDIDATE_STRUCTURAL_ZERO
2025-05-17,220.00104464999998,215.82026362,219.73678635,0.00991745,0.022949149999999998,-0.01900345990016185,-0.2772899999999936,-0.0012604031059994952,CANDIDATE_STRUCTURAL_ZERO
2025-05-18,203.68813249,199.61470479,203.34271768999997,0.014865889999999998,0.02075109,-0.019998355575281148,-0.35130000000000905,-0.0017246954729542528,CANDIDATE_STRUCTURAL_ZERO
2025-05-19,226.52096697999997,222.65810352,226.01258221,0.01607124,0.02728647,-0.017053006224986813,-0.5195999999999685,-0.00229382739676299,CANDIDATE_STRUCTURAL_ZERO
2025-05-20,233.69808043,230.93717599000001,233.61486609,0.01038598,0.02944164000000001,-0.011813979964747588,-0.1022700000000043,-0.000437615917990552,CANDIDATE_STRUCTURAL_ZERO
2025-05-21,237.36796991,233.95664474999998,236.97907346,0.00371456,0.02060811,-0.01437146368692225,-0.4057900000000245,-0.0017095398345188828,CANDIDATE_STRUCTURAL_ZERO
2025-05-22,237.74838843,234.0994094,237.59228804999998,0.00521688,0.0240365,-0.015348070513101952,-0.1749200000000144,-0.0007357357968023236,CANDIDATE_STRUCTURAL_ZERO
2025-05-23,241.82207565,238.88481822,241.75206633,0.013013819999999999,0.0193445,-0.012146357697513165,-0.07633999999998764,-0.00031568664603837896,CANDIDATE_STRUCTURAL_ZERO
2025-05-24,232.58894424,229.14748827,232.59688069999999,0.01104226,0.030158720000000003,-0.01479630074956994,-0.011179999999995971,-4.8067632950170404e-05,CANDIDATE_STRUCTURAL_ZERO
2025-05-25,213.22943028999998,210.27740337,213.07337726,0.01348974,0.02332671,-0.013844369025350363,-0.1658899999999619,-0.0007779882907080196,CANDIDATE_STRUCTURAL_ZERO
2025-05-26,235.49253708,232.34325497999998,235.44764648,0.01325813,0.031377529999999994,-0.013373171562248565,-0.06300999999999135,-0.00026756686552060886,CANDIDATE_STRUCTURAL_ZERO
2025-05-27,236.53599402,232.99207101999997,236.31353939999997,0.00762842,0.0255438,-0.014982594994402345,-0.24037000000004127,-0.0010162089748578268,CANDIDATE_STRUCTURAL_ZERO
2025-05-28,237.82273897999997,234.17786676999998,237.62128747999998,0.00380555,0.022924050000000005,-0.015326003836439327,-0.22056999999998084,-0.0009274554693381526,CANDIDATE_STRUCTURAL_ZERO
2025-05-29,238.90736241,235.51295083999997,238.79499535999997,0.00552844,0.022721389999999994,-0.014208065987412768,-0.1295599999999979,-0.0005423022492611759,CANDIDATE_STRUCTURAL_ZERO
2025-05-30,241.87879532,238.27499665,241.83468864999998,0.00867881,0.02297214,-0.014899192238956962,-0.058400000000034424,-0.000241443239878769,CANDIDATE_STRUCTURAL_ZERO
2025-05-31,225.08684706,221.29413408,225.06673632999997,0.00618959,0.026638859999999997,-0.01684999825418055,-0.040560000000027685,-0.0001801971129357721,CANDIDATE_STRUCTURAL_ZERO
2025-06-01,201.74028193,198.18294813,201.30657965999998,0.02109474,0.02854247,-0.01763323499882059,-0.4411500000000217,-0.002186722432325599,CANDIDATE_STRUCTURAL_ZERO
2025-06-02,210.17598368,207.37299130999997,210.08347257,0.01000386,0.023442750000000002,-0.013336406571873963,-0.10594999999997867,-0.0005041013637471116,CANDIDATE_STRUCTURAL_ZERO
2025-06-03,233.98812647999998,231.01499989999996,233.94549773999998,0.0085913,0.02570256,-0.012706313883213811,-0.05974000000000501,-0.00025531210022792015,CANDIDATE_STRUCTURAL_ZERO
2025-06-04,237.48536675999998,234.45182450999997,237.65736963,0.009807590000000001,0.20852046,-0.012773596501487496,-0.026709999999951606,-0.00011247008758625717,CANDIDATE_STRUCTURAL_ZERO
2025-06-05,238.60876528999998,234.69165577,238.58574280999997,0.00909862,0.026046140000000002,-0.01641645274530966,-0.03997000000001094,-0.00016751270621358883,CANDIDATE_STRUCTURAL_ZERO
2025-06-06,238.48623258,234.57467665,238.26705858999998,0.00720669,0.029132699999999994,-0.01640160057745846,-0.2411000000000172,-0.0010109598251930136,CANDIDATE_STRUCTURAL_ZERO
2025-06-07,228.92746305,224.83265896999998,228.85972195,0.01519635,0.023775250000000005,-0.017886906295317098,-0.07632000000000971,-0.0003333807092569784,CANDIDATE_STRUCTURAL_ZERO
2025-06-08,214.58463565,211.09027537999998,214.04638059999996,0.017105730000000003,0.025000679999999997,-0.016284298544558987,-0.5461500000000399,-0.0025451496019073903,CANDIDATE_STRUCTURAL_ZERO
2025-06-09,237.32333247999998,233.48593742999998,236.80008971,0.005875220000000001,0.02212245,-0.01616948072446011,-0.5394899999999723,-0.0022732278127159575,CANDIDATE_STRUCTURAL_ZERO
2025-06-10,235.18208603999997,231.87915053999998,235.10953207999998,0.00620075,0.025626789999999997,-0.01404416278303707,-0.09197999999997819,-0.00039110121671569046,CANDIDATE_STRUCTURAL_ZERO
2025-06-11,231.51472303999998,228.41077154,231.44503465999998,0.010040720000000001,0.02588234,-0.013407145166589167,-0.08553000000000566,-0.0003694365476066427,CANDIDATE_STRUCTURAL_ZERO
2025-06-12,233.87191131999998,230.38588189,233.73443475,0.01125689,0.029810320000000005,-0.014905720872269023,-0.156029999999987,-0.0006671600668901867,CANDIDATE_STRUCTURAL_ZERO
2025-06-13,228.89280756,225.12627811,228.67489326999998,0.011032680000000001,0.01969839,-0.01645542946565799,-0.22658000000001266,-0.0009898956739416939,CANDIDATE_STRUCTURAL_ZERO
2025-06-14,215.85541937,212.35665573,215.4972962,0.00970065,0.024347479999999998,-0.016208829271980085,-0.3727699999999743,-0.001726942974551894,CANDIDATE_STRUCTURAL_ZERO
2025-06-15,201.03392356,198.65799902999998,200.99855598,0.01723466,0.02010708,-0.011818525390770223,-0.03824000000000183,-0.0001902166526068364,CANDIDATE_STRUCTURAL_ZERO
2025-06-16,232.84717799,229.92155083,232.74060638999998,0.009965459999999999,0.025853860000000003,-0.012564580705915407,-0.12246000000004642,-0.000525924346849098,CANDIDATE_STRUCTURAL_ZERO
2025-06-17,236.82216182,232.72386353000002,236.11039992,0.014589350000000001,0.02303745,-0.017305383324365323,-0.7202100000000087,-0.003041142748065168,CANDIDATE_STRUCTURAL_ZERO
2025-06-18,238.78719635,236.4732618,238.76113566,0.01892465,0.02446396,-0.0096903627387474,-0.031599999999968986,-0.00013233540358525587,CANDIDATE_STRUCTURAL_ZERO
2025-06-19,242.34465511,238.02216606999997,241.9711083,0.014293549999999999,0.02342674,-0.017836122847595087,-0.38267999999999347,-0.0015790734061219358,CANDIDATE_STRUCTURAL_ZERO
2025-06-20,244.04894656999997,239.46924572999998,243.70451827,0.01168306,0.04763476,-0.01876550136505671,-0.38037999999997396,-0.0015586217656172938,CANDIDATE_STRUCTURAL_ZERO
2025-06-21,231.28367552999998,227.59965572,231.24730254,0.018960429999999997,0.022017439999999996,-0.015928576893971653,-0.03943000000001007,-0.00017048328166548691,CANDIDATE_STRUCTURAL_ZERO
2025-06-22,205.02539944999998,201.63184492,204.73954625,0.0202505,0.0254673,-0.016551873763463062,-0.2910699999999906,-0.0014196777608082385,CANDIDATE_STRUCTURAL_ZERO
2025-06-23,206.60100524,203.58194528,206.59722628,0.01410892,0.03759996000000001,-0.014612997436739833,-0.02726999999998725,-0.00013199354944236016,CANDIDATE_STRUCTURAL_ZERO
2025-06-24,231.23414558,227.07795333,231.13082583,0.01127701,0.022867260000000004,-0.017973955531416355,-0.11491000000000895,-0.0004969421782919754,CANDIDATE_STRUCTURAL_ZERO
2025-06-25,236.50724502,233.14996064,236.51151927,0.00563107,0.045875320000000004,-0.014195270761012437,-0.03596999999999184,-0.0001520883641300294,CANDIDATE_STRUCTURAL_ZERO
2025-06-26,240.55881791999997,236.92426801,240.39718012999998,0.01589219,0.0406744,-0.015108778557469792,-0.18641999999999825,-0.0007749456104410769,CANDIDATE_STRUCTURAL_ZERO
2025-06-27,240.36760725,236.61749188,240.24359593,0.012129910000000002,0.028798589999999995,-0.015601583811164735,-0.14068000000000325,-0.0005852702101148168,CANDIDATE_STRUCTURAL_ZERO
2025-06-28,226.77087544999998,223.81186276,226.83925524,0.022918939999999995,0.12022873,-0.013048468786514889,-0.028929999999974143,-0.00012757370161651483,CANDIDATE_STRUCTURAL_ZERO
2025-06-29,208.02052128999998,205.26708852000002,207.93474426999998,0.01626797,0.01861095,-0.013236351648986684,-0.08812000000000353,-0.0004236120525683908,CANDIDATE_STRUCTURAL_ZERO
2025-06-30,213.9205498,211.29709352999998,213.77460352,0.01859742,0.07994114000000001,-0.012263694499910171,-0.20729000000000042,-0.0009690046150021647,CANDIDATE_STRUCTURAL_ZERO
2025-07-01,236.29048563999999,232.90136264999998,236.26506933999997,0.01590368,0.01566738,-0.014343036203173653,-0.025180000000005975,-0.00010656374898805248,CANDIDATE_STRUCTURAL_ZERO
2025-07-02,240.75981578999998,237.19057496,240.7688144,0.013829419999999999,0.03701802999999999,-0.014824902645353468,-0.014189999999985048,-5.893840694894913e-05,CANDIDATE_STRUCTURAL_ZERO
2025-07-03,240.2960703,237.47706479,241.03137656999996,0.00132238,0.8054386499999999,-0.011731384148232618,-0.06881000000004178,-0.0002863550781922287,CANDIDATE_STRUCTURAL_ZERO
2025-07-04,237.50503766999998,234.78957228,238.03551513000002,0.01501646,0.57324392,-0.011433295969801615,-0.027749999999969077,-0.000116839626949413,CANDIDATE_STRUCTURAL_ZERO
2025-07-05,221.24652193999998,218.19654227,221.13255232999998,0.01755772,0.01630811,-0.013785435555127493,-0.11271999999999593,-0.0005094769355541081,CANDIDATE_STRUCTURAL_ZERO
2025-07-06,207.07730987,203.55410934,206.31564386999997,0.016517200000000003,0.0204912,-0.017013938090135558,-0.765640000000019,-0.0036973630789422377,CANDIDATE_STRUCTURAL_ZERO
2025-07-07,236.29651353,232.64884468999998,235.59975535999996,0.026697059999999995,0.025338890000000003,-0.015436828861789017,-0.6954000000000349,-0.0029429126550009274,CANDIDATE_STRUCTURAL_ZERO
2025-07-08,240.90369391,237.53372789,240.88899226,0.01396056,0.01260891,-0.013988851583400748,-0.013350000000002638,-5.541633581172943e-05,CANDIDATE_STRUCTURAL_ZERO
2025-07-09,241.53708792999998,238.43682757,241.53657006,0.00652436,0.03646649,-0.01283554582267085,-0.03046000000000504,-0.00012610899742582254,CANDIDATE_STRUCTURAL_ZERO
2025-07-10,241.36986534,237.64832393,241.22149627,0.12382925,0.018590179999999998,-0.015418417724837872,-0.04312999999999079,-0.00017868842052522476,CANDIDATE_STRUCTURAL_ZERO
2025-07-11,241.18983655,237.80447683,241.17192735999998,0.01562846,0.011899270000000002,-0.014036079498309179,-0.014180000000010295,-5.879186371549575e-05,CANDIDATE_STRUCTURAL_ZERO
2025-07-12,228.60640363,225.14223983,228.57410914,0.014163190000000003,0.023438700000000003,-0.015153397914464163,-0.04157000000000721,-0.00018184092545057642,CANDIDATE_STRUCTURAL_ZERO
2025-07-13,209.18836548,205.35305123,208.14620321,0.01638885,0.02225658,-0.01833426176068414,-1.048029999999983,-0.00500998225974562,CANDIDATE_STRUCTURAL_ZERO
2025-07-14,234.61611903999997,231.47615320999998,234.37646668999997,0.01297651,0.020314159999999998,-0.013383419020176776,-0.24699000000001092,-0.0010527409668638383,CANDIDATE_STRUCTURAL_ZERO
2025-07-15,239.99959074999998,236.37744145,239.41166277,0.010917490000000002,0.01936951,-0.015092314485540388,-0.5963799999999821,-0.0024849209039744255,CANDIDATE_STRUCTURAL_ZERO
2025-07-16,241.92196765999998,238.66945634,241.79750529999998,0.0154293,0.026546939999999995,-0.013444464557973034,-0.13558000000000447,-0.0005604286428033283,CANDIDATE_STRUCTURAL_ZERO
2025-07-17,243.40949561,240.09726944,243.41148377,0.00907719,0.02381535,-0.013607629241001255,-0.012750000000011141,-5.238086529064453e-05,CANDIDATE_STRUCTURAL_ZERO
2025-07-18,245.72090422,242.05544657999997,245.59663806999998,0.01272358,0.024617429999999996,-0.014917158357508946,-0.13616000000001804,-0.0005541246091057463,CANDIDATE_STRUCTURAL_ZERO
2025-07-19,233.76728622999997,230.56109099999998,234.27698679,0.007121389999999999,0.53422195,-0.013715328956873232,-0.017399999999952342,-7.443299822043002e-05,CANDIDATE_STRUCTURAL_ZERO
2025-07-20,214.69679099,211.64914273999997,214.48575262,0.015019470000000002,0.021861099999999998,-0.0141951271649048,-0.21788000000000807,-0.001014826532782953,CANDIDATE_STRUCTURAL_ZERO
2025-07-21,240.36910045,236.81549489,240.2794789,0.009000149999999998,0.027138599999999995,-0.014783953317407334,-0.10776000000001318,-0.00044831053491598314,CANDIDATE_STRUCTURAL_ZERO
2025-07-22,245.72747933,241.25272977,245.56145906999998,0.00569471,0.020154450000000004,-0.018210212273372252,-0.18048000000001707,-0.0007344721904612112,CANDIDATE_STRUCTURAL_ZERO
2025-07-23,243.16800046999998,239.79513140999998,243.39721027,0.006969419999999999,0.44575922,-0.01387053005938631,-0.20958000000001675,-0.0008618732711332754,CANDIDATE_STRUCTURAL_ZERO
2025-07-24,245.56593929,242.75201797999998,246.38309350999998,0.01015694,0.90439116,-0.011458923489698318,-0.07707999999999515,-0.00031388717923525977,CANDIDATE_STRUCTURAL_ZERO
2025-07-25,243.10736368,239.79025259,243.20648805,0.010244070000000001,0.16449844000000002,-0.013644634369719383,-0.05512999999999124,-0.0002267722341498399,CANDIDATE_STRUCTURAL_ZERO
2025-07-26,229.23147422,224.67060877,228.19555377999998,0.012875300000000001,0.02269486,-0.019896331712384318,-1.0457400000000234,-0.004561938990089978,CANDIDATE_STRUCTURAL_ZERO
2025-07-27,208.95790684,205.6614201,208.23084751,0.014309460000000001,0.02119013,-0.01577584112442388,-0.7339400000000182,-0.003512382044303303,CANDIDATE_STRUCTURAL_ZERO
2025-07-28,238.23408622,235.62548099999998,238.22891561,0.00791076,0.14043015,-0.01094975644077678,-0.1376899999999921,-0.0005779609550618239,CANDIDATE_STRUCTURAL_ZERO
2025-07-29,240.8262136,236.82145731999998,240.68649509,0.02128194,0.01492343,-0.016629237407899893,-0.13336000000001036,-0.00055376031540119,CANDIDATE_STRUCTURAL_ZERO
2025-07-30,238.86419358,234.43715602999998,238.43961879,0.00877329,0.022698500000000003,-0.018533701027556172,-0.4385000000000048,-0.0018357711694998902,CANDIDATE_STRUCTURAL_ZERO
2025-07-31,243.84476388,239.98604046999998,243.96672322,0.01724808,0.23084742000000003,-0.01582450797220707,-0.09163999999998396,-0.0003758128677517205,CANDIDATE_STRUCTURAL_ZERO
2025-08-01,246.05292853999998,243.0671712,247.40002934999998,0.01082977,1.48636058,-0.01213461411622503,-0.1284300000000087,-0.0005219608673713887,CANDIDATE_STRUCTURAL_ZERO
2025-08-02,233.58897034999998,230.8621395,234.82784653,0.00968429,1.40361047,-0.011673628450496618,-0.15504999999998859,-0.000663772779030055,CANDIDATE_STRUCTURAL_ZERO
2025-08-03,208.78332541999998,205.57621742999999,208.49131333999998,0.011815180000000002,0.021303100000000002,-0.01536093930656772,-0.3015000000000043,-0.0014440808402370754,CANDIDATE_STRUCTURAL_ZERO
2025-08-04,233.97782450999998,230.57580395,234.09514998999998,0.012703620000000002,0.1356991,-0.014539927307746139,-0.005670000000009168,-2.4233065726990883e-05,CANDIDATE_STRUCTURAL_ZERO
2025-08-05,238.69013911,235.2547502,238.7132139,0.011945460000000001,0.04987025,-0.014392672117957946,-0.014849999999995589,-6.221455170023588e-05,CANDIDATE_STRUCTURAL_ZERO
2025-08-06,237.67153474,234.10645717,237.80699563999997,0.00917073,0.26822163000000004,-0.015000019139439666,-0.12359000000003562,-0.0005200033741324407,CANDIDATE_STRUCTURAL_ZERO
2025-08-07,221.47222421,218.33245217,221.74538836,0.00721189,0.47380604000000004,-0.014176820823467527,-0.19343000000000643,-0.0008733826586606006,CANDIDATE_STRUCTURAL_ZERO
2025-08-08,237.29405472999997,234.32149966999998,237.91952300999998,0.00422549,0.67650377,-0.01252688384200038,-0.04680999999999358,-0.00019726579350357238,CANDIDATE_STRUCTURAL_ZERO
2025-08-09,221.99359929,218.66929839,221.96178948,0.01814288,0.00850307,-0.014974760131067189,-0.022169999999988477,-9.986774425431443e-05,CANDIDATE_STRUCTURAL_ZERO
2025-08-10,202.97348997999998,200.10425666999998,202.95727656999998,0.01420788,0.02089447,-0.014136000274137863,-0.022900000000021237,-0.00011282261541779516,CANDIDATE_STRUCTURAL_ZERO
2025-08-11,233.58047327,229.11041655999998,232.96985597999998,0.00724651,0.014249219999999998,-0.019137116418258993,-0.6176200000000449,-0.0026441422579280695,CANDIDATE_STRUCTURAL_ZERO
2025-08-12,239.62452341,238.67114141999997,242.024159,0.0022024,2.6160279900000005,-0.003978649498944559,-0.2141900000000021,-0.0008938567595334173,CANDIDATE_STRUCTURAL_ZERO
2025-08-13,243.23962,240.03679738,243.88638021999998,0.00469242,1.0172226400000002,-0.01316735579507979,-0.36577000000002613,-0.0015037435102062161,CANDIDATE_STRUCTURAL_ZERO
2025-08-14,242.95876227,238.7714509,242.95393234999997,0.00664627,0.017486349999999998,-0.0172346587992025,-0.015670000000028494,-6.449654193831638e-05,CANDIDATE_STRUCTURAL_ZERO
2025-08-15,239.20560549,237.66032179,241.65786171999997,0.0022730100000000002,2.54756924,-0.006460064749881454,-0.09304000000003043,-0.0003889540958266547,CANDIDATE_STRUCTURAL_ZERO
2025-08-16,222.56459822999997,219.02438854,222.47296175000002,0.00771864,0.017782159999999998,-0.015906436684694585,-0.10169999999993706,-0.0004569459869571867,CANDIDATE_STRUCTURAL_ZERO
2025-08-17,203.56012255000002,200.48058999,203.43310982,0.02272779,0.026285059999999996,-0.015128368569554185,-0.13057000000000585,-0.0006414321153099829,CANDIDATE_STRUCTURAL_ZERO
2025-08-18,210.52543884999997,207.11020860999997,210.11034046999998,0.20849377000000002,0.04042539,-0.016222411213845572,-0.2470299999999952,-0.0011733973877427937,CANDIDATE_STRUCTURAL_ZERO
2025-08-19,237.87270646,232.98937667,236.93877354999995,0.01205617,0.011523259999999999,-0.020529172357237814,-0.9334000000000344,-0.003923947450259462,CANDIDATE_STRUCTURAL_ZERO
2025-08-20,246.29529996,246.47891227,250.74401285,0.0,5.05895289,0.0007454966052126076,-0.6102400000000046,-0.002477676188295561,CANDIDATE_STRUCTURAL_ZERO
2025-08-21,246.83501603,245.97842845999998,250.84891359,0.0,4.12412756,-0.0034702838510396266,-0.11023000000000138,-0.00044657359305376747,CANDIDATE_STRUCTURAL_ZERO
2025-08-22,244.57389674,244.34406432,249.13420119999998,0.0,4.601814460000001,-0.0009397258786138443,-0.04151000000004501,-0.00016972375446989415,CANDIDATE_STRUCTURAL_ZERO
2025-08-23,230.25450674,228.60311695,232.87612534,0.0025247,2.6726532999999986,-0.007172019403141366,-0.04851000000002159,-0.00021067991539813101,CANDIDATE_STRUCTURAL_ZERO
2025-08-24,214.54824761999998,210.8840913,214.47436576999996,0.01238619,0.3865743399999999,-0.017078472374613886,-0.4480700000000297,-0.0020884346759785003,CANDIDATE_STRUCTURAL_ZERO
2025-08-25,241.70542275,237.56559454,241.47254279999999,0.014230490000000002,0.018850540000000002,-0.01712757687808223,-0.23750000000001137,-0.0009826010409607633,CANDIDATE_STRUCTURAL_ZERO
2025-08-26,244.9420853,241.58644027999998,244.92870341999998,0.00536024,0.020978359999999998,-0.013699748721784992,-0.029000000000024784,-0.00011839533400112187,CANDIDATE_STRUCTURAL_ZERO
2025-08-27,246.03144490999998,244.85487168999998,247.45529724,0.78678343,2.243815760000001,-0.004782206682688033,-0.03317999999995891,-0.0001348608102191831,CANDIDATE_STRUCTURAL_ZERO
2025-08-28,245.62152737999997,241.70349778999997,245.0209236,0.56103969,0.01122591,-0.015951491026836736,-0.05078999999997791,-0.00020678154940955532,CANDIDATE_STRUCTURAL_ZERO
2025-08-29,246.95294116,243.42365026,246.5396963,0.19667706,0.009452200000000001,-0.014291349936639915,-0.22601999999997702,-0.0009152351008184163,CANDIDATE_STRUCTURAL_ZERO
2025-08-30,233.99773084999998,230.18608418,233.90977902999998,0.01486921,0.016817389999999998,-0.016289246293774425,-0.08990000000000009,-0.00038419175978090516,CANDIDATE_STRUCTURAL_ZERO
2025-08-31,214.41255912,211.43393225,214.3697894,0.00485034,0.57038062,-0.01389203543964491,-0.608300000000014,-0.0028370539603492515,CANDIDATE_STRUCTURAL_ZERO
2025-09-01,238.88478435,238.31787280999998,242.14744776999999,0.00275693,3.3902203499999994,-0.0023731588495372775,-0.12479999999999336,-0.0005224275808924846,CANDIDATE_STRUCTURAL_ZERO
2025-09-02,242.28422293999998,242.60023517999997,246.42010421999998,0.00183058,4.21491186,0.0013043038302921206,-0.07720000000000482,-0.0003186340367656662,CANDIDATE_STRUCTURAL_ZERO
2025-09-03,243.69822403999999,239.96834084999998,243.69564218,0.00236765,0.86455579,-0.01530533595266495,-0.8647699999999929,-0.0035485281167172227,CANDIDATE_STRUCTURAL_ZERO
2025-09-04,245.89933559,243.06888626,246.47066046999998,0.012454920000000001,0.6255798,-0.011510601780231486,-0.04179999999999495,-0.0001699882592187648,CANDIDATE_STRUCTURAL_ZERO
2025-09-05,240.61819063999997,243.66458364999997,248.20311077999997,0.0038205799999999996,7.61030072,0.012660692867389451,-0.021559999999993806,-8.960253562978006e-05,CANDIDATE_STRUCTURAL_ZERO
2025-09-06,226.31497306999998,230.04565077,234.30800441,0.00049557,8.174716909999999,0.01648444930263681,-0.18118999999998664,-0.0008006098648362253,CANDIDATE_STRUCTURAL_ZERO
2025-09-07,207.18662385,204.16653974999997,207.59976451999998,0.010182110000000001,0.8782927799999999,-0.014576636482992818,-0.4549700000000314,-0.0021959429211483405,CANDIDATE_STRUCTURAL_ZERO
2025-09-08,232.46287478999997,235.84746191999997,239.76144508999997,0.0057689099999999995,7.363989209999999,0.01455968886669553,-0.059650000000004866,-0.00025660011326062663,CANDIDATE_STRUCTURAL_ZERO
2025-09-09,243.10750875999997,247.78868027,251.57761376999997,0.00026635,8.520431359999998,0.019255561187216757,-0.05006000000000199,-0.0002059171280037348,CANDIDATE_STRUCTURAL_ZERO
2025-09-10,248.39614893,251.01690666000002,254.95281408,0.00233951,6.86580466,0.01055071804168171,-0.30680000000000973,-0.0012351238186324232,CANDIDATE_STRUCTURAL_ZERO
2025-09-11,249.80041766999997,245.69150380999997,249.75548676,0.007548609999999999,0.0245877,-0.016448786988931704,-0.0619700000000023,-0.0002480780479793595,CANDIDATE_STRUCTURAL_ZERO
2025-09-12,242.44356068,238.56889623,241.98523974,0.34124174,0.026550800000000006,-0.015981717308277504,-0.1436300000000017,-0.0005924265408293446,CANDIDATE_STRUCTURAL_ZERO
2025-09-13,233.56947643,228.87479919999998,230.18099151,3.3680284099999995,0.00504349,-0.020099703530426862,-0.02549999999999386,-0.00010917522439040156,CANDIDATE_STRUCTURAL_ZERO
2025-09-14,213.51879666,209.63909418999998,211.82053833,1.3389893499999999,0.01790102,-0.018170308800390614,-0.37717000000000667,-0.00176644869632063,CANDIDATE_STRUCTURAL_ZERO
2025-09-15,244.3606269,240.06333598999998,241.7320611,2.6073713100000004,0.007335510000000001,-0.017585856463523484,-0.028529999999989286,-0.00011675367002420014,CANDIDATE_STRUCTURAL_ZERO
2025-09-16,246.41086962999998,242.27927621999999,246.38270918999999,0.00453897,0.022678530000000002,-0.016767090738342094,-0.04630000000000223,-0.00018789755528854845,CANDIDATE_STRUCTURAL_ZERO
2025-09-17,242.8435932,238.2031032,242.71020241,0.00438081,0.02342002,-0.01910896614092762,-0.1524300000000096,-0.0006276879615863369,CANDIDATE_STRUCTURAL_ZERO
2025-09-18,239.33076452,234.17533580999998,239.20768531,0.0077292,0.026589989999999994,-0.021541019686038748,-0.14194000000000528,-0.0005930704323979371,CANDIDATE_STRUCTURAL_ZERO
2025-09-19,237.89661162,233.28087836999998,237.88933115999998,0.00859247,0.02722201,-0.01940226562525769,-0.025910000000010314,-0.00010891285850425311,CANDIDATE_STRUCTURAL_ZERO
2025-09-20,226.35303992,222.61064906000001,226.31959649,0.010853520000000002,0.026220089999999995,-0.016533424341562394,-0.04880999999997471,-0.0002156366003179177,CANDIDATE_STRUCTURAL_ZERO
2025-09-21,211.94736777999998,209.53207580999998,211.69730087999997,0.01187198,0.01862508,-0.011395715810479214,-0.2568200000000047,-0.0012117159212214528,CANDIDATE_STRUCTURAL_ZERO
2025-09-22,238.19166252,235.08026638,238.45149849999999,0.00925346,0.5176094400000001,-0.013062573673160079,-0.2485200000000134,-0.001043361456781243,CANDIDATE_STRUCTURAL_ZERO
2025-09-23,246.57657328,244.98899869999997,248.18231938999998,0.00051661,1.88111272,-0.006438464769308206,-0.2748500000000149,-0.0011146638804486468,CANDIDATE_STRUCTURAL_ZERO
2025-09-24,247.01856807,247.89121189999997,250.88973801999998,0.0029643,4.055154249999999,0.003532705402748095,-0.18101999999998952,-0.0007328194046882021,CANDIDATE_STRUCTURAL_ZERO
2025-09-25,244.28244887999998,243.80460652,246.0544163,0.00598165,1.8966890699999999,-0.0019561059838347837,-0.11873999999997409,-0.0004860766729021261,CANDIDATE_STRUCTURAL_ZERO
2025-09-26,243.83338023,239.95658239,243.71990885999998,0.008142449999999999,0.02579108,-0.01589937290925114,-0.1311200000000099,-0.0005377442574774985,CANDIDATE_STRUCTURAL_ZERO
2025-09-27,230.83790304,226.70092341999998,225.61305500999998,5.048598030000002,0.0,-0.017921578586178467,-0.17625000000001023,-0.0007635227910100593,CANDIDATE_STRUCTURAL_ZERO
2025-09-28,212.87284033,208.22860929,203.96399047,8.309919859999999,0.0,-0.021816926164936815,-0.5989299999999957,-0.0028135576105975837,CANDIDATE_STRUCTURAL_ZERO
2025-09-29,238.80645587,234.64570651,238.47059643,0.006345150000000001,0.02456571,-0.017423102507182698,-0.3540800000000104,-0.0014827069842398325,CANDIDATE_STRUCTURAL_ZERO
2025-09-30,235.43613112999998,231.30837626,235.21690963999998,0.009330060000000001,0.027238569999999997,-0.017532376403691333,-0.2371300000000076,-0.0010071946003439563,CANDIDATE_STRUCTURAL_ZERO
2025-10-01,238.05024348999999,233.43770464,237.11663643999998,0.00561175,0.028584699999999998,-0.019376324856369056,-0.9565800000000024,-0.004018395385679101,CANDIDATE_STRUCTURAL_ZERO
2025-10-02,237.71240147999998,233.68788336,237.5107278,0.00871674,0.02405306,-0.016930198403378574,-0.2170099999999593,-0.0009129098803800419,CANDIDATE_STRUCTURAL_ZERO
2025-10-03,238.7906083,235.08495315,238.76627849,0.00899566,0.03790585,-0.01551842920616243,-0.053239999999988186,-0.00022295684231057,CANDIDATE_STRUCTURAL_ZERO
2025-10-04,224.27202647,220.37633728999998,223.76084949999998,0.20749584,0.02022887,-0.017370374902824167,-0.32391000000001213,-0.0014442728551495936,CANDIDATE_STRUCTURAL_ZERO
2025-10-05,210.83810033,208.35343580999998,209.96835811,1.61672693,0.93194471,-0.011784703600113413,-0.184960000000018,-0.0008772607973156746,CANDIDATE_STRUCTURAL_ZERO
2025-10-06,238.33359224999998,234.15427308999998,238.24220823,0.026594270000000003,0.03469025,-0.01753558581711012,-0.09947999999999979,-0.0004173981479524307,CANDIDATE_STRUCTURAL_ZERO
2025-10-07,241.90701288999998,238.74131624999998,241.68670559999998,0.01034172,0.024824429999999995,-0.013086419455890267,-0.2347899999999754,-0.0009705795511878739,CANDIDATE_STRUCTURAL_ZERO
2025-10-08,242.18020833,238.54877367,242.60606094999997,0.013360060000000002,0.5542726799999999,-0.014994762309609236,-0.11506000000002814,-0.00047510075572833305,CANDIDATE_STRUCTURAL_ZERO
2025-10-09,241.05177337,238.15029549,242.00005531,0.0027220000000000005,1.01596394,-0.012036741482695592,-0.06496000000001345,-0.0002694856755951086,CANDIDATE_STRUCTURAL_ZERO
2025-10-10,235.41884346999998,232.80874827,237.02323023,0.0,1.6776967600000001,-0.01108702753580811,-0.07330999999999221,-0.00031140243032131917,CANDIDATE_STRUCTURAL_ZERO
2025-10-11,220.35300468,216.59633282,220.25803902,0.0,0.020124339999999998,-0.017048425844955042,-0.11508999999998082,-0.0005222983011605232,CANDIDATE_STRUCTURAL_ZERO
2025-10-12,199.53901196,196.13565197999998,199.52609180000002,0.0023533599999999997,0.0146232,-0.017056113221019045,-0.025189999999980728,-0.00012624097790476363,CANDIDATE_STRUCTURAL_ZERO
2025-10-13,205.1634435,201.92782265,205.33821214,0.00050946,0.2621281000000001,-0.015770942399882287,-0.08685000000002674,-0.000423321028924077,CANDIDATE_STRUCTURAL_ZERO
2025-10-14,232.76465928,228.58982683,232.70452471,0.0010727900000000001,0.020828220000000005,-0.017935851872504228,-0.07989000000000601,-0.00034322220670064777,CANDIDATE_STRUCTURAL_ZERO
2025-10-15,235.55601933,231.60904821,235.41969197,0.07745844,0.02438108,-0.01675597648163059,-0.08325000000002092,-0.0003534191154902843,CANDIDATE_STRUCTURAL_ZERO
2025-10-16,231.45124683999998,227.35726281,231.44128375999998,0.010379619999999999,0.030336540000000006,-0.01768832134583446,-0.029920000000004165,-0.00012927128459449421,CANDIDATE_STRUCTURAL_ZERO
2025-10-17,235.15505346999998,232.81809880999998,236.71881814,0.00626805,1.60305272,-0.0099379308482441,-0.03301999999999339,-0.00014041799022705643,CANDIDATE_STRUCTURAL_ZERO
2025-10-18,228.49300899,225.17889162,228.41421548,0.0015829,0.027149390000000002,-0.014504239690523895,-0.104360000000014,-0.0004567316981001433,CANDIDATE_STRUCTURAL_ZERO
2025-10-19,210.58657818999998,207.55959318,210.54604290999998,0.0079177,0.020902419999999998,-0.014374064273312347,-0.053519999999991796,-0.0002541472512635816,CANDIDATE_STRUCTURAL_ZERO
2025-10-20,236.58590561,233.9103625,237.81010211999998,0.00457329,1.2534798,-0.01130897084972807,-0.02471000000002732,-0.00010444409161364209,CANDIDATE_STRUCTURAL_ZERO
2025-10-21,238.45082756,234.58153618999998,238.26699345999998,0.006371969999999999,0.03594787,-0.016226789437442428,-0.2134100000000103,-0.000894985361064898,CANDIDATE_STRUCTURAL_ZERO
2025-10-22,239.88300951,241.79850887999999,246.19407950999997,0.0,6.601670000000001,0.007985139814248247,-0.2906000000000404,-0.0012114238544598806,CANDIDATE_STRUCTURAL_ZERO
2025-10-23,240.27140188999996,243.93825145,248.26284171999998,0.0,8.039279829999998,0.015261281747041925,-0.047839999999979455,-0.00019910817360561855,CANDIDATE_STRUCTURAL_ZERO
2025-10-24,241.45141708,242.01378702,245.92421047,0.0031447199999999997,4.4914181100000015,0.0023291225489625793,-0.01548000000002503,-6.411227644564226e-05,CANDIDATE_STRUCTURAL_ZERO
2025-10-25,230.29767697,231.25212729999998,235.50541134999997,0.004777699999999999,5.3627120800000005,0.004144420137265729,-0.15020000000001232,-0.0006521993707282524,CANDIDATE_STRUCTURAL_ZERO
2025-10-26,214.78194613,219.70204378,222.60517500999998,0.0,7.856248880000001,0.022907407902068452,-0.03302000000002181,-0.00015373731635728806,CANDIDATE_STRUCTURAL_ZERO
2025-10-27,237.15346519999997,238.24082591,242.29785284,0.0,5.215067640000001,0.004585050903991773,-0.07067999999998165,-0.0002980348608458016,CANDIDATE_STRUCTURAL_ZERO
2025-10-28,243.87404704,241.0928509,244.46070285,0.005886799999999999,0.7267726099999999,-0.011404231707951368,-0.1342300000000023,-0.0005504070713108148,CANDIDATE_STRUCTURAL_ZERO
2025-10-29,244.92782849999998,241.08663105,244.94452443,0.00206207,0.033808000000000005,-0.015682976791671438,-0.015049999999973807,-6.144667223869095e-05,CANDIDATE_STRUCTURAL_ZERO
2025-10-30,242.71635841999998,238.36052595,242.30496789,0.01475427,0.02587374,-0.017946184172978445,-0.4225099999999884,-0.0017407561762642749,CANDIDATE_STRUCTURAL_ZERO
2025-10-31,239.08440643,234.88887049,238.86995968999997,0.0100908,0.02989406,-0.017548346220682517,-0.23425000000003138,-0.0009797794992063439,CANDIDATE_STRUCTURAL_ZERO
2025-11-01,230.23732243,226.10398103,229.93202186999997,0.00585019,0.040489630000000006,-0.017952525491416287,-0.3399400000000412,-0.0014764765174134378,CANDIDATE_STRUCTURAL_ZERO
2025-11-02,213.45172833,210.55471805,214.31665098999997,0.00503743,1.44529009,-0.013572203432905404,-0.5753300000000365,-0.002695363511466005,CANDIDATE_STRUCTURAL_ZERO
2025-11-03,217.49049249,214.5648835,218.45084233,0.007935939999999999,1.18608578,-0.013451663824498063,-0.2178000000000111,-0.0010014230852414172,CANDIDATE_STRUCTURAL_ZERO
2025-11-04,240.1032933,235.53085997,238.78698993,1.1290038199999999,0.024130449999999998,-0.019043609386427338,-0.2114299999999787,-0.0008805793418910123,CANDIDATE_STRUCTURAL_ZERO
2025-11-05,242.78628123,237.46608339,241.74578889,0.2831924,0.02491006,-0.021913090859363594,-0.7822099999999921,-0.0032218047742943803,CANDIDATE_STRUCTURAL_ZERO
2025-11-06,242.69538405999998,237.67860492,242.00650097,0.08148246999999999,0.02603938,-0.02067109417606277,-0.6334399999999789,-0.0026100207981021085,CANDIDATE_STRUCTURAL_ZERO
2025-11-07,246.74477109999998,241.89444075,241.75221059,4.771661329999999,0.0018908199999999999,-0.019657277146652285,-0.22278999999997495,-0.0009029168034919909,CANDIDATE_STRUCTURAL_ZERO
2025-11-08,238.74807338999997,233.92013011,235.77805578,2.92959166,0.00352405,-0.020221915140288586,-0.04394999999999527,-0.00018408525512246554,CANDIDATE_STRUCTURAL_ZERO
2025-11-09,220.6486133,215.53201016999998,217.30503033999997,2.91647269,0.00525973,-0.0231889203991658,-0.4323700000000201,-0.0019595409802651144,CANDIDATE_STRUCTURAL_ZERO
2025-11-10,243.47493444,238.61383827,241.25618275,2.3977508800000003,0.21734918999999997,-0.01996548918343759,-0.03835000000000832,-0.00015751108050697098,CANDIDATE_STRUCTURAL_ZERO
2025-11-11,243.89103522999997,239.08342954999998,242.52166226999998,0.95171372,0.01943076,-0.01971210493844602,-0.43709000000001197,-0.00179215279310212,CANDIDATE_STRUCTURAL_ZERO
2025-11-12,246.08708862,241.79165122999999,245.18976289999998,0.8482246599999999,0.010718939999999998,-0.017454948222143007,-0.059820000000030404,-0.0002430846751671827,CANDIDATE_STRUCTURAL_ZERO
2025-11-13,245.46801861999998,240.95819534,245.19100038,0.20872373,0.017455490000000004,-0.018372345633267482,-0.08574999999999022,-0.0003493326767457094,CANDIDATE_STRUCTURAL_ZERO
2025-11-14,245.67178334,243.19357751999996,246.51323227,1.03816609,2.03281502,-0.010087466237709071,-0.1531999999999698,-0.0006235962385144862,CANDIDATE_STRUCTURAL_ZERO
2025-11-15,231.59992284999998,227.39893007,226.86550283,4.576880019999999,0.0,-0.018139007683179713,-0.15753999999998314,-0.0006802247516378356,CANDIDATE_STRUCTURAL_ZERO
2025-11-16,208.26372956,203.81514871999997,205.01227310999997,2.7166654,0.00889895,-0.02136032447607933,-0.5436900000000264,-0.0026105841912496403,CANDIDATE_STRUCTURAL_ZERO
2025-11-17,213.9053154,209.75826847999997,212.03616893999998,1.4480157999999999,0.010709340000000001,-0.019387301864122058,-0.43184000000002243,-0.0020188371625664728,CANDIDATE_STRUCTURAL_ZERO
2025-11-18,241.21107056999998,237.49643612,240.67473263,0.35721012999999996,0.025022190000000003,-0.015399933515580421,-0.20414999999997008,-0.0008463541889580284,CANDIDATE_STRUCTURAL_ZERO
2025-11-19,247.49057112,242.81878867,244.55429469999999,2.6509174399999997,0.00908102,-0.018876607819272445,-0.2944400000000087,-0.0011897018891165938,CANDIDATE_STRUCTURAL_ZERO
2025-11-20,246.87768133,242.60848672999998,246.63897029999998,0.06193979,0.03165876,-0.017292752333871005,-0.2084300000000212,-0.0008442642480970729,CANDIDATE_STRUCTURAL_ZERO
2025-11-21,245.92977728,241.39955464,245.00135305999999,0.92661867,0.023774449999999996,-0.01842079755491415,-0.025579999999990832,-0.00010401343132542698,CANDIDATE_STRUCTURAL_ZERO
2025-11-22,235.64784515,231.39789133,232.67582484,2.9319289199999994,0.00596861,-0.018035190677405614,-0.046060000000011314,-0.00019546115505826987,CANDIDATE_STRUCTURAL_ZERO
2025-11-23,217.10650540999998,212.10805424,211.41907343999998,5.22137956,0.0053175900000000005,-0.023023037290202504,-0.4713700000000074,-0.0021711463648214384,CANDIDATE_STRUCTURAL_ZERO
2025-11-24,242.39232097,238.29528792999997,240.09824135,2.30809495,0.02183533,-0.016902486941849485,-0.007819999999981064,-3.2261748097824094e-05,CANDIDATE_STRUCTURAL_ZERO
2025-11-25,246.74929654,243.35015055,244.76741157,1.7376641,0.01707913,-0.013775706912497583,-0.26130000000000564,-0.001058969584367779,CANDIDATE_STRUCTURAL_ZERO
2025-11-26,249.43220811,245.86088632000002,248.51741471999998,0.89877879,0.0179154,-0.014317805294916148,-0.03393000000002644,-0.00013602894452613456,CANDIDATE_STRUCTURAL_ZERO
2025-11-27,249.41205313999998,245.27618378,246.90994804999997,2.4832373400000005,0.008972250000000001,-0.016582475898542243,-0.027840000000026066,-0.00011162251242284155,CANDIDATE_STRUCTURAL_ZERO
2025-11-28,241.62791431999997,236.26538045,238.63528637000002,2.8427519400000003,0.01181399,-0.02219335412918431,-0.16168999999996458,-0.0006691693733110257,CANDIDATE_STRUCTURAL_ZERO
2025-11-29,223.47569186,219.27401105,219.72990893999997,3.65151212,0.006009199999999999,-0.018801511587364098,-0.10028000000002635,-0.0004487288938022324,CANDIDATE_STRUCTURAL_ZERO
2025-11-30,209.95525281999997,206.32258208999997,204.94488568999998,4.766002690000001,0.00272556,-0.017302118814404625,-0.24708999999998582,-0.0011768698171691966,CANDIDATE_STRUCTURAL_ZERO
2025-12-01,232.51728165999998,229.22549257999998,229.35806598,3.1497824899999993,0.01350681,-0.01415718030289655,-0.02293999999997709,-9.865933334590271e-05,CANDIDATE_STRUCTURAL_ZERO
2025-12-02,237.7539066,234.40046737999995,236.76683524,0.9337096000000003,0.01853824,-0.014104665062946399,-0.07189999999997099,-0.0003024135377129109,CANDIDATE_STRUCTURAL_ZERO
2025-12-03,241.46535520999998,237.59340500999997,241.40171819,0.0266434,0.03361638,-0.016035220442421724,-0.07060999999998785,-0.00029242290240179194,CANDIDATE_STRUCTURAL_ZERO
2025-12-04,241.85913763,237.74310676,241.66071627,0.02535726,0.0986559,-0.017018297966053173,-0.27172000000001617,-0.0011234638586022653,CANDIDATE_STRUCTURAL_ZERO
2025-12-05,241.81072706,240.30376915,244.33444276,0.0059799,2.5524856,-0.00623197294976121,-0.022790000000014743,-9.424726635208333e-05,CANDIDATE_STRUCTURAL_ZERO
2025-12-06,232.20865422999998,233.25698083999998,238.03455212,0.00252261,5.8825405,0.004514588887637445,-0.05411999999998329,-0.00023306624888484156,CANDIDATE_STRUCTURAL_ZERO
2025-12-07,212.209238,213.75358434999998,217.72221315999997,0.0,5.527015159999999,0.007277469937477386,-0.014040000000022701,-6.616111594549292e-05,CANDIDATE_STRUCTURAL_ZERO
2025-12-08,213.62733457,218.28544861,221.80417565,0.0,8.20556108,0.021804859613944558,-0.02871999999999275,-0.00013443972447534317,CANDIDATE_STRUCTURAL_ZERO
2025-12-09,243.02692184999998,246.56078449999998,251.34353016999998,0.0,8.36709832,0.014541033656267756,-0.05048999999999637,-0.00020775476073041648,CANDIDATE_STRUCTURAL_ZERO
2025-12-10,246.25241687999997,249.41881092,253.66502392,0.0,7.70410704,0.012858326753166562,-0.29149999999995657,-0.0011837447270294447,CANDIDATE_STRUCTURAL_ZERO
2025-12-11,247.83108176,250.73323813000002,255.46497312000002,0.0,7.721551360000001,0.011710219514800332,-0.0876599999999712,-0.0003537086606629159,CANDIDATE_STRUCTURAL_ZERO
2025-12-12,247.64479394,249.73756937000002,255.46294817999998,0.0,7.85260424,0.00845071441520818,-0.034450000000020964,-0.000139110535908813,CANDIDATE_STRUCTURAL_ZERO
2025-12-13,233.75102234999997,237.30314381,242.16729203,0.0,8.42852968,0.01519617507675052,-0.012259999999969295,-5.2448968465310744e-05,CANDIDATE_STRUCTURAL_ZERO
2025-12-14,216.28371321999998,218.44583187,222.32708574,0.0,7.005062519999998,0.00999667805684821,-0.961689999999976,-0.00444642819231498,CANDIDATE_STRUCTURAL_ZERO
2025-12-15,243.86555241,246.68629955,250.74651974,0.0,7.183727330000001,0.011566812582277368,-0.30276000000000636,-0.0012415037589687528,CANDIDATE_STRUCTURAL_ZERO
2025-12-16,245.36051099,248.5440237,252.92089423,0.0,7.57254324,0.012974837300244091,-0.012159999999994398,-4.9559727239441537e-05,CANDIDATE_STRUCTURAL_ZERO
2025-12-17,245.73548265999997,246.64529355,250.99159283,0.00195109,5.274511259999999,0.0037023993448224686,-0.01644999999996344,-6.694189956573624e-05,CANDIDATE_STRUCTURAL_ZERO
2025-12-18,246.87912409999998,247.29489242,251.97086636,0.0,5.558742259999999,0.0016840967073084823,-0.46699999999998454,-0.001891613969801769,CANDIDATE_STRUCTURAL_ZERO
2025-12-19,245.61987077,247.52336481,252.26225071,0.0,6.65706994,0.00774975588918228,-0.014690000000030068,-5.980786470564459e-05,CANDIDATE_STRUCTURAL_ZERO
2025-12-20,230.05093412,232.20105895,236.32457112999998,0.0,6.470377010000001,0.009346299062965135,-0.19674000000000547,-0.0008552019175778753,CANDIDATE_STRUCTURAL_ZERO
2025-12-21,215.07360927,218.85934117,222.53982421,0.0,7.53529494,0.01760202896510401,-0.06907999999998538,-0.00032119235937154634,CANDIDATE_STRUCTURAL_ZERO
2025-12-22,237.32148593999997,240.26025692999997,244.24471231999996,0.0,7.06796638,0.012383080184922573,-0.14474000000001297,-0.0006098899955337647,CANDIDATE_STRUCTURAL_ZERO
2025-12-23,238.94811683,242.05520169,245.88617304,0.0,6.950356210000001,0.013003177849736001,-0.012300000000010414,-5.14756096979884e-05,CANDIDATE_STRUCTURAL_ZERO
2025-12-24,222.25024584,225.61470924,229.82686259999997,0.0,7.60745676,0.015138176280903255,-0.03084000000001197,-0.0001387625011772269,CANDIDATE_STRUCTURAL_ZERO
2025-12-25,197.10646805,200.01159216000002,204.27548750999998,0.0,7.1762194599999996,0.01473885732285096,-0.0072000000000116415,-3.6528481643662846e-05,CANDIDATE_STRUCTURAL_ZERO
2025-12-26,224.07921668999998,226.92676195,231.2725468,0.0,7.19905011,0.012707761576743812,-0.005719999999996617,-2.5526686876587444e-05,CANDIDATE_STRUCTURAL_ZERO
2025-12-27,223.83462484999998,226.60697389999999,230.95196352,0.0,7.130748670000001,0.012385702399071895,-0.01340999999999326,-5.9910302121397914e-05,CANDIDATE_STRUCTURAL_ZERO
2025-12-28,212.24677875999998,214.95871433,219.11616326,0.0,6.9685844999999995,0.012777275517884561,-0.09919999999996776,-0.0004673804737085743,CANDIDATE_STRUCTURAL_ZERO
2025-12-29,230.97307752999998,233.72354073999998,237.92805839,0.0,6.964670860000001,0.01190815500842408,-0.009690000000006194,-4.1952941458069314e-05,CANDIDATE_STRUCTURAL_ZERO
2025-12-30,229.47492562999997,232.55683282999996,236.75529831,0.0,7.295692680000001,0.013430256885535218,-0.015319999999974243,-6.676110672185533e-05,CANDIDATE_STRUCTURAL_ZERO
2025-12-31,215.15410993999998,218.88382606,222.50788674999998,0.0,7.3548968100000005,0.017335091209924422,-0.0011200000000144428,-5.20557102221648e-06,CANDIDATE_STRUCTURAL_ZERO
2026-01-01,192.6857929,192.73883532999997,195.97482071,0.00105077,3.3365285800000004,0.00027527940281255964,-0.046449999999993,-0.00024106603450571782,CANDIDATE_STRUCTURAL_ZERO
2026-01-02,215.14239281999997,215.4355331,219.70502217,0.00086253,4.58570188,0.0013625407626904778,-0.02220999999994433,-0.0001032339545397101,CANDIDATE_STRUCTURAL_ZERO
2026-01-03,215.01400804,217.92413340999997,222.33866884999998,0.0,7.488320809999999,0.0135345850092641,-0.16366000000002145,-0.000761159709973757,CANDIDATE_STRUCTURAL_ZERO
2026-01-04,204.40271733999998,207.58085912999996,211.42405435999999,0.0,7.22128702,0.015548432189937657,-0.19995000000000118,-0.0009782159581930008,CANDIDATE_STRUCTURAL_ZERO
2026-01-05,226.75339934,228.98216867999997,233.44665381,0.0,6.762094469999999,0.009829044885268114,-0.06883999999999446,-0.0003035897155251638,CANDIDATE_STRUCTURAL_ZERO
2026-01-06,229.33533864999998,232.55915242999998,236.49908964999997,0.0,7.207660999999999,0.014057204611278955,-0.043910000000010996,-0.00019146634905239885,CANDIDATE_STRUCTURAL_ZERO
2026-01-07,232.36996455,235.54803561,239.5369566,0.0,7.21498205,0.01367677215148935,-0.047989999999998645,-0.00020652410948607104,CANDIDATE_STRUCTURAL_ZERO
2026-01-08,235.44063527,238.07046666,242.41777513,0.0,7.06952986,0.011169827956776191,-0.09238999999999464,-0.00039241314437519717,CANDIDATE_STRUCTURAL_ZERO
2026-01-09,237.90516781,239.59245606999997,245.03314991,0.0,7.177582099999999,0.0070922724190148985,-0.04959999999999809,-0.00020848643371887792,CANDIDATE_STRUCTURAL_ZERO
2026-01-10,227.15709123,227.14814743,232.24807806,0.00041909,5.157985919999999,-3.937275280101887e-05,-0.06657999999995923,-0.0002931011294406212,CANDIDATE_STRUCTURAL_ZERO
2026-01-11,209.24205811000002,211.77163537,216.06233930999997,0.0,6.847901200000001,0.012089239050928183,-0.0276200000000415,-0.0001320002309742216,CANDIDATE_STRUCTURAL_ZERO
2026-01-12,211.81564949,212.34433794999998,216.93313787,0.00288338,5.1975517600000005,0.0024959839429850228,-0.0771800000000269,-0.00036437345486916266,CANDIDATE_STRUCTURAL_ZERO
2026-01-13,232.89927902,234.83108549,239.93507983,0.0,7.04532081,0.008294600473340692,-0.009519999999980655,-4.087603894713274e-05,CANDIDATE_STRUCTURAL_ZERO
2026-01-14,237.39376147,239.47800554999998,244.14415284999998,0.0,6.765761380000001,0.008779691880249268,-0.015369999999990114,-6.474475110388466e-05,CANDIDATE_STRUCTURAL_ZERO
2026-01-15,240.30692077999998,237.29731163999998,242.31432148,7.863e-05,2.2264693299999996,-0.012524021905949576,-0.21898999999999091,-0.0009112929385852993,CANDIDATE_STRUCTURAL_ZERO
2026-01-16,240.44137616999998,239.98682606,244.38113628000002,0.0,3.95262011,-0.0018904820677727425,-0.012859999999960792,-5.348497086819345e-05,CANDIDATE_STRUCTURAL_ZERO
2026-01-17,232.67848109,232.28749141,237.15546286,0.0,4.526491770000001,-0.00168038607682313,-0.049509999999997945,-0.00021278289151650207,CANDIDATE_STRUCTURAL_ZERO
2026-01-18,216.59694980999998,216.11301454,220.23184974,0.0,4.124509929999999,-0.002234266320114387,-0.48960999999997057,-0.0022604658118660446,CANDIDATE_STRUCTURAL_ZERO
2026-01-19,242.89385615999998,243.69304613999998,248.98296645999997,0.0,6.1247803,0.003290284870250274,-0.035670000000010305,-0.00014685427027233503,CANDIDATE_STRUCTURAL_ZERO
2026-01-20,243.89042378999997,243.10973423,247.47245310999998,0.0,3.639649319999999,-0.003200984884392967,-0.057619999999985794,-0.00023625363843559133,CANDIDATE_STRUCTURAL_ZERO
2026-01-21,245.78962571999998,246.81641135,251.15742746,0.0,5.42548174,0.004177497837804326,-0.05767999999997642,-0.00023467223171446888,CANDIDATE_STRUCTURAL_ZERO
2026-01-22,246.81160452999998,247.36769195999997,252.17867725,0.0,5.377832720000002,0.0022530846191731574,-0.010760000000004766,-4.359600522226209e-05,CANDIDATE_STRUCTURAL_ZERO
2026-01-23,243.61315040999997,239.98905313999998,243.6250289,0.00239006,0.024968550000000006,-0.01487644350849144,-0.010699999999985721,-4.392209526447018e-05,CANDIDATE_STRUCTURAL_ZERO
2026-01-24,233.25577753999997,229.14924394999997,233.14884376,0.0007354099999999999,0.022451630000000004,-0.017605281349551083,-0.12864999999996485,-0.0005515404649640597,CANDIDATE_STRUCTURAL_ZERO
2026-01-25,215.36237613999998,211.48147097999998,215.04066810999998,0.0107171,0.032009069999999994,-0.018020348909398867,-0.3429999999999893,-0.0015926644483947202,CANDIDATE_STRUCTURAL_ZERO
2026-01-26,241.70606048,237.86192843999999,241.64937111,0.00963046,0.019861089999999998,-0.01590416074949055,-0.06691999999998188,-0.00027686521333841025,CANDIDATE_STRUCTURAL_ZERO
2026-01-27,245.46603259999998,241.30962374,245.46736196,0.00212076,0.02728012,-0.01693272513502127,-0.02382999999997537,-9.708064186138385e-05,CANDIDATE_STRUCTURAL_ZERO
2026-01-28,243.42119227,239.47382711,243.38166142999998,0.0007353099999999999,0.02471447,-0.016216193517044446,-0.06351000000000795,-0.0002609057962774391,CANDIDATE_STRUCTURAL_ZERO
2026-01-29,242.98173691,238.58068373999998,242.97312093,0.00200278,0.028106799999999998,-0.018112691208681884,-0.03471999999999298,-0.00014289139768909137,CANDIDATE_STRUCTURAL_ZERO
2026-01-30,244.22947105999998,239.33537735,244.06832154,0.00351281,0.014993290000000001,-0.02003891540508499,-0.17262999999999806,-0.0007068352531361293,CANDIDATE_STRUCTURAL_ZERO
2026-01-31,229.08297586,223.16142803999998,229.06759138999996,0.00139623,0.021851759999999998,-0.02584892132542786,-0.03584000000003584,-0.00015644986217543648,CANDIDATE_STRUCTURAL_ZERO
2026-02-01,202.61058035,197.94599953,202.54995087999998,0.00069304,0.02092357,-0.023022395039499714,-0.08086000000002969,-0.0003990907081967188,CANDIDATE_STRUCTURAL_ZERO
2026-02-02,220.64323638,215.16156128,220.56867344,0.004223449999999999,0.028400510000000004,-0.024844065877275497,-0.09873999999999228,-0.00044750975203218367,CANDIDATE_STRUCTURAL_ZERO
2026-02-03,231.28795043,226.04314224,231.20735185,0.027674289999999997,0.04309571,-0.022676530187798707,-0.09601999999998156,-0.00041515349079563187,CANDIDATE_STRUCTURAL_ZERO
2026-02-04,237.89726066999998,232.75504019,237.79913365,0.007814580000000002,0.04624755999999999,-0.021615299249422803,-0.1365600000000029,-0.0005740293083468186,CANDIDATE_STRUCTURAL_ZERO
2026-02-05,240.68439682,235.83511786999998,240.60202564,0.01895922,0.01874804,-0.02014787420402092,-0.08215999999998758,-0.00034135989322744655,CANDIDATE_STRUCTURAL_ZERO
2026-02-06,238.306708,233.49395629999998,238.29088749,0.010251859999999998,0.025411350000000006,-0.020195619923548302,-0.030979999999999563,-0.00013000053695508883,CANDIDATE_STRUCTURAL_ZERO
2026-02-07,224.96418631999998,220.97636909,224.94595658999998,0.0063576399999999995,0.026777910000000005,-0.01772645368684385,-0.03864999999998986,-0.00017180512432771064,CANDIDATE_STRUCTURAL_ZERO
2026-02-08,208.91979317,204.84953892,208.71761644999998,0.0085389,0.02643218,-0.019482377367126727,-0.22007000000002108,-0.0010533707537272357,CANDIDATE_STRUCTURAL_ZERO
2026-02-09,238.49596182,234.37907925,238.48993308999997,0.01124336,0.025664629999999997,-0.017261854408701205,-0.02045000000001096,-8.57456866101791e-05,CANDIDATE_STRUCTURAL_ZERO
2026-02-10,243.40617459999999,239.82112592,243.22219321999998,0.01718993,0.02493855,-0.014728667774724561,-0.19173000000000684,-0.0007876957119723242,CANDIDATE_STRUCTURAL_ZERO
2026-02-11,246.01163916,241.66842916999997,245.84305708999997,0.011378780000000002,0.025246710000000002,-0.01765448986409664,-0.1824500000000171,-0.0007416315773635249,CANDIDATE_STRUCTURAL_ZERO
2026-02-12,247.8322748,242.25528502999998,247.19993287999998,0.00799495,0.029473029999999997,-0.022503081063596855,-0.6538199999999961,-0.002638155181877046,CANDIDATE_STRUCTURAL_ZERO
2026-02-13,247.72289415,242.92572669999998,247.68778004999996,0.007535689999999999,0.02247159,-0.019365054919369944,-0.05005000000005566,-0.00020204026830781987,CANDIDATE_STRUCTURAL_ZERO
2026-02-14,232.65091590999998,227.81305189,232.61088038,0.015874179999999995,0.02829865,-0.02079451955337021,-0.0524599999999964,-0.00022548804415749787,CANDIDATE_STRUCTURAL_ZERO
2026-02-15,210.76357018,206.88973893999997,210.63017947999998,0.004899009999999999,0.023978309999999996,-0.018379984912438228,-0.1524699999999939,-0.0007234172388984434,CANDIDATE_STRUCTURAL_ZERO
2026-02-16,234.96116525999997,230.59057971,234.94638496,0.00652289,0.01975259,-0.018601310327873318,-0.02800999999996634,-0.00011921118951283474,CANDIDATE_STRUCTURAL_ZERO
2026-02-17,240.73358327999998,236.87622646999998,240.73112960999998,0.01116396,0.044010289999999994,-0.016023343139097725,-0.03529999999997813,-0.00014663512883834033,CANDIDATE_STRUCTURAL_ZERO
2026-02-18,242.27117221,238.35422645,242.25487892,0.015380779999999998,0.022477490000000003,-0.01616760972537338,-0.02339000000000624,-9.654470974256834e-05,CANDIDATE_STRUCTURAL_ZERO
2026-02-19,243.02591233,238.89922127999998,242.94735531999999,0.012707360000000001,0.02427035,-0.01698045698269608,-0.09012000000001308,-0.0003708246546057234,CANDIDATE_STRUCTURAL_ZERO
2026-02-20,245.88275427,241.18637025,245.86470452999998,0.011752100000000001,0.026762360000000006,-0.01910009522198111,-0.033060000000006085,-0.00013445432599841232,CANDIDATE_STRUCTURAL_ZERO
2026-02-21,236.01946728,230.93952044999997,236.02955872,0.00184949,0.02186093,-0.021523422997872684,-0.009919999999965512,-4.2030431278776644e-05,CANDIDATE_STRUCTURAL_ZERO
2026-02-22,215.88942175999998,210.80529930999998,215.22057321999998,0.00759649,0.02368795,-0.02354965986083336,-0.6849400000000117,-0.0031726427094767337,CANDIDATE_STRUCTURAL_ZERO
2026-02-23,240.7568781,235.99328865,240.76096752,0.015815799999999998,0.03935522,-0.019785891425379735,-0.019449999999977763,-8.078689237654542e-05,CANDIDATE_STRUCTURAL_ZERO
2026-02-24,240.62367824999998,236.62330523,240.37962509,0.007953920000000001,0.02660076,-0.016625018157372398,-0.26269999999999527,-0.0010917462566882496,CANDIDATE_STRUCTURAL_ZERO
2026-02-25,243.68934041999998,239.34962993,243.70243324999998,0.00940584,0.04373867000000001,-0.017808372260027752,-0.02124000000000592,-8.716015219787069e-05,CANDIDATE_STRUCTURAL_ZERO
2026-02-26,247.89279316999998,243.13329545,247.89662789,0.00632036,0.02989508,-0.019199822871558896,-0.019739999999984548,-7.963119761391065e-05,CANDIDATE_STRUCTURAL_ZERO
2026-02-27,250.41287243999997,245.1589033,250.36445377,0.008956160000000001,0.01920749,-0.020981226279646846,-0.05866999999997802,-0.00023429306739826487,CANDIDATE_STRUCTURAL_ZERO
2026-02-28,239.24972103,234.50925165,239.22886208999998,0.00727719,0.02472825,-0.019813897209959807,-0.03831000000002405,-0.00016012557855906665,CANDIDATE_STRUCTURAL_ZERO
2026-03-01,218.34064580999998,214.69959326999998,218.26874513,0.01219533,0.023484649999999996,-0.016676018001560954,-0.08318999999997345,-0.00038101013987274445,CANDIDATE_STRUCTURAL_ZERO
2026-03-02,244.26797374999998,240.14346635,244.26417126,0.007999969999999999,0.022597480000000003,-0.016885174657490155,-0.01839999999998554,-7.532710783779342e-05,CANDIDATE_STRUCTURAL_ZERO
2026-03-03,250.71240525,246.59503866999998,250.67654068,0.00466415,0.024649579999999997,-0.01642266794056059,-0.055849999999992406,-0.00022276520359772826,CANDIDATE_STRUCTURAL_ZERO
2026-03-04,252.24036159,248.08719247,251.90710556,0.011476360000000001,0.025430329999999998,-0.016465125144209485,-0.3472100000000182,-0.001376504528503591,CANDIDATE_STRUCTURAL_ZERO
2026-03-05,250.93281402,245.70527389999998,250.48565894,0.00807833,0.01113325,-0.02083242935132177,-0.45020999999999844,-0.0017941455833835886,CANDIDATE_STRUCTURAL_ZERO
2026-03-06,250.18726125999999,246.37983973,249.93950802999998,0.0057316599999999995,0.01547843,-0.015218286937652052,-0.2574999999999932,-0.0010292290610767493,CANDIDATE_STRUCTURAL_ZERO
2026-03-07,237.78344694999998,233.09514345,237.55358966,0.00358836,0.018591069999999998,-0.01971669416074124,-0.24485999999998853,-0.0010297604948568038,CANDIDATE_STRUCTURAL_ZERO
2026-03-08,215.0971053,211.01065375,214.69104191999998,0.00036637,0.013722990000000001,-0.0189981708228968,-0.41942000000003077,-0.0019499100158277712,CANDIDATE_STRUCTURAL_ZERO
2026-03-09,243.30372343,239.6054198,243.13706709999997,0.0006954,0.02194907,-0.01520035771694231,-0.18791000000001645,-0.0007723268569462701,CANDIDATE_STRUCTURAL_ZERO
2026-03-10,248.88571327999998,244.89688131999998,248.70017159999998,0.0045772,0.022075519999999994,-0.016026761469881984,-0.20303999999998723,-0.0008157961231449406,CANDIDATE_STRUCTURAL_ZERO
2026-03-11,248.24391789999999,243.86580558999998,248.12806007,0.0024008700000000003,0.023463039999999998,-0.017636332632180094,-0.13691999999997506,-0.0005515542985231586,CANDIDATE_STRUCTURAL_ZERO
2026-03-12,248.42899662,245.79699869,248.38107057999997,0.00736883,0.029582790000000005,-0.010594568129363413,-0.07014000000003762,-0.0002823341918790769,CANDIDATE_STRUCTURAL_ZERO
2026-03-13,246.72342704,244.17444297999998,246.47621421999997,0.00711247,0.02178965,-0.010331341821004925,-0.26188999999999396,-0.001061471961304814,CANDIDATE_STRUCTURAL_ZERO
2026-03-14,235.81076693999998,233.56530654,235.76575644,0.04449758,0.01652708,-0.009522298023700176,-0.017039999999980182,-7.226133149516394e-05,CANDIDATE_STRUCTURAL_ZERO
2026-03-15,218.17686774,216.38469399,217.99609886999997,0.00243746,0.016968590000000002,-0.008214316066429828,-0.19530000000003156,-0.000895145310422044,CANDIDATE_STRUCTURAL_ZERO
2026-03-16,248.12001931,245.93449379,247.81115606999998,0.010880850000000001,0.01748761,-0.008808340117326096,-0.3154700000000048,-0.0012714411391603917,CANDIDATE_STRUCTURAL_ZERO
2026-03-17,252.05047359999998,249.30425105999998,251.77763177,0.0052457599999999995,0.04034393,-0.010895526204637098,-0.3079399999999737,-0.0012217394222740858,CANDIDATE_STRUCTURAL_ZERO
2026-03-18,246.71601088999998,242.32315301,246.53840694,0.00578336,0.09020941,-0.01780532144692695,-0.26202999999998156,-0.0010620713226301695,CANDIDATE_STRUCTURAL_ZERO
2026-03-19,245.20423157,241.64010334,245.22434879999997,0.012607460000000001,0.08543469,-0.014535345524746869,-0.05271000000001891,-0.00021496366381006544,CANDIDATE_STRUCTURAL_ZERO
2026-03-20,246.38940043,242.74727092,246.40396289999998,0.014143979999999997,0.051926450000000006,-0.014782005653018057,-0.023220000000009122,-9.42410670243341e-05,CANDIDATE_STRUCTURAL_ZERO
2026-03-21,234.37406536,230.78293276999997,234.34284762,0.00888962,0.06953187999999999,-0.015322226819268708,-0.09186000000002537,-0.0003919375629676767,CANDIDATE_STRUCTURAL_ZERO
2026-03-22,214.47150845,211.48850814,214.04350822,0.012408350000000002,0.016588119999999998,-0.013908608801039998,-0.43217999999998824,-0.0020150928350501293,CANDIDATE_STRUCTURAL_ZERO
2026-03-23,222.07561099999998,219.03633204,221.92329555999999,0.009465069999999999,0.042589629999999996,-0.013685784523182018,-0.18543999999999983,-0.0008350309120617475,CANDIDATE_STRUCTURAL_ZERO
2026-03-24,245.58546096,241.91583867999998,245.51176797999997,0.00671215,0.036389170000000005,-0.014942343352311564,-0.10337000000004082,-0.00042091253934970244,CANDIDATE_STRUCTURAL_ZERO
2026-03-25,251.10213316999997,247.27784292,250.90724397,0.01284393,0.029654729999999994,-0.015230018963681438,-0.21169999999997913,-0.0008430832399844848,CANDIDATE_STRUCTURAL_ZERO
2026-03-26,253.00390711,250.31044284,252.98293361999998,0.008236390000000001,0.025932899999999995,-0.010645939427445045,-0.03866999999999621,-0.00015284348942162156,CANDIDATE_STRUCTURAL_ZERO
2026-03-27,249.23001888,245.24380431,249.16703843,0.0029720000000000002,0.06459155,-0.015994118958516317,-0.12459999999998672,-0.0004999397767569062,CANDIDATE_STRUCTURAL_ZERO
2026-03-28,238.64926375999997,234.6657697,238.60892588,0.01145396,0.038496079999999995,-0.016691834691792768,-0.06737999999995736,-0.00028233902312692127,CANDIDATE_STRUCTURAL_ZERO
2026-03-29,221.85062383,218.16092855,221.65179111,0.00930926,0.01791654,-0.016631439733193358,-0.20743999999996277,-0.0009350435730977263,CANDIDATE_STRUCTURAL_ZERO
2026-03-30,241.60227421,237.90657885000002,241.58105884999998,0.01164029,0.02387493,-0.015296608329057722,-0.03345000000001619,-0.00013845068350201682,CANDIDATE_STRUCTURAL_ZERO
2026-03-31,242.2192803,238.85975112999998,242.2133002,0.01130796,0.030277859999999993,-0.01386978429561468,-0.024950000000018235,-0.00010300583821864421,CANDIDATE_STRUCTURAL_ZERO
2026-04-01,236.53989802,232.61747736,236.46362668,0.005977100000000001,0.04813576000000001,-0.016582490703823463,-0.1184300000000178,-0.0005006766342226302,CANDIDATE_STRUCTURAL_ZERO
2026-04-02,212.56805377,209.39863859,212.60966585999998,0.00258668,0.14164877,-0.014910119953534237,-0.09745000000000914,-0.0004584414180385293,CANDIDATE_STRUCTURAL_ZERO
2026-04-03,205.38962834,202.48833373,205.51797038,0.00408375,0.17244579000000002,-0.014125808754068306,-0.04001999999999839,-0.0001948491767741537,CANDIDATE_STRUCTURAL_ZERO
2026-04-04,219.88237931999998,216.36404874,219.86437761,0.01131229,0.01880058,-0.01600096647526125,-0.025489999999990687,-0.00011592561477104307,CANDIDATE_STRUCTURAL_ZERO
2026-04-05,215.37333719999998,211.83312138000002,215.34504914999997,0.00558955,0.021521499999999995,-0.01643757702798858,-0.04422000000002413,-0.00020531789391813415,CANDIDATE_STRUCTURAL_ZERO
2026-04-06,244.35202305,240.77136492,244.11875356999997,0.01378955,0.041260069999999996,-0.014653687271774022,-0.26074000000002684,-0.0010670670811130279,CANDIDATE_STRUCTURAL_ZERO
2026-04-07,252.38367250999997,248.37738135,252.24998114,0.00860052,0.02315915,-0.015873812755621993,-0.14824999999999022,-0.0005873993294638196,CANDIDATE_STRUCTURAL_ZERO
2026-04-08,253.58492005,249.61701096999997,253.35735578999999,0.01171152,0.029987259999999998,-0.01564725962102819,-0.24584000000001538,-0.000969458278321686,CANDIDATE_STRUCTURAL_ZERO
2026-04-09,254.89311949,251.16746347999998,254.74181119999997,0.01085295,0.020274659999999996,-0.01461654209205199,-0.16073000000005777,-0.0006305780254941858,CANDIDATE_STRUCTURAL_ZERO
2026-04-10,254.63563133,251.28069299999999,254.53349371999997,0.02021042,0.02800281,-0.013175447255659648,-0.10993000000001985,-0.00043171491525297934,CANDIDATE_STRUCTURAL_ZERO
2026-04-11,242.42491744999998,238.45108403,242.41575847999997,0.01010029,0.02824132,-0.016392017214235322,-0.027300000000025193,-0.00011261218643358229,CANDIDATE_STRUCTURAL_ZERO
2026-04-12,223.99757269,220.69524101000002,223.91993764,0.008929920000000001,0.02804487,-0.014742711897910703,-0.0967499999999859,-0.0004319243232777457,CANDIDATE_STRUCTURAL_ZERO
2026-04-13,249.08503525999998,245.11446726999998,248.86457329,0.00599,0.027728029999999997,-0.015940612352947848,-0.24219999999996844,-0.0009723586956846091,CANDIDATE_STRUCTURAL_ZERO
2026-04-14,249.78956616,246.22106294999998,249.7474978,0.00954524,0.02633688,-0.014286037903257541,-0.058860000000009904,-0.00023563834512730516,CANDIDATE_STRUCTURAL_ZERO
2026-04-15,248.25510771,245.20761569999996,248.21602998,0.00980024,0.03574251,-0.012275646765584293,-0.06502000000000407,-0.0002619080050347137,CANDIDATE_STRUCTURAL_ZERO
2026-04-16,249.01429628999998,245.35517619,248.94199903999998,0.0058141600000000005,0.02289691,-0.014694417768442445,-0.08937999999997714,-0.0003589352150925742,CANDIDATE_STRUCTURAL_ZERO
2026-04-17,248.01310336999998,244.28980543,247.92291613999998,0.004671079999999999,0.023293849999999998,-0.015012504941907662,-0.10880999999997698,-0.00043872681935537924,CANDIDATE_STRUCTURAL_ZERO
2026-04-18,235.83950675999998,232.5043369,235.68447448,0.00168352,0.016571239999999997,-0.014141692822458224,-0.1699199999999621,-0.0007204899736025979,CANDIDATE_STRUCTURAL_ZERO
2026-04-19,218.65057012,214.78848863999997,217.90914462,0.00190611,0.01698061,-0.017663258220092626,-0.7564999999999884,-0.0034598583465151973,CANDIDATE_STRUCTURAL_ZERO
2026-04-20,244.64425933,241.16632181,244.55929183,0.007784849999999999,0.01472735,-0.014216305461345941,-0.0919099999999844,-0.0003756883576655164,CANDIDATE_STRUCTURAL_ZERO
2026-04-21,249.08607974999998,244.83934102999999,249.03320336999997,0.006936770000000001,0.024320389999999994,-0.01704928161486309,-0.07026000000001886,-0.0002820711621883353,CANDIDATE_STRUCTURAL_ZERO
2026-04-22,249.56339128,245.24975396,248.85600225999997,0.01075954,0.022550519999999998,-0.017284735945747236,-0.7191800000000228,-0.002881752793594362,CANDIDATE_STRUCTURAL_ZERO
2026-04-23,248.74434021,245.07641067999998,248.51250797999998,0.01097401,0.032231779999999995,-0.01474578085637404,-0.25308999999998605,-0.0010174703866078613,CANDIDATE_STRUCTURAL_ZERO
2026-04-24,249.01672374999998,244.48301209,248.06621802,0.007313419999999999,0.02498769,-0.018206454537373195,-0.9681799999999612,-0.0038880119592769368,CANDIDATE_STRUCTURAL_ZERO
2026-04-25,237.22614572999998,233.99672411,237.21242155,0.00487131,0.021287129999999998,-0.013613261767847306,-0.03013999999998873,-0.00012705176281156087,CANDIDATE_STRUCTURAL_ZERO
2026-04-26,219.900568,216.84906230999997,219.75565523,0.005062240000000001,0.019589469999999998,-0.01387675219647467,-0.15943999999998937,-0.0007250549712085754,CANDIDATE_STRUCTURAL_ZERO
2026-04-27,246.85245300999998,243.37590937,246.71712321,0.00310075,0.019120949999999998,-0.014083488325146009,-0.15134999999997945,-0.0006131192870659797,CANDIDATE_STRUCTURAL_ZERO
2026-04-28,252.88455317999998,249.03037125999998,252.82842962,0.0019134500000000001,0.01484989,-0.015240875219676406,-0.06905999999997903,-0.000273089040558452,CANDIDATE_STRUCTURAL_ZERO
2026-04-29,251.86860419999996,248.22753627999998,251.73153621,0.00405218,0.01727419,-0.014456219867358854,-0.15028999999995563,-0.0005967000153803038,CANDIDATE_STRUCTURAL_ZERO
2026-04-30,252.78413584,248.63732237,252.71463888,0.00531503,0.016528070000000002,-0.016404563744556906,-0.0807100000000105,-0.0003192842768072122,CANDIDATE_STRUCTURAL_ZERO
2026-05-01,235.86790536,231.67975399,235.84130554999996,0.0070013900000000006,0.019691579999999997,-0.017756342744502395,-0.039290000000050895,-0.0001665762874354755,CANDIDATE_STRUCTURAL_ZERO
2026-05-02,233.43311788,230.57373224999998,233.36000744999998,0.0052083799999999994,0.01735795,-0.0122492714657135,-0.08526000000000522,-0.0003652438041967742,CANDIDATE_STRUCTURAL_ZERO
2026-05-03,218.43337896999998,216.04997945,218.00633779999998,0.009606139999999999,0.020794970000000003,-0.010911333841186074,-0.43823000000000434,-0.002006240996986965,CANDIDATE_STRUCTURAL_ZERO
2026-05-04,247.05794469,244.77534277,247.03174765,0.00555214,0.0384651,-0.0092391358750439,-0.05911000000000399,-0.00023925561298655354,CANDIDATE_STRUCTURAL_ZERO
2026-05-05,256.08219512,253.69045275,255.95964087,0.011789389999999999,0.029545139999999994,-0.009339744877144753,-0.1403100000000279,-0.0005479100174624742,CANDIDATE_STRUCTURAL_ZERO
2026-05-06,256.43582725,254.24517214999995,256.32329125999996,0.00774974,0.02186375,-0.008542702958055731,-0.12665000000004056,-0.0004938857466143728,CANDIDATE_STRUCTURAL_ZERO
2026-05-07,258.68430963,255.01571173,258.43797946999996,0.00663386,0.03140369999999999,-0.01418175654042269,-0.2710999999999899,-0.001047995529329739,CANDIDATE_STRUCTURAL_ZERO
2026-05-08,256.8056787,253.17809376999998,256.53434669,0.0070764,0.03077439,-0.014125797172257048,-0.2950299999999402,-0.0011488453117292387,CANDIDATE_STRUCTURAL_ZERO
2026-05-09,243.73793741999998,240.65258401999998,243.55918247,0.008463909999999998,0.028108959999999995,-0.01265848653951411,-0.19839999999999236,-0.0008139890002355973,CANDIDATE_STRUCTURAL_ZERO
2026-05-10,224.17437052,221.58743151,224.1144969,0.00095418,0.023340559999999996,-0.011539851785907934,-0.0822599999999909,-0.0003669464970914325,CANDIDATE_STRUCTURAL_ZERO
2026-05-11,251.89769431,248.0189403,251.74599633999998,0.00913448,0.03912651,-0.015398132248191893,-0.18169000000000324,-0.0007212848870954925,CANDIDATE_STRUCTURAL_ZERO
2026-05-12,253.62614241999998,250.08770665999998,253.40569996,0.010660069999999999,0.02685761,-0.013951384215513627,-0.2366399999999942,-0.0009330268470831486,CANDIDATE_STRUCTURAL_ZERO
2026-05-13,255.66693752,251.74151727,254.94133109,0.00614024,0.02385381,-0.015353648336687762,-0.7433199999999829,-0.0029073763201854573,CANDIDATE_STRUCTURAL_ZERO
2026-05-14,258.39047701,254.68985153,258.05319416,0.00864307,0.01777022,-0.014321833849382798,-0.34640999999999167,-0.0013406453829433707,CANDIDATE_STRUCTURAL_ZERO
2026-05-15,261.86610738999997,258.29489061,261.69914839,0.01181177,0.029122769999999996,-0.013637567746334333,-0.1842699999999695,-0.0007036802197755751,CANDIDATE_STRUCTURAL_ZERO
2026-05-16,249.59519705,244.80943115999997,249.24463744999997,0.008061229999999999,0.031071630000000003,-0.019174110505985883,-0.37357000000002927,-0.0014967034799359305,CANDIDATE_STRUCTURAL_ZERO
2026-05-17,223.56679881999997,219.70706572,223.46341034,0.007257910000000001,0.026019429999999996,-0.017264339429521255,-0.12214999999997644,-0.0005463691417719091,CANDIDATE_STRUCTURAL_ZERO
2026-05-18,228.70752922999998,225.3853732,228.18672386999998,0.00795653,0.031391169999999996,-0.014525783393248256,-0.544240000000002,-0.002379633070377349,CANDIDATE_STRUCTURAL_ZERO
2026-05-19,254.38660244,250.76637282,254.05068566,0.010535329999999999,0.017938549999999998,-0.014231211806265923,-0.3433199999999772,-0.0013495993763309652,CANDIDATE_STRUCTURAL_ZERO
2026-05-20,259.22350117999997,255.21774465,258.76714666,0.024192030000000003,0.040917510000000004,-0.015452906514129915,-0.47307999999998174,-0.0018249888526560862,CANDIDATE_STRUCTURAL_ZERO
2026-05-21,257.75410225,253.30863778,257.25675663999994,0.006639170000000001,0.08228356,-0.017246920344601492,-0.5729900000000612,-0.002223010206232561,CANDIDATE_STRUCTURAL_ZERO
2026-05-22,258.75093882,255.11922962,258.70829996000003,0.00076903,0.13582017000000002,-0.014035540186103002,-0.1776899999999273,-0.0006867221460538827,CANDIDATE_STRUCTURAL_ZERO
2026-05-23,248.04156791,245.0319334,247.9513565,0.00440291,0.023611500000000004,-0.012133589282470617,-0.10941999999997165,-0.0004411357375376448,CANDIDATE_STRUCTURAL_ZERO
2026-05-24,225.25651835,222.33332843999997,224.51987727999997,0.005610459999999999,0.024399389999999996,-0.012977160134642644,-0.7554300000000183,-0.0033536432398650643,CANDIDATE_STRUCTURAL_ZERO
2026-05-25,254.15615791,251.25953443,253.81355535,0.00834322,0.03100066,-0.011397022617196316,-0.36525999999997794,-0.00143714794480534,CANDIDATE_STRUCTURAL_ZERO
2026-05-26,257.36075052999996,253.77199782,257.19131791999996,0.00749213,0.023539519999999994,-0.013944444530136825,-0.1854799999999841,-0.0007207004161202239,CANDIDATE_STRUCTURAL_ZERO
2026-05-27,257.27097754,253.6223532,257.00374031999996,0.01109595,0.028568730000000004,-0.014182028516732777,-0.2847100000000182,-0.0011066541695545589,CANDIDATE_STRUCTURAL_ZERO
2026-05-28,259.85771601,255.78188007,259.31450242,0.00525797,0.02701438,-0.01568487556414581,-0.5649700000000166,-0.0021741513343335747,CANDIDATE_STRUCTURAL_ZERO
2026-05-29,256.40825163,252.31592543999997,256.19531944999994,0.00485823,0.028026049999999993,-0.01596019692808208,-0.23610000000002174,-0.0009207971993846622,CANDIDATE_STRUCTURAL_ZERO
2026-05-30,240.76929665999998,237.05151163999997,240.32963525999998,0.00371559,0.02273419,-0.015441275410003967,-0.4586799999999869,-0.0019050601815218465,CANDIDATE_STRUCTURAL_ZERO
2026-05-31,221.35336921,218.56189496999997,221.20359929999998,0.00758309,0.026883180000000007,-0.012610940822643383,-0.16907000000003336,-0.0007638013399273588,CANDIDATE_STRUCTURAL_ZERO
2026-06-01,253.0124644,249.77006833000002,252.97857392999998,0.00492206,0.026531589999999997,-0.012815163386076973,-0.055499999999995,-0.00021935678201312757,CANDIDATE_STRUCTURAL_ZERO
2026-06-02,257.37705285,253.95204186999996,257.34767589,0.00997021,0.03080325,-0.01330736731217499,-0.05020999999999276,-0.00019508343670892556,CANDIDATE_STRUCTURAL_ZERO
2026-06-03,254.00980228,250.55166609999998,253.96538447,0.014937450000000003,0.03135964,-0.013614183976207554,-0.060840000000013106,-0.00023951831564731496,CANDIDATE_STRUCTURAL_ZERO
2026-06-04,251.22304905000001,247.47841577999998,251.14093379000002,0.008356780000000001,0.03254152,-0.014905611902094048,-0.10629999999997608,-0.00042312996519208544,CANDIDATE_STRUCTURAL_ZERO
2026-06-05,247.75603594999998,244.05649037999999,247.5928138,0.009671939999999999,0.03434979,-0.014932211664649853,-0.18789999999998486,-0.0007584073553626974,CANDIDATE_STRUCTURAL_ZERO
2026-06-06,231.70983381,227.98104426999998,231.72160006,0.00488819,0.03339444,-0.016092495854351966,-0.016739999999998645,-7.224553107972662e-05,CANDIDATE_STRUCTURAL_ZERO
2026-06-07,209.87074218,207.37507069999998,209.84310722,0.0055022199999999995,0.023387259999999997,-0.011891469263779333,-0.04551999999998202,-0.00021689540679729834,CANDIDATE_STRUCTURAL_ZERO
2026-06-08,213.88514136,211.38140898999998,213.81996106,0.01041311,0.01858281,-0.01170596682911168,-0.07335000000000491,-0.00034294107357624306,CANDIDATE_STRUCTURAL_ZERO
2026-06-09,241.33082413999998,236.13020941999997,241.33497115,0.00312199,0.024489000000000004,-0.02154973256538105,-0.01721999999995205,-7.135433304600346e-05,CANDIDATE_STRUCTURAL_ZERO
2026-06-10,245.76880687,242.26838898,245.48464910999996,0.0059176,0.023879840000000003,-0.01424272646549303,-0.3021200000000306,-0.0012292853753399133,CANDIDATE_STRUCTURAL_ZERO
2026-06-11,254.56619958,250.77692399,254.52990345999999,0.0079458,0.02977968,-0.014885226696441961,-0.058130000000005566,-0.0002283492470560202,CANDIDATE_STRUCTURAL_ZERO
2026-06-12,259.80896414,255.85678825999997,259.64658334,0.006948639999999999,0.019517839999999995,-0.01521185342115589,-0.17494999999996708,-0.0006733793831135632,CANDIDATE_STRUCTURAL_ZERO
2026-06-13,248.23665659,244.32311367,248.10137224,0.0043478,0.03350345,-0.01576537073033416,-0.16444000000001324,-0.0006624323831093589,CANDIDATE_STRUCTURAL_ZERO
2026-06-14,223.34696572,220.0409147,223.16155604,0.00699288,0.0279932,-0.014802309981433242,-0.2064099999999769,-0.0009241674689180412,CANDIDATE_STRUCTURAL_ZERO
2026-06-15,223.28139094999997,219.81941195,223.01326978999998,0.009245,0.03424384,-0.015505004627883368,-0.2931199999999876,-0.0013127829361544365,CANDIDATE_STRUCTURAL_ZERO
2026-06-16,245.26372572999998,242.00403911999996,245.18572016,0.014349910000000002,0.01936434,-0.013290536952816505,-0.08302000000000476,-0.0003384927785505379,CANDIDATE_STRUCTURAL_ZERO
2026-06-17,250.97387755,247.53581223999998,250.47798792999998,0.00657145,0.025261830000000006,-0.013698897046825394,-0.5145800000000236,-0.00205033290724652,CANDIDATE_STRUCTURAL_ZERO
2026-06-18,247.61024288,243.97154310999997,247.59635895999998,0.010840550000000001,0.02703663,-0.014695271599743348,-0.030079999999998108,-0.00012148124265834939,CANDIDATE_STRUCTURAL_ZERO
2026-06-19,249.06590437,245.19019698,248.94566487999998,0.009234530000000001,0.01850504,-0.0155609713011639,-0.12951000000003887,-0.0005199828548497156,CANDIDATE_STRUCTURAL_ZERO
2026-06-20,239.71355813,236.14413553999998,239.62153229,0.00780164,0.029335800000000002,-0.01489036589271379,-0.11356000000000677,-0.0004737320695829044,CANDIDATE_STRUCTURAL_ZERO
2026-06-21,217.84995074,214.98002006999997,217.63630937,0.007318089999999999,0.02130672,-0.013173887165231638,-0.22763000000000488,-0.001044893511459533,CANDIDATE_STRUCTURAL_ZERO
2026-06-22,250.94236966,247.63225171,250.88255678999997,0.00803073,0.02530786,-0.01319074955132073,-0.07709000000002675,-0.00030720200859055976,CANDIDATE_STRUCTURAL_ZERO
2026-06-23,254.95573093,251.52575789,254.94953857,0.00904154,0.03818918,-0.013453210200408156,-0.03533999999999082,-0.0001386122989708111,CANDIDATE_STRUCTURAL_ZERO
2026-06-24,255.27346769,252.07071188,255.21592866999998,0.01332322,0.031124200000000005,-0.012546371696918225,-0.07534000000001129,-0.00029513447159930844,CANDIDATE_STRUCTURAL_ZERO
2026-06-25,258.78098782,254.92688268999999,258.68015166,0.013238800000000002,0.020412640000000003,-0.014893308671813314,-0.10801000000003569,-0.0004173799663952287,CANDIDATE_STRUCTURAL_ZERO
2026-06-26,256.38656812,253.02948437999999,256.31607591,0.009500909999999998,0.018038700000000005,-0.013093836251315424,-0.07902999999998883,-0.00030824547705244595,CANDIDATE_STRUCTURAL_ZERO
2026-06-27,242.62375174,238.62421737,242.59284520999998,0.0062458800000000005,0.027249350000000002,-0.016484512918941117,-0.05191000000002077,-0.000213952672101322,CANDIDATE_STRUCTURAL_ZERO
2026-06-28,223.50929903,220.27321782999996,223.42904198999997,0.007043590000000001,0.00914655,-0.014478508115967355,-0.08236000000002264,-0.0003684857872019368,CANDIDATE_STRUCTURAL_ZERO
2026-06-29,232.24851730999998,229.36495923,232.15895367,0.02359451,0.042480870000000004,-0.012415829876541535,-0.1084499999999764,-0.0004669566947341146,CANDIDATE_STRUCTURAL_ZERO
2026-06-30,256.26047688,253.06581683999997,256.13583001,0.023554330000000002,0.06213745999999999,-0.012466456313885677,-0.1632299999999418,-0.0006369690792247222,CANDIDATE_STRUCTURAL_ZERO
2026-07-01,257.16006916,253.64293252,256.89564981999996,0.0060256,0.03275626000000001,-0.013676838132329542,-0.291150000000016,-0.0011321742172143692,CANDIDATE_STRUCTURAL_ZERO
2026-07-02,258.0871299,254.18543891000002,257.97018926,0.018647079999999996,0.022976439999999997,-0.015117727844514123,-0.12126999999998134,-0.00046988007517836846,CANDIDATE_STRUCTURAL_ZERO
2026-07-03,253.60880989999998,250.72420541999998,253.53359782999996,0.012796910000000002,0.01698484,-0.01137422821051615,-0.07940000000002101,-0.0003130806064321231,CANDIDATE_STRUCTURAL_ZERO
2026-07-04,239.11523319999998,235.73061722,238.94719858,0.00725143,0.02564681,-0.014154748464599196,-0.18643000000000143,-0.000779665927197822,CANDIDATE_STRUCTURAL_ZERO
2026-07-05,223.54741869999998,220.60947794,223.45023176999996,0.0065531700000000005,0.01766624,-0.01314236047584465,-0.10830000000004247,-0.00048446097311184244,CANDIDATE_STRUCTURAL_ZERO
2026-07-06,255.48546144999997,252.39815676999999,255.43968281999997,0.012297649999999999,0.023009019999999998,-0.012084071878212109,-0.0564899999999966,-0.00022110847200223965,CANDIDATE_STRUCTURAL_ZERO
2026-07-07,258.69407099,254.59134991999997,258.6304615,0.013801700000000002,0.038982209999999996,-0.015859354852236343,-0.0887899999999604,-0.00034322394657198245,CANDIDATE_STRUCTURAL_ZERO
2026-07-08,262.65251337,258.17076276,262.54998818,0.0079991,0.02879391,-0.017063421752551593,-0.12331999999997834,-0.0004695176848593746,CANDIDATE_STRUCTURAL_ZERO
2026-07-09,259.42277716999996,253.83592180999997,259.26741968,0.008054790000000001,0.031577299999999996,-0.021535716412205842,-0.17887999999993554,-0.0006895308189639621,CANDIDATE_STRUCTURAL_ZERO
2026-07-10,255.6192088,251.09844289,255.18398845,0.01083164,0.025551290000000004,-0.017685548481362775,-0.44994000000002643,-0.001760196356573757,CANDIDATE_STRUCTURAL_ZERO
2026-07-11,245.98163938999997,240.87830602,245.57889988,0.006975599999999999,0.020596090000000004,-0.02074680607323183,-0.416359999999969,-0.0016926466586387645,CANDIDATE_STRUCTURAL_ZERO
2026-07-12,222.48618065,41.99203849,222.45448782,0.00550665,0.022043820000000002,-0.8112600145891353,-0.04822999999998956,-0.0002167775088730643,CANDIDATE_STRUCTURAL_ZERO
2026-07-13,225.55885290999998,48.649712369999996,225.52957232,0.00734132,0.027320729999999994,-0.7843147730964403,-0.049260000000003856,-0.00021839089605433948,CANDIDATE_STRUCTURAL_ZERO
