Date,Id,code,name,Hour,Value,unit_catalog,unit_effective,unit_override_applied,override_reason,Value_MW
2026-06-01,Recurso,2QEK,,Hour01,35000.0,kWh,kW,True,"La magnitud y comportamiento horario coinciden con CapEfecNeta, DispoReal y DispoCome y la descripcion oficial corresponde a potencia neta.",35.0
2026-06-01,Recurso,2QEK,,Hour02,35000.0,kWh,kW,True,"La magnitud y comportamiento horario coinciden con CapEfecNeta, DispoReal y DispoCome y la descripcion oficial corresponde a potencia neta.",35.0
2026-06-01,Recurso,2QEK,,Hour03,35000.0,kWh,kW,True,"La magnitud y comportamiento horario coinciden con CapEfecNeta, DispoReal y DispoCome y la descripcion oficial corresponde a potencia neta.",35.0
2026-06-01,Recurso,2QEK,,Hour04,35000.0,kWh,kW,True,"La magnitud y comportamiento horario coinciden con CapEfecNeta, DispoReal y DispoCome y la descripcion oficial corresponde a potencia neta.",35.0
2026-06-01,Recurso,2QEK,,Hour05,35000.0,kWh,kW,True,"La magnitud y comportamiento horario coinciden con CapEfecNeta, DispoReal y DispoCome y la descripcion oficial corresponde a potencia neta.",35.0
2026-06-01,Recurso,2QEK,,Hour06,35000.0,kWh,kW,True,"La magnitud y comportamiento horario coinciden con CapEfecNeta, DispoReal y DispoCome y la descripcion oficial corresponde a potencia neta.",35.0
2026-06-01,Recurso,2QEK,,Hour07,35000.0,kWh,kW,True,"La magnitud y comportamiento horario coinciden con CapEfecNeta, DispoReal y DispoCome y la descripcion oficial corresponde a potencia neta.",35.0
2026-06-01,Recurso,2QEK,,Hour08,35000.0,kWh,kW,True,"La magnitud y comportamiento horario coinciden con CapEfecNeta, DispoReal y DispoCome y la descripcion oficial corresponde a potencia neta.",35.0
2026-06-01,Recurso,2QEK,,Hour09,35000.0,kWh,kW,True,"La magnitud y comportamiento horario coinciden con CapEfecNeta, DispoReal y DispoCome y la descripcion oficial corresponde a potencia neta.",35.0
2026-06-01,Recurso,2QEK,,Hour10,35000.0,kWh,kW,True,"La magnitud y comportamiento horario coinciden con CapEfecNeta, DispoReal y DispoCome y la descripcion oficial corresponde a potencia neta.",35.0
2026-06-01,Recurso,2QEK,,Hour11,35000.0,kWh,kW,True,"La magnitud y comportamiento horario coinciden con CapEfecNeta, DispoReal y DispoCome y la descripcion oficial corresponde a potencia neta.",35.0
2026-06-01,Recurso,2QEK,,Hour12,35000.0,kWh,kW,True,"La magnitud y comportamiento horario coinciden con CapEfecNeta, DispoReal y DispoCome y la descripcion oficial corresponde a potencia neta.",35.0
2026-06-01,Recurso,2QEK,,Hour13,35000.0,kWh,kW,True,"La magnitud y comportamiento horario coinciden con CapEfecNeta, DispoReal y DispoCome y la descripcion oficial corresponde a potencia neta.",35.0
2026-06-01,Recurso,2QEK,,Hour14,35000.0,kWh,kW,True,"La magnitud y comportamiento horario coinciden con CapEfecNeta, DispoReal y DispoCome y la descripcion oficial corresponde a potencia neta.",35.0
2026-06-01,Recurso,2QEK,,Hour15,35000.0,kWh,kW,True,"La magnitud y comportamiento horario coinciden con CapEfecNeta, DispoReal y DispoCome y la descripcion oficial corresponde a potencia neta.",35.0
2026-06-01,Recurso,2QEK,,Hour16,35000.0,kWh,kW,True,"La magnitud y comportamiento horario coinciden con CapEfecNeta, DispoReal y DispoCome y la descripcion oficial corresponde a potencia neta.",35.0
2026-06-01,Recurso,2QEK,,Hour17,35000.0,kWh,kW,True,"La magnitud y comportamiento horario coinciden con CapEfecNeta, DispoReal y DispoCome y la descripcion oficial corresponde a potencia neta.",35.0
2026-06-01,Recurso,2QEK,,Hour18,35000.0,kWh,kW,True,"La magnitud y comportamiento horario coinciden con CapEfecNeta, DispoReal y DispoCome y la descripcion oficial corresponde a potencia neta.",35.0
2026-06-01,Recurso,2QEK,,Hour19,35000.0,kWh,kW,True,"La magnitud y comportamiento horario coinciden con CapEfecNeta, DispoReal y DispoCome y la descripcion oficial corresponde a potencia neta.",35.0
2026-06-01,Recurso,2QEK,,Hour20,35000.0,kWh,kW,True,"La magnitud y comportamiento horario coinciden con CapEfecNeta, DispoReal y DispoCome y la descripcion oficial corresponde a potencia neta.",35.0
2026-06-01,Recurso,2QEK,,Hour21,35000.0,kWh,kW,True,"La magnitud y comportamiento horario coinciden con CapEfecNeta, DispoReal y DispoCome y la descripcion oficial corresponde a potencia neta.",35.0
2026-06-01,Recurso,2QEK,,Hour22,35000.0,kWh,kW,True,"La magnitud y comportamiento horario coinciden con CapEfecNeta, DispoReal y DispoCome y la descripcion oficial corresponde a potencia neta.",35.0
2026-06-01,Recurso,2QEK,,Hour23,35000.0,kWh,kW,True,"La magnitud y comportamiento horario coinciden con CapEfecNeta, DispoReal y DispoCome y la descripcion oficial corresponde a potencia neta.",35.0
2026-06-01,Recurso,2QEK,,Hour24,35000.0,kWh,kW,True,"La magnitud y comportamiento horario coinciden con CapEfecNeta, DispoReal y DispoCome y la descripcion oficial corresponde a potencia neta.",35.0
2026-06-01,Recurso,3ENA,,Hour01,200000.0,kWh,kW,True,"La magnitud y comportamiento horario coinciden con CapEfecNeta, DispoReal y DispoCome y la descripcion oficial corresponde a potencia neta.",200.0
2026-06-01,Recurso,3ENA,,Hour02,200000.0,kWh,kW,True,"La magnitud y comportamiento horario coinciden con CapEfecNeta, DispoReal y DispoCome y la descripcion oficial corresponde a potencia neta.",200.0
2026-06-01,Recurso,3ENA,,Hour03,200000.0,kWh,kW,True,"La magnitud y comportamiento horario coinciden con CapEfecNeta, DispoReal y DispoCome y la descripcion oficial corresponde a potencia neta.",200.0
2026-06-01,Recurso,3ENA,,Hour04,200000.0,kWh,kW,True,"La magnitud y comportamiento horario coinciden con CapEfecNeta, DispoReal y DispoCome y la descripcion oficial corresponde a potencia neta.",200.0
2026-06-01,Recurso,3ENA,,Hour05,200000.0,kWh,kW,True,"La magnitud y comportamiento horario coinciden con CapEfecNeta, DispoReal y DispoCome y la descripcion oficial corresponde a potencia neta.",200.0
2026-06-01,Recurso,3ENA,,Hour06,200000.0,kWh,kW,True,"La magnitud y comportamiento horario coinciden con CapEfecNeta, DispoReal y DispoCome y la descripcion oficial corresponde a potencia neta.",200.0
2026-06-01,Recurso,3ENA,,Hour07,200000.0,kWh,kW,True,"La magnitud y comportamiento horario coinciden con CapEfecNeta, DispoReal y DispoCome y la descripcion oficial corresponde a potencia neta.",200.0
2026-06-01,Recurso,3ENA,,Hour08,200000.0,kWh,kW,True,"La magnitud y comportamiento horario coinciden con CapEfecNeta, DispoReal y DispoCome y la descripcion oficial corresponde a potencia neta.",200.0
2026-06-01,Recurso,3ENA,,Hour09,200000.0,kWh,kW,True,"La magnitud y comportamiento horario coinciden con CapEfecNeta, DispoReal y DispoCome y la descripcion oficial corresponde a potencia neta.",200.0
2026-06-01,Recurso,3ENA,,Hour10,200000.0,kWh,kW,True,"La magnitud y comportamiento horario coinciden con CapEfecNeta, DispoReal y DispoCome y la descripcion oficial corresponde a potencia neta.",200.0
2026-06-01,Recurso,3ENA,,Hour11,200000.0,kWh,kW,True,"La magnitud y comportamiento horario coinciden con CapEfecNeta, DispoReal y DispoCome y la descripcion oficial corresponde a potencia neta.",200.0
2026-06-01,Recurso,3ENA,,Hour12,200000.0,kWh,kW,True,"La magnitud y comportamiento horario coinciden con CapEfecNeta, DispoReal y DispoCome y la descripcion oficial corresponde a potencia neta.",200.0
2026-06-01,Recurso,3ENA,,Hour13,200000.0,kWh,kW,True,"La magnitud y comportamiento horario coinciden con CapEfecNeta, DispoReal y DispoCome y la descripcion oficial corresponde a potencia neta.",200.0
2026-06-01,Recurso,3ENA,,Hour14,200000.0,kWh,kW,True,"La magnitud y comportamiento horario coinciden con CapEfecNeta, DispoReal y DispoCome y la descripcion oficial corresponde a potencia neta.",200.0
2026-06-01,Recurso,3ENA,,Hour15,200000.0,kWh,kW,True,"La magnitud y comportamiento horario coinciden con CapEfecNeta, DispoReal y DispoCome y la descripcion oficial corresponde a potencia neta.",200.0
2026-06-01,Recurso,3ENA,,Hour16,200000.0,kWh,kW,True,"La magnitud y comportamiento horario coinciden con CapEfecNeta, DispoReal y DispoCome y la descripcion oficial corresponde a potencia neta.",200.0
2026-06-01,Recurso,3ENA,,Hour17,200000.0,kWh,kW,True,"La magnitud y comportamiento horario coinciden con CapEfecNeta, DispoReal y DispoCome y la descripcion oficial corresponde a potencia neta.",200.0
2026-06-01,Recurso,3ENA,,Hour18,200000.0,kWh,kW,True,"La magnitud y comportamiento horario coinciden con CapEfecNeta, DispoReal y DispoCome y la descripcion oficial corresponde a potencia neta.",200.0
2026-06-01,Recurso,3ENA,,Hour19,200000.0,kWh,kW,True,"La magnitud y comportamiento horario coinciden con CapEfecNeta, DispoReal y DispoCome y la descripcion oficial corresponde a potencia neta.",200.0
2026-06-01,Recurso,3ENA,,Hour20,200000.0,kWh,kW,True,"La magnitud y comportamiento horario coinciden con CapEfecNeta, DispoReal y DispoCome y la descripcion oficial corresponde a potencia neta.",200.0
2026-06-01,Recurso,3ENA,,Hour21,200000.0,kWh,kW,True,"La magnitud y comportamiento horario coinciden con CapEfecNeta, DispoReal y DispoCome y la descripcion oficial corresponde a potencia neta.",200.0
2026-06-01,Recurso,3ENA,,Hour22,200000.0,kWh,kW,True,"La magnitud y comportamiento horario coinciden con CapEfecNeta, DispoReal y DispoCome y la descripcion oficial corresponde a potencia neta.",200.0
2026-06-01,Recurso,3ENA,,Hour23,200000.0,kWh,kW,True,"La magnitud y comportamiento horario coinciden con CapEfecNeta, DispoReal y DispoCome y la descripcion oficial corresponde a potencia neta.",200.0
2026-06-01,Recurso,3ENA,,Hour24,200000.0,kWh,kW,True,"La magnitud y comportamiento horario coinciden con CapEfecNeta, DispoReal y DispoCome y la descripcion oficial corresponde a potencia neta.",200.0
2026-06-01,Recurso,4YCN,,Hour01,0.0,kWh,kW,True,"La magnitud y comportamiento horario coinciden con CapEfecNeta, DispoReal y DispoCome y la descripcion oficial corresponde a potencia neta.",0.0
2026-06-01,Recurso,4YCN,,Hour02,0.0,kWh,kW,True,"La magnitud y comportamiento horario coinciden con CapEfecNeta, DispoReal y DispoCome y la descripcion oficial corresponde a potencia neta.",0.0
2026-06-01,Recurso,4YCN,,Hour03,0.0,kWh,kW,True,"La magnitud y comportamiento horario coinciden con CapEfecNeta, DispoReal y DispoCome y la descripcion oficial corresponde a potencia neta.",0.0
2026-06-01,Recurso,4YCN,,Hour04,0.0,kWh,kW,True,"La magnitud y comportamiento horario coinciden con CapEfecNeta, DispoReal y DispoCome y la descripcion oficial corresponde a potencia neta.",0.0
2026-06-01,Recurso,4YCN,,Hour05,0.0,kWh,kW,True,"La magnitud y comportamiento horario coinciden con CapEfecNeta, DispoReal y DispoCome y la descripcion oficial corresponde a potencia neta.",0.0
2026-06-01,Recurso,4YCN,,Hour06,0.0,kWh,kW,True,"La magnitud y comportamiento horario coinciden con CapEfecNeta, DispoReal y DispoCome y la descripcion oficial corresponde a potencia neta.",0.0
2026-06-01,Recurso,4YCN,,Hour07,0.0,kWh,kW,True,"La magnitud y comportamiento horario coinciden con CapEfecNeta, DispoReal y DispoCome y la descripcion oficial corresponde a potencia neta.",0.0
2026-06-01,Recurso,4YCN,,Hour08,0.0,kWh,kW,True,"La magnitud y comportamiento horario coinciden con CapEfecNeta, DispoReal y DispoCome y la descripcion oficial corresponde a potencia neta.",0.0
2026-06-01,Recurso,4YCN,,Hour09,0.0,kWh,kW,True,"La magnitud y comportamiento horario coinciden con CapEfecNeta, DispoReal y DispoCome y la descripcion oficial corresponde a potencia neta.",0.0
2026-06-01,Recurso,4YCN,,Hour10,0.0,kWh,kW,True,"La magnitud y comportamiento horario coinciden con CapEfecNeta, DispoReal y DispoCome y la descripcion oficial corresponde a potencia neta.",0.0
2026-06-01,Recurso,4YCN,,Hour11,0.0,kWh,kW,True,"La magnitud y comportamiento horario coinciden con CapEfecNeta, DispoReal y DispoCome y la descripcion oficial corresponde a potencia neta.",0.0
2026-06-01,Recurso,4YCN,,Hour12,0.0,kWh,kW,True,"La magnitud y comportamiento horario coinciden con CapEfecNeta, DispoReal y DispoCome y la descripcion oficial corresponde a potencia neta.",0.0
2026-06-01,Recurso,4YCN,,Hour13,0.0,kWh,kW,True,"La magnitud y comportamiento horario coinciden con CapEfecNeta, DispoReal y DispoCome y la descripcion oficial corresponde a potencia neta.",0.0
2026-06-01,Recurso,4YCN,,Hour14,0.0,kWh,kW,True,"La magnitud y comportamiento horario coinciden con CapEfecNeta, DispoReal y DispoCome y la descripcion oficial corresponde a potencia neta.",0.0
2026-06-01,Recurso,4YCN,,Hour15,0.0,kWh,kW,True,"La magnitud y comportamiento horario coinciden con CapEfecNeta, DispoReal y DispoCome y la descripcion oficial corresponde a potencia neta.",0.0
2026-06-01,Recurso,4YCN,,Hour16,0.0,kWh,kW,True,"La magnitud y comportamiento horario coinciden con CapEfecNeta, DispoReal y DispoCome y la descripcion oficial corresponde a potencia neta.",0.0
2026-06-01,Recurso,4YCN,,Hour17,0.0,kWh,kW,True,"La magnitud y comportamiento horario coinciden con CapEfecNeta, DispoReal y DispoCome y la descripcion oficial corresponde a potencia neta.",0.0
2026-06-01,Recurso,4YCN,,Hour18,0.0,kWh,kW,True,"La magnitud y comportamiento horario coinciden con CapEfecNeta, DispoReal y DispoCome y la descripcion oficial corresponde a potencia neta.",0.0
2026-06-01,Recurso,4YCN,,Hour19,0.0,kWh,kW,True,"La magnitud y comportamiento horario coinciden con CapEfecNeta, DispoReal y DispoCome y la descripcion oficial corresponde a potencia neta.",0.0
2026-06-01,Recurso,4YCN,,Hour20,0.0,kWh,kW,True,"La magnitud y comportamiento horario coinciden con CapEfecNeta, DispoReal y DispoCome y la descripcion oficial corresponde a potencia neta.",0.0
2026-06-01,Recurso,4YCN,,Hour21,0.0,kWh,kW,True,"La magnitud y comportamiento horario coinciden con CapEfecNeta, DispoReal y DispoCome y la descripcion oficial corresponde a potencia neta.",0.0
2026-06-01,Recurso,4YCN,,Hour22,0.0,kWh,kW,True,"La magnitud y comportamiento horario coinciden con CapEfecNeta, DispoReal y DispoCome y la descripcion oficial corresponde a potencia neta.",0.0
2026-06-01,Recurso,4YCN,,Hour23,0.0,kWh,kW,True,"La magnitud y comportamiento horario coinciden con CapEfecNeta, DispoReal y DispoCome y la descripcion oficial corresponde a potencia neta.",0.0
2026-06-01,Recurso,4YCN,,Hour24,0.0,kWh,kW,True,"La magnitud y comportamiento horario coinciden con CapEfecNeta, DispoReal y DispoCome y la descripcion oficial corresponde a potencia neta.",0.0
2026-06-01,Recurso,5QT6,,Hour01,80000.0,kWh,kW,True,"La magnitud y comportamiento horario coinciden con CapEfecNeta, DispoReal y DispoCome y la descripcion oficial corresponde a potencia neta.",80.0
2026-06-01,Recurso,5QT6,,Hour02,80000.0,kWh,kW,True,"La magnitud y comportamiento horario coinciden con CapEfecNeta, DispoReal y DispoCome y la descripcion oficial corresponde a potencia neta.",80.0
2026-06-01,Recurso,5QT6,,Hour03,80000.0,kWh,kW,True,"La magnitud y comportamiento horario coinciden con CapEfecNeta, DispoReal y DispoCome y la descripcion oficial corresponde a potencia neta.",80.0
2026-06-01,Recurso,5QT6,,Hour04,80000.0,kWh,kW,True,"La magnitud y comportamiento horario coinciden con CapEfecNeta, DispoReal y DispoCome y la descripcion oficial corresponde a potencia neta.",80.0
2026-06-01,Recurso,5QT6,,Hour05,80000.0,kWh,kW,True,"La magnitud y comportamiento horario coinciden con CapEfecNeta, DispoReal y DispoCome y la descripcion oficial corresponde a potencia neta.",80.0
2026-06-01,Recurso,5QT6,,Hour06,80000.0,kWh,kW,True,"La magnitud y comportamiento horario coinciden con CapEfecNeta, DispoReal y DispoCome y la descripcion oficial corresponde a potencia neta.",80.0
2026-06-01,Recurso,5QT6,,Hour07,80000.0,kWh,kW,True,"La magnitud y comportamiento horario coinciden con CapEfecNeta, DispoReal y DispoCome y la descripcion oficial corresponde a potencia neta.",80.0
2026-06-01,Recurso,5QT6,,Hour08,80000.0,kWh,kW,True,"La magnitud y comportamiento horario coinciden con CapEfecNeta, DispoReal y DispoCome y la descripcion oficial corresponde a potencia neta.",80.0
2026-06-01,Recurso,5QT6,,Hour09,80000.0,kWh,kW,True,"La magnitud y comportamiento horario coinciden con CapEfecNeta, DispoReal y DispoCome y la descripcion oficial corresponde a potencia neta.",80.0
2026-06-01,Recurso,5QT6,,Hour10,80000.0,kWh,kW,True,"La magnitud y comportamiento horario coinciden con CapEfecNeta, DispoReal y DispoCome y la descripcion oficial corresponde a potencia neta.",80.0
2026-06-01,Recurso,5QT6,,Hour11,80000.0,kWh,kW,True,"La magnitud y comportamiento horario coinciden con CapEfecNeta, DispoReal y DispoCome y la descripcion oficial corresponde a potencia neta.",80.0
2026-06-01,Recurso,5QT6,,Hour12,80000.0,kWh,kW,True,"La magnitud y comportamiento horario coinciden con CapEfecNeta, DispoReal y DispoCome y la descripcion oficial corresponde a potencia neta.",80.0
2026-06-01,Recurso,5QT6,,Hour13,80000.0,kWh,kW,True,"La magnitud y comportamiento horario coinciden con CapEfecNeta, DispoReal y DispoCome y la descripcion oficial corresponde a potencia neta.",80.0
2026-06-01,Recurso,5QT6,,Hour14,80000.0,kWh,kW,True,"La magnitud y comportamiento horario coinciden con CapEfecNeta, DispoReal y DispoCome y la descripcion oficial corresponde a potencia neta.",80.0
2026-06-01,Recurso,5QT6,,Hour15,80000.0,kWh,kW,True,"La magnitud y comportamiento horario coinciden con CapEfecNeta, DispoReal y DispoCome y la descripcion oficial corresponde a potencia neta.",80.0
2026-06-01,Recurso,5QT6,,Hour16,80000.0,kWh,kW,True,"La magnitud y comportamiento horario coinciden con CapEfecNeta, DispoReal y DispoCome y la descripcion oficial corresponde a potencia neta.",80.0
2026-06-01,Recurso,5QT6,,Hour17,80000.0,kWh,kW,True,"La magnitud y comportamiento horario coinciden con CapEfecNeta, DispoReal y DispoCome y la descripcion oficial corresponde a potencia neta.",80.0
2026-06-01,Recurso,5QT6,,Hour18,80000.0,kWh,kW,True,"La magnitud y comportamiento horario coinciden con CapEfecNeta, DispoReal y DispoCome y la descripcion oficial corresponde a potencia neta.",80.0
2026-06-01,Recurso,5QT6,,Hour19,80000.0,kWh,kW,True,"La magnitud y comportamiento horario coinciden con CapEfecNeta, DispoReal y DispoCome y la descripcion oficial corresponde a potencia neta.",80.0
2026-06-01,Recurso,5QT6,,Hour20,80000.0,kWh,kW,True,"La magnitud y comportamiento horario coinciden con CapEfecNeta, DispoReal y DispoCome y la descripcion oficial corresponde a potencia neta.",80.0
2026-06-01,Recurso,5QT6,,Hour21,80000.0,kWh,kW,True,"La magnitud y comportamiento horario coinciden con CapEfecNeta, DispoReal y DispoCome y la descripcion oficial corresponde a potencia neta.",80.0
2026-06-01,Recurso,5QT6,,Hour22,80000.0,kWh,kW,True,"La magnitud y comportamiento horario coinciden con CapEfecNeta, DispoReal y DispoCome y la descripcion oficial corresponde a potencia neta.",80.0
2026-06-01,Recurso,5QT6,,Hour23,80000.0,kWh,kW,True,"La magnitud y comportamiento horario coinciden con CapEfecNeta, DispoReal y DispoCome y la descripcion oficial corresponde a potencia neta.",80.0
2026-06-01,Recurso,5QT6,,Hour24,80000.0,kWh,kW,True,"La magnitud y comportamiento horario coinciden con CapEfecNeta, DispoReal y DispoCome y la descripcion oficial corresponde a potencia neta.",80.0
2026-06-01,Recurso,ALBG,,Hour01,286000.0,kWh,kW,True,"La magnitud y comportamiento horario coinciden con CapEfecNeta, DispoReal y DispoCome y la descripcion oficial corresponde a potencia neta.",286.0
2026-06-01,Recurso,ALBG,,Hour02,286000.0,kWh,kW,True,"La magnitud y comportamiento horario coinciden con CapEfecNeta, DispoReal y DispoCome y la descripcion oficial corresponde a potencia neta.",286.0
2026-06-01,Recurso,ALBG,,Hour03,286000.0,kWh,kW,True,"La magnitud y comportamiento horario coinciden con CapEfecNeta, DispoReal y DispoCome y la descripcion oficial corresponde a potencia neta.",286.0
2026-06-01,Recurso,ALBG,,Hour04,286000.0,kWh,kW,True,"La magnitud y comportamiento horario coinciden con CapEfecNeta, DispoReal y DispoCome y la descripcion oficial corresponde a potencia neta.",286.0
2026-06-01,Recurso,ALBG,,Hour05,286000.0,kWh,kW,True,"La magnitud y comportamiento horario coinciden con CapEfecNeta, DispoReal y DispoCome y la descripcion oficial corresponde a potencia neta.",286.0
2026-06-01,Recurso,ALBG,,Hour06,286000.0,kWh,kW,True,"La magnitud y comportamiento horario coinciden con CapEfecNeta, DispoReal y DispoCome y la descripcion oficial corresponde a potencia neta.",286.0
2026-06-01,Recurso,ALBG,,Hour07,286000.0,kWh,kW,True,"La magnitud y comportamiento horario coinciden con CapEfecNeta, DispoReal y DispoCome y la descripcion oficial corresponde a potencia neta.",286.0
2026-06-01,Recurso,ALBG,,Hour08,286000.0,kWh,kW,True,"La magnitud y comportamiento horario coinciden con CapEfecNeta, DispoReal y DispoCome y la descripcion oficial corresponde a potencia neta.",286.0
2026-06-01,Recurso,ALBG,,Hour09,286000.0,kWh,kW,True,"La magnitud y comportamiento horario coinciden con CapEfecNeta, DispoReal y DispoCome y la descripcion oficial corresponde a potencia neta.",286.0
2026-06-01,Recurso,ALBG,,Hour10,286000.0,kWh,kW,True,"La magnitud y comportamiento horario coinciden con CapEfecNeta, DispoReal y DispoCome y la descripcion oficial corresponde a potencia neta.",286.0
2026-06-01,Recurso,ALBG,,Hour11,286000.0,kWh,kW,True,"La magnitud y comportamiento horario coinciden con CapEfecNeta, DispoReal y DispoCome y la descripcion oficial corresponde a potencia neta.",286.0
2026-06-01,Recurso,ALBG,,Hour12,286000.0,kWh,kW,True,"La magnitud y comportamiento horario coinciden con CapEfecNeta, DispoReal y DispoCome y la descripcion oficial corresponde a potencia neta.",286.0
2026-06-01,Recurso,ALBG,,Hour13,286000.0,kWh,kW,True,"La magnitud y comportamiento horario coinciden con CapEfecNeta, DispoReal y DispoCome y la descripcion oficial corresponde a potencia neta.",286.0
2026-06-01,Recurso,ALBG,,Hour14,286000.0,kWh,kW,True,"La magnitud y comportamiento horario coinciden con CapEfecNeta, DispoReal y DispoCome y la descripcion oficial corresponde a potencia neta.",286.0
2026-06-01,Recurso,ALBG,,Hour15,286000.0,kWh,kW,True,"La magnitud y comportamiento horario coinciden con CapEfecNeta, DispoReal y DispoCome y la descripcion oficial corresponde a potencia neta.",286.0
2026-06-01,Recurso,ALBG,,Hour16,286000.0,kWh,kW,True,"La magnitud y comportamiento horario coinciden con CapEfecNeta, DispoReal y DispoCome y la descripcion oficial corresponde a potencia neta.",286.0
2026-06-01,Recurso,ALBG,,Hour17,286000.0,kWh,kW,True,"La magnitud y comportamiento horario coinciden con CapEfecNeta, DispoReal y DispoCome y la descripcion oficial corresponde a potencia neta.",286.0
2026-06-01,Recurso,ALBG,,Hour18,286000.0,kWh,kW,True,"La magnitud y comportamiento horario coinciden con CapEfecNeta, DispoReal y DispoCome y la descripcion oficial corresponde a potencia neta.",286.0
2026-06-01,Recurso,ALBG,,Hour19,286000.0,kWh,kW,True,"La magnitud y comportamiento horario coinciden con CapEfecNeta, DispoReal y DispoCome y la descripcion oficial corresponde a potencia neta.",286.0
2026-06-01,Recurso,ALBG,,Hour20,286000.0,kWh,kW,True,"La magnitud y comportamiento horario coinciden con CapEfecNeta, DispoReal y DispoCome y la descripcion oficial corresponde a potencia neta.",286.0
2026-06-01,Recurso,ALBG,,Hour21,286000.0,kWh,kW,True,"La magnitud y comportamiento horario coinciden con CapEfecNeta, DispoReal y DispoCome y la descripcion oficial corresponde a potencia neta.",286.0
2026-06-01,Recurso,ALBG,,Hour22,286000.0,kWh,kW,True,"La magnitud y comportamiento horario coinciden con CapEfecNeta, DispoReal y DispoCome y la descripcion oficial corresponde a potencia neta.",286.0
2026-06-01,Recurso,ALBG,,Hour23,286000.0,kWh,kW,True,"La magnitud y comportamiento horario coinciden con CapEfecNeta, DispoReal y DispoCome y la descripcion oficial corresponde a potencia neta.",286.0
2026-06-01,Recurso,ALBG,,Hour24,286000.0,kWh,kW,True,"La magnitud y comportamiento horario coinciden con CapEfecNeta, DispoReal y DispoCome y la descripcion oficial corresponde a potencia neta.",286.0
2026-06-01,Recurso,CHBG,,Hour01,326000.0,kWh,kW,True,"La magnitud y comportamiento horario coinciden con CapEfecNeta, DispoReal y DispoCome y la descripcion oficial corresponde a potencia neta.",326.0
2026-06-01,Recurso,CHBG,,Hour02,326000.0,kWh,kW,True,"La magnitud y comportamiento horario coinciden con CapEfecNeta, DispoReal y DispoCome y la descripcion oficial corresponde a potencia neta.",326.0
2026-06-01,Recurso,CHBG,,Hour03,326000.0,kWh,kW,True,"La magnitud y comportamiento horario coinciden con CapEfecNeta, DispoReal y DispoCome y la descripcion oficial corresponde a potencia neta.",326.0
2026-06-01,Recurso,CHBG,,Hour04,326000.0,kWh,kW,True,"La magnitud y comportamiento horario coinciden con CapEfecNeta, DispoReal y DispoCome y la descripcion oficial corresponde a potencia neta.",326.0
2026-06-01,Recurso,CHBG,,Hour05,326000.0,kWh,kW,True,"La magnitud y comportamiento horario coinciden con CapEfecNeta, DispoReal y DispoCome y la descripcion oficial corresponde a potencia neta.",326.0
2026-06-01,Recurso,CHBG,,Hour06,326000.0,kWh,kW,True,"La magnitud y comportamiento horario coinciden con CapEfecNeta, DispoReal y DispoCome y la descripcion oficial corresponde a potencia neta.",326.0
2026-06-01,Recurso,CHBG,,Hour07,326000.0,kWh,kW,True,"La magnitud y comportamiento horario coinciden con CapEfecNeta, DispoReal y DispoCome y la descripcion oficial corresponde a potencia neta.",326.0
2026-06-01,Recurso,CHBG,,Hour08,326000.0,kWh,kW,True,"La magnitud y comportamiento horario coinciden con CapEfecNeta, DispoReal y DispoCome y la descripcion oficial corresponde a potencia neta.",326.0
2026-06-01,Recurso,CHBG,,Hour09,326000.0,kWh,kW,True,"La magnitud y comportamiento horario coinciden con CapEfecNeta, DispoReal y DispoCome y la descripcion oficial corresponde a potencia neta.",326.0
2026-06-01,Recurso,CHBG,,Hour10,326000.0,kWh,kW,True,"La magnitud y comportamiento horario coinciden con CapEfecNeta, DispoReal y DispoCome y la descripcion oficial corresponde a potencia neta.",326.0
2026-06-01,Recurso,CHBG,,Hour11,326000.0,kWh,kW,True,"La magnitud y comportamiento horario coinciden con CapEfecNeta, DispoReal y DispoCome y la descripcion oficial corresponde a potencia neta.",326.0
2026-06-01,Recurso,CHBG,,Hour12,326000.0,kWh,kW,True,"La magnitud y comportamiento horario coinciden con CapEfecNeta, DispoReal y DispoCome y la descripcion oficial corresponde a potencia neta.",326.0
2026-06-01,Recurso,CHBG,,Hour13,326000.0,kWh,kW,True,"La magnitud y comportamiento horario coinciden con CapEfecNeta, DispoReal y DispoCome y la descripcion oficial corresponde a potencia neta.",326.0
2026-06-01,Recurso,CHBG,,Hour14,326000.0,kWh,kW,True,"La magnitud y comportamiento horario coinciden con CapEfecNeta, DispoReal y DispoCome y la descripcion oficial corresponde a potencia neta.",326.0
2026-06-01,Recurso,CHBG,,Hour15,326000.0,kWh,kW,True,"La magnitud y comportamiento horario coinciden con CapEfecNeta, DispoReal y DispoCome y la descripcion oficial corresponde a potencia neta.",326.0
2026-06-01,Recurso,CHBG,,Hour16,326000.0,kWh,kW,True,"La magnitud y comportamiento horario coinciden con CapEfecNeta, DispoReal y DispoCome y la descripcion oficial corresponde a potencia neta.",326.0
2026-06-01,Recurso,CHBG,,Hour17,326000.0,kWh,kW,True,"La magnitud y comportamiento horario coinciden con CapEfecNeta, DispoReal y DispoCome y la descripcion oficial corresponde a potencia neta.",326.0
2026-06-01,Recurso,CHBG,,Hour18,326000.0,kWh,kW,True,"La magnitud y comportamiento horario coinciden con CapEfecNeta, DispoReal y DispoCome y la descripcion oficial corresponde a potencia neta.",326.0
2026-06-01,Recurso,CHBG,,Hour19,326000.0,kWh,kW,True,"La magnitud y comportamiento horario coinciden con CapEfecNeta, DispoReal y DispoCome y la descripcion oficial corresponde a potencia neta.",326.0
2026-06-01,Recurso,CHBG,,Hour20,326000.0,kWh,kW,True,"La magnitud y comportamiento horario coinciden con CapEfecNeta, DispoReal y DispoCome y la descripcion oficial corresponde a potencia neta.",326.0
2026-06-01,Recurso,CHBG,,Hour21,326000.0,kWh,kW,True,"La magnitud y comportamiento horario coinciden con CapEfecNeta, DispoReal y DispoCome y la descripcion oficial corresponde a potencia neta.",326.0
2026-06-01,Recurso,CHBG,,Hour22,326000.0,kWh,kW,True,"La magnitud y comportamiento horario coinciden con CapEfecNeta, DispoReal y DispoCome y la descripcion oficial corresponde a potencia neta.",326.0
2026-06-01,Recurso,CHBG,,Hour23,326000.0,kWh,kW,True,"La magnitud y comportamiento horario coinciden con CapEfecNeta, DispoReal y DispoCome y la descripcion oficial corresponde a potencia neta.",326.0
2026-06-01,Recurso,CHBG,,Hour24,326000.0,kWh,kW,True,"La magnitud y comportamiento horario coinciden con CapEfecNeta, DispoReal y DispoCome y la descripcion oficial corresponde a potencia neta.",326.0
2026-06-01,Recurso,CHVR,,Hour01,875000.0,kWh,kW,True,"La magnitud y comportamiento horario coinciden con CapEfecNeta, DispoReal y DispoCome y la descripcion oficial corresponde a potencia neta.",875.0
2026-06-01,Recurso,CHVR,,Hour02,875000.0,kWh,kW,True,"La magnitud y comportamiento horario coinciden con CapEfecNeta, DispoReal y DispoCome y la descripcion oficial corresponde a potencia neta.",875.0
2026-06-01,Recurso,CHVR,,Hour03,875000.0,kWh,kW,True,"La magnitud y comportamiento horario coinciden con CapEfecNeta, DispoReal y DispoCome y la descripcion oficial corresponde a potencia neta.",875.0
2026-06-01,Recurso,CHVR,,Hour04,875000.0,kWh,kW,True,"La magnitud y comportamiento horario coinciden con CapEfecNeta, DispoReal y DispoCome y la descripcion oficial corresponde a potencia neta.",875.0
2026-06-01,Recurso,CHVR,,Hour05,875000.0,kWh,kW,True,"La magnitud y comportamiento horario coinciden con CapEfecNeta, DispoReal y DispoCome y la descripcion oficial corresponde a potencia neta.",875.0
2026-06-01,Recurso,CHVR,,Hour06,875000.0,kWh,kW,True,"La magnitud y comportamiento horario coinciden con CapEfecNeta, DispoReal y DispoCome y la descripcion oficial corresponde a potencia neta.",875.0
2026-06-01,Recurso,CHVR,,Hour07,875000.0,kWh,kW,True,"La magnitud y comportamiento horario coinciden con CapEfecNeta, DispoReal y DispoCome y la descripcion oficial corresponde a potencia neta.",875.0
2026-06-01,Recurso,CHVR,,Hour08,875000.0,kWh,kW,True,"La magnitud y comportamiento horario coinciden con CapEfecNeta, DispoReal y DispoCome y la descripcion oficial corresponde a potencia neta.",875.0
2026-06-01,Recurso,CHVR,,Hour09,875000.0,kWh,kW,True,"La magnitud y comportamiento horario coinciden con CapEfecNeta, DispoReal y DispoCome y la descripcion oficial corresponde a potencia neta.",875.0
2026-06-01,Recurso,CHVR,,Hour10,875000.0,kWh,kW,True,"La magnitud y comportamiento horario coinciden con CapEfecNeta, DispoReal y DispoCome y la descripcion oficial corresponde a potencia neta.",875.0
2026-06-01,Recurso,CHVR,,Hour11,875000.0,kWh,kW,True,"La magnitud y comportamiento horario coinciden con CapEfecNeta, DispoReal y DispoCome y la descripcion oficial corresponde a potencia neta.",875.0
2026-06-01,Recurso,CHVR,,Hour12,875000.0,kWh,kW,True,"La magnitud y comportamiento horario coinciden con CapEfecNeta, DispoReal y DispoCome y la descripcion oficial corresponde a potencia neta.",875.0
2026-06-01,Recurso,CHVR,,Hour13,875000.0,kWh,kW,True,"La magnitud y comportamiento horario coinciden con CapEfecNeta, DispoReal y DispoCome y la descripcion oficial corresponde a potencia neta.",875.0
2026-06-01,Recurso,CHVR,,Hour14,875000.0,kWh,kW,True,"La magnitud y comportamiento horario coinciden con CapEfecNeta, DispoReal y DispoCome y la descripcion oficial corresponde a potencia neta.",875.0
2026-06-01,Recurso,CHVR,,Hour15,875000.0,kWh,kW,True,"La magnitud y comportamiento horario coinciden con CapEfecNeta, DispoReal y DispoCome y la descripcion oficial corresponde a potencia neta.",875.0
2026-06-01,Recurso,CHVR,,Hour16,875000.0,kWh,kW,True,"La magnitud y comportamiento horario coinciden con CapEfecNeta, DispoReal y DispoCome y la descripcion oficial corresponde a potencia neta.",875.0
2026-06-01,Recurso,CHVR,,Hour17,875000.0,kWh,kW,True,"La magnitud y comportamiento horario coinciden con CapEfecNeta, DispoReal y DispoCome y la descripcion oficial corresponde a potencia neta.",875.0
2026-06-01,Recurso,CHVR,,Hour18,875000.0,kWh,kW,True,"La magnitud y comportamiento horario coinciden con CapEfecNeta, DispoReal y DispoCome y la descripcion oficial corresponde a potencia neta.",875.0
2026-06-01,Recurso,CHVR,,Hour19,875000.0,kWh,kW,True,"La magnitud y comportamiento horario coinciden con CapEfecNeta, DispoReal y DispoCome y la descripcion oficial corresponde a potencia neta.",875.0
2026-06-01,Recurso,CHVR,,Hour20,875000.0,kWh,kW,True,"La magnitud y comportamiento horario coinciden con CapEfecNeta, DispoReal y DispoCome y la descripcion oficial corresponde a potencia neta.",875.0
2026-06-01,Recurso,CHVR,,Hour21,875000.0,kWh,kW,True,"La magnitud y comportamiento horario coinciden con CapEfecNeta, DispoReal y DispoCome y la descripcion oficial corresponde a potencia neta.",875.0
2026-06-01,Recurso,CHVR,,Hour22,875000.0,kWh,kW,True,"La magnitud y comportamiento horario coinciden con CapEfecNeta, DispoReal y DispoCome y la descripcion oficial corresponde a potencia neta.",875.0
2026-06-01,Recurso,CHVR,,Hour23,875000.0,kWh,kW,True,"La magnitud y comportamiento horario coinciden con CapEfecNeta, DispoReal y DispoCome y la descripcion oficial corresponde a potencia neta.",875.0
2026-06-01,Recurso,CHVR,,Hour24,875000.0,kWh,kW,True,"La magnitud y comportamiento horario coinciden con CapEfecNeta, DispoReal y DispoCome y la descripcion oficial corresponde a potencia neta.",875.0
2026-06-01,Recurso,CLL1,,Hour01,78000.0,kWh,kW,True,"La magnitud y comportamiento horario coinciden con CapEfecNeta, DispoReal y DispoCome y la descripcion oficial corresponde a potencia neta.",78.0
2026-06-01,Recurso,CLL1,,Hour02,78000.0,kWh,kW,True,"La magnitud y comportamiento horario coinciden con CapEfecNeta, DispoReal y DispoCome y la descripcion oficial corresponde a potencia neta.",78.0
2026-06-01,Recurso,CLL1,,Hour03,78000.0,kWh,kW,True,"La magnitud y comportamiento horario coinciden con CapEfecNeta, DispoReal y DispoCome y la descripcion oficial corresponde a potencia neta.",78.0
2026-06-01,Recurso,CLL1,,Hour04,78000.0,kWh,kW,True,"La magnitud y comportamiento horario coinciden con CapEfecNeta, DispoReal y DispoCome y la descripcion oficial corresponde a potencia neta.",78.0
2026-06-01,Recurso,CLL1,,Hour05,78000.0,kWh,kW,True,"La magnitud y comportamiento horario coinciden con CapEfecNeta, DispoReal y DispoCome y la descripcion oficial corresponde a potencia neta.",78.0
2026-06-01,Recurso,CLL1,,Hour06,78000.0,kWh,kW,True,"La magnitud y comportamiento horario coinciden con CapEfecNeta, DispoReal y DispoCome y la descripcion oficial corresponde a potencia neta.",78.0
2026-06-01,Recurso,CLL1,,Hour07,78000.0,kWh,kW,True,"La magnitud y comportamiento horario coinciden con CapEfecNeta, DispoReal y DispoCome y la descripcion oficial corresponde a potencia neta.",78.0
2026-06-01,Recurso,CLL1,,Hour08,78000.0,kWh,kW,True,"La magnitud y comportamiento horario coinciden con CapEfecNeta, DispoReal y DispoCome y la descripcion oficial corresponde a potencia neta.",78.0
2026-06-01,Recurso,CLL1,,Hour09,78000.0,kWh,kW,True,"La magnitud y comportamiento horario coinciden con CapEfecNeta, DispoReal y DispoCome y la descripcion oficial corresponde a potencia neta.",78.0
2026-06-01,Recurso,CLL1,,Hour10,78000.0,kWh,kW,True,"La magnitud y comportamiento horario coinciden con CapEfecNeta, DispoReal y DispoCome y la descripcion oficial corresponde a potencia neta.",78.0
2026-06-01,Recurso,CLL1,,Hour11,78000.0,kWh,kW,True,"La magnitud y comportamiento horario coinciden con CapEfecNeta, DispoReal y DispoCome y la descripcion oficial corresponde a potencia neta.",78.0
2026-06-01,Recurso,CLL1,,Hour12,78000.0,kWh,kW,True,"La magnitud y comportamiento horario coinciden con CapEfecNeta, DispoReal y DispoCome y la descripcion oficial corresponde a potencia neta.",78.0
2026-06-01,Recurso,CLL1,,Hour13,78000.0,kWh,kW,True,"La magnitud y comportamiento horario coinciden con CapEfecNeta, DispoReal y DispoCome y la descripcion oficial corresponde a potencia neta.",78.0
2026-06-01,Recurso,CLL1,,Hour14,78000.0,kWh,kW,True,"La magnitud y comportamiento horario coinciden con CapEfecNeta, DispoReal y DispoCome y la descripcion oficial corresponde a potencia neta.",78.0
2026-06-01,Recurso,CLL1,,Hour15,78000.0,kWh,kW,True,"La magnitud y comportamiento horario coinciden con CapEfecNeta, DispoReal y DispoCome y la descripcion oficial corresponde a potencia neta.",78.0
2026-06-01,Recurso,CLL1,,Hour16,78000.0,kWh,kW,True,"La magnitud y comportamiento horario coinciden con CapEfecNeta, DispoReal y DispoCome y la descripcion oficial corresponde a potencia neta.",78.0
2026-06-01,Recurso,CLL1,,Hour17,78000.0,kWh,kW,True,"La magnitud y comportamiento horario coinciden con CapEfecNeta, DispoReal y DispoCome y la descripcion oficial corresponde a potencia neta.",78.0
2026-06-01,Recurso,CLL1,,Hour18,78000.0,kWh,kW,True,"La magnitud y comportamiento horario coinciden con CapEfecNeta, DispoReal y DispoCome y la descripcion oficial corresponde a potencia neta.",78.0
2026-06-01,Recurso,CLL1,,Hour19,78000.0,kWh,kW,True,"La magnitud y comportamiento horario coinciden con CapEfecNeta, DispoReal y DispoCome y la descripcion oficial corresponde a potencia neta.",78.0
2026-06-01,Recurso,CLL1,,Hour20,78000.0,kWh,kW,True,"La magnitud y comportamiento horario coinciden con CapEfecNeta, DispoReal y DispoCome y la descripcion oficial corresponde a potencia neta.",78.0
2026-06-01,Recurso,CLL1,,Hour21,78000.0,kWh,kW,True,"La magnitud y comportamiento horario coinciden con CapEfecNeta, DispoReal y DispoCome y la descripcion oficial corresponde a potencia neta.",78.0
2026-06-01,Recurso,CLL1,,Hour22,78000.0,kWh,kW,True,"La magnitud y comportamiento horario coinciden con CapEfecNeta, DispoReal y DispoCome y la descripcion oficial corresponde a potencia neta.",78.0
2026-06-01,Recurso,CLL1,,Hour23,78000.0,kWh,kW,True,"La magnitud y comportamiento horario coinciden con CapEfecNeta, DispoReal y DispoCome y la descripcion oficial corresponde a potencia neta.",78.0
2026-06-01,Recurso,CLL1,,Hour24,78000.0,kWh,kW,True,"La magnitud y comportamiento horario coinciden con CapEfecNeta, DispoReal y DispoCome y la descripcion oficial corresponde a potencia neta.",78.0
2026-06-01,Recurso,CLMG,,Hour01,132000.0,kWh,kW,True,"La magnitud y comportamiento horario coinciden con CapEfecNeta, DispoReal y DispoCome y la descripcion oficial corresponde a potencia neta.",132.0
2026-06-01,Recurso,CLMG,,Hour02,132000.0,kWh,kW,True,"La magnitud y comportamiento horario coinciden con CapEfecNeta, DispoReal y DispoCome y la descripcion oficial corresponde a potencia neta.",132.0
2026-06-01,Recurso,CLMG,,Hour03,132000.0,kWh,kW,True,"La magnitud y comportamiento horario coinciden con CapEfecNeta, DispoReal y DispoCome y la descripcion oficial corresponde a potencia neta.",132.0
2026-06-01,Recurso,CLMG,,Hour04,132000.0,kWh,kW,True,"La magnitud y comportamiento horario coinciden con CapEfecNeta, DispoReal y DispoCome y la descripcion oficial corresponde a potencia neta.",132.0
2026-06-01,Recurso,CLMG,,Hour05,132000.0,kWh,kW,True,"La magnitud y comportamiento horario coinciden con CapEfecNeta, DispoReal y DispoCome y la descripcion oficial corresponde a potencia neta.",132.0
2026-06-01,Recurso,CLMG,,Hour06,132000.0,kWh,kW,True,"La magnitud y comportamiento horario coinciden con CapEfecNeta, DispoReal y DispoCome y la descripcion oficial corresponde a potencia neta.",132.0
2026-06-01,Recurso,CLMG,,Hour07,132000.0,kWh,kW,True,"La magnitud y comportamiento horario coinciden con CapEfecNeta, DispoReal y DispoCome y la descripcion oficial corresponde a potencia neta.",132.0
2026-06-01,Recurso,CLMG,,Hour08,132000.0,kWh,kW,True,"La magnitud y comportamiento horario coinciden con CapEfecNeta, DispoReal y DispoCome y la descripcion oficial corresponde a potencia neta.",132.0
2026-06-01,Recurso,CLMG,,Hour09,132000.0,kWh,kW,True,"La magnitud y comportamiento horario coinciden con CapEfecNeta, DispoReal y DispoCome y la descripcion oficial corresponde a potencia neta.",132.0
2026-06-01,Recurso,CLMG,,Hour10,132000.0,kWh,kW,True,"La magnitud y comportamiento horario coinciden con CapEfecNeta, DispoReal y DispoCome y la descripcion oficial corresponde a potencia neta.",132.0
2026-06-01,Recurso,CLMG,,Hour11,132000.0,kWh,kW,True,"La magnitud y comportamiento horario coinciden con CapEfecNeta, DispoReal y DispoCome y la descripcion oficial corresponde a potencia neta.",132.0
2026-06-01,Recurso,CLMG,,Hour12,132000.0,kWh,kW,True,"La magnitud y comportamiento horario coinciden con CapEfecNeta, DispoReal y DispoCome y la descripcion oficial corresponde a potencia neta.",132.0
2026-06-01,Recurso,CLMG,,Hour13,132000.0,kWh,kW,True,"La magnitud y comportamiento horario coinciden con CapEfecNeta, DispoReal y DispoCome y la descripcion oficial corresponde a potencia neta.",132.0
2026-06-01,Recurso,CLMG,,Hour14,132000.0,kWh,kW,True,"La magnitud y comportamiento horario coinciden con CapEfecNeta, DispoReal y DispoCome y la descripcion oficial corresponde a potencia neta.",132.0
2026-06-01,Recurso,CLMG,,Hour15,132000.0,kWh,kW,True,"La magnitud y comportamiento horario coinciden con CapEfecNeta, DispoReal y DispoCome y la descripcion oficial corresponde a potencia neta.",132.0
2026-06-01,Recurso,CLMG,,Hour16,132000.0,kWh,kW,True,"La magnitud y comportamiento horario coinciden con CapEfecNeta, DispoReal y DispoCome y la descripcion oficial corresponde a potencia neta.",132.0
2026-06-01,Recurso,CLMG,,Hour17,132000.0,kWh,kW,True,"La magnitud y comportamiento horario coinciden con CapEfecNeta, DispoReal y DispoCome y la descripcion oficial corresponde a potencia neta.",132.0
2026-06-01,Recurso,CLMG,,Hour18,132000.0,kWh,kW,True,"La magnitud y comportamiento horario coinciden con CapEfecNeta, DispoReal y DispoCome y la descripcion oficial corresponde a potencia neta.",132.0
2026-06-01,Recurso,CLMG,,Hour19,132000.0,kWh,kW,True,"La magnitud y comportamiento horario coinciden con CapEfecNeta, DispoReal y DispoCome y la descripcion oficial corresponde a potencia neta.",132.0
2026-06-01,Recurso,CLMG,,Hour20,132000.0,kWh,kW,True,"La magnitud y comportamiento horario coinciden con CapEfecNeta, DispoReal y DispoCome y la descripcion oficial corresponde a potencia neta.",132.0
2026-06-01,Recurso,CLMG,,Hour21,132000.0,kWh,kW,True,"La magnitud y comportamiento horario coinciden con CapEfecNeta, DispoReal y DispoCome y la descripcion oficial corresponde a potencia neta.",132.0
2026-06-01,Recurso,CLMG,,Hour22,132000.0,kWh,kW,True,"La magnitud y comportamiento horario coinciden con CapEfecNeta, DispoReal y DispoCome y la descripcion oficial corresponde a potencia neta.",132.0
2026-06-01,Recurso,CLMG,,Hour23,132000.0,kWh,kW,True,"La magnitud y comportamiento horario coinciden con CapEfecNeta, DispoReal y DispoCome y la descripcion oficial corresponde a potencia neta.",132.0
2026-06-01,Recurso,CLMG,,Hour24,132000.0,kWh,kW,True,"La magnitud y comportamiento horario coinciden con CapEfecNeta, DispoReal y DispoCome y la descripcion oficial corresponde a potencia neta.",132.0
2026-06-01,Recurso,CTG1,,Hour01,30000.0,kWh,kW,True,"La magnitud y comportamiento horario coinciden con CapEfecNeta, DispoReal y DispoCome y la descripcion oficial corresponde a potencia neta.",30.0
2026-06-01,Recurso,CTG1,,Hour02,30000.0,kWh,kW,True,"La magnitud y comportamiento horario coinciden con CapEfecNeta, DispoReal y DispoCome y la descripcion oficial corresponde a potencia neta.",30.0
2026-06-01,Recurso,CTG1,,Hour03,30000.0,kWh,kW,True,"La magnitud y comportamiento horario coinciden con CapEfecNeta, DispoReal y DispoCome y la descripcion oficial corresponde a potencia neta.",30.0
2026-06-01,Recurso,CTG1,,Hour04,30000.0,kWh,kW,True,"La magnitud y comportamiento horario coinciden con CapEfecNeta, DispoReal y DispoCome y la descripcion oficial corresponde a potencia neta.",30.0
2026-06-01,Recurso,CTG1,,Hour05,30000.0,kWh,kW,True,"La magnitud y comportamiento horario coinciden con CapEfecNeta, DispoReal y DispoCome y la descripcion oficial corresponde a potencia neta.",30.0
2026-06-01,Recurso,CTG1,,Hour06,30000.0,kWh,kW,True,"La magnitud y comportamiento horario coinciden con CapEfecNeta, DispoReal y DispoCome y la descripcion oficial corresponde a potencia neta.",30.0
2026-06-01,Recurso,CTG1,,Hour07,30000.0,kWh,kW,True,"La magnitud y comportamiento horario coinciden con CapEfecNeta, DispoReal y DispoCome y la descripcion oficial corresponde a potencia neta.",30.0
2026-06-01,Recurso,CTG1,,Hour08,30000.0,kWh,kW,True,"La magnitud y comportamiento horario coinciden con CapEfecNeta, DispoReal y DispoCome y la descripcion oficial corresponde a potencia neta.",30.0
2026-06-01,Recurso,CTG1,,Hour09,30000.0,kWh,kW,True,"La magnitud y comportamiento horario coinciden con CapEfecNeta, DispoReal y DispoCome y la descripcion oficial corresponde a potencia neta.",30.0
2026-06-01,Recurso,CTG1,,Hour10,30000.0,kWh,kW,True,"La magnitud y comportamiento horario coinciden con CapEfecNeta, DispoReal y DispoCome y la descripcion oficial corresponde a potencia neta.",30.0
2026-06-01,Recurso,CTG1,,Hour11,30000.0,kWh,kW,True,"La magnitud y comportamiento horario coinciden con CapEfecNeta, DispoReal y DispoCome y la descripcion oficial corresponde a potencia neta.",30.0
2026-06-01,Recurso,CTG1,,Hour12,30000.0,kWh,kW,True,"La magnitud y comportamiento horario coinciden con CapEfecNeta, DispoReal y DispoCome y la descripcion oficial corresponde a potencia neta.",30.0
2026-06-01,Recurso,CTG1,,Hour13,30000.0,kWh,kW,True,"La magnitud y comportamiento horario coinciden con CapEfecNeta, DispoReal y DispoCome y la descripcion oficial corresponde a potencia neta.",30.0
2026-06-01,Recurso,CTG1,,Hour14,30000.0,kWh,kW,True,"La magnitud y comportamiento horario coinciden con CapEfecNeta, DispoReal y DispoCome y la descripcion oficial corresponde a potencia neta.",30.0
2026-06-01,Recurso,CTG1,,Hour15,30000.0,kWh,kW,True,"La magnitud y comportamiento horario coinciden con CapEfecNeta, DispoReal y DispoCome y la descripcion oficial corresponde a potencia neta.",30.0
2026-06-01,Recurso,CTG1,,Hour16,30000.0,kWh,kW,True,"La magnitud y comportamiento horario coinciden con CapEfecNeta, DispoReal y DispoCome y la descripcion oficial corresponde a potencia neta.",30.0
2026-06-01,Recurso,CTG1,,Hour17,30000.0,kWh,kW,True,"La magnitud y comportamiento horario coinciden con CapEfecNeta, DispoReal y DispoCome y la descripcion oficial corresponde a potencia neta.",30.0
2026-06-01,Recurso,CTG1,,Hour18,30000.0,kWh,kW,True,"La magnitud y comportamiento horario coinciden con CapEfecNeta, DispoReal y DispoCome y la descripcion oficial corresponde a potencia neta.",30.0
2026-06-01,Recurso,CTG1,,Hour19,30000.0,kWh,kW,True,"La magnitud y comportamiento horario coinciden con CapEfecNeta, DispoReal y DispoCome y la descripcion oficial corresponde a potencia neta.",30.0
2026-06-01,Recurso,CTG1,,Hour20,30000.0,kWh,kW,True,"La magnitud y comportamiento horario coinciden con CapEfecNeta, DispoReal y DispoCome y la descripcion oficial corresponde a potencia neta.",30.0
2026-06-01,Recurso,CTG1,,Hour21,30000.0,kWh,kW,True,"La magnitud y comportamiento horario coinciden con CapEfecNeta, DispoReal y DispoCome y la descripcion oficial corresponde a potencia neta.",30.0
2026-06-01,Recurso,CTG1,,Hour22,30000.0,kWh,kW,True,"La magnitud y comportamiento horario coinciden con CapEfecNeta, DispoReal y DispoCome y la descripcion oficial corresponde a potencia neta.",30.0
2026-06-01,Recurso,CTG1,,Hour23,30000.0,kWh,kW,True,"La magnitud y comportamiento horario coinciden con CapEfecNeta, DispoReal y DispoCome y la descripcion oficial corresponde a potencia neta.",30.0
2026-06-01,Recurso,CTG1,,Hour24,30000.0,kWh,kW,True,"La magnitud y comportamiento horario coinciden con CapEfecNeta, DispoReal y DispoCome y la descripcion oficial corresponde a potencia neta.",30.0
2026-06-02,Recurso,2QEK,,Hour01,35000.0,kWh,kW,True,"La magnitud y comportamiento horario coinciden con CapEfecNeta, DispoReal y DispoCome y la descripcion oficial corresponde a potencia neta.",35.0
2026-06-02,Recurso,2QEK,,Hour02,35000.0,kWh,kW,True,"La magnitud y comportamiento horario coinciden con CapEfecNeta, DispoReal y DispoCome y la descripcion oficial corresponde a potencia neta.",35.0
2026-06-02,Recurso,2QEK,,Hour03,35000.0,kWh,kW,True,"La magnitud y comportamiento horario coinciden con CapEfecNeta, DispoReal y DispoCome y la descripcion oficial corresponde a potencia neta.",35.0
2026-06-02,Recurso,2QEK,,Hour04,35000.0,kWh,kW,True,"La magnitud y comportamiento horario coinciden con CapEfecNeta, DispoReal y DispoCome y la descripcion oficial corresponde a potencia neta.",35.0
2026-06-02,Recurso,2QEK,,Hour05,35000.0,kWh,kW,True,"La magnitud y comportamiento horario coinciden con CapEfecNeta, DispoReal y DispoCome y la descripcion oficial corresponde a potencia neta.",35.0
2026-06-02,Recurso,2QEK,,Hour06,35000.0,kWh,kW,True,"La magnitud y comportamiento horario coinciden con CapEfecNeta, DispoReal y DispoCome y la descripcion oficial corresponde a potencia neta.",35.0
2026-06-02,Recurso,2QEK,,Hour07,35000.0,kWh,kW,True,"La magnitud y comportamiento horario coinciden con CapEfecNeta, DispoReal y DispoCome y la descripcion oficial corresponde a potencia neta.",35.0
2026-06-02,Recurso,2QEK,,Hour08,35000.0,kWh,kW,True,"La magnitud y comportamiento horario coinciden con CapEfecNeta, DispoReal y DispoCome y la descripcion oficial corresponde a potencia neta.",35.0
2026-06-02,Recurso,2QEK,,Hour09,35000.0,kWh,kW,True,"La magnitud y comportamiento horario coinciden con CapEfecNeta, DispoReal y DispoCome y la descripcion oficial corresponde a potencia neta.",35.0
2026-06-02,Recurso,2QEK,,Hour10,35000.0,kWh,kW,True,"La magnitud y comportamiento horario coinciden con CapEfecNeta, DispoReal y DispoCome y la descripcion oficial corresponde a potencia neta.",35.0
2026-06-02,Recurso,2QEK,,Hour11,35000.0,kWh,kW,True,"La magnitud y comportamiento horario coinciden con CapEfecNeta, DispoReal y DispoCome y la descripcion oficial corresponde a potencia neta.",35.0
2026-06-02,Recurso,2QEK,,Hour12,35000.0,kWh,kW,True,"La magnitud y comportamiento horario coinciden con CapEfecNeta, DispoReal y DispoCome y la descripcion oficial corresponde a potencia neta.",35.0
2026-06-02,Recurso,2QEK,,Hour13,35000.0,kWh,kW,True,"La magnitud y comportamiento horario coinciden con CapEfecNeta, DispoReal y DispoCome y la descripcion oficial corresponde a potencia neta.",35.0
2026-06-02,Recurso,2QEK,,Hour14,35000.0,kWh,kW,True,"La magnitud y comportamiento horario coinciden con CapEfecNeta, DispoReal y DispoCome y la descripcion oficial corresponde a potencia neta.",35.0
2026-06-02,Recurso,2QEK,,Hour15,35000.0,kWh,kW,True,"La magnitud y comportamiento horario coinciden con CapEfecNeta, DispoReal y DispoCome y la descripcion oficial corresponde a potencia neta.",35.0
2026-06-02,Recurso,2QEK,,Hour16,35000.0,kWh,kW,True,"La magnitud y comportamiento horario coinciden con CapEfecNeta, DispoReal y DispoCome y la descripcion oficial corresponde a potencia neta.",35.0
2026-06-02,Recurso,2QEK,,Hour17,35000.0,kWh,kW,True,"La magnitud y comportamiento horario coinciden con CapEfecNeta, DispoReal y DispoCome y la descripcion oficial corresponde a potencia neta.",35.0
2026-06-02,Recurso,2QEK,,Hour18,35000.0,kWh,kW,True,"La magnitud y comportamiento horario coinciden con CapEfecNeta, DispoReal y DispoCome y la descripcion oficial corresponde a potencia neta.",35.0
2026-06-02,Recurso,2QEK,,Hour19,35000.0,kWh,kW,True,"La magnitud y comportamiento horario coinciden con CapEfecNeta, DispoReal y DispoCome y la descripcion oficial corresponde a potencia neta.",35.0
2026-06-02,Recurso,2QEK,,Hour20,35000.0,kWh,kW,True,"La magnitud y comportamiento horario coinciden con CapEfecNeta, DispoReal y DispoCome y la descripcion oficial corresponde a potencia neta.",35.0
2026-06-02,Recurso,2QEK,,Hour21,35000.0,kWh,kW,True,"La magnitud y comportamiento horario coinciden con CapEfecNeta, DispoReal y DispoCome y la descripcion oficial corresponde a potencia neta.",35.0
2026-06-02,Recurso,2QEK,,Hour22,35000.0,kWh,kW,True,"La magnitud y comportamiento horario coinciden con CapEfecNeta, DispoReal y DispoCome y la descripcion oficial corresponde a potencia neta.",35.0
2026-06-02,Recurso,2QEK,,Hour23,35000.0,kWh,kW,True,"La magnitud y comportamiento horario coinciden con CapEfecNeta, DispoReal y DispoCome y la descripcion oficial corresponde a potencia neta.",35.0
2026-06-02,Recurso,2QEK,,Hour24,35000.0,kWh,kW,True,"La magnitud y comportamiento horario coinciden con CapEfecNeta, DispoReal y DispoCome y la descripcion oficial corresponde a potencia neta.",35.0
2026-06-02,Recurso,3ENA,,Hour01,200000.0,kWh,kW,True,"La magnitud y comportamiento horario coinciden con CapEfecNeta, DispoReal y DispoCome y la descripcion oficial corresponde a potencia neta.",200.0
2026-06-02,Recurso,3ENA,,Hour02,200000.0,kWh,kW,True,"La magnitud y comportamiento horario coinciden con CapEfecNeta, DispoReal y DispoCome y la descripcion oficial corresponde a potencia neta.",200.0
2026-06-02,Recurso,3ENA,,Hour03,200000.0,kWh,kW,True,"La magnitud y comportamiento horario coinciden con CapEfecNeta, DispoReal y DispoCome y la descripcion oficial corresponde a potencia neta.",200.0
2026-06-02,Recurso,3ENA,,Hour04,200000.0,kWh,kW,True,"La magnitud y comportamiento horario coinciden con CapEfecNeta, DispoReal y DispoCome y la descripcion oficial corresponde a potencia neta.",200.0
2026-06-02,Recurso,3ENA,,Hour05,200000.0,kWh,kW,True,"La magnitud y comportamiento horario coinciden con CapEfecNeta, DispoReal y DispoCome y la descripcion oficial corresponde a potencia neta.",200.0
2026-06-02,Recurso,3ENA,,Hour06,200000.0,kWh,kW,True,"La magnitud y comportamiento horario coinciden con CapEfecNeta, DispoReal y DispoCome y la descripcion oficial corresponde a potencia neta.",200.0
2026-06-02,Recurso,3ENA,,Hour07,200000.0,kWh,kW,True,"La magnitud y comportamiento horario coinciden con CapEfecNeta, DispoReal y DispoCome y la descripcion oficial corresponde a potencia neta.",200.0
2026-06-02,Recurso,3ENA,,Hour08,200000.0,kWh,kW,True,"La magnitud y comportamiento horario coinciden con CapEfecNeta, DispoReal y DispoCome y la descripcion oficial corresponde a potencia neta.",200.0
2026-06-02,Recurso,3ENA,,Hour09,200000.0,kWh,kW,True,"La magnitud y comportamiento horario coinciden con CapEfecNeta, DispoReal y DispoCome y la descripcion oficial corresponde a potencia neta.",200.0
2026-06-02,Recurso,3ENA,,Hour10,200000.0,kWh,kW,True,"La magnitud y comportamiento horario coinciden con CapEfecNeta, DispoReal y DispoCome y la descripcion oficial corresponde a potencia neta.",200.0
2026-06-02,Recurso,3ENA,,Hour11,200000.0,kWh,kW,True,"La magnitud y comportamiento horario coinciden con CapEfecNeta, DispoReal y DispoCome y la descripcion oficial corresponde a potencia neta.",200.0
2026-06-02,Recurso,3ENA,,Hour12,200000.0,kWh,kW,True,"La magnitud y comportamiento horario coinciden con CapEfecNeta, DispoReal y DispoCome y la descripcion oficial corresponde a potencia neta.",200.0
2026-06-02,Recurso,3ENA,,Hour13,200000.0,kWh,kW,True,"La magnitud y comportamiento horario coinciden con CapEfecNeta, DispoReal y DispoCome y la descripcion oficial corresponde a potencia neta.",200.0
2026-06-02,Recurso,3ENA,,Hour14,200000.0,kWh,kW,True,"La magnitud y comportamiento horario coinciden con CapEfecNeta, DispoReal y DispoCome y la descripcion oficial corresponde a potencia neta.",200.0
2026-06-02,Recurso,3ENA,,Hour15,200000.0,kWh,kW,True,"La magnitud y comportamiento horario coinciden con CapEfecNeta, DispoReal y DispoCome y la descripcion oficial corresponde a potencia neta.",200.0
2026-06-02,Recurso,3ENA,,Hour16,200000.0,kWh,kW,True,"La magnitud y comportamiento horario coinciden con CapEfecNeta, DispoReal y DispoCome y la descripcion oficial corresponde a potencia neta.",200.0
2026-06-02,Recurso,3ENA,,Hour17,200000.0,kWh,kW,True,"La magnitud y comportamiento horario coinciden con CapEfecNeta, DispoReal y DispoCome y la descripcion oficial corresponde a potencia neta.",200.0
2026-06-02,Recurso,3ENA,,Hour18,200000.0,kWh,kW,True,"La magnitud y comportamiento horario coinciden con CapEfecNeta, DispoReal y DispoCome y la descripcion oficial corresponde a potencia neta.",200.0
2026-06-02,Recurso,3ENA,,Hour19,200000.0,kWh,kW,True,"La magnitud y comportamiento horario coinciden con CapEfecNeta, DispoReal y DispoCome y la descripcion oficial corresponde a potencia neta.",200.0
2026-06-02,Recurso,3ENA,,Hour20,200000.0,kWh,kW,True,"La magnitud y comportamiento horario coinciden con CapEfecNeta, DispoReal y DispoCome y la descripcion oficial corresponde a potencia neta.",200.0
2026-06-02,Recurso,3ENA,,Hour21,200000.0,kWh,kW,True,"La magnitud y comportamiento horario coinciden con CapEfecNeta, DispoReal y DispoCome y la descripcion oficial corresponde a potencia neta.",200.0
2026-06-02,Recurso,3ENA,,Hour22,200000.0,kWh,kW,True,"La magnitud y comportamiento horario coinciden con CapEfecNeta, DispoReal y DispoCome y la descripcion oficial corresponde a potencia neta.",200.0
2026-06-02,Recurso,3ENA,,Hour23,200000.0,kWh,kW,True,"La magnitud y comportamiento horario coinciden con CapEfecNeta, DispoReal y DispoCome y la descripcion oficial corresponde a potencia neta.",200.0
2026-06-02,Recurso,3ENA,,Hour24,200000.0,kWh,kW,True,"La magnitud y comportamiento horario coinciden con CapEfecNeta, DispoReal y DispoCome y la descripcion oficial corresponde a potencia neta.",200.0
2026-06-02,Recurso,4YCN,,Hour01,25000.0,kWh,kW,True,"La magnitud y comportamiento horario coinciden con CapEfecNeta, DispoReal y DispoCome y la descripcion oficial corresponde a potencia neta.",25.0
2026-06-02,Recurso,4YCN,,Hour02,25000.0,kWh,kW,True,"La magnitud y comportamiento horario coinciden con CapEfecNeta, DispoReal y DispoCome y la descripcion oficial corresponde a potencia neta.",25.0
2026-06-02,Recurso,4YCN,,Hour03,25000.0,kWh,kW,True,"La magnitud y comportamiento horario coinciden con CapEfecNeta, DispoReal y DispoCome y la descripcion oficial corresponde a potencia neta.",25.0
2026-06-02,Recurso,4YCN,,Hour04,25000.0,kWh,kW,True,"La magnitud y comportamiento horario coinciden con CapEfecNeta, DispoReal y DispoCome y la descripcion oficial corresponde a potencia neta.",25.0
2026-06-02,Recurso,4YCN,,Hour05,25000.0,kWh,kW,True,"La magnitud y comportamiento horario coinciden con CapEfecNeta, DispoReal y DispoCome y la descripcion oficial corresponde a potencia neta.",25.0
2026-06-02,Recurso,4YCN,,Hour06,25000.0,kWh,kW,True,"La magnitud y comportamiento horario coinciden con CapEfecNeta, DispoReal y DispoCome y la descripcion oficial corresponde a potencia neta.",25.0
2026-06-02,Recurso,4YCN,,Hour07,25000.0,kWh,kW,True,"La magnitud y comportamiento horario coinciden con CapEfecNeta, DispoReal y DispoCome y la descripcion oficial corresponde a potencia neta.",25.0
2026-06-02,Recurso,4YCN,,Hour08,25000.0,kWh,kW,True,"La magnitud y comportamiento horario coinciden con CapEfecNeta, DispoReal y DispoCome y la descripcion oficial corresponde a potencia neta.",25.0
2026-06-02,Recurso,4YCN,,Hour09,25000.0,kWh,kW,True,"La magnitud y comportamiento horario coinciden con CapEfecNeta, DispoReal y DispoCome y la descripcion oficial corresponde a potencia neta.",25.0
2026-06-02,Recurso,4YCN,,Hour10,25000.0,kWh,kW,True,"La magnitud y comportamiento horario coinciden con CapEfecNeta, DispoReal y DispoCome y la descripcion oficial corresponde a potencia neta.",25.0
2026-06-02,Recurso,4YCN,,Hour11,25000.0,kWh,kW,True,"La magnitud y comportamiento horario coinciden con CapEfecNeta, DispoReal y DispoCome y la descripcion oficial corresponde a potencia neta.",25.0
2026-06-02,Recurso,4YCN,,Hour12,25000.0,kWh,kW,True,"La magnitud y comportamiento horario coinciden con CapEfecNeta, DispoReal y DispoCome y la descripcion oficial corresponde a potencia neta.",25.0
2026-06-02,Recurso,4YCN,,Hour13,25000.0,kWh,kW,True,"La magnitud y comportamiento horario coinciden con CapEfecNeta, DispoReal y DispoCome y la descripcion oficial corresponde a potencia neta.",25.0
2026-06-02,Recurso,4YCN,,Hour14,25000.0,kWh,kW,True,"La magnitud y comportamiento horario coinciden con CapEfecNeta, DispoReal y DispoCome y la descripcion oficial corresponde a potencia neta.",25.0
2026-06-02,Recurso,4YCN,,Hour15,25000.0,kWh,kW,True,"La magnitud y comportamiento horario coinciden con CapEfecNeta, DispoReal y DispoCome y la descripcion oficial corresponde a potencia neta.",25.0
2026-06-02,Recurso,4YCN,,Hour16,25000.0,kWh,kW,True,"La magnitud y comportamiento horario coinciden con CapEfecNeta, DispoReal y DispoCome y la descripcion oficial corresponde a potencia neta.",25.0
2026-06-02,Recurso,4YCN,,Hour17,25000.0,kWh,kW,True,"La magnitud y comportamiento horario coinciden con CapEfecNeta, DispoReal y DispoCome y la descripcion oficial corresponde a potencia neta.",25.0
2026-06-02,Recurso,4YCN,,Hour18,25000.0,kWh,kW,True,"La magnitud y comportamiento horario coinciden con CapEfecNeta, DispoReal y DispoCome y la descripcion oficial corresponde a potencia neta.",25.0
2026-06-02,Recurso,4YCN,,Hour19,25000.0,kWh,kW,True,"La magnitud y comportamiento horario coinciden con CapEfecNeta, DispoReal y DispoCome y la descripcion oficial corresponde a potencia neta.",25.0
2026-06-02,Recurso,4YCN,,Hour20,25000.0,kWh,kW,True,"La magnitud y comportamiento horario coinciden con CapEfecNeta, DispoReal y DispoCome y la descripcion oficial corresponde a potencia neta.",25.0
2026-06-02,Recurso,4YCN,,Hour21,25000.0,kWh,kW,True,"La magnitud y comportamiento horario coinciden con CapEfecNeta, DispoReal y DispoCome y la descripcion oficial corresponde a potencia neta.",25.0
2026-06-02,Recurso,4YCN,,Hour22,25000.0,kWh,kW,True,"La magnitud y comportamiento horario coinciden con CapEfecNeta, DispoReal y DispoCome y la descripcion oficial corresponde a potencia neta.",25.0
2026-06-02,Recurso,4YCN,,Hour23,25000.0,kWh,kW,True,"La magnitud y comportamiento horario coinciden con CapEfecNeta, DispoReal y DispoCome y la descripcion oficial corresponde a potencia neta.",25.0
2026-06-02,Recurso,4YCN,,Hour24,25000.0,kWh,kW,True,"La magnitud y comportamiento horario coinciden con CapEfecNeta, DispoReal y DispoCome y la descripcion oficial corresponde a potencia neta.",25.0
2026-06-02,Recurso,5QT6,,Hour01,0.0,kWh,kW,True,"La magnitud y comportamiento horario coinciden con CapEfecNeta, DispoReal y DispoCome y la descripcion oficial corresponde a potencia neta.",0.0
2026-06-02,Recurso,5QT6,,Hour02,0.0,kWh,kW,True,"La magnitud y comportamiento horario coinciden con CapEfecNeta, DispoReal y DispoCome y la descripcion oficial corresponde a potencia neta.",0.0
2026-06-02,Recurso,5QT6,,Hour03,0.0,kWh,kW,True,"La magnitud y comportamiento horario coinciden con CapEfecNeta, DispoReal y DispoCome y la descripcion oficial corresponde a potencia neta.",0.0
2026-06-02,Recurso,5QT6,,Hour04,0.0,kWh,kW,True,"La magnitud y comportamiento horario coinciden con CapEfecNeta, DispoReal y DispoCome y la descripcion oficial corresponde a potencia neta.",0.0
2026-06-02,Recurso,5QT6,,Hour05,0.0,kWh,kW,True,"La magnitud y comportamiento horario coinciden con CapEfecNeta, DispoReal y DispoCome y la descripcion oficial corresponde a potencia neta.",0.0
2026-06-02,Recurso,5QT6,,Hour06,0.0,kWh,kW,True,"La magnitud y comportamiento horario coinciden con CapEfecNeta, DispoReal y DispoCome y la descripcion oficial corresponde a potencia neta.",0.0
2026-06-02,Recurso,5QT6,,Hour07,0.0,kWh,kW,True,"La magnitud y comportamiento horario coinciden con CapEfecNeta, DispoReal y DispoCome y la descripcion oficial corresponde a potencia neta.",0.0
2026-06-02,Recurso,5QT6,,Hour08,0.0,kWh,kW,True,"La magnitud y comportamiento horario coinciden con CapEfecNeta, DispoReal y DispoCome y la descripcion oficial corresponde a potencia neta.",0.0
2026-06-02,Recurso,5QT6,,Hour09,0.0,kWh,kW,True,"La magnitud y comportamiento horario coinciden con CapEfecNeta, DispoReal y DispoCome y la descripcion oficial corresponde a potencia neta.",0.0
2026-06-02,Recurso,5QT6,,Hour10,0.0,kWh,kW,True,"La magnitud y comportamiento horario coinciden con CapEfecNeta, DispoReal y DispoCome y la descripcion oficial corresponde a potencia neta.",0.0
2026-06-02,Recurso,5QT6,,Hour11,0.0,kWh,kW,True,"La magnitud y comportamiento horario coinciden con CapEfecNeta, DispoReal y DispoCome y la descripcion oficial corresponde a potencia neta.",0.0
2026-06-02,Recurso,5QT6,,Hour12,0.0,kWh,kW,True,"La magnitud y comportamiento horario coinciden con CapEfecNeta, DispoReal y DispoCome y la descripcion oficial corresponde a potencia neta.",0.0
2026-06-02,Recurso,5QT6,,Hour13,0.0,kWh,kW,True,"La magnitud y comportamiento horario coinciden con CapEfecNeta, DispoReal y DispoCome y la descripcion oficial corresponde a potencia neta.",0.0
2026-06-02,Recurso,5QT6,,Hour14,0.0,kWh,kW,True,"La magnitud y comportamiento horario coinciden con CapEfecNeta, DispoReal y DispoCome y la descripcion oficial corresponde a potencia neta.",0.0
2026-06-02,Recurso,5QT6,,Hour15,0.0,kWh,kW,True,"La magnitud y comportamiento horario coinciden con CapEfecNeta, DispoReal y DispoCome y la descripcion oficial corresponde a potencia neta.",0.0
2026-06-02,Recurso,5QT6,,Hour16,0.0,kWh,kW,True,"La magnitud y comportamiento horario coinciden con CapEfecNeta, DispoReal y DispoCome y la descripcion oficial corresponde a potencia neta.",0.0
2026-06-02,Recurso,5QT6,,Hour17,0.0,kWh,kW,True,"La magnitud y comportamiento horario coinciden con CapEfecNeta, DispoReal y DispoCome y la descripcion oficial corresponde a potencia neta.",0.0
2026-06-02,Recurso,5QT6,,Hour18,0.0,kWh,kW,True,"La magnitud y comportamiento horario coinciden con CapEfecNeta, DispoReal y DispoCome y la descripcion oficial corresponde a potencia neta.",0.0
2026-06-02,Recurso,5QT6,,Hour19,0.0,kWh,kW,True,"La magnitud y comportamiento horario coinciden con CapEfecNeta, DispoReal y DispoCome y la descripcion oficial corresponde a potencia neta.",0.0
2026-06-02,Recurso,5QT6,,Hour20,0.0,kWh,kW,True,"La magnitud y comportamiento horario coinciden con CapEfecNeta, DispoReal y DispoCome y la descripcion oficial corresponde a potencia neta.",0.0
2026-06-02,Recurso,5QT6,,Hour21,0.0,kWh,kW,True,"La magnitud y comportamiento horario coinciden con CapEfecNeta, DispoReal y DispoCome y la descripcion oficial corresponde a potencia neta.",0.0
2026-06-02,Recurso,5QT6,,Hour22,0.0,kWh,kW,True,"La magnitud y comportamiento horario coinciden con CapEfecNeta, DispoReal y DispoCome y la descripcion oficial corresponde a potencia neta.",0.0
2026-06-02,Recurso,5QT6,,Hour23,0.0,kWh,kW,True,"La magnitud y comportamiento horario coinciden con CapEfecNeta, DispoReal y DispoCome y la descripcion oficial corresponde a potencia neta.",0.0
2026-06-02,Recurso,5QT6,,Hour24,0.0,kWh,kW,True,"La magnitud y comportamiento horario coinciden con CapEfecNeta, DispoReal y DispoCome y la descripcion oficial corresponde a potencia neta.",0.0
2026-06-02,Recurso,ALBG,,Hour01,286000.0,kWh,kW,True,"La magnitud y comportamiento horario coinciden con CapEfecNeta, DispoReal y DispoCome y la descripcion oficial corresponde a potencia neta.",286.0
2026-06-02,Recurso,ALBG,,Hour02,286000.0,kWh,kW,True,"La magnitud y comportamiento horario coinciden con CapEfecNeta, DispoReal y DispoCome y la descripcion oficial corresponde a potencia neta.",286.0
2026-06-02,Recurso,ALBG,,Hour03,286000.0,kWh,kW,True,"La magnitud y comportamiento horario coinciden con CapEfecNeta, DispoReal y DispoCome y la descripcion oficial corresponde a potencia neta.",286.0
2026-06-02,Recurso,ALBG,,Hour04,286000.0,kWh,kW,True,"La magnitud y comportamiento horario coinciden con CapEfecNeta, DispoReal y DispoCome y la descripcion oficial corresponde a potencia neta.",286.0
2026-06-02,Recurso,ALBG,,Hour05,286000.0,kWh,kW,True,"La magnitud y comportamiento horario coinciden con CapEfecNeta, DispoReal y DispoCome y la descripcion oficial corresponde a potencia neta.",286.0
2026-06-02,Recurso,ALBG,,Hour06,286000.0,kWh,kW,True,"La magnitud y comportamiento horario coinciden con CapEfecNeta, DispoReal y DispoCome y la descripcion oficial corresponde a potencia neta.",286.0
2026-06-02,Recurso,ALBG,,Hour07,286000.0,kWh,kW,True,"La magnitud y comportamiento horario coinciden con CapEfecNeta, DispoReal y DispoCome y la descripcion oficial corresponde a potencia neta.",286.0
2026-06-02,Recurso,ALBG,,Hour08,286000.0,kWh,kW,True,"La magnitud y comportamiento horario coinciden con CapEfecNeta, DispoReal y DispoCome y la descripcion oficial corresponde a potencia neta.",286.0
2026-06-02,Recurso,ALBG,,Hour09,286000.0,kWh,kW,True,"La magnitud y comportamiento horario coinciden con CapEfecNeta, DispoReal y DispoCome y la descripcion oficial corresponde a potencia neta.",286.0
2026-06-02,Recurso,ALBG,,Hour10,286000.0,kWh,kW,True,"La magnitud y comportamiento horario coinciden con CapEfecNeta, DispoReal y DispoCome y la descripcion oficial corresponde a potencia neta.",286.0
2026-06-02,Recurso,ALBG,,Hour11,286000.0,kWh,kW,True,"La magnitud y comportamiento horario coinciden con CapEfecNeta, DispoReal y DispoCome y la descripcion oficial corresponde a potencia neta.",286.0
2026-06-02,Recurso,ALBG,,Hour12,286000.0,kWh,kW,True,"La magnitud y comportamiento horario coinciden con CapEfecNeta, DispoReal y DispoCome y la descripcion oficial corresponde a potencia neta.",286.0
2026-06-02,Recurso,ALBG,,Hour13,286000.0,kWh,kW,True,"La magnitud y comportamiento horario coinciden con CapEfecNeta, DispoReal y DispoCome y la descripcion oficial corresponde a potencia neta.",286.0
2026-06-02,Recurso,ALBG,,Hour14,286000.0,kWh,kW,True,"La magnitud y comportamiento horario coinciden con CapEfecNeta, DispoReal y DispoCome y la descripcion oficial corresponde a potencia neta.",286.0
2026-06-02,Recurso,ALBG,,Hour15,286000.0,kWh,kW,True,"La magnitud y comportamiento horario coinciden con CapEfecNeta, DispoReal y DispoCome y la descripcion oficial corresponde a potencia neta.",286.0
2026-06-02,Recurso,ALBG,,Hour16,286000.0,kWh,kW,True,"La magnitud y comportamiento horario coinciden con CapEfecNeta, DispoReal y DispoCome y la descripcion oficial corresponde a potencia neta.",286.0
2026-06-02,Recurso,ALBG,,Hour17,286000.0,kWh,kW,True,"La magnitud y comportamiento horario coinciden con CapEfecNeta, DispoReal y DispoCome y la descripcion oficial corresponde a potencia neta.",286.0
2026-06-02,Recurso,ALBG,,Hour18,286000.0,kWh,kW,True,"La magnitud y comportamiento horario coinciden con CapEfecNeta, DispoReal y DispoCome y la descripcion oficial corresponde a potencia neta.",286.0
2026-06-02,Recurso,ALBG,,Hour19,286000.0,kWh,kW,True,"La magnitud y comportamiento horario coinciden con CapEfecNeta, DispoReal y DispoCome y la descripcion oficial corresponde a potencia neta.",286.0
2026-06-02,Recurso,ALBG,,Hour20,286000.0,kWh,kW,True,"La magnitud y comportamiento horario coinciden con CapEfecNeta, DispoReal y DispoCome y la descripcion oficial corresponde a potencia neta.",286.0
2026-06-02,Recurso,ALBG,,Hour21,286000.0,kWh,kW,True,"La magnitud y comportamiento horario coinciden con CapEfecNeta, DispoReal y DispoCome y la descripcion oficial corresponde a potencia neta.",286.0
2026-06-02,Recurso,ALBG,,Hour22,286000.0,kWh,kW,True,"La magnitud y comportamiento horario coinciden con CapEfecNeta, DispoReal y DispoCome y la descripcion oficial corresponde a potencia neta.",286.0
2026-06-02,Recurso,ALBG,,Hour23,286000.0,kWh,kW,True,"La magnitud y comportamiento horario coinciden con CapEfecNeta, DispoReal y DispoCome y la descripcion oficial corresponde a potencia neta.",286.0
2026-06-02,Recurso,ALBG,,Hour24,286000.0,kWh,kW,True,"La magnitud y comportamiento horario coinciden con CapEfecNeta, DispoReal y DispoCome y la descripcion oficial corresponde a potencia neta.",286.0
2026-06-02,Recurso,CHBG,,Hour01,326000.0,kWh,kW,True,"La magnitud y comportamiento horario coinciden con CapEfecNeta, DispoReal y DispoCome y la descripcion oficial corresponde a potencia neta.",326.0
2026-06-02,Recurso,CHBG,,Hour02,326000.0,kWh,kW,True,"La magnitud y comportamiento horario coinciden con CapEfecNeta, DispoReal y DispoCome y la descripcion oficial corresponde a potencia neta.",326.0
2026-06-02,Recurso,CHBG,,Hour03,326000.0,kWh,kW,True,"La magnitud y comportamiento horario coinciden con CapEfecNeta, DispoReal y DispoCome y la descripcion oficial corresponde a potencia neta.",326.0
2026-06-02,Recurso,CHBG,,Hour04,326000.0,kWh,kW,True,"La magnitud y comportamiento horario coinciden con CapEfecNeta, DispoReal y DispoCome y la descripcion oficial corresponde a potencia neta.",326.0
2026-06-02,Recurso,CHBG,,Hour05,326000.0,kWh,kW,True,"La magnitud y comportamiento horario coinciden con CapEfecNeta, DispoReal y DispoCome y la descripcion oficial corresponde a potencia neta.",326.0
2026-06-02,Recurso,CHBG,,Hour06,326000.0,kWh,kW,True,"La magnitud y comportamiento horario coinciden con CapEfecNeta, DispoReal y DispoCome y la descripcion oficial corresponde a potencia neta.",326.0
2026-06-02,Recurso,CHBG,,Hour07,326000.0,kWh,kW,True,"La magnitud y comportamiento horario coinciden con CapEfecNeta, DispoReal y DispoCome y la descripcion oficial corresponde a potencia neta.",326.0
2026-06-02,Recurso,CHBG,,Hour08,326000.0,kWh,kW,True,"La magnitud y comportamiento horario coinciden con CapEfecNeta, DispoReal y DispoCome y la descripcion oficial corresponde a potencia neta.",326.0
2026-06-02,Recurso,CHBG,,Hour09,326000.0,kWh,kW,True,"La magnitud y comportamiento horario coinciden con CapEfecNeta, DispoReal y DispoCome y la descripcion oficial corresponde a potencia neta.",326.0
2026-06-02,Recurso,CHBG,,Hour10,326000.0,kWh,kW,True,"La magnitud y comportamiento horario coinciden con CapEfecNeta, DispoReal y DispoCome y la descripcion oficial corresponde a potencia neta.",326.0
2026-06-02,Recurso,CHBG,,Hour11,326000.0,kWh,kW,True,"La magnitud y comportamiento horario coinciden con CapEfecNeta, DispoReal y DispoCome y la descripcion oficial corresponde a potencia neta.",326.0
2026-06-02,Recurso,CHBG,,Hour12,326000.0,kWh,kW,True,"La magnitud y comportamiento horario coinciden con CapEfecNeta, DispoReal y DispoCome y la descripcion oficial corresponde a potencia neta.",326.0
2026-06-02,Recurso,CHBG,,Hour13,326000.0,kWh,kW,True,"La magnitud y comportamiento horario coinciden con CapEfecNeta, DispoReal y DispoCome y la descripcion oficial corresponde a potencia neta.",326.0
2026-06-02,Recurso,CHBG,,Hour14,326000.0,kWh,kW,True,"La magnitud y comportamiento horario coinciden con CapEfecNeta, DispoReal y DispoCome y la descripcion oficial corresponde a potencia neta.",326.0
2026-06-02,Recurso,CHBG,,Hour15,326000.0,kWh,kW,True,"La magnitud y comportamiento horario coinciden con CapEfecNeta, DispoReal y DispoCome y la descripcion oficial corresponde a potencia neta.",326.0
2026-06-02,Recurso,CHBG,,Hour16,326000.0,kWh,kW,True,"La magnitud y comportamiento horario coinciden con CapEfecNeta, DispoReal y DispoCome y la descripcion oficial corresponde a potencia neta.",326.0
2026-06-02,Recurso,CHBG,,Hour17,326000.0,kWh,kW,True,"La magnitud y comportamiento horario coinciden con CapEfecNeta, DispoReal y DispoCome y la descripcion oficial corresponde a potencia neta.",326.0
2026-06-02,Recurso,CHBG,,Hour18,326000.0,kWh,kW,True,"La magnitud y comportamiento horario coinciden con CapEfecNeta, DispoReal y DispoCome y la descripcion oficial corresponde a potencia neta.",326.0
2026-06-02,Recurso,CHBG,,Hour19,326000.0,kWh,kW,True,"La magnitud y comportamiento horario coinciden con CapEfecNeta, DispoReal y DispoCome y la descripcion oficial corresponde a potencia neta.",326.0
2026-06-02,Recurso,CHBG,,Hour20,326000.0,kWh,kW,True,"La magnitud y comportamiento horario coinciden con CapEfecNeta, DispoReal y DispoCome y la descripcion oficial corresponde a potencia neta.",326.0
2026-06-02,Recurso,CHBG,,Hour21,326000.0,kWh,kW,True,"La magnitud y comportamiento horario coinciden con CapEfecNeta, DispoReal y DispoCome y la descripcion oficial corresponde a potencia neta.",326.0
2026-06-02,Recurso,CHBG,,Hour22,326000.0,kWh,kW,True,"La magnitud y comportamiento horario coinciden con CapEfecNeta, DispoReal y DispoCome y la descripcion oficial corresponde a potencia neta.",326.0
2026-06-02,Recurso,CHBG,,Hour23,326000.0,kWh,kW,True,"La magnitud y comportamiento horario coinciden con CapEfecNeta, DispoReal y DispoCome y la descripcion oficial corresponde a potencia neta.",326.0
2026-06-02,Recurso,CHBG,,Hour24,326000.0,kWh,kW,True,"La magnitud y comportamiento horario coinciden con CapEfecNeta, DispoReal y DispoCome y la descripcion oficial corresponde a potencia neta.",326.0
2026-06-02,Recurso,CHVR,,Hour01,875000.0,kWh,kW,True,"La magnitud y comportamiento horario coinciden con CapEfecNeta, DispoReal y DispoCome y la descripcion oficial corresponde a potencia neta.",875.0
2026-06-02,Recurso,CHVR,,Hour02,875000.0,kWh,kW,True,"La magnitud y comportamiento horario coinciden con CapEfecNeta, DispoReal y DispoCome y la descripcion oficial corresponde a potencia neta.",875.0
2026-06-02,Recurso,CHVR,,Hour03,875000.0,kWh,kW,True,"La magnitud y comportamiento horario coinciden con CapEfecNeta, DispoReal y DispoCome y la descripcion oficial corresponde a potencia neta.",875.0
2026-06-02,Recurso,CHVR,,Hour04,875000.0,kWh,kW,True,"La magnitud y comportamiento horario coinciden con CapEfecNeta, DispoReal y DispoCome y la descripcion oficial corresponde a potencia neta.",875.0
2026-06-02,Recurso,CHVR,,Hour05,875000.0,kWh,kW,True,"La magnitud y comportamiento horario coinciden con CapEfecNeta, DispoReal y DispoCome y la descripcion oficial corresponde a potencia neta.",875.0
2026-06-02,Recurso,CHVR,,Hour06,875000.0,kWh,kW,True,"La magnitud y comportamiento horario coinciden con CapEfecNeta, DispoReal y DispoCome y la descripcion oficial corresponde a potencia neta.",875.0
2026-06-02,Recurso,CHVR,,Hour07,875000.0,kWh,kW,True,"La magnitud y comportamiento horario coinciden con CapEfecNeta, DispoReal y DispoCome y la descripcion oficial corresponde a potencia neta.",875.0
2026-06-02,Recurso,CHVR,,Hour08,875000.0,kWh,kW,True,"La magnitud y comportamiento horario coinciden con CapEfecNeta, DispoReal y DispoCome y la descripcion oficial corresponde a potencia neta.",875.0
2026-06-02,Recurso,CHVR,,Hour09,875000.0,kWh,kW,True,"La magnitud y comportamiento horario coinciden con CapEfecNeta, DispoReal y DispoCome y la descripcion oficial corresponde a potencia neta.",875.0
2026-06-02,Recurso,CHVR,,Hour10,875000.0,kWh,kW,True,"La magnitud y comportamiento horario coinciden con CapEfecNeta, DispoReal y DispoCome y la descripcion oficial corresponde a potencia neta.",875.0
2026-06-02,Recurso,CHVR,,Hour11,875000.0,kWh,kW,True,"La magnitud y comportamiento horario coinciden con CapEfecNeta, DispoReal y DispoCome y la descripcion oficial corresponde a potencia neta.",875.0
2026-06-02,Recurso,CHVR,,Hour12,875000.0,kWh,kW,True,"La magnitud y comportamiento horario coinciden con CapEfecNeta, DispoReal y DispoCome y la descripcion oficial corresponde a potencia neta.",875.0
2026-06-02,Recurso,CHVR,,Hour13,875000.0,kWh,kW,True,"La magnitud y comportamiento horario coinciden con CapEfecNeta, DispoReal y DispoCome y la descripcion oficial corresponde a potencia neta.",875.0
2026-06-02,Recurso,CHVR,,Hour14,875000.0,kWh,kW,True,"La magnitud y comportamiento horario coinciden con CapEfecNeta, DispoReal y DispoCome y la descripcion oficial corresponde a potencia neta.",875.0
2026-06-02,Recurso,CHVR,,Hour15,875000.0,kWh,kW,True,"La magnitud y comportamiento horario coinciden con CapEfecNeta, DispoReal y DispoCome y la descripcion oficial corresponde a potencia neta.",875.0
2026-06-02,Recurso,CHVR,,Hour16,875000.0,kWh,kW,True,"La magnitud y comportamiento horario coinciden con CapEfecNeta, DispoReal y DispoCome y la descripcion oficial corresponde a potencia neta.",875.0
2026-06-02,Recurso,CHVR,,Hour17,875000.0,kWh,kW,True,"La magnitud y comportamiento horario coinciden con CapEfecNeta, DispoReal y DispoCome y la descripcion oficial corresponde a potencia neta.",875.0
2026-06-02,Recurso,CHVR,,Hour18,875000.0,kWh,kW,True,"La magnitud y comportamiento horario coinciden con CapEfecNeta, DispoReal y DispoCome y la descripcion oficial corresponde a potencia neta.",875.0
2026-06-02,Recurso,CHVR,,Hour19,875000.0,kWh,kW,True,"La magnitud y comportamiento horario coinciden con CapEfecNeta, DispoReal y DispoCome y la descripcion oficial corresponde a potencia neta.",875.0
2026-06-02,Recurso,CHVR,,Hour20,875000.0,kWh,kW,True,"La magnitud y comportamiento horario coinciden con CapEfecNeta, DispoReal y DispoCome y la descripcion oficial corresponde a potencia neta.",875.0
2026-06-02,Recurso,CHVR,,Hour21,875000.0,kWh,kW,True,"La magnitud y comportamiento horario coinciden con CapEfecNeta, DispoReal y DispoCome y la descripcion oficial corresponde a potencia neta.",875.0
2026-06-02,Recurso,CHVR,,Hour22,875000.0,kWh,kW,True,"La magnitud y comportamiento horario coinciden con CapEfecNeta, DispoReal y DispoCome y la descripcion oficial corresponde a potencia neta.",875.0
2026-06-02,Recurso,CHVR,,Hour23,875000.0,kWh,kW,True,"La magnitud y comportamiento horario coinciden con CapEfecNeta, DispoReal y DispoCome y la descripcion oficial corresponde a potencia neta.",875.0
2026-06-02,Recurso,CHVR,,Hour24,875000.0,kWh,kW,True,"La magnitud y comportamiento horario coinciden con CapEfecNeta, DispoReal y DispoCome y la descripcion oficial corresponde a potencia neta.",875.0
2026-06-02,Recurso,CLL1,,Hour01,78000.0,kWh,kW,True,"La magnitud y comportamiento horario coinciden con CapEfecNeta, DispoReal y DispoCome y la descripcion oficial corresponde a potencia neta.",78.0
2026-06-02,Recurso,CLL1,,Hour02,78000.0,kWh,kW,True,"La magnitud y comportamiento horario coinciden con CapEfecNeta, DispoReal y DispoCome y la descripcion oficial corresponde a potencia neta.",78.0
2026-06-02,Recurso,CLL1,,Hour03,78000.0,kWh,kW,True,"La magnitud y comportamiento horario coinciden con CapEfecNeta, DispoReal y DispoCome y la descripcion oficial corresponde a potencia neta.",78.0
2026-06-02,Recurso,CLL1,,Hour04,78000.0,kWh,kW,True,"La magnitud y comportamiento horario coinciden con CapEfecNeta, DispoReal y DispoCome y la descripcion oficial corresponde a potencia neta.",78.0
2026-06-02,Recurso,CLL1,,Hour05,78000.0,kWh,kW,True,"La magnitud y comportamiento horario coinciden con CapEfecNeta, DispoReal y DispoCome y la descripcion oficial corresponde a potencia neta.",78.0
2026-06-02,Recurso,CLL1,,Hour06,78000.0,kWh,kW,True,"La magnitud y comportamiento horario coinciden con CapEfecNeta, DispoReal y DispoCome y la descripcion oficial corresponde a potencia neta.",78.0
2026-06-02,Recurso,CLL1,,Hour07,78000.0,kWh,kW,True,"La magnitud y comportamiento horario coinciden con CapEfecNeta, DispoReal y DispoCome y la descripcion oficial corresponde a potencia neta.",78.0
2026-06-02,Recurso,CLL1,,Hour08,78000.0,kWh,kW,True,"La magnitud y comportamiento horario coinciden con CapEfecNeta, DispoReal y DispoCome y la descripcion oficial corresponde a potencia neta.",78.0
2026-06-02,Recurso,CLL1,,Hour09,78000.0,kWh,kW,True,"La magnitud y comportamiento horario coinciden con CapEfecNeta, DispoReal y DispoCome y la descripcion oficial corresponde a potencia neta.",78.0
2026-06-02,Recurso,CLL1,,Hour10,78000.0,kWh,kW,True,"La magnitud y comportamiento horario coinciden con CapEfecNeta, DispoReal y DispoCome y la descripcion oficial corresponde a potencia neta.",78.0
2026-06-02,Recurso,CLL1,,Hour11,78000.0,kWh,kW,True,"La magnitud y comportamiento horario coinciden con CapEfecNeta, DispoReal y DispoCome y la descripcion oficial corresponde a potencia neta.",78.0
2026-06-02,Recurso,CLL1,,Hour12,78000.0,kWh,kW,True,"La magnitud y comportamiento horario coinciden con CapEfecNeta, DispoReal y DispoCome y la descripcion oficial corresponde a potencia neta.",78.0
2026-06-02,Recurso,CLL1,,Hour13,78000.0,kWh,kW,True,"La magnitud y comportamiento horario coinciden con CapEfecNeta, DispoReal y DispoCome y la descripcion oficial corresponde a potencia neta.",78.0
2026-06-02,Recurso,CLL1,,Hour14,78000.0,kWh,kW,True,"La magnitud y comportamiento horario coinciden con CapEfecNeta, DispoReal y DispoCome y la descripcion oficial corresponde a potencia neta.",78.0
2026-06-02,Recurso,CLL1,,Hour15,78000.0,kWh,kW,True,"La magnitud y comportamiento horario coinciden con CapEfecNeta, DispoReal y DispoCome y la descripcion oficial corresponde a potencia neta.",78.0
2026-06-02,Recurso,CLL1,,Hour16,78000.0,kWh,kW,True,"La magnitud y comportamiento horario coinciden con CapEfecNeta, DispoReal y DispoCome y la descripcion oficial corresponde a potencia neta.",78.0
2026-06-02,Recurso,CLL1,,Hour17,78000.0,kWh,kW,True,"La magnitud y comportamiento horario coinciden con CapEfecNeta, DispoReal y DispoCome y la descripcion oficial corresponde a potencia neta.",78.0
2026-06-02,Recurso,CLL1,,Hour18,78000.0,kWh,kW,True,"La magnitud y comportamiento horario coinciden con CapEfecNeta, DispoReal y DispoCome y la descripcion oficial corresponde a potencia neta.",78.0
2026-06-02,Recurso,CLL1,,Hour19,78000.0,kWh,kW,True,"La magnitud y comportamiento horario coinciden con CapEfecNeta, DispoReal y DispoCome y la descripcion oficial corresponde a potencia neta.",78.0
2026-06-02,Recurso,CLL1,,Hour20,78000.0,kWh,kW,True,"La magnitud y comportamiento horario coinciden con CapEfecNeta, DispoReal y DispoCome y la descripcion oficial corresponde a potencia neta.",78.0
2026-06-02,Recurso,CLL1,,Hour21,78000.0,kWh,kW,True,"La magnitud y comportamiento horario coinciden con CapEfecNeta, DispoReal y DispoCome y la descripcion oficial corresponde a potencia neta.",78.0
2026-06-02,Recurso,CLL1,,Hour22,78000.0,kWh,kW,True,"La magnitud y comportamiento horario coinciden con CapEfecNeta, DispoReal y DispoCome y la descripcion oficial corresponde a potencia neta.",78.0
2026-06-02,Recurso,CLL1,,Hour23,78000.0,kWh,kW,True,"La magnitud y comportamiento horario coinciden con CapEfecNeta, DispoReal y DispoCome y la descripcion oficial corresponde a potencia neta.",78.0
2026-06-02,Recurso,CLL1,,Hour24,78000.0,kWh,kW,True,"La magnitud y comportamiento horario coinciden con CapEfecNeta, DispoReal y DispoCome y la descripcion oficial corresponde a potencia neta.",78.0
2026-06-02,Recurso,CLMG,,Hour01,132000.0,kWh,kW,True,"La magnitud y comportamiento horario coinciden con CapEfecNeta, DispoReal y DispoCome y la descripcion oficial corresponde a potencia neta.",132.0
2026-06-02,Recurso,CLMG,,Hour02,132000.0,kWh,kW,True,"La magnitud y comportamiento horario coinciden con CapEfecNeta, DispoReal y DispoCome y la descripcion oficial corresponde a potencia neta.",132.0
2026-06-02,Recurso,CLMG,,Hour03,132000.0,kWh,kW,True,"La magnitud y comportamiento horario coinciden con CapEfecNeta, DispoReal y DispoCome y la descripcion oficial corresponde a potencia neta.",132.0
2026-06-02,Recurso,CLMG,,Hour04,132000.0,kWh,kW,True,"La magnitud y comportamiento horario coinciden con CapEfecNeta, DispoReal y DispoCome y la descripcion oficial corresponde a potencia neta.",132.0
2026-06-02,Recurso,CLMG,,Hour05,132000.0,kWh,kW,True,"La magnitud y comportamiento horario coinciden con CapEfecNeta, DispoReal y DispoCome y la descripcion oficial corresponde a potencia neta.",132.0
2026-06-02,Recurso,CLMG,,Hour06,132000.0,kWh,kW,True,"La magnitud y comportamiento horario coinciden con CapEfecNeta, DispoReal y DispoCome y la descripcion oficial corresponde a potencia neta.",132.0
2026-06-02,Recurso,CLMG,,Hour07,132000.0,kWh,kW,True,"La magnitud y comportamiento horario coinciden con CapEfecNeta, DispoReal y DispoCome y la descripcion oficial corresponde a potencia neta.",132.0
2026-06-02,Recurso,CLMG,,Hour08,132000.0,kWh,kW,True,"La magnitud y comportamiento horario coinciden con CapEfecNeta, DispoReal y DispoCome y la descripcion oficial corresponde a potencia neta.",132.0
2026-06-02,Recurso,CLMG,,Hour09,132000.0,kWh,kW,True,"La magnitud y comportamiento horario coinciden con CapEfecNeta, DispoReal y DispoCome y la descripcion oficial corresponde a potencia neta.",132.0
2026-06-02,Recurso,CLMG,,Hour10,132000.0,kWh,kW,True,"La magnitud y comportamiento horario coinciden con CapEfecNeta, DispoReal y DispoCome y la descripcion oficial corresponde a potencia neta.",132.0
2026-06-02,Recurso,CLMG,,Hour11,132000.0,kWh,kW,True,"La magnitud y comportamiento horario coinciden con CapEfecNeta, DispoReal y DispoCome y la descripcion oficial corresponde a potencia neta.",132.0
2026-06-02,Recurso,CLMG,,Hour12,132000.0,kWh,kW,True,"La magnitud y comportamiento horario coinciden con CapEfecNeta, DispoReal y DispoCome y la descripcion oficial corresponde a potencia neta.",132.0
2026-06-02,Recurso,CLMG,,Hour13,132000.0,kWh,kW,True,"La magnitud y comportamiento horario coinciden con CapEfecNeta, DispoReal y DispoCome y la descripcion oficial corresponde a potencia neta.",132.0
2026-06-02,Recurso,CLMG,,Hour14,132000.0,kWh,kW,True,"La magnitud y comportamiento horario coinciden con CapEfecNeta, DispoReal y DispoCome y la descripcion oficial corresponde a potencia neta.",132.0
2026-06-02,Recurso,CLMG,,Hour15,132000.0,kWh,kW,True,"La magnitud y comportamiento horario coinciden con CapEfecNeta, DispoReal y DispoCome y la descripcion oficial corresponde a potencia neta.",132.0
2026-06-02,Recurso,CLMG,,Hour16,132000.0,kWh,kW,True,"La magnitud y comportamiento horario coinciden con CapEfecNeta, DispoReal y DispoCome y la descripcion oficial corresponde a potencia neta.",132.0
2026-06-02,Recurso,CLMG,,Hour17,132000.0,kWh,kW,True,"La magnitud y comportamiento horario coinciden con CapEfecNeta, DispoReal y DispoCome y la descripcion oficial corresponde a potencia neta.",132.0
2026-06-02,Recurso,CLMG,,Hour18,132000.0,kWh,kW,True,"La magnitud y comportamiento horario coinciden con CapEfecNeta, DispoReal y DispoCome y la descripcion oficial corresponde a potencia neta.",132.0
2026-06-02,Recurso,CLMG,,Hour19,132000.0,kWh,kW,True,"La magnitud y comportamiento horario coinciden con CapEfecNeta, DispoReal y DispoCome y la descripcion oficial corresponde a potencia neta.",132.0
2026-06-02,Recurso,CLMG,,Hour20,132000.0,kWh,kW,True,"La magnitud y comportamiento horario coinciden con CapEfecNeta, DispoReal y DispoCome y la descripcion oficial corresponde a potencia neta.",132.0
2026-06-02,Recurso,CLMG,,Hour21,132000.0,kWh,kW,True,"La magnitud y comportamiento horario coinciden con CapEfecNeta, DispoReal y DispoCome y la descripcion oficial corresponde a potencia neta.",132.0
2026-06-02,Recurso,CLMG,,Hour22,132000.0,kWh,kW,True,"La magnitud y comportamiento horario coinciden con CapEfecNeta, DispoReal y DispoCome y la descripcion oficial corresponde a potencia neta.",132.0
2026-06-02,Recurso,CLMG,,Hour23,132000.0,kWh,kW,True,"La magnitud y comportamiento horario coinciden con CapEfecNeta, DispoReal y DispoCome y la descripcion oficial corresponde a potencia neta.",132.0
2026-06-02,Recurso,CLMG,,Hour24,132000.0,kWh,kW,True,"La magnitud y comportamiento horario coinciden con CapEfecNeta, DispoReal y DispoCome y la descripcion oficial corresponde a potencia neta.",132.0
2026-06-02,Recurso,CTG1,,Hour01,30000.0,kWh,kW,True,"La magnitud y comportamiento horario coinciden con CapEfecNeta, DispoReal y DispoCome y la descripcion oficial corresponde a potencia neta.",30.0
2026-06-02,Recurso,CTG1,,Hour02,30000.0,kWh,kW,True,"La magnitud y comportamiento horario coinciden con CapEfecNeta, DispoReal y DispoCome y la descripcion oficial corresponde a potencia neta.",30.0
2026-06-02,Recurso,CTG1,,Hour03,30000.0,kWh,kW,True,"La magnitud y comportamiento horario coinciden con CapEfecNeta, DispoReal y DispoCome y la descripcion oficial corresponde a potencia neta.",30.0
2026-06-02,Recurso,CTG1,,Hour04,30000.0,kWh,kW,True,"La magnitud y comportamiento horario coinciden con CapEfecNeta, DispoReal y DispoCome y la descripcion oficial corresponde a potencia neta.",30.0
2026-06-02,Recurso,CTG1,,Hour05,30000.0,kWh,kW,True,"La magnitud y comportamiento horario coinciden con CapEfecNeta, DispoReal y DispoCome y la descripcion oficial corresponde a potencia neta.",30.0
2026-06-02,Recurso,CTG1,,Hour06,30000.0,kWh,kW,True,"La magnitud y comportamiento horario coinciden con CapEfecNeta, DispoReal y DispoCome y la descripcion oficial corresponde a potencia neta.",30.0
2026-06-02,Recurso,CTG1,,Hour07,30000.0,kWh,kW,True,"La magnitud y comportamiento horario coinciden con CapEfecNeta, DispoReal y DispoCome y la descripcion oficial corresponde a potencia neta.",30.0
2026-06-02,Recurso,CTG1,,Hour08,30000.0,kWh,kW,True,"La magnitud y comportamiento horario coinciden con CapEfecNeta, DispoReal y DispoCome y la descripcion oficial corresponde a potencia neta.",30.0
2026-06-02,Recurso,CTG1,,Hour09,30000.0,kWh,kW,True,"La magnitud y comportamiento horario coinciden con CapEfecNeta, DispoReal y DispoCome y la descripcion oficial corresponde a potencia neta.",30.0
2026-06-02,Recurso,CTG1,,Hour10,30000.0,kWh,kW,True,"La magnitud y comportamiento horario coinciden con CapEfecNeta, DispoReal y DispoCome y la descripcion oficial corresponde a potencia neta.",30.0
2026-06-02,Recurso,CTG1,,Hour11,30000.0,kWh,kW,True,"La magnitud y comportamiento horario coinciden con CapEfecNeta, DispoReal y DispoCome y la descripcion oficial corresponde a potencia neta.",30.0
2026-06-02,Recurso,CTG1,,Hour12,30000.0,kWh,kW,True,"La magnitud y comportamiento horario coinciden con CapEfecNeta, DispoReal y DispoCome y la descripcion oficial corresponde a potencia neta.",30.0
2026-06-02,Recurso,CTG1,,Hour13,30000.0,kWh,kW,True,"La magnitud y comportamiento horario coinciden con CapEfecNeta, DispoReal y DispoCome y la descripcion oficial corresponde a potencia neta.",30.0
2026-06-02,Recurso,CTG1,,Hour14,30000.0,kWh,kW,True,"La magnitud y comportamiento horario coinciden con CapEfecNeta, DispoReal y DispoCome y la descripcion oficial corresponde a potencia neta.",30.0
2026-06-02,Recurso,CTG1,,Hour15,30000.0,kWh,kW,True,"La magnitud y comportamiento horario coinciden con CapEfecNeta, DispoReal y DispoCome y la descripcion oficial corresponde a potencia neta.",30.0
2026-06-02,Recurso,CTG1,,Hour16,30000.0,kWh,kW,True,"La magnitud y comportamiento horario coinciden con CapEfecNeta, DispoReal y DispoCome y la descripcion oficial corresponde a potencia neta.",30.0
2026-06-02,Recurso,CTG1,,Hour17,30000.0,kWh,kW,True,"La magnitud y comportamiento horario coinciden con CapEfecNeta, DispoReal y DispoCome y la descripcion oficial corresponde a potencia neta.",30.0
2026-06-02,Recurso,CTG1,,Hour18,30000.0,kWh,kW,True,"La magnitud y comportamiento horario coinciden con CapEfecNeta, DispoReal y DispoCome y la descripcion oficial corresponde a potencia neta.",30.0
2026-06-02,Recurso,CTG1,,Hour19,30000.0,kWh,kW,True,"La magnitud y comportamiento horario coinciden con CapEfecNeta, DispoReal y DispoCome y la descripcion oficial corresponde a potencia neta.",30.0
2026-06-02,Recurso,CTG1,,Hour20,30000.0,kWh,kW,True,"La magnitud y comportamiento horario coinciden con CapEfecNeta, DispoReal y DispoCome y la descripcion oficial corresponde a potencia neta.",30.0
2026-06-02,Recurso,CTG1,,Hour21,30000.0,kWh,kW,True,"La magnitud y comportamiento horario coinciden con CapEfecNeta, DispoReal y DispoCome y la descripcion oficial corresponde a potencia neta.",30.0
2026-06-02,Recurso,CTG1,,Hour22,30000.0,kWh,kW,True,"La magnitud y comportamiento horario coinciden con CapEfecNeta, DispoReal y DispoCome y la descripcion oficial corresponde a potencia neta.",30.0
2026-06-02,Recurso,CTG1,,Hour23,30000.0,kWh,kW,True,"La magnitud y comportamiento horario coinciden con CapEfecNeta, DispoReal y DispoCome y la descripcion oficial corresponde a potencia neta.",30.0
2026-06-02,Recurso,CTG1,,Hour24,30000.0,kWh,kW,True,"La magnitud y comportamiento horario coinciden con CapEfecNeta, DispoReal y DispoCome y la descripcion oficial corresponde a potencia neta.",30.0
2026-06-03,Recurso,2QEK,,Hour01,35000.0,kWh,kW,True,"La magnitud y comportamiento horario coinciden con CapEfecNeta, DispoReal y DispoCome y la descripcion oficial corresponde a potencia neta.",35.0
2026-06-03,Recurso,2QEK,,Hour02,35000.0,kWh,kW,True,"La magnitud y comportamiento horario coinciden con CapEfecNeta, DispoReal y DispoCome y la descripcion oficial corresponde a potencia neta.",35.0
2026-06-03,Recurso,2QEK,,Hour03,35000.0,kWh,kW,True,"La magnitud y comportamiento horario coinciden con CapEfecNeta, DispoReal y DispoCome y la descripcion oficial corresponde a potencia neta.",35.0
2026-06-03,Recurso,2QEK,,Hour04,35000.0,kWh,kW,True,"La magnitud y comportamiento horario coinciden con CapEfecNeta, DispoReal y DispoCome y la descripcion oficial corresponde a potencia neta.",35.0
2026-06-03,Recurso,2QEK,,Hour05,35000.0,kWh,kW,True,"La magnitud y comportamiento horario coinciden con CapEfecNeta, DispoReal y DispoCome y la descripcion oficial corresponde a potencia neta.",35.0
2026-06-03,Recurso,2QEK,,Hour06,35000.0,kWh,kW,True,"La magnitud y comportamiento horario coinciden con CapEfecNeta, DispoReal y DispoCome y la descripcion oficial corresponde a potencia neta.",35.0
2026-06-03,Recurso,2QEK,,Hour07,35000.0,kWh,kW,True,"La magnitud y comportamiento horario coinciden con CapEfecNeta, DispoReal y DispoCome y la descripcion oficial corresponde a potencia neta.",35.0
2026-06-03,Recurso,2QEK,,Hour08,35000.0,kWh,kW,True,"La magnitud y comportamiento horario coinciden con CapEfecNeta, DispoReal y DispoCome y la descripcion oficial corresponde a potencia neta.",35.0
2026-06-03,Recurso,2QEK,,Hour09,35000.0,kWh,kW,True,"La magnitud y comportamiento horario coinciden con CapEfecNeta, DispoReal y DispoCome y la descripcion oficial corresponde a potencia neta.",35.0
2026-06-03,Recurso,2QEK,,Hour10,35000.0,kWh,kW,True,"La magnitud y comportamiento horario coinciden con CapEfecNeta, DispoReal y DispoCome y la descripcion oficial corresponde a potencia neta.",35.0
2026-06-03,Recurso,2QEK,,Hour11,35000.0,kWh,kW,True,"La magnitud y comportamiento horario coinciden con CapEfecNeta, DispoReal y DispoCome y la descripcion oficial corresponde a potencia neta.",35.0
2026-06-03,Recurso,2QEK,,Hour12,35000.0,kWh,kW,True,"La magnitud y comportamiento horario coinciden con CapEfecNeta, DispoReal y DispoCome y la descripcion oficial corresponde a potencia neta.",35.0
2026-06-03,Recurso,2QEK,,Hour13,35000.0,kWh,kW,True,"La magnitud y comportamiento horario coinciden con CapEfecNeta, DispoReal y DispoCome y la descripcion oficial corresponde a potencia neta.",35.0
2026-06-03,Recurso,2QEK,,Hour14,35000.0,kWh,kW,True,"La magnitud y comportamiento horario coinciden con CapEfecNeta, DispoReal y DispoCome y la descripcion oficial corresponde a potencia neta.",35.0
2026-06-03,Recurso,2QEK,,Hour15,35000.0,kWh,kW,True,"La magnitud y comportamiento horario coinciden con CapEfecNeta, DispoReal y DispoCome y la descripcion oficial corresponde a potencia neta.",35.0
2026-06-03,Recurso,2QEK,,Hour16,35000.0,kWh,kW,True,"La magnitud y comportamiento horario coinciden con CapEfecNeta, DispoReal y DispoCome y la descripcion oficial corresponde a potencia neta.",35.0
2026-06-03,Recurso,2QEK,,Hour17,35000.0,kWh,kW,True,"La magnitud y comportamiento horario coinciden con CapEfecNeta, DispoReal y DispoCome y la descripcion oficial corresponde a potencia neta.",35.0
2026-06-03,Recurso,2QEK,,Hour18,35000.0,kWh,kW,True,"La magnitud y comportamiento horario coinciden con CapEfecNeta, DispoReal y DispoCome y la descripcion oficial corresponde a potencia neta.",35.0
2026-06-03,Recurso,2QEK,,Hour19,35000.0,kWh,kW,True,"La magnitud y comportamiento horario coinciden con CapEfecNeta, DispoReal y DispoCome y la descripcion oficial corresponde a potencia neta.",35.0
2026-06-03,Recurso,2QEK,,Hour20,35000.0,kWh,kW,True,"La magnitud y comportamiento horario coinciden con CapEfecNeta, DispoReal y DispoCome y la descripcion oficial corresponde a potencia neta.",35.0
2026-06-03,Recurso,2QEK,,Hour21,35000.0,kWh,kW,True,"La magnitud y comportamiento horario coinciden con CapEfecNeta, DispoReal y DispoCome y la descripcion oficial corresponde a potencia neta.",35.0
2026-06-03,Recurso,2QEK,,Hour22,35000.0,kWh,kW,True,"La magnitud y comportamiento horario coinciden con CapEfecNeta, DispoReal y DispoCome y la descripcion oficial corresponde a potencia neta.",35.0
2026-06-03,Recurso,2QEK,,Hour23,35000.0,kWh,kW,True,"La magnitud y comportamiento horario coinciden con CapEfecNeta, DispoReal y DispoCome y la descripcion oficial corresponde a potencia neta.",35.0
2026-06-03,Recurso,2QEK,,Hour24,35000.0,kWh,kW,True,"La magnitud y comportamiento horario coinciden con CapEfecNeta, DispoReal y DispoCome y la descripcion oficial corresponde a potencia neta.",35.0
2026-06-03,Recurso,3ENA,,Hour01,200000.0,kWh,kW,True,"La magnitud y comportamiento horario coinciden con CapEfecNeta, DispoReal y DispoCome y la descripcion oficial corresponde a potencia neta.",200.0
2026-06-03,Recurso,3ENA,,Hour02,200000.0,kWh,kW,True,"La magnitud y comportamiento horario coinciden con CapEfecNeta, DispoReal y DispoCome y la descripcion oficial corresponde a potencia neta.",200.0
2026-06-03,Recurso,3ENA,,Hour03,200000.0,kWh,kW,True,"La magnitud y comportamiento horario coinciden con CapEfecNeta, DispoReal y DispoCome y la descripcion oficial corresponde a potencia neta.",200.0
2026-06-03,Recurso,3ENA,,Hour04,200000.0,kWh,kW,True,"La magnitud y comportamiento horario coinciden con CapEfecNeta, DispoReal y DispoCome y la descripcion oficial corresponde a potencia neta.",200.0
2026-06-03,Recurso,3ENA,,Hour05,200000.0,kWh,kW,True,"La magnitud y comportamiento horario coinciden con CapEfecNeta, DispoReal y DispoCome y la descripcion oficial corresponde a potencia neta.",200.0
2026-06-03,Recurso,3ENA,,Hour06,200000.0,kWh,kW,True,"La magnitud y comportamiento horario coinciden con CapEfecNeta, DispoReal y DispoCome y la descripcion oficial corresponde a potencia neta.",200.0
2026-06-03,Recurso,3ENA,,Hour07,200000.0,kWh,kW,True,"La magnitud y comportamiento horario coinciden con CapEfecNeta, DispoReal y DispoCome y la descripcion oficial corresponde a potencia neta.",200.0
2026-06-03,Recurso,3ENA,,Hour08,200000.0,kWh,kW,True,"La magnitud y comportamiento horario coinciden con CapEfecNeta, DispoReal y DispoCome y la descripcion oficial corresponde a potencia neta.",200.0
2026-06-03,Recurso,3ENA,,Hour09,200000.0,kWh,kW,True,"La magnitud y comportamiento horario coinciden con CapEfecNeta, DispoReal y DispoCome y la descripcion oficial corresponde a potencia neta.",200.0
2026-06-03,Recurso,3ENA,,Hour10,200000.0,kWh,kW,True,"La magnitud y comportamiento horario coinciden con CapEfecNeta, DispoReal y DispoCome y la descripcion oficial corresponde a potencia neta.",200.0
2026-06-03,Recurso,3ENA,,Hour11,200000.0,kWh,kW,True,"La magnitud y comportamiento horario coinciden con CapEfecNeta, DispoReal y DispoCome y la descripcion oficial corresponde a potencia neta.",200.0
2026-06-03,Recurso,3ENA,,Hour12,200000.0,kWh,kW,True,"La magnitud y comportamiento horario coinciden con CapEfecNeta, DispoReal y DispoCome y la descripcion oficial corresponde a potencia neta.",200.0
2026-06-03,Recurso,3ENA,,Hour13,200000.0,kWh,kW,True,"La magnitud y comportamiento horario coinciden con CapEfecNeta, DispoReal y DispoCome y la descripcion oficial corresponde a potencia neta.",200.0
2026-06-03,Recurso,3ENA,,Hour14,200000.0,kWh,kW,True,"La magnitud y comportamiento horario coinciden con CapEfecNeta, DispoReal y DispoCome y la descripcion oficial corresponde a potencia neta.",200.0
2026-06-03,Recurso,3ENA,,Hour15,200000.0,kWh,kW,True,"La magnitud y comportamiento horario coinciden con CapEfecNeta, DispoReal y DispoCome y la descripcion oficial corresponde a potencia neta.",200.0
2026-06-03,Recurso,3ENA,,Hour16,200000.0,kWh,kW,True,"La magnitud y comportamiento horario coinciden con CapEfecNeta, DispoReal y DispoCome y la descripcion oficial corresponde a potencia neta.",200.0
2026-06-03,Recurso,3ENA,,Hour17,200000.0,kWh,kW,True,"La magnitud y comportamiento horario coinciden con CapEfecNeta, DispoReal y DispoCome y la descripcion oficial corresponde a potencia neta.",200.0
2026-06-03,Recurso,3ENA,,Hour18,200000.0,kWh,kW,True,"La magnitud y comportamiento horario coinciden con CapEfecNeta, DispoReal y DispoCome y la descripcion oficial corresponde a potencia neta.",200.0
2026-06-03,Recurso,3ENA,,Hour19,200000.0,kWh,kW,True,"La magnitud y comportamiento horario coinciden con CapEfecNeta, DispoReal y DispoCome y la descripcion oficial corresponde a potencia neta.",200.0
2026-06-03,Recurso,3ENA,,Hour20,200000.0,kWh,kW,True,"La magnitud y comportamiento horario coinciden con CapEfecNeta, DispoReal y DispoCome y la descripcion oficial corresponde a potencia neta.",200.0
2026-06-03,Recurso,3ENA,,Hour21,200000.0,kWh,kW,True,"La magnitud y comportamiento horario coinciden con CapEfecNeta, DispoReal y DispoCome y la descripcion oficial corresponde a potencia neta.",200.0
2026-06-03,Recurso,3ENA,,Hour22,200000.0,kWh,kW,True,"La magnitud y comportamiento horario coinciden con CapEfecNeta, DispoReal y DispoCome y la descripcion oficial corresponde a potencia neta.",200.0
2026-06-03,Recurso,3ENA,,Hour23,200000.0,kWh,kW,True,"La magnitud y comportamiento horario coinciden con CapEfecNeta, DispoReal y DispoCome y la descripcion oficial corresponde a potencia neta.",200.0
2026-06-03,Recurso,3ENA,,Hour24,200000.0,kWh,kW,True,"La magnitud y comportamiento horario coinciden con CapEfecNeta, DispoReal y DispoCome y la descripcion oficial corresponde a potencia neta.",200.0
2026-06-03,Recurso,4YCN,,Hour01,25000.0,kWh,kW,True,"La magnitud y comportamiento horario coinciden con CapEfecNeta, DispoReal y DispoCome y la descripcion oficial corresponde a potencia neta.",25.0
2026-06-03,Recurso,4YCN,,Hour02,25000.0,kWh,kW,True,"La magnitud y comportamiento horario coinciden con CapEfecNeta, DispoReal y DispoCome y la descripcion oficial corresponde a potencia neta.",25.0
2026-06-03,Recurso,4YCN,,Hour03,25000.0,kWh,kW,True,"La magnitud y comportamiento horario coinciden con CapEfecNeta, DispoReal y DispoCome y la descripcion oficial corresponde a potencia neta.",25.0
2026-06-03,Recurso,4YCN,,Hour04,25000.0,kWh,kW,True,"La magnitud y comportamiento horario coinciden con CapEfecNeta, DispoReal y DispoCome y la descripcion oficial corresponde a potencia neta.",25.0
2026-06-03,Recurso,4YCN,,Hour05,25000.0,kWh,kW,True,"La magnitud y comportamiento horario coinciden con CapEfecNeta, DispoReal y DispoCome y la descripcion oficial corresponde a potencia neta.",25.0
2026-06-03,Recurso,4YCN,,Hour06,25000.0,kWh,kW,True,"La magnitud y comportamiento horario coinciden con CapEfecNeta, DispoReal y DispoCome y la descripcion oficial corresponde a potencia neta.",25.0
2026-06-03,Recurso,4YCN,,Hour07,25000.0,kWh,kW,True,"La magnitud y comportamiento horario coinciden con CapEfecNeta, DispoReal y DispoCome y la descripcion oficial corresponde a potencia neta.",25.0
2026-06-03,Recurso,4YCN,,Hour08,25000.0,kWh,kW,True,"La magnitud y comportamiento horario coinciden con CapEfecNeta, DispoReal y DispoCome y la descripcion oficial corresponde a potencia neta.",25.0
2026-06-03,Recurso,4YCN,,Hour09,25000.0,kWh,kW,True,"La magnitud y comportamiento horario coinciden con CapEfecNeta, DispoReal y DispoCome y la descripcion oficial corresponde a potencia neta.",25.0
2026-06-03,Recurso,4YCN,,Hour10,25000.0,kWh,kW,True,"La magnitud y comportamiento horario coinciden con CapEfecNeta, DispoReal y DispoCome y la descripcion oficial corresponde a potencia neta.",25.0
2026-06-03,Recurso,4YCN,,Hour11,25000.0,kWh,kW,True,"La magnitud y comportamiento horario coinciden con CapEfecNeta, DispoReal y DispoCome y la descripcion oficial corresponde a potencia neta.",25.0
2026-06-03,Recurso,4YCN,,Hour12,25000.0,kWh,kW,True,"La magnitud y comportamiento horario coinciden con CapEfecNeta, DispoReal y DispoCome y la descripcion oficial corresponde a potencia neta.",25.0
2026-06-03,Recurso,4YCN,,Hour13,25000.0,kWh,kW,True,"La magnitud y comportamiento horario coinciden con CapEfecNeta, DispoReal y DispoCome y la descripcion oficial corresponde a potencia neta.",25.0
2026-06-03,Recurso,4YCN,,Hour14,25000.0,kWh,kW,True,"La magnitud y comportamiento horario coinciden con CapEfecNeta, DispoReal y DispoCome y la descripcion oficial corresponde a potencia neta.",25.0
2026-06-03,Recurso,4YCN,,Hour15,25000.0,kWh,kW,True,"La magnitud y comportamiento horario coinciden con CapEfecNeta, DispoReal y DispoCome y la descripcion oficial corresponde a potencia neta.",25.0
2026-06-03,Recurso,4YCN,,Hour16,25000.0,kWh,kW,True,"La magnitud y comportamiento horario coinciden con CapEfecNeta, DispoReal y DispoCome y la descripcion oficial corresponde a potencia neta.",25.0
2026-06-03,Recurso,4YCN,,Hour17,25000.0,kWh,kW,True,"La magnitud y comportamiento horario coinciden con CapEfecNeta, DispoReal y DispoCome y la descripcion oficial corresponde a potencia neta.",25.0
2026-06-03,Recurso,4YCN,,Hour18,25000.0,kWh,kW,True,"La magnitud y comportamiento horario coinciden con CapEfecNeta, DispoReal y DispoCome y la descripcion oficial corresponde a potencia neta.",25.0
2026-06-03,Recurso,4YCN,,Hour19,25000.0,kWh,kW,True,"La magnitud y comportamiento horario coinciden con CapEfecNeta, DispoReal y DispoCome y la descripcion oficial corresponde a potencia neta.",25.0
2026-06-03,Recurso,4YCN,,Hour20,25000.0,kWh,kW,True,"La magnitud y comportamiento horario coinciden con CapEfecNeta, DispoReal y DispoCome y la descripcion oficial corresponde a potencia neta.",25.0
2026-06-03,Recurso,4YCN,,Hour21,25000.0,kWh,kW,True,"La magnitud y comportamiento horario coinciden con CapEfecNeta, DispoReal y DispoCome y la descripcion oficial corresponde a potencia neta.",25.0
2026-06-03,Recurso,4YCN,,Hour22,25000.0,kWh,kW,True,"La magnitud y comportamiento horario coinciden con CapEfecNeta, DispoReal y DispoCome y la descripcion oficial corresponde a potencia neta.",25.0
2026-06-03,Recurso,4YCN,,Hour23,25000.0,kWh,kW,True,"La magnitud y comportamiento horario coinciden con CapEfecNeta, DispoReal y DispoCome y la descripcion oficial corresponde a potencia neta.",25.0
2026-06-03,Recurso,4YCN,,Hour24,25000.0,kWh,kW,True,"La magnitud y comportamiento horario coinciden con CapEfecNeta, DispoReal y DispoCome y la descripcion oficial corresponde a potencia neta.",25.0
2026-06-03,Recurso,5QT6,,Hour01,0.0,kWh,kW,True,"La magnitud y comportamiento horario coinciden con CapEfecNeta, DispoReal y DispoCome y la descripcion oficial corresponde a potencia neta.",0.0
2026-06-03,Recurso,5QT6,,Hour02,0.0,kWh,kW,True,"La magnitud y comportamiento horario coinciden con CapEfecNeta, DispoReal y DispoCome y la descripcion oficial corresponde a potencia neta.",0.0
2026-06-03,Recurso,5QT6,,Hour03,0.0,kWh,kW,True,"La magnitud y comportamiento horario coinciden con CapEfecNeta, DispoReal y DispoCome y la descripcion oficial corresponde a potencia neta.",0.0
2026-06-03,Recurso,5QT6,,Hour04,0.0,kWh,kW,True,"La magnitud y comportamiento horario coinciden con CapEfecNeta, DispoReal y DispoCome y la descripcion oficial corresponde a potencia neta.",0.0
2026-06-03,Recurso,5QT6,,Hour05,0.0,kWh,kW,True,"La magnitud y comportamiento horario coinciden con CapEfecNeta, DispoReal y DispoCome y la descripcion oficial corresponde a potencia neta.",0.0
2026-06-03,Recurso,5QT6,,Hour06,0.0,kWh,kW,True,"La magnitud y comportamiento horario coinciden con CapEfecNeta, DispoReal y DispoCome y la descripcion oficial corresponde a potencia neta.",0.0
2026-06-03,Recurso,5QT6,,Hour07,0.0,kWh,kW,True,"La magnitud y comportamiento horario coinciden con CapEfecNeta, DispoReal y DispoCome y la descripcion oficial corresponde a potencia neta.",0.0
2026-06-03,Recurso,5QT6,,Hour08,0.0,kWh,kW,True,"La magnitud y comportamiento horario coinciden con CapEfecNeta, DispoReal y DispoCome y la descripcion oficial corresponde a potencia neta.",0.0
2026-06-03,Recurso,5QT6,,Hour09,0.0,kWh,kW,True,"La magnitud y comportamiento horario coinciden con CapEfecNeta, DispoReal y DispoCome y la descripcion oficial corresponde a potencia neta.",0.0
2026-06-03,Recurso,5QT6,,Hour10,0.0,kWh,kW,True,"La magnitud y comportamiento horario coinciden con CapEfecNeta, DispoReal y DispoCome y la descripcion oficial corresponde a potencia neta.",0.0
2026-06-03,Recurso,5QT6,,Hour11,0.0,kWh,kW,True,"La magnitud y comportamiento horario coinciden con CapEfecNeta, DispoReal y DispoCome y la descripcion oficial corresponde a potencia neta.",0.0
2026-06-03,Recurso,5QT6,,Hour12,0.0,kWh,kW,True,"La magnitud y comportamiento horario coinciden con CapEfecNeta, DispoReal y DispoCome y la descripcion oficial corresponde a potencia neta.",0.0
2026-06-03,Recurso,5QT6,,Hour13,0.0,kWh,kW,True,"La magnitud y comportamiento horario coinciden con CapEfecNeta, DispoReal y DispoCome y la descripcion oficial corresponde a potencia neta.",0.0
2026-06-03,Recurso,5QT6,,Hour14,0.0,kWh,kW,True,"La magnitud y comportamiento horario coinciden con CapEfecNeta, DispoReal y DispoCome y la descripcion oficial corresponde a potencia neta.",0.0
2026-06-03,Recurso,5QT6,,Hour15,0.0,kWh,kW,True,"La magnitud y comportamiento horario coinciden con CapEfecNeta, DispoReal y DispoCome y la descripcion oficial corresponde a potencia neta.",0.0
2026-06-03,Recurso,5QT6,,Hour16,0.0,kWh,kW,True,"La magnitud y comportamiento horario coinciden con CapEfecNeta, DispoReal y DispoCome y la descripcion oficial corresponde a potencia neta.",0.0
2026-06-03,Recurso,5QT6,,Hour17,0.0,kWh,kW,True,"La magnitud y comportamiento horario coinciden con CapEfecNeta, DispoReal y DispoCome y la descripcion oficial corresponde a potencia neta.",0.0
2026-06-03,Recurso,5QT6,,Hour18,0.0,kWh,kW,True,"La magnitud y comportamiento horario coinciden con CapEfecNeta, DispoReal y DispoCome y la descripcion oficial corresponde a potencia neta.",0.0
2026-06-03,Recurso,5QT6,,Hour19,0.0,kWh,kW,True,"La magnitud y comportamiento horario coinciden con CapEfecNeta, DispoReal y DispoCome y la descripcion oficial corresponde a potencia neta.",0.0
2026-06-03,Recurso,5QT6,,Hour20,0.0,kWh,kW,True,"La magnitud y comportamiento horario coinciden con CapEfecNeta, DispoReal y DispoCome y la descripcion oficial corresponde a potencia neta.",0.0
2026-06-03,Recurso,5QT6,,Hour21,0.0,kWh,kW,True,"La magnitud y comportamiento horario coinciden con CapEfecNeta, DispoReal y DispoCome y la descripcion oficial corresponde a potencia neta.",0.0
2026-06-03,Recurso,5QT6,,Hour22,0.0,kWh,kW,True,"La magnitud y comportamiento horario coinciden con CapEfecNeta, DispoReal y DispoCome y la descripcion oficial corresponde a potencia neta.",0.0
2026-06-03,Recurso,5QT6,,Hour23,0.0,kWh,kW,True,"La magnitud y comportamiento horario coinciden con CapEfecNeta, DispoReal y DispoCome y la descripcion oficial corresponde a potencia neta.",0.0
2026-06-03,Recurso,5QT6,,Hour24,0.0,kWh,kW,True,"La magnitud y comportamiento horario coinciden con CapEfecNeta, DispoReal y DispoCome y la descripcion oficial corresponde a potencia neta.",0.0
2026-06-03,Recurso,ALBG,,Hour01,286000.0,kWh,kW,True,"La magnitud y comportamiento horario coinciden con CapEfecNeta, DispoReal y DispoCome y la descripcion oficial corresponde a potencia neta.",286.0
2026-06-03,Recurso,ALBG,,Hour02,286000.0,kWh,kW,True,"La magnitud y comportamiento horario coinciden con CapEfecNeta, DispoReal y DispoCome y la descripcion oficial corresponde a potencia neta.",286.0
2026-06-03,Recurso,ALBG,,Hour03,286000.0,kWh,kW,True,"La magnitud y comportamiento horario coinciden con CapEfecNeta, DispoReal y DispoCome y la descripcion oficial corresponde a potencia neta.",286.0
2026-06-03,Recurso,ALBG,,Hour04,286000.0,kWh,kW,True,"La magnitud y comportamiento horario coinciden con CapEfecNeta, DispoReal y DispoCome y la descripcion oficial corresponde a potencia neta.",286.0
2026-06-03,Recurso,ALBG,,Hour05,286000.0,kWh,kW,True,"La magnitud y comportamiento horario coinciden con CapEfecNeta, DispoReal y DispoCome y la descripcion oficial corresponde a potencia neta.",286.0
2026-06-03,Recurso,ALBG,,Hour06,286000.0,kWh,kW,True,"La magnitud y comportamiento horario coinciden con CapEfecNeta, DispoReal y DispoCome y la descripcion oficial corresponde a potencia neta.",286.0
2026-06-03,Recurso,ALBG,,Hour07,286000.0,kWh,kW,True,"La magnitud y comportamiento horario coinciden con CapEfecNeta, DispoReal y DispoCome y la descripcion oficial corresponde a potencia neta.",286.0
2026-06-03,Recurso,ALBG,,Hour08,286000.0,kWh,kW,True,"La magnitud y comportamiento horario coinciden con CapEfecNeta, DispoReal y DispoCome y la descripcion oficial corresponde a potencia neta.",286.0
2026-06-03,Recurso,ALBG,,Hour09,286000.0,kWh,kW,True,"La magnitud y comportamiento horario coinciden con CapEfecNeta, DispoReal y DispoCome y la descripcion oficial corresponde a potencia neta.",286.0
2026-06-03,Recurso,ALBG,,Hour10,286000.0,kWh,kW,True,"La magnitud y comportamiento horario coinciden con CapEfecNeta, DispoReal y DispoCome y la descripcion oficial corresponde a potencia neta.",286.0
2026-06-03,Recurso,ALBG,,Hour11,286000.0,kWh,kW,True,"La magnitud y comportamiento horario coinciden con CapEfecNeta, DispoReal y DispoCome y la descripcion oficial corresponde a potencia neta.",286.0
2026-06-03,Recurso,ALBG,,Hour12,286000.0,kWh,kW,True,"La magnitud y comportamiento horario coinciden con CapEfecNeta, DispoReal y DispoCome y la descripcion oficial corresponde a potencia neta.",286.0
2026-06-03,Recurso,ALBG,,Hour13,286000.0,kWh,kW,True,"La magnitud y comportamiento horario coinciden con CapEfecNeta, DispoReal y DispoCome y la descripcion oficial corresponde a potencia neta.",286.0
2026-06-03,Recurso,ALBG,,Hour14,286000.0,kWh,kW,True,"La magnitud y comportamiento horario coinciden con CapEfecNeta, DispoReal y DispoCome y la descripcion oficial corresponde a potencia neta.",286.0
2026-06-03,Recurso,ALBG,,Hour15,286000.0,kWh,kW,True,"La magnitud y comportamiento horario coinciden con CapEfecNeta, DispoReal y DispoCome y la descripcion oficial corresponde a potencia neta.",286.0
2026-06-03,Recurso,ALBG,,Hour16,286000.0,kWh,kW,True,"La magnitud y comportamiento horario coinciden con CapEfecNeta, DispoReal y DispoCome y la descripcion oficial corresponde a potencia neta.",286.0
2026-06-03,Recurso,ALBG,,Hour17,286000.0,kWh,kW,True,"La magnitud y comportamiento horario coinciden con CapEfecNeta, DispoReal y DispoCome y la descripcion oficial corresponde a potencia neta.",286.0
2026-06-03,Recurso,ALBG,,Hour18,286000.0,kWh,kW,True,"La magnitud y comportamiento horario coinciden con CapEfecNeta, DispoReal y DispoCome y la descripcion oficial corresponde a potencia neta.",286.0
2026-06-03,Recurso,ALBG,,Hour19,286000.0,kWh,kW,True,"La magnitud y comportamiento horario coinciden con CapEfecNeta, DispoReal y DispoCome y la descripcion oficial corresponde a potencia neta.",286.0
2026-06-03,Recurso,ALBG,,Hour20,286000.0,kWh,kW,True,"La magnitud y comportamiento horario coinciden con CapEfecNeta, DispoReal y DispoCome y la descripcion oficial corresponde a potencia neta.",286.0
2026-06-03,Recurso,ALBG,,Hour21,286000.0,kWh,kW,True,"La magnitud y comportamiento horario coinciden con CapEfecNeta, DispoReal y DispoCome y la descripcion oficial corresponde a potencia neta.",286.0
2026-06-03,Recurso,ALBG,,Hour22,286000.0,kWh,kW,True,"La magnitud y comportamiento horario coinciden con CapEfecNeta, DispoReal y DispoCome y la descripcion oficial corresponde a potencia neta.",286.0
2026-06-03,Recurso,ALBG,,Hour23,286000.0,kWh,kW,True,"La magnitud y comportamiento horario coinciden con CapEfecNeta, DispoReal y DispoCome y la descripcion oficial corresponde a potencia neta.",286.0
2026-06-03,Recurso,ALBG,,Hour24,286000.0,kWh,kW,True,"La magnitud y comportamiento horario coinciden con CapEfecNeta, DispoReal y DispoCome y la descripcion oficial corresponde a potencia neta.",286.0
2026-06-03,Recurso,CHBG,,Hour01,326000.0,kWh,kW,True,"La magnitud y comportamiento horario coinciden con CapEfecNeta, DispoReal y DispoCome y la descripcion oficial corresponde a potencia neta.",326.0
2026-06-03,Recurso,CHBG,,Hour02,326000.0,kWh,kW,True,"La magnitud y comportamiento horario coinciden con CapEfecNeta, DispoReal y DispoCome y la descripcion oficial corresponde a potencia neta.",326.0
2026-06-03,Recurso,CHBG,,Hour03,326000.0,kWh,kW,True,"La magnitud y comportamiento horario coinciden con CapEfecNeta, DispoReal y DispoCome y la descripcion oficial corresponde a potencia neta.",326.0
2026-06-03,Recurso,CHBG,,Hour04,326000.0,kWh,kW,True,"La magnitud y comportamiento horario coinciden con CapEfecNeta, DispoReal y DispoCome y la descripcion oficial corresponde a potencia neta.",326.0
2026-06-03,Recurso,CHBG,,Hour05,326000.0,kWh,kW,True,"La magnitud y comportamiento horario coinciden con CapEfecNeta, DispoReal y DispoCome y la descripcion oficial corresponde a potencia neta.",326.0
2026-06-03,Recurso,CHBG,,Hour06,326000.0,kWh,kW,True,"La magnitud y comportamiento horario coinciden con CapEfecNeta, DispoReal y DispoCome y la descripcion oficial corresponde a potencia neta.",326.0
2026-06-03,Recurso,CHBG,,Hour07,326000.0,kWh,kW,True,"La magnitud y comportamiento horario coinciden con CapEfecNeta, DispoReal y DispoCome y la descripcion oficial corresponde a potencia neta.",326.0
2026-06-03,Recurso,CHBG,,Hour08,326000.0,kWh,kW,True,"La magnitud y comportamiento horario coinciden con CapEfecNeta, DispoReal y DispoCome y la descripcion oficial corresponde a potencia neta.",326.0
2026-06-03,Recurso,CHBG,,Hour09,0.0,kWh,kW,True,"La magnitud y comportamiento horario coinciden con CapEfecNeta, DispoReal y DispoCome y la descripcion oficial corresponde a potencia neta.",0.0
2026-06-03,Recurso,CHBG,,Hour10,0.0,kWh,kW,True,"La magnitud y comportamiento horario coinciden con CapEfecNeta, DispoReal y DispoCome y la descripcion oficial corresponde a potencia neta.",0.0
2026-06-03,Recurso,CHBG,,Hour11,0.0,kWh,kW,True,"La magnitud y comportamiento horario coinciden con CapEfecNeta, DispoReal y DispoCome y la descripcion oficial corresponde a potencia neta.",0.0
2026-06-03,Recurso,CHBG,,Hour12,0.0,kWh,kW,True,"La magnitud y comportamiento horario coinciden con CapEfecNeta, DispoReal y DispoCome y la descripcion oficial corresponde a potencia neta.",0.0
2026-06-03,Recurso,CHBG,,Hour13,0.0,kWh,kW,True,"La magnitud y comportamiento horario coinciden con CapEfecNeta, DispoReal y DispoCome y la descripcion oficial corresponde a potencia neta.",0.0
2026-06-03,Recurso,CHBG,,Hour14,0.0,kWh,kW,True,"La magnitud y comportamiento horario coinciden con CapEfecNeta, DispoReal y DispoCome y la descripcion oficial corresponde a potencia neta.",0.0
2026-06-03,Recurso,CHBG,,Hour15,326000.0,kWh,kW,True,"La magnitud y comportamiento horario coinciden con CapEfecNeta, DispoReal y DispoCome y la descripcion oficial corresponde a potencia neta.",326.0
2026-06-03,Recurso,CHBG,,Hour16,326000.0,kWh,kW,True,"La magnitud y comportamiento horario coinciden con CapEfecNeta, DispoReal y DispoCome y la descripcion oficial corresponde a potencia neta.",326.0
2026-06-03,Recurso,CHBG,,Hour17,326000.0,kWh,kW,True,"La magnitud y comportamiento horario coinciden con CapEfecNeta, DispoReal y DispoCome y la descripcion oficial corresponde a potencia neta.",326.0
2026-06-03,Recurso,CHBG,,Hour18,326000.0,kWh,kW,True,"La magnitud y comportamiento horario coinciden con CapEfecNeta, DispoReal y DispoCome y la descripcion oficial corresponde a potencia neta.",326.0
2026-06-03,Recurso,CHBG,,Hour19,326000.0,kWh,kW,True,"La magnitud y comportamiento horario coinciden con CapEfecNeta, DispoReal y DispoCome y la descripcion oficial corresponde a potencia neta.",326.0
2026-06-03,Recurso,CHBG,,Hour20,326000.0,kWh,kW,True,"La magnitud y comportamiento horario coinciden con CapEfecNeta, DispoReal y DispoCome y la descripcion oficial corresponde a potencia neta.",326.0
2026-06-03,Recurso,CHBG,,Hour21,326000.0,kWh,kW,True,"La magnitud y comportamiento horario coinciden con CapEfecNeta, DispoReal y DispoCome y la descripcion oficial corresponde a potencia neta.",326.0
2026-06-03,Recurso,CHBG,,Hour22,326000.0,kWh,kW,True,"La magnitud y comportamiento horario coinciden con CapEfecNeta, DispoReal y DispoCome y la descripcion oficial corresponde a potencia neta.",326.0
2026-06-03,Recurso,CHBG,,Hour23,326000.0,kWh,kW,True,"La magnitud y comportamiento horario coinciden con CapEfecNeta, DispoReal y DispoCome y la descripcion oficial corresponde a potencia neta.",326.0
2026-06-03,Recurso,CHBG,,Hour24,326000.0,kWh,kW,True,"La magnitud y comportamiento horario coinciden con CapEfecNeta, DispoReal y DispoCome y la descripcion oficial corresponde a potencia neta.",326.0
2026-06-03,Recurso,CHVR,,Hour01,875000.0,kWh,kW,True,"La magnitud y comportamiento horario coinciden con CapEfecNeta, DispoReal y DispoCome y la descripcion oficial corresponde a potencia neta.",875.0
2026-06-03,Recurso,CHVR,,Hour02,875000.0,kWh,kW,True,"La magnitud y comportamiento horario coinciden con CapEfecNeta, DispoReal y DispoCome y la descripcion oficial corresponde a potencia neta.",875.0
2026-06-03,Recurso,CHVR,,Hour03,875000.0,kWh,kW,True,"La magnitud y comportamiento horario coinciden con CapEfecNeta, DispoReal y DispoCome y la descripcion oficial corresponde a potencia neta.",875.0
2026-06-03,Recurso,CHVR,,Hour04,875000.0,kWh,kW,True,"La magnitud y comportamiento horario coinciden con CapEfecNeta, DispoReal y DispoCome y la descripcion oficial corresponde a potencia neta.",875.0
2026-06-03,Recurso,CHVR,,Hour05,875000.0,kWh,kW,True,"La magnitud y comportamiento horario coinciden con CapEfecNeta, DispoReal y DispoCome y la descripcion oficial corresponde a potencia neta.",875.0
2026-06-03,Recurso,CHVR,,Hour06,875000.0,kWh,kW,True,"La magnitud y comportamiento horario coinciden con CapEfecNeta, DispoReal y DispoCome y la descripcion oficial corresponde a potencia neta.",875.0
2026-06-03,Recurso,CHVR,,Hour07,875000.0,kWh,kW,True,"La magnitud y comportamiento horario coinciden con CapEfecNeta, DispoReal y DispoCome y la descripcion oficial corresponde a potencia neta.",875.0
2026-06-03,Recurso,CHVR,,Hour08,875000.0,kWh,kW,True,"La magnitud y comportamiento horario coinciden con CapEfecNeta, DispoReal y DispoCome y la descripcion oficial corresponde a potencia neta.",875.0
2026-06-03,Recurso,CHVR,,Hour09,875000.0,kWh,kW,True,"La magnitud y comportamiento horario coinciden con CapEfecNeta, DispoReal y DispoCome y la descripcion oficial corresponde a potencia neta.",875.0
2026-06-03,Recurso,CHVR,,Hour10,875000.0,kWh,kW,True,"La magnitud y comportamiento horario coinciden con CapEfecNeta, DispoReal y DispoCome y la descripcion oficial corresponde a potencia neta.",875.0
2026-06-03,Recurso,CHVR,,Hour11,875000.0,kWh,kW,True,"La magnitud y comportamiento horario coinciden con CapEfecNeta, DispoReal y DispoCome y la descripcion oficial corresponde a potencia neta.",875.0
2026-06-03,Recurso,CHVR,,Hour12,875000.0,kWh,kW,True,"La magnitud y comportamiento horario coinciden con CapEfecNeta, DispoReal y DispoCome y la descripcion oficial corresponde a potencia neta.",875.0
2026-06-03,Recurso,CHVR,,Hour13,875000.0,kWh,kW,True,"La magnitud y comportamiento horario coinciden con CapEfecNeta, DispoReal y DispoCome y la descripcion oficial corresponde a potencia neta.",875.0
2026-06-03,Recurso,CHVR,,Hour14,875000.0,kWh,kW,True,"La magnitud y comportamiento horario coinciden con CapEfecNeta, DispoReal y DispoCome y la descripcion oficial corresponde a potencia neta.",875.0
2026-06-03,Recurso,CHVR,,Hour15,875000.0,kWh,kW,True,"La magnitud y comportamiento horario coinciden con CapEfecNeta, DispoReal y DispoCome y la descripcion oficial corresponde a potencia neta.",875.0
2026-06-03,Recurso,CHVR,,Hour16,875000.0,kWh,kW,True,"La magnitud y comportamiento horario coinciden con CapEfecNeta, DispoReal y DispoCome y la descripcion oficial corresponde a potencia neta.",875.0
2026-06-03,Recurso,CHVR,,Hour17,875000.0,kWh,kW,True,"La magnitud y comportamiento horario coinciden con CapEfecNeta, DispoReal y DispoCome y la descripcion oficial corresponde a potencia neta.",875.0
2026-06-03,Recurso,CHVR,,Hour18,875000.0,kWh,kW,True,"La magnitud y comportamiento horario coinciden con CapEfecNeta, DispoReal y DispoCome y la descripcion oficial corresponde a potencia neta.",875.0
2026-06-03,Recurso,CHVR,,Hour19,875000.0,kWh,kW,True,"La magnitud y comportamiento horario coinciden con CapEfecNeta, DispoReal y DispoCome y la descripcion oficial corresponde a potencia neta.",875.0
2026-06-03,Recurso,CHVR,,Hour20,875000.0,kWh,kW,True,"La magnitud y comportamiento horario coinciden con CapEfecNeta, DispoReal y DispoCome y la descripcion oficial corresponde a potencia neta.",875.0
2026-06-03,Recurso,CHVR,,Hour21,875000.0,kWh,kW,True,"La magnitud y comportamiento horario coinciden con CapEfecNeta, DispoReal y DispoCome y la descripcion oficial corresponde a potencia neta.",875.0
2026-06-03,Recurso,CHVR,,Hour22,875000.0,kWh,kW,True,"La magnitud y comportamiento horario coinciden con CapEfecNeta, DispoReal y DispoCome y la descripcion oficial corresponde a potencia neta.",875.0
2026-06-03,Recurso,CHVR,,Hour23,875000.0,kWh,kW,True,"La magnitud y comportamiento horario coinciden con CapEfecNeta, DispoReal y DispoCome y la descripcion oficial corresponde a potencia neta.",875.0
2026-06-03,Recurso,CHVR,,Hour24,875000.0,kWh,kW,True,"La magnitud y comportamiento horario coinciden con CapEfecNeta, DispoReal y DispoCome y la descripcion oficial corresponde a potencia neta.",875.0
2026-06-03,Recurso,CLL1,,Hour01,78000.0,kWh,kW,True,"La magnitud y comportamiento horario coinciden con CapEfecNeta, DispoReal y DispoCome y la descripcion oficial corresponde a potencia neta.",78.0
2026-06-03,Recurso,CLL1,,Hour02,78000.0,kWh,kW,True,"La magnitud y comportamiento horario coinciden con CapEfecNeta, DispoReal y DispoCome y la descripcion oficial corresponde a potencia neta.",78.0
2026-06-03,Recurso,CLL1,,Hour03,78000.0,kWh,kW,True,"La magnitud y comportamiento horario coinciden con CapEfecNeta, DispoReal y DispoCome y la descripcion oficial corresponde a potencia neta.",78.0
2026-06-03,Recurso,CLL1,,Hour04,78000.0,kWh,kW,True,"La magnitud y comportamiento horario coinciden con CapEfecNeta, DispoReal y DispoCome y la descripcion oficial corresponde a potencia neta.",78.0
2026-06-03,Recurso,CLL1,,Hour05,78000.0,kWh,kW,True,"La magnitud y comportamiento horario coinciden con CapEfecNeta, DispoReal y DispoCome y la descripcion oficial corresponde a potencia neta.",78.0
2026-06-03,Recurso,CLL1,,Hour06,78000.0,kWh,kW,True,"La magnitud y comportamiento horario coinciden con CapEfecNeta, DispoReal y DispoCome y la descripcion oficial corresponde a potencia neta.",78.0
2026-06-03,Recurso,CLL1,,Hour07,78000.0,kWh,kW,True,"La magnitud y comportamiento horario coinciden con CapEfecNeta, DispoReal y DispoCome y la descripcion oficial corresponde a potencia neta.",78.0
2026-06-03,Recurso,CLL1,,Hour08,78000.0,kWh,kW,True,"La magnitud y comportamiento horario coinciden con CapEfecNeta, DispoReal y DispoCome y la descripcion oficial corresponde a potencia neta.",78.0
2026-06-03,Recurso,CLL1,,Hour09,78000.0,kWh,kW,True,"La magnitud y comportamiento horario coinciden con CapEfecNeta, DispoReal y DispoCome y la descripcion oficial corresponde a potencia neta.",78.0
2026-06-03,Recurso,CLL1,,Hour10,78000.0,kWh,kW,True,"La magnitud y comportamiento horario coinciden con CapEfecNeta, DispoReal y DispoCome y la descripcion oficial corresponde a potencia neta.",78.0
2026-06-03,Recurso,CLL1,,Hour11,78000.0,kWh,kW,True,"La magnitud y comportamiento horario coinciden con CapEfecNeta, DispoReal y DispoCome y la descripcion oficial corresponde a potencia neta.",78.0
2026-06-03,Recurso,CLL1,,Hour12,78000.0,kWh,kW,True,"La magnitud y comportamiento horario coinciden con CapEfecNeta, DispoReal y DispoCome y la descripcion oficial corresponde a potencia neta.",78.0
2026-06-03,Recurso,CLL1,,Hour13,78000.0,kWh,kW,True,"La magnitud y comportamiento horario coinciden con CapEfecNeta, DispoReal y DispoCome y la descripcion oficial corresponde a potencia neta.",78.0
2026-06-03,Recurso,CLL1,,Hour14,78000.0,kWh,kW,True,"La magnitud y comportamiento horario coinciden con CapEfecNeta, DispoReal y DispoCome y la descripcion oficial corresponde a potencia neta.",78.0
2026-06-03,Recurso,CLL1,,Hour15,78000.0,kWh,kW,True,"La magnitud y comportamiento horario coinciden con CapEfecNeta, DispoReal y DispoCome y la descripcion oficial corresponde a potencia neta.",78.0
2026-06-03,Recurso,CLL1,,Hour16,78000.0,kWh,kW,True,"La magnitud y comportamiento horario coinciden con CapEfecNeta, DispoReal y DispoCome y la descripcion oficial corresponde a potencia neta.",78.0
2026-06-03,Recurso,CLL1,,Hour17,78000.0,kWh,kW,True,"La magnitud y comportamiento horario coinciden con CapEfecNeta, DispoReal y DispoCome y la descripcion oficial corresponde a potencia neta.",78.0
2026-06-03,Recurso,CLL1,,Hour18,78000.0,kWh,kW,True,"La magnitud y comportamiento horario coinciden con CapEfecNeta, DispoReal y DispoCome y la descripcion oficial corresponde a potencia neta.",78.0
2026-06-03,Recurso,CLL1,,Hour19,78000.0,kWh,kW,True,"La magnitud y comportamiento horario coinciden con CapEfecNeta, DispoReal y DispoCome y la descripcion oficial corresponde a potencia neta.",78.0
2026-06-03,Recurso,CLL1,,Hour20,78000.0,kWh,kW,True,"La magnitud y comportamiento horario coinciden con CapEfecNeta, DispoReal y DispoCome y la descripcion oficial corresponde a potencia neta.",78.0
2026-06-03,Recurso,CLL1,,Hour21,78000.0,kWh,kW,True,"La magnitud y comportamiento horario coinciden con CapEfecNeta, DispoReal y DispoCome y la descripcion oficial corresponde a potencia neta.",78.0
2026-06-03,Recurso,CLL1,,Hour22,78000.0,kWh,kW,True,"La magnitud y comportamiento horario coinciden con CapEfecNeta, DispoReal y DispoCome y la descripcion oficial corresponde a potencia neta.",78.0
2026-06-03,Recurso,CLL1,,Hour23,78000.0,kWh,kW,True,"La magnitud y comportamiento horario coinciden con CapEfecNeta, DispoReal y DispoCome y la descripcion oficial corresponde a potencia neta.",78.0
2026-06-03,Recurso,CLL1,,Hour24,78000.0,kWh,kW,True,"La magnitud y comportamiento horario coinciden con CapEfecNeta, DispoReal y DispoCome y la descripcion oficial corresponde a potencia neta.",78.0
2026-06-03,Recurso,CLMG,,Hour01,132000.0,kWh,kW,True,"La magnitud y comportamiento horario coinciden con CapEfecNeta, DispoReal y DispoCome y la descripcion oficial corresponde a potencia neta.",132.0
2026-06-03,Recurso,CLMG,,Hour02,132000.0,kWh,kW,True,"La magnitud y comportamiento horario coinciden con CapEfecNeta, DispoReal y DispoCome y la descripcion oficial corresponde a potencia neta.",132.0
2026-06-03,Recurso,CLMG,,Hour03,132000.0,kWh,kW,True,"La magnitud y comportamiento horario coinciden con CapEfecNeta, DispoReal y DispoCome y la descripcion oficial corresponde a potencia neta.",132.0
2026-06-03,Recurso,CLMG,,Hour04,132000.0,kWh,kW,True,"La magnitud y comportamiento horario coinciden con CapEfecNeta, DispoReal y DispoCome y la descripcion oficial corresponde a potencia neta.",132.0
2026-06-03,Recurso,CLMG,,Hour05,132000.0,kWh,kW,True,"La magnitud y comportamiento horario coinciden con CapEfecNeta, DispoReal y DispoCome y la descripcion oficial corresponde a potencia neta.",132.0
2026-06-03,Recurso,CLMG,,Hour06,132000.0,kWh,kW,True,"La magnitud y comportamiento horario coinciden con CapEfecNeta, DispoReal y DispoCome y la descripcion oficial corresponde a potencia neta.",132.0
2026-06-03,Recurso,CLMG,,Hour07,132000.0,kWh,kW,True,"La magnitud y comportamiento horario coinciden con CapEfecNeta, DispoReal y DispoCome y la descripcion oficial corresponde a potencia neta.",132.0
2026-06-03,Recurso,CLMG,,Hour08,132000.0,kWh,kW,True,"La magnitud y comportamiento horario coinciden con CapEfecNeta, DispoReal y DispoCome y la descripcion oficial corresponde a potencia neta.",132.0
2026-06-03,Recurso,CLMG,,Hour09,132000.0,kWh,kW,True,"La magnitud y comportamiento horario coinciden con CapEfecNeta, DispoReal y DispoCome y la descripcion oficial corresponde a potencia neta.",132.0
2026-06-03,Recurso,CLMG,,Hour10,132000.0,kWh,kW,True,"La magnitud y comportamiento horario coinciden con CapEfecNeta, DispoReal y DispoCome y la descripcion oficial corresponde a potencia neta.",132.0
2026-06-03,Recurso,CLMG,,Hour11,132000.0,kWh,kW,True,"La magnitud y comportamiento horario coinciden con CapEfecNeta, DispoReal y DispoCome y la descripcion oficial corresponde a potencia neta.",132.0
2026-06-03,Recurso,CLMG,,Hour12,132000.0,kWh,kW,True,"La magnitud y comportamiento horario coinciden con CapEfecNeta, DispoReal y DispoCome y la descripcion oficial corresponde a potencia neta.",132.0
2026-06-03,Recurso,CLMG,,Hour13,132000.0,kWh,kW,True,"La magnitud y comportamiento horario coinciden con CapEfecNeta, DispoReal y DispoCome y la descripcion oficial corresponde a potencia neta.",132.0
2026-06-03,Recurso,CLMG,,Hour14,132000.0,kWh,kW,True,"La magnitud y comportamiento horario coinciden con CapEfecNeta, DispoReal y DispoCome y la descripcion oficial corresponde a potencia neta.",132.0
2026-06-03,Recurso,CLMG,,Hour15,132000.0,kWh,kW,True,"La magnitud y comportamiento horario coinciden con CapEfecNeta, DispoReal y DispoCome y la descripcion oficial corresponde a potencia neta.",132.0
2026-06-03,Recurso,CLMG,,Hour16,132000.0,kWh,kW,True,"La magnitud y comportamiento horario coinciden con CapEfecNeta, DispoReal y DispoCome y la descripcion oficial corresponde a potencia neta.",132.0
2026-06-03,Recurso,CLMG,,Hour17,132000.0,kWh,kW,True,"La magnitud y comportamiento horario coinciden con CapEfecNeta, DispoReal y DispoCome y la descripcion oficial corresponde a potencia neta.",132.0
2026-06-03,Recurso,CLMG,,Hour18,132000.0,kWh,kW,True,"La magnitud y comportamiento horario coinciden con CapEfecNeta, DispoReal y DispoCome y la descripcion oficial corresponde a potencia neta.",132.0
2026-06-03,Recurso,CLMG,,Hour19,132000.0,kWh,kW,True,"La magnitud y comportamiento horario coinciden con CapEfecNeta, DispoReal y DispoCome y la descripcion oficial corresponde a potencia neta.",132.0
2026-06-03,Recurso,CLMG,,Hour20,132000.0,kWh,kW,True,"La magnitud y comportamiento horario coinciden con CapEfecNeta, DispoReal y DispoCome y la descripcion oficial corresponde a potencia neta.",132.0
2026-06-03,Recurso,CLMG,,Hour21,132000.0,kWh,kW,True,"La magnitud y comportamiento horario coinciden con CapEfecNeta, DispoReal y DispoCome y la descripcion oficial corresponde a potencia neta.",132.0
2026-06-03,Recurso,CLMG,,Hour22,132000.0,kWh,kW,True,"La magnitud y comportamiento horario coinciden con CapEfecNeta, DispoReal y DispoCome y la descripcion oficial corresponde a potencia neta.",132.0
2026-06-03,Recurso,CLMG,,Hour23,132000.0,kWh,kW,True,"La magnitud y comportamiento horario coinciden con CapEfecNeta, DispoReal y DispoCome y la descripcion oficial corresponde a potencia neta.",132.0
2026-06-03,Recurso,CLMG,,Hour24,132000.0,kWh,kW,True,"La magnitud y comportamiento horario coinciden con CapEfecNeta, DispoReal y DispoCome y la descripcion oficial corresponde a potencia neta.",132.0
2026-06-03,Recurso,CTG1,,Hour01,30000.0,kWh,kW,True,"La magnitud y comportamiento horario coinciden con CapEfecNeta, DispoReal y DispoCome y la descripcion oficial corresponde a potencia neta.",30.0
2026-06-03,Recurso,CTG1,,Hour02,30000.0,kWh,kW,True,"La magnitud y comportamiento horario coinciden con CapEfecNeta, DispoReal y DispoCome y la descripcion oficial corresponde a potencia neta.",30.0
2026-06-03,Recurso,CTG1,,Hour03,30000.0,kWh,kW,True,"La magnitud y comportamiento horario coinciden con CapEfecNeta, DispoReal y DispoCome y la descripcion oficial corresponde a potencia neta.",30.0
2026-06-03,Recurso,CTG1,,Hour04,30000.0,kWh,kW,True,"La magnitud y comportamiento horario coinciden con CapEfecNeta, DispoReal y DispoCome y la descripcion oficial corresponde a potencia neta.",30.0
2026-06-03,Recurso,CTG1,,Hour05,30000.0,kWh,kW,True,"La magnitud y comportamiento horario coinciden con CapEfecNeta, DispoReal y DispoCome y la descripcion oficial corresponde a potencia neta.",30.0
2026-06-03,Recurso,CTG1,,Hour06,30000.0,kWh,kW,True,"La magnitud y comportamiento horario coinciden con CapEfecNeta, DispoReal y DispoCome y la descripcion oficial corresponde a potencia neta.",30.0
2026-06-03,Recurso,CTG1,,Hour07,30000.0,kWh,kW,True,"La magnitud y comportamiento horario coinciden con CapEfecNeta, DispoReal y DispoCome y la descripcion oficial corresponde a potencia neta.",30.0
2026-06-03,Recurso,CTG1,,Hour08,30000.0,kWh,kW,True,"La magnitud y comportamiento horario coinciden con CapEfecNeta, DispoReal y DispoCome y la descripcion oficial corresponde a potencia neta.",30.0
2026-06-03,Recurso,CTG1,,Hour09,30000.0,kWh,kW,True,"La magnitud y comportamiento horario coinciden con CapEfecNeta, DispoReal y DispoCome y la descripcion oficial corresponde a potencia neta.",30.0
2026-06-03,Recurso,CTG1,,Hour10,30000.0,kWh,kW,True,"La magnitud y comportamiento horario coinciden con CapEfecNeta, DispoReal y DispoCome y la descripcion oficial corresponde a potencia neta.",30.0
2026-06-03,Recurso,CTG1,,Hour11,30000.0,kWh,kW,True,"La magnitud y comportamiento horario coinciden con CapEfecNeta, DispoReal y DispoCome y la descripcion oficial corresponde a potencia neta.",30.0
2026-06-03,Recurso,CTG1,,Hour12,30000.0,kWh,kW,True,"La magnitud y comportamiento horario coinciden con CapEfecNeta, DispoReal y DispoCome y la descripcion oficial corresponde a potencia neta.",30.0
2026-06-03,Recurso,CTG1,,Hour13,30000.0,kWh,kW,True,"La magnitud y comportamiento horario coinciden con CapEfecNeta, DispoReal y DispoCome y la descripcion oficial corresponde a potencia neta.",30.0
2026-06-03,Recurso,CTG1,,Hour14,30000.0,kWh,kW,True,"La magnitud y comportamiento horario coinciden con CapEfecNeta, DispoReal y DispoCome y la descripcion oficial corresponde a potencia neta.",30.0
2026-06-03,Recurso,CTG1,,Hour15,30000.0,kWh,kW,True,"La magnitud y comportamiento horario coinciden con CapEfecNeta, DispoReal y DispoCome y la descripcion oficial corresponde a potencia neta.",30.0
2026-06-03,Recurso,CTG1,,Hour16,30000.0,kWh,kW,True,"La magnitud y comportamiento horario coinciden con CapEfecNeta, DispoReal y DispoCome y la descripcion oficial corresponde a potencia neta.",30.0
2026-06-03,Recurso,CTG1,,Hour17,30000.0,kWh,kW,True,"La magnitud y comportamiento horario coinciden con CapEfecNeta, DispoReal y DispoCome y la descripcion oficial corresponde a potencia neta.",30.0
2026-06-03,Recurso,CTG1,,Hour18,30000.0,kWh,kW,True,"La magnitud y comportamiento horario coinciden con CapEfecNeta, DispoReal y DispoCome y la descripcion oficial corresponde a potencia neta.",30.0
2026-06-03,Recurso,CTG1,,Hour19,30000.0,kWh,kW,True,"La magnitud y comportamiento horario coinciden con CapEfecNeta, DispoReal y DispoCome y la descripcion oficial corresponde a potencia neta.",30.0
2026-06-03,Recurso,CTG1,,Hour20,30000.0,kWh,kW,True,"La magnitud y comportamiento horario coinciden con CapEfecNeta, DispoReal y DispoCome y la descripcion oficial corresponde a potencia neta.",30.0
2026-06-03,Recurso,CTG1,,Hour21,30000.0,kWh,kW,True,"La magnitud y comportamiento horario coinciden con CapEfecNeta, DispoReal y DispoCome y la descripcion oficial corresponde a potencia neta.",30.0
2026-06-03,Recurso,CTG1,,Hour22,30000.0,kWh,kW,True,"La magnitud y comportamiento horario coinciden con CapEfecNeta, DispoReal y DispoCome y la descripcion oficial corresponde a potencia neta.",30.0
2026-06-03,Recurso,CTG1,,Hour23,30000.0,kWh,kW,True,"La magnitud y comportamiento horario coinciden con CapEfecNeta, DispoReal y DispoCome y la descripcion oficial corresponde a potencia neta.",30.0
2026-06-03,Recurso,CTG1,,Hour24,30000.0,kWh,kW,True,"La magnitud y comportamiento horario coinciden con CapEfecNeta, DispoReal y DispoCome y la descripcion oficial corresponde a potencia neta.",30.0
2026-06-04,Recurso,2QEK,,Hour01,35000.0,kWh,kW,True,"La magnitud y comportamiento horario coinciden con CapEfecNeta, DispoReal y DispoCome y la descripcion oficial corresponde a potencia neta.",35.0
2026-06-04,Recurso,2QEK,,Hour02,35000.0,kWh,kW,True,"La magnitud y comportamiento horario coinciden con CapEfecNeta, DispoReal y DispoCome y la descripcion oficial corresponde a potencia neta.",35.0
2026-06-04,Recurso,2QEK,,Hour03,35000.0,kWh,kW,True,"La magnitud y comportamiento horario coinciden con CapEfecNeta, DispoReal y DispoCome y la descripcion oficial corresponde a potencia neta.",35.0
2026-06-04,Recurso,2QEK,,Hour04,35000.0,kWh,kW,True,"La magnitud y comportamiento horario coinciden con CapEfecNeta, DispoReal y DispoCome y la descripcion oficial corresponde a potencia neta.",35.0
2026-06-04,Recurso,2QEK,,Hour05,35000.0,kWh,kW,True,"La magnitud y comportamiento horario coinciden con CapEfecNeta, DispoReal y DispoCome y la descripcion oficial corresponde a potencia neta.",35.0
2026-06-04,Recurso,2QEK,,Hour06,35000.0,kWh,kW,True,"La magnitud y comportamiento horario coinciden con CapEfecNeta, DispoReal y DispoCome y la descripcion oficial corresponde a potencia neta.",35.0
2026-06-04,Recurso,2QEK,,Hour07,35000.0,kWh,kW,True,"La magnitud y comportamiento horario coinciden con CapEfecNeta, DispoReal y DispoCome y la descripcion oficial corresponde a potencia neta.",35.0
2026-06-04,Recurso,2QEK,,Hour08,35000.0,kWh,kW,True,"La magnitud y comportamiento horario coinciden con CapEfecNeta, DispoReal y DispoCome y la descripcion oficial corresponde a potencia neta.",35.0
2026-06-04,Recurso,2QEK,,Hour09,35000.0,kWh,kW,True,"La magnitud y comportamiento horario coinciden con CapEfecNeta, DispoReal y DispoCome y la descripcion oficial corresponde a potencia neta.",35.0
2026-06-04,Recurso,2QEK,,Hour10,35000.0,kWh,kW,True,"La magnitud y comportamiento horario coinciden con CapEfecNeta, DispoReal y DispoCome y la descripcion oficial corresponde a potencia neta.",35.0
2026-06-04,Recurso,2QEK,,Hour11,35000.0,kWh,kW,True,"La magnitud y comportamiento horario coinciden con CapEfecNeta, DispoReal y DispoCome y la descripcion oficial corresponde a potencia neta.",35.0
2026-06-04,Recurso,2QEK,,Hour12,35000.0,kWh,kW,True,"La magnitud y comportamiento horario coinciden con CapEfecNeta, DispoReal y DispoCome y la descripcion oficial corresponde a potencia neta.",35.0
2026-06-04,Recurso,2QEK,,Hour13,35000.0,kWh,kW,True,"La magnitud y comportamiento horario coinciden con CapEfecNeta, DispoReal y DispoCome y la descripcion oficial corresponde a potencia neta.",35.0
2026-06-04,Recurso,2QEK,,Hour14,35000.0,kWh,kW,True,"La magnitud y comportamiento horario coinciden con CapEfecNeta, DispoReal y DispoCome y la descripcion oficial corresponde a potencia neta.",35.0
2026-06-04,Recurso,2QEK,,Hour15,35000.0,kWh,kW,True,"La magnitud y comportamiento horario coinciden con CapEfecNeta, DispoReal y DispoCome y la descripcion oficial corresponde a potencia neta.",35.0
2026-06-04,Recurso,2QEK,,Hour16,35000.0,kWh,kW,True,"La magnitud y comportamiento horario coinciden con CapEfecNeta, DispoReal y DispoCome y la descripcion oficial corresponde a potencia neta.",35.0
2026-06-04,Recurso,2QEK,,Hour17,35000.0,kWh,kW,True,"La magnitud y comportamiento horario coinciden con CapEfecNeta, DispoReal y DispoCome y la descripcion oficial corresponde a potencia neta.",35.0
2026-06-04,Recurso,2QEK,,Hour18,35000.0,kWh,kW,True,"La magnitud y comportamiento horario coinciden con CapEfecNeta, DispoReal y DispoCome y la descripcion oficial corresponde a potencia neta.",35.0
2026-06-04,Recurso,2QEK,,Hour19,35000.0,kWh,kW,True,"La magnitud y comportamiento horario coinciden con CapEfecNeta, DispoReal y DispoCome y la descripcion oficial corresponde a potencia neta.",35.0
2026-06-04,Recurso,2QEK,,Hour20,35000.0,kWh,kW,True,"La magnitud y comportamiento horario coinciden con CapEfecNeta, DispoReal y DispoCome y la descripcion oficial corresponde a potencia neta.",35.0
2026-06-04,Recurso,2QEK,,Hour21,35000.0,kWh,kW,True,"La magnitud y comportamiento horario coinciden con CapEfecNeta, DispoReal y DispoCome y la descripcion oficial corresponde a potencia neta.",35.0
2026-06-04,Recurso,2QEK,,Hour22,35000.0,kWh,kW,True,"La magnitud y comportamiento horario coinciden con CapEfecNeta, DispoReal y DispoCome y la descripcion oficial corresponde a potencia neta.",35.0
2026-06-04,Recurso,2QEK,,Hour23,35000.0,kWh,kW,True,"La magnitud y comportamiento horario coinciden con CapEfecNeta, DispoReal y DispoCome y la descripcion oficial corresponde a potencia neta.",35.0
2026-06-04,Recurso,2QEK,,Hour24,35000.0,kWh,kW,True,"La magnitud y comportamiento horario coinciden con CapEfecNeta, DispoReal y DispoCome y la descripcion oficial corresponde a potencia neta.",35.0
2026-06-04,Recurso,3ENA,,Hour01,200000.0,kWh,kW,True,"La magnitud y comportamiento horario coinciden con CapEfecNeta, DispoReal y DispoCome y la descripcion oficial corresponde a potencia neta.",200.0
2026-06-04,Recurso,3ENA,,Hour02,200000.0,kWh,kW,True,"La magnitud y comportamiento horario coinciden con CapEfecNeta, DispoReal y DispoCome y la descripcion oficial corresponde a potencia neta.",200.0
2026-06-04,Recurso,3ENA,,Hour03,200000.0,kWh,kW,True,"La magnitud y comportamiento horario coinciden con CapEfecNeta, DispoReal y DispoCome y la descripcion oficial corresponde a potencia neta.",200.0
2026-06-04,Recurso,3ENA,,Hour04,200000.0,kWh,kW,True,"La magnitud y comportamiento horario coinciden con CapEfecNeta, DispoReal y DispoCome y la descripcion oficial corresponde a potencia neta.",200.0
2026-06-04,Recurso,3ENA,,Hour05,200000.0,kWh,kW,True,"La magnitud y comportamiento horario coinciden con CapEfecNeta, DispoReal y DispoCome y la descripcion oficial corresponde a potencia neta.",200.0
2026-06-04,Recurso,3ENA,,Hour06,200000.0,kWh,kW,True,"La magnitud y comportamiento horario coinciden con CapEfecNeta, DispoReal y DispoCome y la descripcion oficial corresponde a potencia neta.",200.0
2026-06-04,Recurso,3ENA,,Hour07,200000.0,kWh,kW,True,"La magnitud y comportamiento horario coinciden con CapEfecNeta, DispoReal y DispoCome y la descripcion oficial corresponde a potencia neta.",200.0
2026-06-04,Recurso,3ENA,,Hour08,200000.0,kWh,kW,True,"La magnitud y comportamiento horario coinciden con CapEfecNeta, DispoReal y DispoCome y la descripcion oficial corresponde a potencia neta.",200.0
2026-06-04,Recurso,3ENA,,Hour09,200000.0,kWh,kW,True,"La magnitud y comportamiento horario coinciden con CapEfecNeta, DispoReal y DispoCome y la descripcion oficial corresponde a potencia neta.",200.0
2026-06-04,Recurso,3ENA,,Hour10,200000.0,kWh,kW,True,"La magnitud y comportamiento horario coinciden con CapEfecNeta, DispoReal y DispoCome y la descripcion oficial corresponde a potencia neta.",200.0
2026-06-04,Recurso,3ENA,,Hour11,200000.0,kWh,kW,True,"La magnitud y comportamiento horario coinciden con CapEfecNeta, DispoReal y DispoCome y la descripcion oficial corresponde a potencia neta.",200.0
2026-06-04,Recurso,3ENA,,Hour12,200000.0,kWh,kW,True,"La magnitud y comportamiento horario coinciden con CapEfecNeta, DispoReal y DispoCome y la descripcion oficial corresponde a potencia neta.",200.0
2026-06-04,Recurso,3ENA,,Hour13,200000.0,kWh,kW,True,"La magnitud y comportamiento horario coinciden con CapEfecNeta, DispoReal y DispoCome y la descripcion oficial corresponde a potencia neta.",200.0
2026-06-04,Recurso,3ENA,,Hour14,200000.0,kWh,kW,True,"La magnitud y comportamiento horario coinciden con CapEfecNeta, DispoReal y DispoCome y la descripcion oficial corresponde a potencia neta.",200.0
2026-06-04,Recurso,3ENA,,Hour15,200000.0,kWh,kW,True,"La magnitud y comportamiento horario coinciden con CapEfecNeta, DispoReal y DispoCome y la descripcion oficial corresponde a potencia neta.",200.0
2026-06-04,Recurso,3ENA,,Hour16,200000.0,kWh,kW,True,"La magnitud y comportamiento horario coinciden con CapEfecNeta, DispoReal y DispoCome y la descripcion oficial corresponde a potencia neta.",200.0
2026-06-04,Recurso,3ENA,,Hour17,200000.0,kWh,kW,True,"La magnitud y comportamiento horario coinciden con CapEfecNeta, DispoReal y DispoCome y la descripcion oficial corresponde a potencia neta.",200.0
2026-06-04,Recurso,3ENA,,Hour18,200000.0,kWh,kW,True,"La magnitud y comportamiento horario coinciden con CapEfecNeta, DispoReal y DispoCome y la descripcion oficial corresponde a potencia neta.",200.0
2026-06-04,Recurso,3ENA,,Hour19,200000.0,kWh,kW,True,"La magnitud y comportamiento horario coinciden con CapEfecNeta, DispoReal y DispoCome y la descripcion oficial corresponde a potencia neta.",200.0
2026-06-04,Recurso,3ENA,,Hour20,200000.0,kWh,kW,True,"La magnitud y comportamiento horario coinciden con CapEfecNeta, DispoReal y DispoCome y la descripcion oficial corresponde a potencia neta.",200.0
2026-06-04,Recurso,3ENA,,Hour21,200000.0,kWh,kW,True,"La magnitud y comportamiento horario coinciden con CapEfecNeta, DispoReal y DispoCome y la descripcion oficial corresponde a potencia neta.",200.0
2026-06-04,Recurso,3ENA,,Hour22,200000.0,kWh,kW,True,"La magnitud y comportamiento horario coinciden con CapEfecNeta, DispoReal y DispoCome y la descripcion oficial corresponde a potencia neta.",200.0
2026-06-04,Recurso,3ENA,,Hour23,200000.0,kWh,kW,True,"La magnitud y comportamiento horario coinciden con CapEfecNeta, DispoReal y DispoCome y la descripcion oficial corresponde a potencia neta.",200.0
2026-06-04,Recurso,3ENA,,Hour24,200000.0,kWh,kW,True,"La magnitud y comportamiento horario coinciden con CapEfecNeta, DispoReal y DispoCome y la descripcion oficial corresponde a potencia neta.",200.0
2026-06-04,Recurso,4YCN,,Hour01,25000.0,kWh,kW,True,"La magnitud y comportamiento horario coinciden con CapEfecNeta, DispoReal y DispoCome y la descripcion oficial corresponde a potencia neta.",25.0
2026-06-04,Recurso,4YCN,,Hour02,25000.0,kWh,kW,True,"La magnitud y comportamiento horario coinciden con CapEfecNeta, DispoReal y DispoCome y la descripcion oficial corresponde a potencia neta.",25.0
2026-06-04,Recurso,4YCN,,Hour03,25000.0,kWh,kW,True,"La magnitud y comportamiento horario coinciden con CapEfecNeta, DispoReal y DispoCome y la descripcion oficial corresponde a potencia neta.",25.0
2026-06-04,Recurso,4YCN,,Hour04,25000.0,kWh,kW,True,"La magnitud y comportamiento horario coinciden con CapEfecNeta, DispoReal y DispoCome y la descripcion oficial corresponde a potencia neta.",25.0
2026-06-04,Recurso,4YCN,,Hour05,25000.0,kWh,kW,True,"La magnitud y comportamiento horario coinciden con CapEfecNeta, DispoReal y DispoCome y la descripcion oficial corresponde a potencia neta.",25.0
2026-06-04,Recurso,4YCN,,Hour06,25000.0,kWh,kW,True,"La magnitud y comportamiento horario coinciden con CapEfecNeta, DispoReal y DispoCome y la descripcion oficial corresponde a potencia neta.",25.0
2026-06-04,Recurso,4YCN,,Hour07,25000.0,kWh,kW,True,"La magnitud y comportamiento horario coinciden con CapEfecNeta, DispoReal y DispoCome y la descripcion oficial corresponde a potencia neta.",25.0
2026-06-04,Recurso,4YCN,,Hour08,25000.0,kWh,kW,True,"La magnitud y comportamiento horario coinciden con CapEfecNeta, DispoReal y DispoCome y la descripcion oficial corresponde a potencia neta.",25.0
2026-06-04,Recurso,4YCN,,Hour09,25000.0,kWh,kW,True,"La magnitud y comportamiento horario coinciden con CapEfecNeta, DispoReal y DispoCome y la descripcion oficial corresponde a potencia neta.",25.0
2026-06-04,Recurso,4YCN,,Hour10,25000.0,kWh,kW,True,"La magnitud y comportamiento horario coinciden con CapEfecNeta, DispoReal y DispoCome y la descripcion oficial corresponde a potencia neta.",25.0
2026-06-04,Recurso,4YCN,,Hour11,25000.0,kWh,kW,True,"La magnitud y comportamiento horario coinciden con CapEfecNeta, DispoReal y DispoCome y la descripcion oficial corresponde a potencia neta.",25.0
2026-06-04,Recurso,4YCN,,Hour12,25000.0,kWh,kW,True,"La magnitud y comportamiento horario coinciden con CapEfecNeta, DispoReal y DispoCome y la descripcion oficial corresponde a potencia neta.",25.0
2026-06-04,Recurso,4YCN,,Hour13,25000.0,kWh,kW,True,"La magnitud y comportamiento horario coinciden con CapEfecNeta, DispoReal y DispoCome y la descripcion oficial corresponde a potencia neta.",25.0
2026-06-04,Recurso,4YCN,,Hour14,25000.0,kWh,kW,True,"La magnitud y comportamiento horario coinciden con CapEfecNeta, DispoReal y DispoCome y la descripcion oficial corresponde a potencia neta.",25.0
2026-06-04,Recurso,4YCN,,Hour15,25000.0,kWh,kW,True,"La magnitud y comportamiento horario coinciden con CapEfecNeta, DispoReal y DispoCome y la descripcion oficial corresponde a potencia neta.",25.0
2026-06-04,Recurso,4YCN,,Hour16,25000.0,kWh,kW,True,"La magnitud y comportamiento horario coinciden con CapEfecNeta, DispoReal y DispoCome y la descripcion oficial corresponde a potencia neta.",25.0
2026-06-04,Recurso,4YCN,,Hour17,25000.0,kWh,kW,True,"La magnitud y comportamiento horario coinciden con CapEfecNeta, DispoReal y DispoCome y la descripcion oficial corresponde a potencia neta.",25.0
2026-06-04,Recurso,4YCN,,Hour18,25000.0,kWh,kW,True,"La magnitud y comportamiento horario coinciden con CapEfecNeta, DispoReal y DispoCome y la descripcion oficial corresponde a potencia neta.",25.0
2026-06-04,Recurso,4YCN,,Hour19,25000.0,kWh,kW,True,"La magnitud y comportamiento horario coinciden con CapEfecNeta, DispoReal y DispoCome y la descripcion oficial corresponde a potencia neta.",25.0
2026-06-04,Recurso,4YCN,,Hour20,25000.0,kWh,kW,True,"La magnitud y comportamiento horario coinciden con CapEfecNeta, DispoReal y DispoCome y la descripcion oficial corresponde a potencia neta.",25.0
2026-06-04,Recurso,4YCN,,Hour21,25000.0,kWh,kW,True,"La magnitud y comportamiento horario coinciden con CapEfecNeta, DispoReal y DispoCome y la descripcion oficial corresponde a potencia neta.",25.0
2026-06-04,Recurso,4YCN,,Hour22,25000.0,kWh,kW,True,"La magnitud y comportamiento horario coinciden con CapEfecNeta, DispoReal y DispoCome y la descripcion oficial corresponde a potencia neta.",25.0
2026-06-04,Recurso,4YCN,,Hour23,25000.0,kWh,kW,True,"La magnitud y comportamiento horario coinciden con CapEfecNeta, DispoReal y DispoCome y la descripcion oficial corresponde a potencia neta.",25.0
2026-06-04,Recurso,4YCN,,Hour24,25000.0,kWh,kW,True,"La magnitud y comportamiento horario coinciden con CapEfecNeta, DispoReal y DispoCome y la descripcion oficial corresponde a potencia neta.",25.0
2026-06-04,Recurso,5QT6,,Hour01,0.0,kWh,kW,True,"La magnitud y comportamiento horario coinciden con CapEfecNeta, DispoReal y DispoCome y la descripcion oficial corresponde a potencia neta.",0.0
2026-06-04,Recurso,5QT6,,Hour02,0.0,kWh,kW,True,"La magnitud y comportamiento horario coinciden con CapEfecNeta, DispoReal y DispoCome y la descripcion oficial corresponde a potencia neta.",0.0
2026-06-04,Recurso,5QT6,,Hour03,0.0,kWh,kW,True,"La magnitud y comportamiento horario coinciden con CapEfecNeta, DispoReal y DispoCome y la descripcion oficial corresponde a potencia neta.",0.0
2026-06-04,Recurso,5QT6,,Hour04,0.0,kWh,kW,True,"La magnitud y comportamiento horario coinciden con CapEfecNeta, DispoReal y DispoCome y la descripcion oficial corresponde a potencia neta.",0.0
2026-06-04,Recurso,5QT6,,Hour05,0.0,kWh,kW,True,"La magnitud y comportamiento horario coinciden con CapEfecNeta, DispoReal y DispoCome y la descripcion oficial corresponde a potencia neta.",0.0
2026-06-04,Recurso,5QT6,,Hour06,0.0,kWh,kW,True,"La magnitud y comportamiento horario coinciden con CapEfecNeta, DispoReal y DispoCome y la descripcion oficial corresponde a potencia neta.",0.0
2026-06-04,Recurso,5QT6,,Hour07,0.0,kWh,kW,True,"La magnitud y comportamiento horario coinciden con CapEfecNeta, DispoReal y DispoCome y la descripcion oficial corresponde a potencia neta.",0.0
2026-06-04,Recurso,5QT6,,Hour08,0.0,kWh,kW,True,"La magnitud y comportamiento horario coinciden con CapEfecNeta, DispoReal y DispoCome y la descripcion oficial corresponde a potencia neta.",0.0
2026-06-04,Recurso,5QT6,,Hour09,0.0,kWh,kW,True,"La magnitud y comportamiento horario coinciden con CapEfecNeta, DispoReal y DispoCome y la descripcion oficial corresponde a potencia neta.",0.0
2026-06-04,Recurso,5QT6,,Hour10,0.0,kWh,kW,True,"La magnitud y comportamiento horario coinciden con CapEfecNeta, DispoReal y DispoCome y la descripcion oficial corresponde a potencia neta.",0.0
2026-06-04,Recurso,5QT6,,Hour11,0.0,kWh,kW,True,"La magnitud y comportamiento horario coinciden con CapEfecNeta, DispoReal y DispoCome y la descripcion oficial corresponde a potencia neta.",0.0
2026-06-04,Recurso,5QT6,,Hour12,0.0,kWh,kW,True,"La magnitud y comportamiento horario coinciden con CapEfecNeta, DispoReal y DispoCome y la descripcion oficial corresponde a potencia neta.",0.0
2026-06-04,Recurso,5QT6,,Hour13,0.0,kWh,kW,True,"La magnitud y comportamiento horario coinciden con CapEfecNeta, DispoReal y DispoCome y la descripcion oficial corresponde a potencia neta.",0.0
2026-06-04,Recurso,5QT6,,Hour14,0.0,kWh,kW,True,"La magnitud y comportamiento horario coinciden con CapEfecNeta, DispoReal y DispoCome y la descripcion oficial corresponde a potencia neta.",0.0
2026-06-04,Recurso,5QT6,,Hour15,0.0,kWh,kW,True,"La magnitud y comportamiento horario coinciden con CapEfecNeta, DispoReal y DispoCome y la descripcion oficial corresponde a potencia neta.",0.0
2026-06-04,Recurso,5QT6,,Hour16,0.0,kWh,kW,True,"La magnitud y comportamiento horario coinciden con CapEfecNeta, DispoReal y DispoCome y la descripcion oficial corresponde a potencia neta.",0.0
2026-06-04,Recurso,5QT6,,Hour17,0.0,kWh,kW,True,"La magnitud y comportamiento horario coinciden con CapEfecNeta, DispoReal y DispoCome y la descripcion oficial corresponde a potencia neta.",0.0
2026-06-04,Recurso,5QT6,,Hour18,0.0,kWh,kW,True,"La magnitud y comportamiento horario coinciden con CapEfecNeta, DispoReal y DispoCome y la descripcion oficial corresponde a potencia neta.",0.0
2026-06-04,Recurso,5QT6,,Hour19,0.0,kWh,kW,True,"La magnitud y comportamiento horario coinciden con CapEfecNeta, DispoReal y DispoCome y la descripcion oficial corresponde a potencia neta.",0.0
2026-06-04,Recurso,5QT6,,Hour20,0.0,kWh,kW,True,"La magnitud y comportamiento horario coinciden con CapEfecNeta, DispoReal y DispoCome y la descripcion oficial corresponde a potencia neta.",0.0
2026-06-04,Recurso,5QT6,,Hour21,0.0,kWh,kW,True,"La magnitud y comportamiento horario coinciden con CapEfecNeta, DispoReal y DispoCome y la descripcion oficial corresponde a potencia neta.",0.0
2026-06-04,Recurso,5QT6,,Hour22,0.0,kWh,kW,True,"La magnitud y comportamiento horario coinciden con CapEfecNeta, DispoReal y DispoCome y la descripcion oficial corresponde a potencia neta.",0.0
2026-06-04,Recurso,5QT6,,Hour23,0.0,kWh,kW,True,"La magnitud y comportamiento horario coinciden con CapEfecNeta, DispoReal y DispoCome y la descripcion oficial corresponde a potencia neta.",0.0
2026-06-04,Recurso,5QT6,,Hour24,0.0,kWh,kW,True,"La magnitud y comportamiento horario coinciden con CapEfecNeta, DispoReal y DispoCome y la descripcion oficial corresponde a potencia neta.",0.0
2026-06-04,Recurso,ALBG,,Hour01,286000.0,kWh,kW,True,"La magnitud y comportamiento horario coinciden con CapEfecNeta, DispoReal y DispoCome y la descripcion oficial corresponde a potencia neta.",286.0
2026-06-04,Recurso,ALBG,,Hour02,286000.0,kWh,kW,True,"La magnitud y comportamiento horario coinciden con CapEfecNeta, DispoReal y DispoCome y la descripcion oficial corresponde a potencia neta.",286.0
2026-06-04,Recurso,ALBG,,Hour03,286000.0,kWh,kW,True,"La magnitud y comportamiento horario coinciden con CapEfecNeta, DispoReal y DispoCome y la descripcion oficial corresponde a potencia neta.",286.0
2026-06-04,Recurso,ALBG,,Hour04,286000.0,kWh,kW,True,"La magnitud y comportamiento horario coinciden con CapEfecNeta, DispoReal y DispoCome y la descripcion oficial corresponde a potencia neta.",286.0
2026-06-04,Recurso,ALBG,,Hour05,286000.0,kWh,kW,True,"La magnitud y comportamiento horario coinciden con CapEfecNeta, DispoReal y DispoCome y la descripcion oficial corresponde a potencia neta.",286.0
2026-06-04,Recurso,ALBG,,Hour06,286000.0,kWh,kW,True,"La magnitud y comportamiento horario coinciden con CapEfecNeta, DispoReal y DispoCome y la descripcion oficial corresponde a potencia neta.",286.0
2026-06-04,Recurso,ALBG,,Hour07,286000.0,kWh,kW,True,"La magnitud y comportamiento horario coinciden con CapEfecNeta, DispoReal y DispoCome y la descripcion oficial corresponde a potencia neta.",286.0
2026-06-04,Recurso,ALBG,,Hour08,286000.0,kWh,kW,True,"La magnitud y comportamiento horario coinciden con CapEfecNeta, DispoReal y DispoCome y la descripcion oficial corresponde a potencia neta.",286.0
2026-06-04,Recurso,ALBG,,Hour09,286000.0,kWh,kW,True,"La magnitud y comportamiento horario coinciden con CapEfecNeta, DispoReal y DispoCome y la descripcion oficial corresponde a potencia neta.",286.0
2026-06-04,Recurso,ALBG,,Hour10,286000.0,kWh,kW,True,"La magnitud y comportamiento horario coinciden con CapEfecNeta, DispoReal y DispoCome y la descripcion oficial corresponde a potencia neta.",286.0
2026-06-04,Recurso,ALBG,,Hour11,286000.0,kWh,kW,True,"La magnitud y comportamiento horario coinciden con CapEfecNeta, DispoReal y DispoCome y la descripcion oficial corresponde a potencia neta.",286.0
2026-06-04,Recurso,ALBG,,Hour12,286000.0,kWh,kW,True,"La magnitud y comportamiento horario coinciden con CapEfecNeta, DispoReal y DispoCome y la descripcion oficial corresponde a potencia neta.",286.0
2026-06-04,Recurso,ALBG,,Hour13,286000.0,kWh,kW,True,"La magnitud y comportamiento horario coinciden con CapEfecNeta, DispoReal y DispoCome y la descripcion oficial corresponde a potencia neta.",286.0
2026-06-04,Recurso,ALBG,,Hour14,286000.0,kWh,kW,True,"La magnitud y comportamiento horario coinciden con CapEfecNeta, DispoReal y DispoCome y la descripcion oficial corresponde a potencia neta.",286.0
2026-06-04,Recurso,ALBG,,Hour15,286000.0,kWh,kW,True,"La magnitud y comportamiento horario coinciden con CapEfecNeta, DispoReal y DispoCome y la descripcion oficial corresponde a potencia neta.",286.0
2026-06-04,Recurso,ALBG,,Hour16,286000.0,kWh,kW,True,"La magnitud y comportamiento horario coinciden con CapEfecNeta, DispoReal y DispoCome y la descripcion oficial corresponde a potencia neta.",286.0
2026-06-04,Recurso,ALBG,,Hour17,286000.0,kWh,kW,True,"La magnitud y comportamiento horario coinciden con CapEfecNeta, DispoReal y DispoCome y la descripcion oficial corresponde a potencia neta.",286.0
2026-06-04,Recurso,ALBG,,Hour18,286000.0,kWh,kW,True,"La magnitud y comportamiento horario coinciden con CapEfecNeta, DispoReal y DispoCome y la descripcion oficial corresponde a potencia neta.",286.0
2026-06-04,Recurso,ALBG,,Hour19,286000.0,kWh,kW,True,"La magnitud y comportamiento horario coinciden con CapEfecNeta, DispoReal y DispoCome y la descripcion oficial corresponde a potencia neta.",286.0
2026-06-04,Recurso,ALBG,,Hour20,286000.0,kWh,kW,True,"La magnitud y comportamiento horario coinciden con CapEfecNeta, DispoReal y DispoCome y la descripcion oficial corresponde a potencia neta.",286.0
2026-06-04,Recurso,ALBG,,Hour21,286000.0,kWh,kW,True,"La magnitud y comportamiento horario coinciden con CapEfecNeta, DispoReal y DispoCome y la descripcion oficial corresponde a potencia neta.",286.0
2026-06-04,Recurso,ALBG,,Hour22,286000.0,kWh,kW,True,"La magnitud y comportamiento horario coinciden con CapEfecNeta, DispoReal y DispoCome y la descripcion oficial corresponde a potencia neta.",286.0
2026-06-04,Recurso,ALBG,,Hour23,286000.0,kWh,kW,True,"La magnitud y comportamiento horario coinciden con CapEfecNeta, DispoReal y DispoCome y la descripcion oficial corresponde a potencia neta.",286.0
2026-06-04,Recurso,ALBG,,Hour24,286000.0,kWh,kW,True,"La magnitud y comportamiento horario coinciden con CapEfecNeta, DispoReal y DispoCome y la descripcion oficial corresponde a potencia neta.",286.0
2026-06-04,Recurso,CHBG,,Hour01,326000.0,kWh,kW,True,"La magnitud y comportamiento horario coinciden con CapEfecNeta, DispoReal y DispoCome y la descripcion oficial corresponde a potencia neta.",326.0
2026-06-04,Recurso,CHBG,,Hour02,326000.0,kWh,kW,True,"La magnitud y comportamiento horario coinciden con CapEfecNeta, DispoReal y DispoCome y la descripcion oficial corresponde a potencia neta.",326.0
2026-06-04,Recurso,CHBG,,Hour03,326000.0,kWh,kW,True,"La magnitud y comportamiento horario coinciden con CapEfecNeta, DispoReal y DispoCome y la descripcion oficial corresponde a potencia neta.",326.0
2026-06-04,Recurso,CHBG,,Hour04,326000.0,kWh,kW,True,"La magnitud y comportamiento horario coinciden con CapEfecNeta, DispoReal y DispoCome y la descripcion oficial corresponde a potencia neta.",326.0
2026-06-04,Recurso,CHBG,,Hour05,326000.0,kWh,kW,True,"La magnitud y comportamiento horario coinciden con CapEfecNeta, DispoReal y DispoCome y la descripcion oficial corresponde a potencia neta.",326.0
2026-06-04,Recurso,CHBG,,Hour06,326000.0,kWh,kW,True,"La magnitud y comportamiento horario coinciden con CapEfecNeta, DispoReal y DispoCome y la descripcion oficial corresponde a potencia neta.",326.0
2026-06-04,Recurso,CHBG,,Hour07,326000.0,kWh,kW,True,"La magnitud y comportamiento horario coinciden con CapEfecNeta, DispoReal y DispoCome y la descripcion oficial corresponde a potencia neta.",326.0
2026-06-04,Recurso,CHBG,,Hour08,326000.0,kWh,kW,True,"La magnitud y comportamiento horario coinciden con CapEfecNeta, DispoReal y DispoCome y la descripcion oficial corresponde a potencia neta.",326.0
2026-06-04,Recurso,CHBG,,Hour09,163000.0,kWh,kW,True,"La magnitud y comportamiento horario coinciden con CapEfecNeta, DispoReal y DispoCome y la descripcion oficial corresponde a potencia neta.",163.0
2026-06-04,Recurso,CHBG,,Hour10,163000.0,kWh,kW,True,"La magnitud y comportamiento horario coinciden con CapEfecNeta, DispoReal y DispoCome y la descripcion oficial corresponde a potencia neta.",163.0
2026-06-04,Recurso,CHBG,,Hour11,163000.0,kWh,kW,True,"La magnitud y comportamiento horario coinciden con CapEfecNeta, DispoReal y DispoCome y la descripcion oficial corresponde a potencia neta.",163.0
2026-06-04,Recurso,CHBG,,Hour12,163000.0,kWh,kW,True,"La magnitud y comportamiento horario coinciden con CapEfecNeta, DispoReal y DispoCome y la descripcion oficial corresponde a potencia neta.",163.0
2026-06-04,Recurso,CHBG,,Hour13,326000.0,kWh,kW,True,"La magnitud y comportamiento horario coinciden con CapEfecNeta, DispoReal y DispoCome y la descripcion oficial corresponde a potencia neta.",326.0
2026-06-04,Recurso,CHBG,,Hour14,326000.0,kWh,kW,True,"La magnitud y comportamiento horario coinciden con CapEfecNeta, DispoReal y DispoCome y la descripcion oficial corresponde a potencia neta.",326.0
2026-06-04,Recurso,CHBG,,Hour15,326000.0,kWh,kW,True,"La magnitud y comportamiento horario coinciden con CapEfecNeta, DispoReal y DispoCome y la descripcion oficial corresponde a potencia neta.",326.0
2026-06-04,Recurso,CHBG,,Hour16,326000.0,kWh,kW,True,"La magnitud y comportamiento horario coinciden con CapEfecNeta, DispoReal y DispoCome y la descripcion oficial corresponde a potencia neta.",326.0
2026-06-04,Recurso,CHBG,,Hour17,326000.0,kWh,kW,True,"La magnitud y comportamiento horario coinciden con CapEfecNeta, DispoReal y DispoCome y la descripcion oficial corresponde a potencia neta.",326.0
2026-06-04,Recurso,CHBG,,Hour18,326000.0,kWh,kW,True,"La magnitud y comportamiento horario coinciden con CapEfecNeta, DispoReal y DispoCome y la descripcion oficial corresponde a potencia neta.",326.0
2026-06-04,Recurso,CHBG,,Hour19,326000.0,kWh,kW,True,"La magnitud y comportamiento horario coinciden con CapEfecNeta, DispoReal y DispoCome y la descripcion oficial corresponde a potencia neta.",326.0
2026-06-04,Recurso,CHBG,,Hour20,326000.0,kWh,kW,True,"La magnitud y comportamiento horario coinciden con CapEfecNeta, DispoReal y DispoCome y la descripcion oficial corresponde a potencia neta.",326.0
2026-06-04,Recurso,CHBG,,Hour21,326000.0,kWh,kW,True,"La magnitud y comportamiento horario coinciden con CapEfecNeta, DispoReal y DispoCome y la descripcion oficial corresponde a potencia neta.",326.0
2026-06-04,Recurso,CHBG,,Hour22,326000.0,kWh,kW,True,"La magnitud y comportamiento horario coinciden con CapEfecNeta, DispoReal y DispoCome y la descripcion oficial corresponde a potencia neta.",326.0
2026-06-04,Recurso,CHBG,,Hour23,326000.0,kWh,kW,True,"La magnitud y comportamiento horario coinciden con CapEfecNeta, DispoReal y DispoCome y la descripcion oficial corresponde a potencia neta.",326.0
2026-06-04,Recurso,CHBG,,Hour24,326000.0,kWh,kW,True,"La magnitud y comportamiento horario coinciden con CapEfecNeta, DispoReal y DispoCome y la descripcion oficial corresponde a potencia neta.",326.0
2026-06-04,Recurso,CHVR,,Hour01,875000.0,kWh,kW,True,"La magnitud y comportamiento horario coinciden con CapEfecNeta, DispoReal y DispoCome y la descripcion oficial corresponde a potencia neta.",875.0
2026-06-04,Recurso,CHVR,,Hour02,875000.0,kWh,kW,True,"La magnitud y comportamiento horario coinciden con CapEfecNeta, DispoReal y DispoCome y la descripcion oficial corresponde a potencia neta.",875.0
2026-06-04,Recurso,CHVR,,Hour03,875000.0,kWh,kW,True,"La magnitud y comportamiento horario coinciden con CapEfecNeta, DispoReal y DispoCome y la descripcion oficial corresponde a potencia neta.",875.0
2026-06-04,Recurso,CHVR,,Hour04,875000.0,kWh,kW,True,"La magnitud y comportamiento horario coinciden con CapEfecNeta, DispoReal y DispoCome y la descripcion oficial corresponde a potencia neta.",875.0
2026-06-04,Recurso,CHVR,,Hour05,875000.0,kWh,kW,True,"La magnitud y comportamiento horario coinciden con CapEfecNeta, DispoReal y DispoCome y la descripcion oficial corresponde a potencia neta.",875.0
2026-06-04,Recurso,CHVR,,Hour06,875000.0,kWh,kW,True,"La magnitud y comportamiento horario coinciden con CapEfecNeta, DispoReal y DispoCome y la descripcion oficial corresponde a potencia neta.",875.0
2026-06-04,Recurso,CHVR,,Hour07,875000.0,kWh,kW,True,"La magnitud y comportamiento horario coinciden con CapEfecNeta, DispoReal y DispoCome y la descripcion oficial corresponde a potencia neta.",875.0
2026-06-04,Recurso,CHVR,,Hour08,875000.0,kWh,kW,True,"La magnitud y comportamiento horario coinciden con CapEfecNeta, DispoReal y DispoCome y la descripcion oficial corresponde a potencia neta.",875.0
2026-06-04,Recurso,CHVR,,Hour09,875000.0,kWh,kW,True,"La magnitud y comportamiento horario coinciden con CapEfecNeta, DispoReal y DispoCome y la descripcion oficial corresponde a potencia neta.",875.0
2026-06-04,Recurso,CHVR,,Hour10,875000.0,kWh,kW,True,"La magnitud y comportamiento horario coinciden con CapEfecNeta, DispoReal y DispoCome y la descripcion oficial corresponde a potencia neta.",875.0
2026-06-04,Recurso,CHVR,,Hour11,875000.0,kWh,kW,True,"La magnitud y comportamiento horario coinciden con CapEfecNeta, DispoReal y DispoCome y la descripcion oficial corresponde a potencia neta.",875.0
2026-06-04,Recurso,CHVR,,Hour12,875000.0,kWh,kW,True,"La magnitud y comportamiento horario coinciden con CapEfecNeta, DispoReal y DispoCome y la descripcion oficial corresponde a potencia neta.",875.0
2026-06-04,Recurso,CHVR,,Hour13,875000.0,kWh,kW,True,"La magnitud y comportamiento horario coinciden con CapEfecNeta, DispoReal y DispoCome y la descripcion oficial corresponde a potencia neta.",875.0
2026-06-04,Recurso,CHVR,,Hour14,875000.0,kWh,kW,True,"La magnitud y comportamiento horario coinciden con CapEfecNeta, DispoReal y DispoCome y la descripcion oficial corresponde a potencia neta.",875.0
2026-06-04,Recurso,CHVR,,Hour15,875000.0,kWh,kW,True,"La magnitud y comportamiento horario coinciden con CapEfecNeta, DispoReal y DispoCome y la descripcion oficial corresponde a potencia neta.",875.0
2026-06-04,Recurso,CHVR,,Hour16,875000.0,kWh,kW,True,"La magnitud y comportamiento horario coinciden con CapEfecNeta, DispoReal y DispoCome y la descripcion oficial corresponde a potencia neta.",875.0
2026-06-04,Recurso,CHVR,,Hour17,875000.0,kWh,kW,True,"La magnitud y comportamiento horario coinciden con CapEfecNeta, DispoReal y DispoCome y la descripcion oficial corresponde a potencia neta.",875.0
2026-06-04,Recurso,CHVR,,Hour18,875000.0,kWh,kW,True,"La magnitud y comportamiento horario coinciden con CapEfecNeta, DispoReal y DispoCome y la descripcion oficial corresponde a potencia neta.",875.0
2026-06-04,Recurso,CHVR,,Hour19,875000.0,kWh,kW,True,"La magnitud y comportamiento horario coinciden con CapEfecNeta, DispoReal y DispoCome y la descripcion oficial corresponde a potencia neta.",875.0
2026-06-04,Recurso,CHVR,,Hour20,875000.0,kWh,kW,True,"La magnitud y comportamiento horario coinciden con CapEfecNeta, DispoReal y DispoCome y la descripcion oficial corresponde a potencia neta.",875.0
2026-06-04,Recurso,CHVR,,Hour21,875000.0,kWh,kW,True,"La magnitud y comportamiento horario coinciden con CapEfecNeta, DispoReal y DispoCome y la descripcion oficial corresponde a potencia neta.",875.0
2026-06-04,Recurso,CHVR,,Hour22,875000.0,kWh,kW,True,"La magnitud y comportamiento horario coinciden con CapEfecNeta, DispoReal y DispoCome y la descripcion oficial corresponde a potencia neta.",875.0
2026-06-04,Recurso,CHVR,,Hour23,875000.0,kWh,kW,True,"La magnitud y comportamiento horario coinciden con CapEfecNeta, DispoReal y DispoCome y la descripcion oficial corresponde a potencia neta.",875.0
2026-06-04,Recurso,CHVR,,Hour24,875000.0,kWh,kW,True,"La magnitud y comportamiento horario coinciden con CapEfecNeta, DispoReal y DispoCome y la descripcion oficial corresponde a potencia neta.",875.0
2026-06-04,Recurso,CLL1,,Hour01,78000.0,kWh,kW,True,"La magnitud y comportamiento horario coinciden con CapEfecNeta, DispoReal y DispoCome y la descripcion oficial corresponde a potencia neta.",78.0
2026-06-04,Recurso,CLL1,,Hour02,78000.0,kWh,kW,True,"La magnitud y comportamiento horario coinciden con CapEfecNeta, DispoReal y DispoCome y la descripcion oficial corresponde a potencia neta.",78.0
2026-06-04,Recurso,CLL1,,Hour03,78000.0,kWh,kW,True,"La magnitud y comportamiento horario coinciden con CapEfecNeta, DispoReal y DispoCome y la descripcion oficial corresponde a potencia neta.",78.0
2026-06-04,Recurso,CLL1,,Hour04,78000.0,kWh,kW,True,"La magnitud y comportamiento horario coinciden con CapEfecNeta, DispoReal y DispoCome y la descripcion oficial corresponde a potencia neta.",78.0
2026-06-04,Recurso,CLL1,,Hour05,78000.0,kWh,kW,True,"La magnitud y comportamiento horario coinciden con CapEfecNeta, DispoReal y DispoCome y la descripcion oficial corresponde a potencia neta.",78.0
2026-06-04,Recurso,CLL1,,Hour06,78000.0,kWh,kW,True,"La magnitud y comportamiento horario coinciden con CapEfecNeta, DispoReal y DispoCome y la descripcion oficial corresponde a potencia neta.",78.0
2026-06-04,Recurso,CLL1,,Hour07,78000.0,kWh,kW,True,"La magnitud y comportamiento horario coinciden con CapEfecNeta, DispoReal y DispoCome y la descripcion oficial corresponde a potencia neta.",78.0
2026-06-04,Recurso,CLL1,,Hour08,78000.0,kWh,kW,True,"La magnitud y comportamiento horario coinciden con CapEfecNeta, DispoReal y DispoCome y la descripcion oficial corresponde a potencia neta.",78.0
2026-06-04,Recurso,CLL1,,Hour09,78000.0,kWh,kW,True,"La magnitud y comportamiento horario coinciden con CapEfecNeta, DispoReal y DispoCome y la descripcion oficial corresponde a potencia neta.",78.0
2026-06-04,Recurso,CLL1,,Hour10,78000.0,kWh,kW,True,"La magnitud y comportamiento horario coinciden con CapEfecNeta, DispoReal y DispoCome y la descripcion oficial corresponde a potencia neta.",78.0
2026-06-04,Recurso,CLL1,,Hour11,78000.0,kWh,kW,True,"La magnitud y comportamiento horario coinciden con CapEfecNeta, DispoReal y DispoCome y la descripcion oficial corresponde a potencia neta.",78.0
2026-06-04,Recurso,CLL1,,Hour12,78000.0,kWh,kW,True,"La magnitud y comportamiento horario coinciden con CapEfecNeta, DispoReal y DispoCome y la descripcion oficial corresponde a potencia neta.",78.0
2026-06-04,Recurso,CLL1,,Hour13,78000.0,kWh,kW,True,"La magnitud y comportamiento horario coinciden con CapEfecNeta, DispoReal y DispoCome y la descripcion oficial corresponde a potencia neta.",78.0
2026-06-04,Recurso,CLL1,,Hour14,78000.0,kWh,kW,True,"La magnitud y comportamiento horario coinciden con CapEfecNeta, DispoReal y DispoCome y la descripcion oficial corresponde a potencia neta.",78.0
2026-06-04,Recurso,CLL1,,Hour15,78000.0,kWh,kW,True,"La magnitud y comportamiento horario coinciden con CapEfecNeta, DispoReal y DispoCome y la descripcion oficial corresponde a potencia neta.",78.0
2026-06-04,Recurso,CLL1,,Hour16,78000.0,kWh,kW,True,"La magnitud y comportamiento horario coinciden con CapEfecNeta, DispoReal y DispoCome y la descripcion oficial corresponde a potencia neta.",78.0
2026-06-04,Recurso,CLL1,,Hour17,78000.0,kWh,kW,True,"La magnitud y comportamiento horario coinciden con CapEfecNeta, DispoReal y DispoCome y la descripcion oficial corresponde a potencia neta.",78.0
2026-06-04,Recurso,CLL1,,Hour18,78000.0,kWh,kW,True,"La magnitud y comportamiento horario coinciden con CapEfecNeta, DispoReal y DispoCome y la descripcion oficial corresponde a potencia neta.",78.0
2026-06-04,Recurso,CLL1,,Hour19,78000.0,kWh,kW,True,"La magnitud y comportamiento horario coinciden con CapEfecNeta, DispoReal y DispoCome y la descripcion oficial corresponde a potencia neta.",78.0
2026-06-04,Recurso,CLL1,,Hour20,78000.0,kWh,kW,True,"La magnitud y comportamiento horario coinciden con CapEfecNeta, DispoReal y DispoCome y la descripcion oficial corresponde a potencia neta.",78.0
2026-06-04,Recurso,CLL1,,Hour21,78000.0,kWh,kW,True,"La magnitud y comportamiento horario coinciden con CapEfecNeta, DispoReal y DispoCome y la descripcion oficial corresponde a potencia neta.",78.0
2026-06-04,Recurso,CLL1,,Hour22,78000.0,kWh,kW,True,"La magnitud y comportamiento horario coinciden con CapEfecNeta, DispoReal y DispoCome y la descripcion oficial corresponde a potencia neta.",78.0
2026-06-04,Recurso,CLL1,,Hour23,78000.0,kWh,kW,True,"La magnitud y comportamiento horario coinciden con CapEfecNeta, DispoReal y DispoCome y la descripcion oficial corresponde a potencia neta.",78.0
2026-06-04,Recurso,CLL1,,Hour24,78000.0,kWh,kW,True,"La magnitud y comportamiento horario coinciden con CapEfecNeta, DispoReal y DispoCome y la descripcion oficial corresponde a potencia neta.",78.0
2026-06-04,Recurso,CLMG,,Hour01,132000.0,kWh,kW,True,"La magnitud y comportamiento horario coinciden con CapEfecNeta, DispoReal y DispoCome y la descripcion oficial corresponde a potencia neta.",132.0
2026-06-04,Recurso,CLMG,,Hour02,132000.0,kWh,kW,True,"La magnitud y comportamiento horario coinciden con CapEfecNeta, DispoReal y DispoCome y la descripcion oficial corresponde a potencia neta.",132.0
2026-06-04,Recurso,CLMG,,Hour03,132000.0,kWh,kW,True,"La magnitud y comportamiento horario coinciden con CapEfecNeta, DispoReal y DispoCome y la descripcion oficial corresponde a potencia neta.",132.0
2026-06-04,Recurso,CLMG,,Hour04,132000.0,kWh,kW,True,"La magnitud y comportamiento horario coinciden con CapEfecNeta, DispoReal y DispoCome y la descripcion oficial corresponde a potencia neta.",132.0
2026-06-04,Recurso,CLMG,,Hour05,132000.0,kWh,kW,True,"La magnitud y comportamiento horario coinciden con CapEfecNeta, DispoReal y DispoCome y la descripcion oficial corresponde a potencia neta.",132.0
2026-06-04,Recurso,CLMG,,Hour06,132000.0,kWh,kW,True,"La magnitud y comportamiento horario coinciden con CapEfecNeta, DispoReal y DispoCome y la descripcion oficial corresponde a potencia neta.",132.0
2026-06-04,Recurso,CLMG,,Hour07,132000.0,kWh,kW,True,"La magnitud y comportamiento horario coinciden con CapEfecNeta, DispoReal y DispoCome y la descripcion oficial corresponde a potencia neta.",132.0
2026-06-04,Recurso,CLMG,,Hour08,132000.0,kWh,kW,True,"La magnitud y comportamiento horario coinciden con CapEfecNeta, DispoReal y DispoCome y la descripcion oficial corresponde a potencia neta.",132.0
2026-06-04,Recurso,CLMG,,Hour09,132000.0,kWh,kW,True,"La magnitud y comportamiento horario coinciden con CapEfecNeta, DispoReal y DispoCome y la descripcion oficial corresponde a potencia neta.",132.0
2026-06-04,Recurso,CLMG,,Hour10,132000.0,kWh,kW,True,"La magnitud y comportamiento horario coinciden con CapEfecNeta, DispoReal y DispoCome y la descripcion oficial corresponde a potencia neta.",132.0
2026-06-04,Recurso,CLMG,,Hour11,132000.0,kWh,kW,True,"La magnitud y comportamiento horario coinciden con CapEfecNeta, DispoReal y DispoCome y la descripcion oficial corresponde a potencia neta.",132.0
2026-06-04,Recurso,CLMG,,Hour12,132000.0,kWh,kW,True,"La magnitud y comportamiento horario coinciden con CapEfecNeta, DispoReal y DispoCome y la descripcion oficial corresponde a potencia neta.",132.0
2026-06-04,Recurso,CLMG,,Hour13,132000.0,kWh,kW,True,"La magnitud y comportamiento horario coinciden con CapEfecNeta, DispoReal y DispoCome y la descripcion oficial corresponde a potencia neta.",132.0
2026-06-04,Recurso,CLMG,,Hour14,132000.0,kWh,kW,True,"La magnitud y comportamiento horario coinciden con CapEfecNeta, DispoReal y DispoCome y la descripcion oficial corresponde a potencia neta.",132.0
2026-06-04,Recurso,CLMG,,Hour15,132000.0,kWh,kW,True,"La magnitud y comportamiento horario coinciden con CapEfecNeta, DispoReal y DispoCome y la descripcion oficial corresponde a potencia neta.",132.0
2026-06-04,Recurso,CLMG,,Hour16,132000.0,kWh,kW,True,"La magnitud y comportamiento horario coinciden con CapEfecNeta, DispoReal y DispoCome y la descripcion oficial corresponde a potencia neta.",132.0
2026-06-04,Recurso,CLMG,,Hour17,132000.0,kWh,kW,True,"La magnitud y comportamiento horario coinciden con CapEfecNeta, DispoReal y DispoCome y la descripcion oficial corresponde a potencia neta.",132.0
2026-06-04,Recurso,CLMG,,Hour18,132000.0,kWh,kW,True,"La magnitud y comportamiento horario coinciden con CapEfecNeta, DispoReal y DispoCome y la descripcion oficial corresponde a potencia neta.",132.0
2026-06-04,Recurso,CLMG,,Hour19,132000.0,kWh,kW,True,"La magnitud y comportamiento horario coinciden con CapEfecNeta, DispoReal y DispoCome y la descripcion oficial corresponde a potencia neta.",132.0
2026-06-04,Recurso,CLMG,,Hour20,132000.0,kWh,kW,True,"La magnitud y comportamiento horario coinciden con CapEfecNeta, DispoReal y DispoCome y la descripcion oficial corresponde a potencia neta.",132.0
2026-06-04,Recurso,CLMG,,Hour21,132000.0,kWh,kW,True,"La magnitud y comportamiento horario coinciden con CapEfecNeta, DispoReal y DispoCome y la descripcion oficial corresponde a potencia neta.",132.0
2026-06-04,Recurso,CLMG,,Hour22,132000.0,kWh,kW,True,"La magnitud y comportamiento horario coinciden con CapEfecNeta, DispoReal y DispoCome y la descripcion oficial corresponde a potencia neta.",132.0
2026-06-04,Recurso,CLMG,,Hour23,132000.0,kWh,kW,True,"La magnitud y comportamiento horario coinciden con CapEfecNeta, DispoReal y DispoCome y la descripcion oficial corresponde a potencia neta.",132.0
2026-06-04,Recurso,CLMG,,Hour24,132000.0,kWh,kW,True,"La magnitud y comportamiento horario coinciden con CapEfecNeta, DispoReal y DispoCome y la descripcion oficial corresponde a potencia neta.",132.0
2026-06-04,Recurso,CTG1,,Hour01,30000.0,kWh,kW,True,"La magnitud y comportamiento horario coinciden con CapEfecNeta, DispoReal y DispoCome y la descripcion oficial corresponde a potencia neta.",30.0
2026-06-04,Recurso,CTG1,,Hour02,30000.0,kWh,kW,True,"La magnitud y comportamiento horario coinciden con CapEfecNeta, DispoReal y DispoCome y la descripcion oficial corresponde a potencia neta.",30.0
2026-06-04,Recurso,CTG1,,Hour03,30000.0,kWh,kW,True,"La magnitud y comportamiento horario coinciden con CapEfecNeta, DispoReal y DispoCome y la descripcion oficial corresponde a potencia neta.",30.0
2026-06-04,Recurso,CTG1,,Hour04,30000.0,kWh,kW,True,"La magnitud y comportamiento horario coinciden con CapEfecNeta, DispoReal y DispoCome y la descripcion oficial corresponde a potencia neta.",30.0
2026-06-04,Recurso,CTG1,,Hour05,30000.0,kWh,kW,True,"La magnitud y comportamiento horario coinciden con CapEfecNeta, DispoReal y DispoCome y la descripcion oficial corresponde a potencia neta.",30.0
2026-06-04,Recurso,CTG1,,Hour06,30000.0,kWh,kW,True,"La magnitud y comportamiento horario coinciden con CapEfecNeta, DispoReal y DispoCome y la descripcion oficial corresponde a potencia neta.",30.0
2026-06-04,Recurso,CTG1,,Hour07,30000.0,kWh,kW,True,"La magnitud y comportamiento horario coinciden con CapEfecNeta, DispoReal y DispoCome y la descripcion oficial corresponde a potencia neta.",30.0
2026-06-04,Recurso,CTG1,,Hour08,30000.0,kWh,kW,True,"La magnitud y comportamiento horario coinciden con CapEfecNeta, DispoReal y DispoCome y la descripcion oficial corresponde a potencia neta.",30.0
2026-06-04,Recurso,CTG1,,Hour09,30000.0,kWh,kW,True,"La magnitud y comportamiento horario coinciden con CapEfecNeta, DispoReal y DispoCome y la descripcion oficial corresponde a potencia neta.",30.0
2026-06-04,Recurso,CTG1,,Hour10,30000.0,kWh,kW,True,"La magnitud y comportamiento horario coinciden con CapEfecNeta, DispoReal y DispoCome y la descripcion oficial corresponde a potencia neta.",30.0
2026-06-04,Recurso,CTG1,,Hour11,30000.0,kWh,kW,True,"La magnitud y comportamiento horario coinciden con CapEfecNeta, DispoReal y DispoCome y la descripcion oficial corresponde a potencia neta.",30.0
2026-06-04,Recurso,CTG1,,Hour12,30000.0,kWh,kW,True,"La magnitud y comportamiento horario coinciden con CapEfecNeta, DispoReal y DispoCome y la descripcion oficial corresponde a potencia neta.",30.0
2026-06-04,Recurso,CTG1,,Hour13,30000.0,kWh,kW,True,"La magnitud y comportamiento horario coinciden con CapEfecNeta, DispoReal y DispoCome y la descripcion oficial corresponde a potencia neta.",30.0
2026-06-04,Recurso,CTG1,,Hour14,30000.0,kWh,kW,True,"La magnitud y comportamiento horario coinciden con CapEfecNeta, DispoReal y DispoCome y la descripcion oficial corresponde a potencia neta.",30.0
2026-06-04,Recurso,CTG1,,Hour15,30000.0,kWh,kW,True,"La magnitud y comportamiento horario coinciden con CapEfecNeta, DispoReal y DispoCome y la descripcion oficial corresponde a potencia neta.",30.0
2026-06-04,Recurso,CTG1,,Hour16,30000.0,kWh,kW,True,"La magnitud y comportamiento horario coinciden con CapEfecNeta, DispoReal y DispoCome y la descripcion oficial corresponde a potencia neta.",30.0
2026-06-04,Recurso,CTG1,,Hour17,30000.0,kWh,kW,True,"La magnitud y comportamiento horario coinciden con CapEfecNeta, DispoReal y DispoCome y la descripcion oficial corresponde a potencia neta.",30.0
2026-06-04,Recurso,CTG1,,Hour18,30000.0,kWh,kW,True,"La magnitud y comportamiento horario coinciden con CapEfecNeta, DispoReal y DispoCome y la descripcion oficial corresponde a potencia neta.",30.0
2026-06-04,Recurso,CTG1,,Hour19,30000.0,kWh,kW,True,"La magnitud y comportamiento horario coinciden con CapEfecNeta, DispoReal y DispoCome y la descripcion oficial corresponde a potencia neta.",30.0
2026-06-04,Recurso,CTG1,,Hour20,30000.0,kWh,kW,True,"La magnitud y comportamiento horario coinciden con CapEfecNeta, DispoReal y DispoCome y la descripcion oficial corresponde a potencia neta.",30.0
2026-06-04,Recurso,CTG1,,Hour21,30000.0,kWh,kW,True,"La magnitud y comportamiento horario coinciden con CapEfecNeta, DispoReal y DispoCome y la descripcion oficial corresponde a potencia neta.",30.0
2026-06-04,Recurso,CTG1,,Hour22,30000.0,kWh,kW,True,"La magnitud y comportamiento horario coinciden con CapEfecNeta, DispoReal y DispoCome y la descripcion oficial corresponde a potencia neta.",30.0
2026-06-04,Recurso,CTG1,,Hour23,30000.0,kWh,kW,True,"La magnitud y comportamiento horario coinciden con CapEfecNeta, DispoReal y DispoCome y la descripcion oficial corresponde a potencia neta.",30.0
2026-06-04,Recurso,CTG1,,Hour24,30000.0,kWh,kW,True,"La magnitud y comportamiento horario coinciden con CapEfecNeta, DispoReal y DispoCome y la descripcion oficial corresponde a potencia neta.",30.0
2026-06-05,Recurso,2QEK,,Hour01,35000.0,kWh,kW,True,"La magnitud y comportamiento horario coinciden con CapEfecNeta, DispoReal y DispoCome y la descripcion oficial corresponde a potencia neta.",35.0
2026-06-05,Recurso,2QEK,,Hour02,35000.0,kWh,kW,True,"La magnitud y comportamiento horario coinciden con CapEfecNeta, DispoReal y DispoCome y la descripcion oficial corresponde a potencia neta.",35.0
2026-06-05,Recurso,2QEK,,Hour03,35000.0,kWh,kW,True,"La magnitud y comportamiento horario coinciden con CapEfecNeta, DispoReal y DispoCome y la descripcion oficial corresponde a potencia neta.",35.0
2026-06-05,Recurso,2QEK,,Hour04,35000.0,kWh,kW,True,"La magnitud y comportamiento horario coinciden con CapEfecNeta, DispoReal y DispoCome y la descripcion oficial corresponde a potencia neta.",35.0
2026-06-05,Recurso,2QEK,,Hour05,35000.0,kWh,kW,True,"La magnitud y comportamiento horario coinciden con CapEfecNeta, DispoReal y DispoCome y la descripcion oficial corresponde a potencia neta.",35.0
2026-06-05,Recurso,2QEK,,Hour06,35000.0,kWh,kW,True,"La magnitud y comportamiento horario coinciden con CapEfecNeta, DispoReal y DispoCome y la descripcion oficial corresponde a potencia neta.",35.0
2026-06-05,Recurso,2QEK,,Hour07,35000.0,kWh,kW,True,"La magnitud y comportamiento horario coinciden con CapEfecNeta, DispoReal y DispoCome y la descripcion oficial corresponde a potencia neta.",35.0
2026-06-05,Recurso,2QEK,,Hour08,35000.0,kWh,kW,True,"La magnitud y comportamiento horario coinciden con CapEfecNeta, DispoReal y DispoCome y la descripcion oficial corresponde a potencia neta.",35.0
2026-06-05,Recurso,2QEK,,Hour09,35000.0,kWh,kW,True,"La magnitud y comportamiento horario coinciden con CapEfecNeta, DispoReal y DispoCome y la descripcion oficial corresponde a potencia neta.",35.0
2026-06-05,Recurso,2QEK,,Hour10,35000.0,kWh,kW,True,"La magnitud y comportamiento horario coinciden con CapEfecNeta, DispoReal y DispoCome y la descripcion oficial corresponde a potencia neta.",35.0
2026-06-05,Recurso,2QEK,,Hour11,35000.0,kWh,kW,True,"La magnitud y comportamiento horario coinciden con CapEfecNeta, DispoReal y DispoCome y la descripcion oficial corresponde a potencia neta.",35.0
2026-06-05,Recurso,2QEK,,Hour12,35000.0,kWh,kW,True,"La magnitud y comportamiento horario coinciden con CapEfecNeta, DispoReal y DispoCome y la descripcion oficial corresponde a potencia neta.",35.0
2026-06-05,Recurso,2QEK,,Hour13,35000.0,kWh,kW,True,"La magnitud y comportamiento horario coinciden con CapEfecNeta, DispoReal y DispoCome y la descripcion oficial corresponde a potencia neta.",35.0
2026-06-05,Recurso,2QEK,,Hour14,35000.0,kWh,kW,True,"La magnitud y comportamiento horario coinciden con CapEfecNeta, DispoReal y DispoCome y la descripcion oficial corresponde a potencia neta.",35.0
2026-06-05,Recurso,2QEK,,Hour15,35000.0,kWh,kW,True,"La magnitud y comportamiento horario coinciden con CapEfecNeta, DispoReal y DispoCome y la descripcion oficial corresponde a potencia neta.",35.0
2026-06-05,Recurso,2QEK,,Hour16,35000.0,kWh,kW,True,"La magnitud y comportamiento horario coinciden con CapEfecNeta, DispoReal y DispoCome y la descripcion oficial corresponde a potencia neta.",35.0
2026-06-05,Recurso,2QEK,,Hour17,35000.0,kWh,kW,True,"La magnitud y comportamiento horario coinciden con CapEfecNeta, DispoReal y DispoCome y la descripcion oficial corresponde a potencia neta.",35.0
2026-06-05,Recurso,2QEK,,Hour18,35000.0,kWh,kW,True,"La magnitud y comportamiento horario coinciden con CapEfecNeta, DispoReal y DispoCome y la descripcion oficial corresponde a potencia neta.",35.0
2026-06-05,Recurso,2QEK,,Hour19,35000.0,kWh,kW,True,"La magnitud y comportamiento horario coinciden con CapEfecNeta, DispoReal y DispoCome y la descripcion oficial corresponde a potencia neta.",35.0
2026-06-05,Recurso,2QEK,,Hour20,35000.0,kWh,kW,True,"La magnitud y comportamiento horario coinciden con CapEfecNeta, DispoReal y DispoCome y la descripcion oficial corresponde a potencia neta.",35.0
2026-06-05,Recurso,2QEK,,Hour21,35000.0,kWh,kW,True,"La magnitud y comportamiento horario coinciden con CapEfecNeta, DispoReal y DispoCome y la descripcion oficial corresponde a potencia neta.",35.0
2026-06-05,Recurso,2QEK,,Hour22,35000.0,kWh,kW,True,"La magnitud y comportamiento horario coinciden con CapEfecNeta, DispoReal y DispoCome y la descripcion oficial corresponde a potencia neta.",35.0
2026-06-05,Recurso,2QEK,,Hour23,35000.0,kWh,kW,True,"La magnitud y comportamiento horario coinciden con CapEfecNeta, DispoReal y DispoCome y la descripcion oficial corresponde a potencia neta.",35.0
2026-06-05,Recurso,2QEK,,Hour24,35000.0,kWh,kW,True,"La magnitud y comportamiento horario coinciden con CapEfecNeta, DispoReal y DispoCome y la descripcion oficial corresponde a potencia neta.",35.0
2026-06-05,Recurso,3ENA,,Hour01,200000.0,kWh,kW,True,"La magnitud y comportamiento horario coinciden con CapEfecNeta, DispoReal y DispoCome y la descripcion oficial corresponde a potencia neta.",200.0
2026-06-05,Recurso,3ENA,,Hour02,200000.0,kWh,kW,True,"La magnitud y comportamiento horario coinciden con CapEfecNeta, DispoReal y DispoCome y la descripcion oficial corresponde a potencia neta.",200.0
2026-06-05,Recurso,3ENA,,Hour03,200000.0,kWh,kW,True,"La magnitud y comportamiento horario coinciden con CapEfecNeta, DispoReal y DispoCome y la descripcion oficial corresponde a potencia neta.",200.0
2026-06-05,Recurso,3ENA,,Hour04,200000.0,kWh,kW,True,"La magnitud y comportamiento horario coinciden con CapEfecNeta, DispoReal y DispoCome y la descripcion oficial corresponde a potencia neta.",200.0
2026-06-05,Recurso,3ENA,,Hour05,200000.0,kWh,kW,True,"La magnitud y comportamiento horario coinciden con CapEfecNeta, DispoReal y DispoCome y la descripcion oficial corresponde a potencia neta.",200.0
2026-06-05,Recurso,3ENA,,Hour06,200000.0,kWh,kW,True,"La magnitud y comportamiento horario coinciden con CapEfecNeta, DispoReal y DispoCome y la descripcion oficial corresponde a potencia neta.",200.0
2026-06-05,Recurso,3ENA,,Hour07,200000.0,kWh,kW,True,"La magnitud y comportamiento horario coinciden con CapEfecNeta, DispoReal y DispoCome y la descripcion oficial corresponde a potencia neta.",200.0
2026-06-05,Recurso,3ENA,,Hour08,200000.0,kWh,kW,True,"La magnitud y comportamiento horario coinciden con CapEfecNeta, DispoReal y DispoCome y la descripcion oficial corresponde a potencia neta.",200.0
2026-06-05,Recurso,3ENA,,Hour09,200000.0,kWh,kW,True,"La magnitud y comportamiento horario coinciden con CapEfecNeta, DispoReal y DispoCome y la descripcion oficial corresponde a potencia neta.",200.0
2026-06-05,Recurso,3ENA,,Hour10,200000.0,kWh,kW,True,"La magnitud y comportamiento horario coinciden con CapEfecNeta, DispoReal y DispoCome y la descripcion oficial corresponde a potencia neta.",200.0
2026-06-05,Recurso,3ENA,,Hour11,200000.0,kWh,kW,True,"La magnitud y comportamiento horario coinciden con CapEfecNeta, DispoReal y DispoCome y la descripcion oficial corresponde a potencia neta.",200.0
2026-06-05,Recurso,3ENA,,Hour12,200000.0,kWh,kW,True,"La magnitud y comportamiento horario coinciden con CapEfecNeta, DispoReal y DispoCome y la descripcion oficial corresponde a potencia neta.",200.0
2026-06-05,Recurso,3ENA,,Hour13,200000.0,kWh,kW,True,"La magnitud y comportamiento horario coinciden con CapEfecNeta, DispoReal y DispoCome y la descripcion oficial corresponde a potencia neta.",200.0
2026-06-05,Recurso,3ENA,,Hour14,200000.0,kWh,kW,True,"La magnitud y comportamiento horario coinciden con CapEfecNeta, DispoReal y DispoCome y la descripcion oficial corresponde a potencia neta.",200.0
2026-06-05,Recurso,3ENA,,Hour15,200000.0,kWh,kW,True,"La magnitud y comportamiento horario coinciden con CapEfecNeta, DispoReal y DispoCome y la descripcion oficial corresponde a potencia neta.",200.0
2026-06-05,Recurso,3ENA,,Hour16,200000.0,kWh,kW,True,"La magnitud y comportamiento horario coinciden con CapEfecNeta, DispoReal y DispoCome y la descripcion oficial corresponde a potencia neta.",200.0
2026-06-05,Recurso,3ENA,,Hour17,200000.0,kWh,kW,True,"La magnitud y comportamiento horario coinciden con CapEfecNeta, DispoReal y DispoCome y la descripcion oficial corresponde a potencia neta.",200.0
2026-06-05,Recurso,3ENA,,Hour18,200000.0,kWh,kW,True,"La magnitud y comportamiento horario coinciden con CapEfecNeta, DispoReal y DispoCome y la descripcion oficial corresponde a potencia neta.",200.0
2026-06-05,Recurso,3ENA,,Hour19,200000.0,kWh,kW,True,"La magnitud y comportamiento horario coinciden con CapEfecNeta, DispoReal y DispoCome y la descripcion oficial corresponde a potencia neta.",200.0
2026-06-05,Recurso,3ENA,,Hour20,200000.0,kWh,kW,True,"La magnitud y comportamiento horario coinciden con CapEfecNeta, DispoReal y DispoCome y la descripcion oficial corresponde a potencia neta.",200.0
2026-06-05,Recurso,3ENA,,Hour21,200000.0,kWh,kW,True,"La magnitud y comportamiento horario coinciden con CapEfecNeta, DispoReal y DispoCome y la descripcion oficial corresponde a potencia neta.",200.0
2026-06-05,Recurso,3ENA,,Hour22,200000.0,kWh,kW,True,"La magnitud y comportamiento horario coinciden con CapEfecNeta, DispoReal y DispoCome y la descripcion oficial corresponde a potencia neta.",200.0
2026-06-05,Recurso,3ENA,,Hour23,200000.0,kWh,kW,True,"La magnitud y comportamiento horario coinciden con CapEfecNeta, DispoReal y DispoCome y la descripcion oficial corresponde a potencia neta.",200.0
2026-06-05,Recurso,3ENA,,Hour24,200000.0,kWh,kW,True,"La magnitud y comportamiento horario coinciden con CapEfecNeta, DispoReal y DispoCome y la descripcion oficial corresponde a potencia neta.",200.0
2026-06-05,Recurso,4YCN,,Hour01,25000.0,kWh,kW,True,"La magnitud y comportamiento horario coinciden con CapEfecNeta, DispoReal y DispoCome y la descripcion oficial corresponde a potencia neta.",25.0
2026-06-05,Recurso,4YCN,,Hour02,25000.0,kWh,kW,True,"La magnitud y comportamiento horario coinciden con CapEfecNeta, DispoReal y DispoCome y la descripcion oficial corresponde a potencia neta.",25.0
2026-06-05,Recurso,4YCN,,Hour03,25000.0,kWh,kW,True,"La magnitud y comportamiento horario coinciden con CapEfecNeta, DispoReal y DispoCome y la descripcion oficial corresponde a potencia neta.",25.0
2026-06-05,Recurso,4YCN,,Hour04,25000.0,kWh,kW,True,"La magnitud y comportamiento horario coinciden con CapEfecNeta, DispoReal y DispoCome y la descripcion oficial corresponde a potencia neta.",25.0
2026-06-05,Recurso,4YCN,,Hour05,25000.0,kWh,kW,True,"La magnitud y comportamiento horario coinciden con CapEfecNeta, DispoReal y DispoCome y la descripcion oficial corresponde a potencia neta.",25.0
2026-06-05,Recurso,4YCN,,Hour06,25000.0,kWh,kW,True,"La magnitud y comportamiento horario coinciden con CapEfecNeta, DispoReal y DispoCome y la descripcion oficial corresponde a potencia neta.",25.0
2026-06-05,Recurso,4YCN,,Hour07,25000.0,kWh,kW,True,"La magnitud y comportamiento horario coinciden con CapEfecNeta, DispoReal y DispoCome y la descripcion oficial corresponde a potencia neta.",25.0
2026-06-05,Recurso,4YCN,,Hour08,25000.0,kWh,kW,True,"La magnitud y comportamiento horario coinciden con CapEfecNeta, DispoReal y DispoCome y la descripcion oficial corresponde a potencia neta.",25.0
2026-06-05,Recurso,4YCN,,Hour09,25000.0,kWh,kW,True,"La magnitud y comportamiento horario coinciden con CapEfecNeta, DispoReal y DispoCome y la descripcion oficial corresponde a potencia neta.",25.0
2026-06-05,Recurso,4YCN,,Hour10,25000.0,kWh,kW,True,"La magnitud y comportamiento horario coinciden con CapEfecNeta, DispoReal y DispoCome y la descripcion oficial corresponde a potencia neta.",25.0
2026-06-05,Recurso,4YCN,,Hour11,25000.0,kWh,kW,True,"La magnitud y comportamiento horario coinciden con CapEfecNeta, DispoReal y DispoCome y la descripcion oficial corresponde a potencia neta.",25.0
2026-06-05,Recurso,4YCN,,Hour12,25000.0,kWh,kW,True,"La magnitud y comportamiento horario coinciden con CapEfecNeta, DispoReal y DispoCome y la descripcion oficial corresponde a potencia neta.",25.0
2026-06-05,Recurso,4YCN,,Hour13,25000.0,kWh,kW,True,"La magnitud y comportamiento horario coinciden con CapEfecNeta, DispoReal y DispoCome y la descripcion oficial corresponde a potencia neta.",25.0
2026-06-05,Recurso,4YCN,,Hour14,25000.0,kWh,kW,True,"La magnitud y comportamiento horario coinciden con CapEfecNeta, DispoReal y DispoCome y la descripcion oficial corresponde a potencia neta.",25.0
2026-06-05,Recurso,4YCN,,Hour15,25000.0,kWh,kW,True,"La magnitud y comportamiento horario coinciden con CapEfecNeta, DispoReal y DispoCome y la descripcion oficial corresponde a potencia neta.",25.0
2026-06-05,Recurso,4YCN,,Hour16,25000.0,kWh,kW,True,"La magnitud y comportamiento horario coinciden con CapEfecNeta, DispoReal y DispoCome y la descripcion oficial corresponde a potencia neta.",25.0
2026-06-05,Recurso,4YCN,,Hour17,25000.0,kWh,kW,True,"La magnitud y comportamiento horario coinciden con CapEfecNeta, DispoReal y DispoCome y la descripcion oficial corresponde a potencia neta.",25.0
2026-06-05,Recurso,4YCN,,Hour18,25000.0,kWh,kW,True,"La magnitud y comportamiento horario coinciden con CapEfecNeta, DispoReal y DispoCome y la descripcion oficial corresponde a potencia neta.",25.0
2026-06-05,Recurso,4YCN,,Hour19,25000.0,kWh,kW,True,"La magnitud y comportamiento horario coinciden con CapEfecNeta, DispoReal y DispoCome y la descripcion oficial corresponde a potencia neta.",25.0
2026-06-05,Recurso,4YCN,,Hour20,25000.0,kWh,kW,True,"La magnitud y comportamiento horario coinciden con CapEfecNeta, DispoReal y DispoCome y la descripcion oficial corresponde a potencia neta.",25.0
2026-06-05,Recurso,4YCN,,Hour21,25000.0,kWh,kW,True,"La magnitud y comportamiento horario coinciden con CapEfecNeta, DispoReal y DispoCome y la descripcion oficial corresponde a potencia neta.",25.0
2026-06-05,Recurso,4YCN,,Hour22,25000.0,kWh,kW,True,"La magnitud y comportamiento horario coinciden con CapEfecNeta, DispoReal y DispoCome y la descripcion oficial corresponde a potencia neta.",25.0
2026-06-05,Recurso,4YCN,,Hour23,25000.0,kWh,kW,True,"La magnitud y comportamiento horario coinciden con CapEfecNeta, DispoReal y DispoCome y la descripcion oficial corresponde a potencia neta.",25.0
2026-06-05,Recurso,4YCN,,Hour24,25000.0,kWh,kW,True,"La magnitud y comportamiento horario coinciden con CapEfecNeta, DispoReal y DispoCome y la descripcion oficial corresponde a potencia neta.",25.0
2026-06-05,Recurso,5QT6,,Hour01,0.0,kWh,kW,True,"La magnitud y comportamiento horario coinciden con CapEfecNeta, DispoReal y DispoCome y la descripcion oficial corresponde a potencia neta.",0.0
2026-06-05,Recurso,5QT6,,Hour02,0.0,kWh,kW,True,"La magnitud y comportamiento horario coinciden con CapEfecNeta, DispoReal y DispoCome y la descripcion oficial corresponde a potencia neta.",0.0
2026-06-05,Recurso,5QT6,,Hour03,0.0,kWh,kW,True,"La magnitud y comportamiento horario coinciden con CapEfecNeta, DispoReal y DispoCome y la descripcion oficial corresponde a potencia neta.",0.0
2026-06-05,Recurso,5QT6,,Hour04,0.0,kWh,kW,True,"La magnitud y comportamiento horario coinciden con CapEfecNeta, DispoReal y DispoCome y la descripcion oficial corresponde a potencia neta.",0.0
2026-06-05,Recurso,5QT6,,Hour05,0.0,kWh,kW,True,"La magnitud y comportamiento horario coinciden con CapEfecNeta, DispoReal y DispoCome y la descripcion oficial corresponde a potencia neta.",0.0
2026-06-05,Recurso,5QT6,,Hour06,0.0,kWh,kW,True,"La magnitud y comportamiento horario coinciden con CapEfecNeta, DispoReal y DispoCome y la descripcion oficial corresponde a potencia neta.",0.0
2026-06-05,Recurso,5QT6,,Hour07,0.0,kWh,kW,True,"La magnitud y comportamiento horario coinciden con CapEfecNeta, DispoReal y DispoCome y la descripcion oficial corresponde a potencia neta.",0.0
2026-06-05,Recurso,5QT6,,Hour08,0.0,kWh,kW,True,"La magnitud y comportamiento horario coinciden con CapEfecNeta, DispoReal y DispoCome y la descripcion oficial corresponde a potencia neta.",0.0
2026-06-05,Recurso,5QT6,,Hour09,0.0,kWh,kW,True,"La magnitud y comportamiento horario coinciden con CapEfecNeta, DispoReal y DispoCome y la descripcion oficial corresponde a potencia neta.",0.0
2026-06-05,Recurso,5QT6,,Hour10,0.0,kWh,kW,True,"La magnitud y comportamiento horario coinciden con CapEfecNeta, DispoReal y DispoCome y la descripcion oficial corresponde a potencia neta.",0.0
2026-06-05,Recurso,5QT6,,Hour11,0.0,kWh,kW,True,"La magnitud y comportamiento horario coinciden con CapEfecNeta, DispoReal y DispoCome y la descripcion oficial corresponde a potencia neta.",0.0
2026-06-05,Recurso,5QT6,,Hour12,0.0,kWh,kW,True,"La magnitud y comportamiento horario coinciden con CapEfecNeta, DispoReal y DispoCome y la descripcion oficial corresponde a potencia neta.",0.0
2026-06-05,Recurso,5QT6,,Hour13,0.0,kWh,kW,True,"La magnitud y comportamiento horario coinciden con CapEfecNeta, DispoReal y DispoCome y la descripcion oficial corresponde a potencia neta.",0.0
2026-06-05,Recurso,5QT6,,Hour14,0.0,kWh,kW,True,"La magnitud y comportamiento horario coinciden con CapEfecNeta, DispoReal y DispoCome y la descripcion oficial corresponde a potencia neta.",0.0
2026-06-05,Recurso,5QT6,,Hour15,0.0,kWh,kW,True,"La magnitud y comportamiento horario coinciden con CapEfecNeta, DispoReal y DispoCome y la descripcion oficial corresponde a potencia neta.",0.0
2026-06-05,Recurso,5QT6,,Hour16,0.0,kWh,kW,True,"La magnitud y comportamiento horario coinciden con CapEfecNeta, DispoReal y DispoCome y la descripcion oficial corresponde a potencia neta.",0.0
2026-06-05,Recurso,5QT6,,Hour17,0.0,kWh,kW,True,"La magnitud y comportamiento horario coinciden con CapEfecNeta, DispoReal y DispoCome y la descripcion oficial corresponde a potencia neta.",0.0
2026-06-05,Recurso,5QT6,,Hour18,0.0,kWh,kW,True,"La magnitud y comportamiento horario coinciden con CapEfecNeta, DispoReal y DispoCome y la descripcion oficial corresponde a potencia neta.",0.0
2026-06-05,Recurso,5QT6,,Hour19,0.0,kWh,kW,True,"La magnitud y comportamiento horario coinciden con CapEfecNeta, DispoReal y DispoCome y la descripcion oficial corresponde a potencia neta.",0.0
2026-06-05,Recurso,5QT6,,Hour20,0.0,kWh,kW,True,"La magnitud y comportamiento horario coinciden con CapEfecNeta, DispoReal y DispoCome y la descripcion oficial corresponde a potencia neta.",0.0
2026-06-05,Recurso,5QT6,,Hour21,0.0,kWh,kW,True,"La magnitud y comportamiento horario coinciden con CapEfecNeta, DispoReal y DispoCome y la descripcion oficial corresponde a potencia neta.",0.0
2026-06-05,Recurso,5QT6,,Hour22,0.0,kWh,kW,True,"La magnitud y comportamiento horario coinciden con CapEfecNeta, DispoReal y DispoCome y la descripcion oficial corresponde a potencia neta.",0.0
2026-06-05,Recurso,5QT6,,Hour23,0.0,kWh,kW,True,"La magnitud y comportamiento horario coinciden con CapEfecNeta, DispoReal y DispoCome y la descripcion oficial corresponde a potencia neta.",0.0
2026-06-05,Recurso,5QT6,,Hour24,0.0,kWh,kW,True,"La magnitud y comportamiento horario coinciden con CapEfecNeta, DispoReal y DispoCome y la descripcion oficial corresponde a potencia neta.",0.0
2026-06-05,Recurso,ALBG,,Hour01,288000.0,kWh,kW,True,"La magnitud y comportamiento horario coinciden con CapEfecNeta, DispoReal y DispoCome y la descripcion oficial corresponde a potencia neta.",288.0
2026-06-05,Recurso,ALBG,,Hour02,288000.0,kWh,kW,True,"La magnitud y comportamiento horario coinciden con CapEfecNeta, DispoReal y DispoCome y la descripcion oficial corresponde a potencia neta.",288.0
2026-06-05,Recurso,ALBG,,Hour03,288000.0,kWh,kW,True,"La magnitud y comportamiento horario coinciden con CapEfecNeta, DispoReal y DispoCome y la descripcion oficial corresponde a potencia neta.",288.0
2026-06-05,Recurso,ALBG,,Hour04,288000.0,kWh,kW,True,"La magnitud y comportamiento horario coinciden con CapEfecNeta, DispoReal y DispoCome y la descripcion oficial corresponde a potencia neta.",288.0
2026-06-05,Recurso,ALBG,,Hour05,288000.0,kWh,kW,True,"La magnitud y comportamiento horario coinciden con CapEfecNeta, DispoReal y DispoCome y la descripcion oficial corresponde a potencia neta.",288.0
2026-06-05,Recurso,ALBG,,Hour06,288000.0,kWh,kW,True,"La magnitud y comportamiento horario coinciden con CapEfecNeta, DispoReal y DispoCome y la descripcion oficial corresponde a potencia neta.",288.0
2026-06-05,Recurso,ALBG,,Hour07,288000.0,kWh,kW,True,"La magnitud y comportamiento horario coinciden con CapEfecNeta, DispoReal y DispoCome y la descripcion oficial corresponde a potencia neta.",288.0
2026-06-05,Recurso,ALBG,,Hour08,288000.0,kWh,kW,True,"La magnitud y comportamiento horario coinciden con CapEfecNeta, DispoReal y DispoCome y la descripcion oficial corresponde a potencia neta.",288.0
2026-06-05,Recurso,ALBG,,Hour09,288000.0,kWh,kW,True,"La magnitud y comportamiento horario coinciden con CapEfecNeta, DispoReal y DispoCome y la descripcion oficial corresponde a potencia neta.",288.0
2026-06-05,Recurso,ALBG,,Hour10,288000.0,kWh,kW,True,"La magnitud y comportamiento horario coinciden con CapEfecNeta, DispoReal y DispoCome y la descripcion oficial corresponde a potencia neta.",288.0
2026-06-05,Recurso,ALBG,,Hour11,288000.0,kWh,kW,True,"La magnitud y comportamiento horario coinciden con CapEfecNeta, DispoReal y DispoCome y la descripcion oficial corresponde a potencia neta.",288.0
2026-06-05,Recurso,ALBG,,Hour12,288000.0,kWh,kW,True,"La magnitud y comportamiento horario coinciden con CapEfecNeta, DispoReal y DispoCome y la descripcion oficial corresponde a potencia neta.",288.0
2026-06-05,Recurso,ALBG,,Hour13,288000.0,kWh,kW,True,"La magnitud y comportamiento horario coinciden con CapEfecNeta, DispoReal y DispoCome y la descripcion oficial corresponde a potencia neta.",288.0
2026-06-05,Recurso,ALBG,,Hour14,288000.0,kWh,kW,True,"La magnitud y comportamiento horario coinciden con CapEfecNeta, DispoReal y DispoCome y la descripcion oficial corresponde a potencia neta.",288.0
2026-06-05,Recurso,ALBG,,Hour15,288000.0,kWh,kW,True,"La magnitud y comportamiento horario coinciden con CapEfecNeta, DispoReal y DispoCome y la descripcion oficial corresponde a potencia neta.",288.0
2026-06-05,Recurso,ALBG,,Hour16,288000.0,kWh,kW,True,"La magnitud y comportamiento horario coinciden con CapEfecNeta, DispoReal y DispoCome y la descripcion oficial corresponde a potencia neta.",288.0
2026-06-05,Recurso,ALBG,,Hour17,288000.0,kWh,kW,True,"La magnitud y comportamiento horario coinciden con CapEfecNeta, DispoReal y DispoCome y la descripcion oficial corresponde a potencia neta.",288.0
2026-06-05,Recurso,ALBG,,Hour18,288000.0,kWh,kW,True,"La magnitud y comportamiento horario coinciden con CapEfecNeta, DispoReal y DispoCome y la descripcion oficial corresponde a potencia neta.",288.0
2026-06-05,Recurso,ALBG,,Hour19,288000.0,kWh,kW,True,"La magnitud y comportamiento horario coinciden con CapEfecNeta, DispoReal y DispoCome y la descripcion oficial corresponde a potencia neta.",288.0
2026-06-05,Recurso,ALBG,,Hour20,288000.0,kWh,kW,True,"La magnitud y comportamiento horario coinciden con CapEfecNeta, DispoReal y DispoCome y la descripcion oficial corresponde a potencia neta.",288.0
2026-06-05,Recurso,ALBG,,Hour21,288000.0,kWh,kW,True,"La magnitud y comportamiento horario coinciden con CapEfecNeta, DispoReal y DispoCome y la descripcion oficial corresponde a potencia neta.",288.0
2026-06-05,Recurso,ALBG,,Hour22,288000.0,kWh,kW,True,"La magnitud y comportamiento horario coinciden con CapEfecNeta, DispoReal y DispoCome y la descripcion oficial corresponde a potencia neta.",288.0
2026-06-05,Recurso,ALBG,,Hour23,288000.0,kWh,kW,True,"La magnitud y comportamiento horario coinciden con CapEfecNeta, DispoReal y DispoCome y la descripcion oficial corresponde a potencia neta.",288.0
2026-06-05,Recurso,ALBG,,Hour24,288000.0,kWh,kW,True,"La magnitud y comportamiento horario coinciden con CapEfecNeta, DispoReal y DispoCome y la descripcion oficial corresponde a potencia neta.",288.0
2026-06-05,Recurso,CHBG,,Hour01,326000.0,kWh,kW,True,"La magnitud y comportamiento horario coinciden con CapEfecNeta, DispoReal y DispoCome y la descripcion oficial corresponde a potencia neta.",326.0
2026-06-05,Recurso,CHBG,,Hour02,326000.0,kWh,kW,True,"La magnitud y comportamiento horario coinciden con CapEfecNeta, DispoReal y DispoCome y la descripcion oficial corresponde a potencia neta.",326.0
2026-06-05,Recurso,CHBG,,Hour03,326000.0,kWh,kW,True,"La magnitud y comportamiento horario coinciden con CapEfecNeta, DispoReal y DispoCome y la descripcion oficial corresponde a potencia neta.",326.0
2026-06-05,Recurso,CHBG,,Hour04,326000.0,kWh,kW,True,"La magnitud y comportamiento horario coinciden con CapEfecNeta, DispoReal y DispoCome y la descripcion oficial corresponde a potencia neta.",326.0
2026-06-05,Recurso,CHBG,,Hour05,326000.0,kWh,kW,True,"La magnitud y comportamiento horario coinciden con CapEfecNeta, DispoReal y DispoCome y la descripcion oficial corresponde a potencia neta.",326.0
2026-06-05,Recurso,CHBG,,Hour06,326000.0,kWh,kW,True,"La magnitud y comportamiento horario coinciden con CapEfecNeta, DispoReal y DispoCome y la descripcion oficial corresponde a potencia neta.",326.0
2026-06-05,Recurso,CHBG,,Hour07,326000.0,kWh,kW,True,"La magnitud y comportamiento horario coinciden con CapEfecNeta, DispoReal y DispoCome y la descripcion oficial corresponde a potencia neta.",326.0
2026-06-05,Recurso,CHBG,,Hour08,326000.0,kWh,kW,True,"La magnitud y comportamiento horario coinciden con CapEfecNeta, DispoReal y DispoCome y la descripcion oficial corresponde a potencia neta.",326.0
2026-06-05,Recurso,CHBG,,Hour09,326000.0,kWh,kW,True,"La magnitud y comportamiento horario coinciden con CapEfecNeta, DispoReal y DispoCome y la descripcion oficial corresponde a potencia neta.",326.0
2026-06-05,Recurso,CHBG,,Hour10,326000.0,kWh,kW,True,"La magnitud y comportamiento horario coinciden con CapEfecNeta, DispoReal y DispoCome y la descripcion oficial corresponde a potencia neta.",326.0
2026-06-05,Recurso,CHBG,,Hour11,326000.0,kWh,kW,True,"La magnitud y comportamiento horario coinciden con CapEfecNeta, DispoReal y DispoCome y la descripcion oficial corresponde a potencia neta.",326.0
2026-06-05,Recurso,CHBG,,Hour12,326000.0,kWh,kW,True,"La magnitud y comportamiento horario coinciden con CapEfecNeta, DispoReal y DispoCome y la descripcion oficial corresponde a potencia neta.",326.0
2026-06-05,Recurso,CHBG,,Hour13,326000.0,kWh,kW,True,"La magnitud y comportamiento horario coinciden con CapEfecNeta, DispoReal y DispoCome y la descripcion oficial corresponde a potencia neta.",326.0
2026-06-05,Recurso,CHBG,,Hour14,326000.0,kWh,kW,True,"La magnitud y comportamiento horario coinciden con CapEfecNeta, DispoReal y DispoCome y la descripcion oficial corresponde a potencia neta.",326.0
2026-06-05,Recurso,CHBG,,Hour15,326000.0,kWh,kW,True,"La magnitud y comportamiento horario coinciden con CapEfecNeta, DispoReal y DispoCome y la descripcion oficial corresponde a potencia neta.",326.0
2026-06-05,Recurso,CHBG,,Hour16,326000.0,kWh,kW,True,"La magnitud y comportamiento horario coinciden con CapEfecNeta, DispoReal y DispoCome y la descripcion oficial corresponde a potencia neta.",326.0
2026-06-05,Recurso,CHBG,,Hour17,326000.0,kWh,kW,True,"La magnitud y comportamiento horario coinciden con CapEfecNeta, DispoReal y DispoCome y la descripcion oficial corresponde a potencia neta.",326.0
2026-06-05,Recurso,CHBG,,Hour18,326000.0,kWh,kW,True,"La magnitud y comportamiento horario coinciden con CapEfecNeta, DispoReal y DispoCome y la descripcion oficial corresponde a potencia neta.",326.0
2026-06-05,Recurso,CHBG,,Hour19,326000.0,kWh,kW,True,"La magnitud y comportamiento horario coinciden con CapEfecNeta, DispoReal y DispoCome y la descripcion oficial corresponde a potencia neta.",326.0
2026-06-05,Recurso,CHBG,,Hour20,326000.0,kWh,kW,True,"La magnitud y comportamiento horario coinciden con CapEfecNeta, DispoReal y DispoCome y la descripcion oficial corresponde a potencia neta.",326.0
2026-06-05,Recurso,CHBG,,Hour21,326000.0,kWh,kW,True,"La magnitud y comportamiento horario coinciden con CapEfecNeta, DispoReal y DispoCome y la descripcion oficial corresponde a potencia neta.",326.0
2026-06-05,Recurso,CHBG,,Hour22,326000.0,kWh,kW,True,"La magnitud y comportamiento horario coinciden con CapEfecNeta, DispoReal y DispoCome y la descripcion oficial corresponde a potencia neta.",326.0
2026-06-05,Recurso,CHBG,,Hour23,326000.0,kWh,kW,True,"La magnitud y comportamiento horario coinciden con CapEfecNeta, DispoReal y DispoCome y la descripcion oficial corresponde a potencia neta.",326.0
2026-06-05,Recurso,CHBG,,Hour24,326000.0,kWh,kW,True,"La magnitud y comportamiento horario coinciden con CapEfecNeta, DispoReal y DispoCome y la descripcion oficial corresponde a potencia neta.",326.0
2026-06-05,Recurso,CHVR,,Hour01,875000.0,kWh,kW,True,"La magnitud y comportamiento horario coinciden con CapEfecNeta, DispoReal y DispoCome y la descripcion oficial corresponde a potencia neta.",875.0
2026-06-05,Recurso,CHVR,,Hour02,875000.0,kWh,kW,True,"La magnitud y comportamiento horario coinciden con CapEfecNeta, DispoReal y DispoCome y la descripcion oficial corresponde a potencia neta.",875.0
2026-06-05,Recurso,CHVR,,Hour03,875000.0,kWh,kW,True,"La magnitud y comportamiento horario coinciden con CapEfecNeta, DispoReal y DispoCome y la descripcion oficial corresponde a potencia neta.",875.0
2026-06-05,Recurso,CHVR,,Hour04,875000.0,kWh,kW,True,"La magnitud y comportamiento horario coinciden con CapEfecNeta, DispoReal y DispoCome y la descripcion oficial corresponde a potencia neta.",875.0
2026-06-05,Recurso,CHVR,,Hour05,875000.0,kWh,kW,True,"La magnitud y comportamiento horario coinciden con CapEfecNeta, DispoReal y DispoCome y la descripcion oficial corresponde a potencia neta.",875.0
2026-06-05,Recurso,CHVR,,Hour06,875000.0,kWh,kW,True,"La magnitud y comportamiento horario coinciden con CapEfecNeta, DispoReal y DispoCome y la descripcion oficial corresponde a potencia neta.",875.0
2026-06-05,Recurso,CHVR,,Hour07,875000.0,kWh,kW,True,"La magnitud y comportamiento horario coinciden con CapEfecNeta, DispoReal y DispoCome y la descripcion oficial corresponde a potencia neta.",875.0
2026-06-05,Recurso,CHVR,,Hour08,875000.0,kWh,kW,True,"La magnitud y comportamiento horario coinciden con CapEfecNeta, DispoReal y DispoCome y la descripcion oficial corresponde a potencia neta.",875.0
2026-06-05,Recurso,CHVR,,Hour09,875000.0,kWh,kW,True,"La magnitud y comportamiento horario coinciden con CapEfecNeta, DispoReal y DispoCome y la descripcion oficial corresponde a potencia neta.",875.0
2026-06-05,Recurso,CHVR,,Hour10,875000.0,kWh,kW,True,"La magnitud y comportamiento horario coinciden con CapEfecNeta, DispoReal y DispoCome y la descripcion oficial corresponde a potencia neta.",875.0
2026-06-05,Recurso,CHVR,,Hour11,875000.0,kWh,kW,True,"La magnitud y comportamiento horario coinciden con CapEfecNeta, DispoReal y DispoCome y la descripcion oficial corresponde a potencia neta.",875.0
2026-06-05,Recurso,CHVR,,Hour12,875000.0,kWh,kW,True,"La magnitud y comportamiento horario coinciden con CapEfecNeta, DispoReal y DispoCome y la descripcion oficial corresponde a potencia neta.",875.0
2026-06-05,Recurso,CHVR,,Hour13,875000.0,kWh,kW,True,"La magnitud y comportamiento horario coinciden con CapEfecNeta, DispoReal y DispoCome y la descripcion oficial corresponde a potencia neta.",875.0
2026-06-05,Recurso,CHVR,,Hour14,875000.0,kWh,kW,True,"La magnitud y comportamiento horario coinciden con CapEfecNeta, DispoReal y DispoCome y la descripcion oficial corresponde a potencia neta.",875.0
2026-06-05,Recurso,CHVR,,Hour15,875000.0,kWh,kW,True,"La magnitud y comportamiento horario coinciden con CapEfecNeta, DispoReal y DispoCome y la descripcion oficial corresponde a potencia neta.",875.0
2026-06-05,Recurso,CHVR,,Hour16,875000.0,kWh,kW,True,"La magnitud y comportamiento horario coinciden con CapEfecNeta, DispoReal y DispoCome y la descripcion oficial corresponde a potencia neta.",875.0
2026-06-05,Recurso,CHVR,,Hour17,875000.0,kWh,kW,True,"La magnitud y comportamiento horario coinciden con CapEfecNeta, DispoReal y DispoCome y la descripcion oficial corresponde a potencia neta.",875.0
2026-06-05,Recurso,CHVR,,Hour18,875000.0,kWh,kW,True,"La magnitud y comportamiento horario coinciden con CapEfecNeta, DispoReal y DispoCome y la descripcion oficial corresponde a potencia neta.",875.0
2026-06-05,Recurso,CHVR,,Hour19,875000.0,kWh,kW,True,"La magnitud y comportamiento horario coinciden con CapEfecNeta, DispoReal y DispoCome y la descripcion oficial corresponde a potencia neta.",875.0
2026-06-05,Recurso,CHVR,,Hour20,875000.0,kWh,kW,True,"La magnitud y comportamiento horario coinciden con CapEfecNeta, DispoReal y DispoCome y la descripcion oficial corresponde a potencia neta.",875.0
2026-06-05,Recurso,CHVR,,Hour21,875000.0,kWh,kW,True,"La magnitud y comportamiento horario coinciden con CapEfecNeta, DispoReal y DispoCome y la descripcion oficial corresponde a potencia neta.",875.0
2026-06-05,Recurso,CHVR,,Hour22,875000.0,kWh,kW,True,"La magnitud y comportamiento horario coinciden con CapEfecNeta, DispoReal y DispoCome y la descripcion oficial corresponde a potencia neta.",875.0
2026-06-05,Recurso,CHVR,,Hour23,875000.0,kWh,kW,True,"La magnitud y comportamiento horario coinciden con CapEfecNeta, DispoReal y DispoCome y la descripcion oficial corresponde a potencia neta.",875.0
2026-06-05,Recurso,CHVR,,Hour24,875000.0,kWh,kW,True,"La magnitud y comportamiento horario coinciden con CapEfecNeta, DispoReal y DispoCome y la descripcion oficial corresponde a potencia neta.",875.0
2026-06-05,Recurso,CLL1,,Hour01,78000.0,kWh,kW,True,"La magnitud y comportamiento horario coinciden con CapEfecNeta, DispoReal y DispoCome y la descripcion oficial corresponde a potencia neta.",78.0
2026-06-05,Recurso,CLL1,,Hour02,78000.0,kWh,kW,True,"La magnitud y comportamiento horario coinciden con CapEfecNeta, DispoReal y DispoCome y la descripcion oficial corresponde a potencia neta.",78.0
2026-06-05,Recurso,CLL1,,Hour03,78000.0,kWh,kW,True,"La magnitud y comportamiento horario coinciden con CapEfecNeta, DispoReal y DispoCome y la descripcion oficial corresponde a potencia neta.",78.0
2026-06-05,Recurso,CLL1,,Hour04,78000.0,kWh,kW,True,"La magnitud y comportamiento horario coinciden con CapEfecNeta, DispoReal y DispoCome y la descripcion oficial corresponde a potencia neta.",78.0
2026-06-05,Recurso,CLL1,,Hour05,78000.0,kWh,kW,True,"La magnitud y comportamiento horario coinciden con CapEfecNeta, DispoReal y DispoCome y la descripcion oficial corresponde a potencia neta.",78.0
2026-06-05,Recurso,CLL1,,Hour06,78000.0,kWh,kW,True,"La magnitud y comportamiento horario coinciden con CapEfecNeta, DispoReal y DispoCome y la descripcion oficial corresponde a potencia neta.",78.0
2026-06-05,Recurso,CLL1,,Hour07,78000.0,kWh,kW,True,"La magnitud y comportamiento horario coinciden con CapEfecNeta, DispoReal y DispoCome y la descripcion oficial corresponde a potencia neta.",78.0
2026-06-05,Recurso,CLL1,,Hour08,78000.0,kWh,kW,True,"La magnitud y comportamiento horario coinciden con CapEfecNeta, DispoReal y DispoCome y la descripcion oficial corresponde a potencia neta.",78.0
2026-06-05,Recurso,CLL1,,Hour09,78000.0,kWh,kW,True,"La magnitud y comportamiento horario coinciden con CapEfecNeta, DispoReal y DispoCome y la descripcion oficial corresponde a potencia neta.",78.0
2026-06-05,Recurso,CLL1,,Hour10,78000.0,kWh,kW,True,"La magnitud y comportamiento horario coinciden con CapEfecNeta, DispoReal y DispoCome y la descripcion oficial corresponde a potencia neta.",78.0
2026-06-05,Recurso,CLL1,,Hour11,78000.0,kWh,kW,True,"La magnitud y comportamiento horario coinciden con CapEfecNeta, DispoReal y DispoCome y la descripcion oficial corresponde a potencia neta.",78.0
2026-06-05,Recurso,CLL1,,Hour12,78000.0,kWh,kW,True,"La magnitud y comportamiento horario coinciden con CapEfecNeta, DispoReal y DispoCome y la descripcion oficial corresponde a potencia neta.",78.0
2026-06-05,Recurso,CLL1,,Hour13,78000.0,kWh,kW,True,"La magnitud y comportamiento horario coinciden con CapEfecNeta, DispoReal y DispoCome y la descripcion oficial corresponde a potencia neta.",78.0
2026-06-05,Recurso,CLL1,,Hour14,78000.0,kWh,kW,True,"La magnitud y comportamiento horario coinciden con CapEfecNeta, DispoReal y DispoCome y la descripcion oficial corresponde a potencia neta.",78.0
2026-06-05,Recurso,CLL1,,Hour15,78000.0,kWh,kW,True,"La magnitud y comportamiento horario coinciden con CapEfecNeta, DispoReal y DispoCome y la descripcion oficial corresponde a potencia neta.",78.0
2026-06-05,Recurso,CLL1,,Hour16,78000.0,kWh,kW,True,"La magnitud y comportamiento horario coinciden con CapEfecNeta, DispoReal y DispoCome y la descripcion oficial corresponde a potencia neta.",78.0
2026-06-05,Recurso,CLL1,,Hour17,78000.0,kWh,kW,True,"La magnitud y comportamiento horario coinciden con CapEfecNeta, DispoReal y DispoCome y la descripcion oficial corresponde a potencia neta.",78.0
2026-06-05,Recurso,CLL1,,Hour18,78000.0,kWh,kW,True,"La magnitud y comportamiento horario coinciden con CapEfecNeta, DispoReal y DispoCome y la descripcion oficial corresponde a potencia neta.",78.0
2026-06-05,Recurso,CLL1,,Hour19,78000.0,kWh,kW,True,"La magnitud y comportamiento horario coinciden con CapEfecNeta, DispoReal y DispoCome y la descripcion oficial corresponde a potencia neta.",78.0
2026-06-05,Recurso,CLL1,,Hour20,78000.0,kWh,kW,True,"La magnitud y comportamiento horario coinciden con CapEfecNeta, DispoReal y DispoCome y la descripcion oficial corresponde a potencia neta.",78.0
2026-06-05,Recurso,CLL1,,Hour21,78000.0,kWh,kW,True,"La magnitud y comportamiento horario coinciden con CapEfecNeta, DispoReal y DispoCome y la descripcion oficial corresponde a potencia neta.",78.0
2026-06-05,Recurso,CLL1,,Hour22,78000.0,kWh,kW,True,"La magnitud y comportamiento horario coinciden con CapEfecNeta, DispoReal y DispoCome y la descripcion oficial corresponde a potencia neta.",78.0
2026-06-05,Recurso,CLL1,,Hour23,78000.0,kWh,kW,True,"La magnitud y comportamiento horario coinciden con CapEfecNeta, DispoReal y DispoCome y la descripcion oficial corresponde a potencia neta.",78.0
2026-06-05,Recurso,CLL1,,Hour24,78000.0,kWh,kW,True,"La magnitud y comportamiento horario coinciden con CapEfecNeta, DispoReal y DispoCome y la descripcion oficial corresponde a potencia neta.",78.0
2026-06-05,Recurso,CLMG,,Hour01,132000.0,kWh,kW,True,"La magnitud y comportamiento horario coinciden con CapEfecNeta, DispoReal y DispoCome y la descripcion oficial corresponde a potencia neta.",132.0
2026-06-05,Recurso,CLMG,,Hour02,132000.0,kWh,kW,True,"La magnitud y comportamiento horario coinciden con CapEfecNeta, DispoReal y DispoCome y la descripcion oficial corresponde a potencia neta.",132.0
2026-06-05,Recurso,CLMG,,Hour03,132000.0,kWh,kW,True,"La magnitud y comportamiento horario coinciden con CapEfecNeta, DispoReal y DispoCome y la descripcion oficial corresponde a potencia neta.",132.0
2026-06-05,Recurso,CLMG,,Hour04,132000.0,kWh,kW,True,"La magnitud y comportamiento horario coinciden con CapEfecNeta, DispoReal y DispoCome y la descripcion oficial corresponde a potencia neta.",132.0
2026-06-05,Recurso,CLMG,,Hour05,132000.0,kWh,kW,True,"La magnitud y comportamiento horario coinciden con CapEfecNeta, DispoReal y DispoCome y la descripcion oficial corresponde a potencia neta.",132.0
2026-06-05,Recurso,CLMG,,Hour06,132000.0,kWh,kW,True,"La magnitud y comportamiento horario coinciden con CapEfecNeta, DispoReal y DispoCome y la descripcion oficial corresponde a potencia neta.",132.0
2026-06-05,Recurso,CLMG,,Hour07,132000.0,kWh,kW,True,"La magnitud y comportamiento horario coinciden con CapEfecNeta, DispoReal y DispoCome y la descripcion oficial corresponde a potencia neta.",132.0
2026-06-05,Recurso,CLMG,,Hour08,132000.0,kWh,kW,True,"La magnitud y comportamiento horario coinciden con CapEfecNeta, DispoReal y DispoCome y la descripcion oficial corresponde a potencia neta.",132.0
2026-06-05,Recurso,CLMG,,Hour09,132000.0,kWh,kW,True,"La magnitud y comportamiento horario coinciden con CapEfecNeta, DispoReal y DispoCome y la descripcion oficial corresponde a potencia neta.",132.0
2026-06-05,Recurso,CLMG,,Hour10,132000.0,kWh,kW,True,"La magnitud y comportamiento horario coinciden con CapEfecNeta, DispoReal y DispoCome y la descripcion oficial corresponde a potencia neta.",132.0
2026-06-05,Recurso,CLMG,,Hour11,132000.0,kWh,kW,True,"La magnitud y comportamiento horario coinciden con CapEfecNeta, DispoReal y DispoCome y la descripcion oficial corresponde a potencia neta.",132.0
2026-06-05,Recurso,CLMG,,Hour12,132000.0,kWh,kW,True,"La magnitud y comportamiento horario coinciden con CapEfecNeta, DispoReal y DispoCome y la descripcion oficial corresponde a potencia neta.",132.0
2026-06-05,Recurso,CLMG,,Hour13,132000.0,kWh,kW,True,"La magnitud y comportamiento horario coinciden con CapEfecNeta, DispoReal y DispoCome y la descripcion oficial corresponde a potencia neta.",132.0
2026-06-05,Recurso,CLMG,,Hour14,132000.0,kWh,kW,True,"La magnitud y comportamiento horario coinciden con CapEfecNeta, DispoReal y DispoCome y la descripcion oficial corresponde a potencia neta.",132.0
2026-06-05,Recurso,CLMG,,Hour15,132000.0,kWh,kW,True,"La magnitud y comportamiento horario coinciden con CapEfecNeta, DispoReal y DispoCome y la descripcion oficial corresponde a potencia neta.",132.0
2026-06-05,Recurso,CLMG,,Hour16,132000.0,kWh,kW,True,"La magnitud y comportamiento horario coinciden con CapEfecNeta, DispoReal y DispoCome y la descripcion oficial corresponde a potencia neta.",132.0
2026-06-05,Recurso,CLMG,,Hour17,132000.0,kWh,kW,True,"La magnitud y comportamiento horario coinciden con CapEfecNeta, DispoReal y DispoCome y la descripcion oficial corresponde a potencia neta.",132.0
2026-06-05,Recurso,CLMG,,Hour18,132000.0,kWh,kW,True,"La magnitud y comportamiento horario coinciden con CapEfecNeta, DispoReal y DispoCome y la descripcion oficial corresponde a potencia neta.",132.0
2026-06-05,Recurso,CLMG,,Hour19,132000.0,kWh,kW,True,"La magnitud y comportamiento horario coinciden con CapEfecNeta, DispoReal y DispoCome y la descripcion oficial corresponde a potencia neta.",132.0
2026-06-05,Recurso,CLMG,,Hour20,132000.0,kWh,kW,True,"La magnitud y comportamiento horario coinciden con CapEfecNeta, DispoReal y DispoCome y la descripcion oficial corresponde a potencia neta.",132.0
2026-06-05,Recurso,CLMG,,Hour21,132000.0,kWh,kW,True,"La magnitud y comportamiento horario coinciden con CapEfecNeta, DispoReal y DispoCome y la descripcion oficial corresponde a potencia neta.",132.0
2026-06-05,Recurso,CLMG,,Hour22,132000.0,kWh,kW,True,"La magnitud y comportamiento horario coinciden con CapEfecNeta, DispoReal y DispoCome y la descripcion oficial corresponde a potencia neta.",132.0
2026-06-05,Recurso,CLMG,,Hour23,132000.0,kWh,kW,True,"La magnitud y comportamiento horario coinciden con CapEfecNeta, DispoReal y DispoCome y la descripcion oficial corresponde a potencia neta.",132.0
2026-06-05,Recurso,CLMG,,Hour24,132000.0,kWh,kW,True,"La magnitud y comportamiento horario coinciden con CapEfecNeta, DispoReal y DispoCome y la descripcion oficial corresponde a potencia neta.",132.0
2026-06-05,Recurso,CTG1,,Hour01,30000.0,kWh,kW,True,"La magnitud y comportamiento horario coinciden con CapEfecNeta, DispoReal y DispoCome y la descripcion oficial corresponde a potencia neta.",30.0
2026-06-05,Recurso,CTG1,,Hour02,30000.0,kWh,kW,True,"La magnitud y comportamiento horario coinciden con CapEfecNeta, DispoReal y DispoCome y la descripcion oficial corresponde a potencia neta.",30.0
2026-06-05,Recurso,CTG1,,Hour03,30000.0,kWh,kW,True,"La magnitud y comportamiento horario coinciden con CapEfecNeta, DispoReal y DispoCome y la descripcion oficial corresponde a potencia neta.",30.0
2026-06-05,Recurso,CTG1,,Hour04,30000.0,kWh,kW,True,"La magnitud y comportamiento horario coinciden con CapEfecNeta, DispoReal y DispoCome y la descripcion oficial corresponde a potencia neta.",30.0
2026-06-05,Recurso,CTG1,,Hour05,30000.0,kWh,kW,True,"La magnitud y comportamiento horario coinciden con CapEfecNeta, DispoReal y DispoCome y la descripcion oficial corresponde a potencia neta.",30.0
2026-06-05,Recurso,CTG1,,Hour06,30000.0,kWh,kW,True,"La magnitud y comportamiento horario coinciden con CapEfecNeta, DispoReal y DispoCome y la descripcion oficial corresponde a potencia neta.",30.0
2026-06-05,Recurso,CTG1,,Hour07,30000.0,kWh,kW,True,"La magnitud y comportamiento horario coinciden con CapEfecNeta, DispoReal y DispoCome y la descripcion oficial corresponde a potencia neta.",30.0
2026-06-05,Recurso,CTG1,,Hour08,30000.0,kWh,kW,True,"La magnitud y comportamiento horario coinciden con CapEfecNeta, DispoReal y DispoCome y la descripcion oficial corresponde a potencia neta.",30.0
2026-06-05,Recurso,CTG1,,Hour09,30000.0,kWh,kW,True,"La magnitud y comportamiento horario coinciden con CapEfecNeta, DispoReal y DispoCome y la descripcion oficial corresponde a potencia neta.",30.0
2026-06-05,Recurso,CTG1,,Hour10,30000.0,kWh,kW,True,"La magnitud y comportamiento horario coinciden con CapEfecNeta, DispoReal y DispoCome y la descripcion oficial corresponde a potencia neta.",30.0
2026-06-05,Recurso,CTG1,,Hour11,30000.0,kWh,kW,True,"La magnitud y comportamiento horario coinciden con CapEfecNeta, DispoReal y DispoCome y la descripcion oficial corresponde a potencia neta.",30.0
2026-06-05,Recurso,CTG1,,Hour12,30000.0,kWh,kW,True,"La magnitud y comportamiento horario coinciden con CapEfecNeta, DispoReal y DispoCome y la descripcion oficial corresponde a potencia neta.",30.0
2026-06-05,Recurso,CTG1,,Hour13,30000.0,kWh,kW,True,"La magnitud y comportamiento horario coinciden con CapEfecNeta, DispoReal y DispoCome y la descripcion oficial corresponde a potencia neta.",30.0
2026-06-05,Recurso,CTG1,,Hour14,30000.0,kWh,kW,True,"La magnitud y comportamiento horario coinciden con CapEfecNeta, DispoReal y DispoCome y la descripcion oficial corresponde a potencia neta.",30.0
2026-06-05,Recurso,CTG1,,Hour15,30000.0,kWh,kW,True,"La magnitud y comportamiento horario coinciden con CapEfecNeta, DispoReal y DispoCome y la descripcion oficial corresponde a potencia neta.",30.0
2026-06-05,Recurso,CTG1,,Hour16,30000.0,kWh,kW,True,"La magnitud y comportamiento horario coinciden con CapEfecNeta, DispoReal y DispoCome y la descripcion oficial corresponde a potencia neta.",30.0
2026-06-05,Recurso,CTG1,,Hour17,30000.0,kWh,kW,True,"La magnitud y comportamiento horario coinciden con CapEfecNeta, DispoReal y DispoCome y la descripcion oficial corresponde a potencia neta.",30.0
2026-06-05,Recurso,CTG1,,Hour18,30000.0,kWh,kW,True,"La magnitud y comportamiento horario coinciden con CapEfecNeta, DispoReal y DispoCome y la descripcion oficial corresponde a potencia neta.",30.0
2026-06-05,Recurso,CTG1,,Hour19,30000.0,kWh,kW,True,"La magnitud y comportamiento horario coinciden con CapEfecNeta, DispoReal y DispoCome y la descripcion oficial corresponde a potencia neta.",30.0
2026-06-05,Recurso,CTG1,,Hour20,30000.0,kWh,kW,True,"La magnitud y comportamiento horario coinciden con CapEfecNeta, DispoReal y DispoCome y la descripcion oficial corresponde a potencia neta.",30.0
2026-06-05,Recurso,CTG1,,Hour21,30000.0,kWh,kW,True,"La magnitud y comportamiento horario coinciden con CapEfecNeta, DispoReal y DispoCome y la descripcion oficial corresponde a potencia neta.",30.0
2026-06-05,Recurso,CTG1,,Hour22,30000.0,kWh,kW,True,"La magnitud y comportamiento horario coinciden con CapEfecNeta, DispoReal y DispoCome y la descripcion oficial corresponde a potencia neta.",30.0
2026-06-05,Recurso,CTG1,,Hour23,30000.0,kWh,kW,True,"La magnitud y comportamiento horario coinciden con CapEfecNeta, DispoReal y DispoCome y la descripcion oficial corresponde a potencia neta.",30.0
2026-06-05,Recurso,CTG1,,Hour24,30000.0,kWh,kW,True,"La magnitud y comportamiento horario coinciden con CapEfecNeta, DispoReal y DispoCome y la descripcion oficial corresponde a potencia neta.",30.0
2026-06-06,Recurso,2QEK,,Hour01,35000.0,kWh,kW,True,"La magnitud y comportamiento horario coinciden con CapEfecNeta, DispoReal y DispoCome y la descripcion oficial corresponde a potencia neta.",35.0
2026-06-06,Recurso,2QEK,,Hour02,35000.0,kWh,kW,True,"La magnitud y comportamiento horario coinciden con CapEfecNeta, DispoReal y DispoCome y la descripcion oficial corresponde a potencia neta.",35.0
2026-06-06,Recurso,2QEK,,Hour03,35000.0,kWh,kW,True,"La magnitud y comportamiento horario coinciden con CapEfecNeta, DispoReal y DispoCome y la descripcion oficial corresponde a potencia neta.",35.0
2026-06-06,Recurso,2QEK,,Hour04,35000.0,kWh,kW,True,"La magnitud y comportamiento horario coinciden con CapEfecNeta, DispoReal y DispoCome y la descripcion oficial corresponde a potencia neta.",35.0
2026-06-06,Recurso,2QEK,,Hour05,35000.0,kWh,kW,True,"La magnitud y comportamiento horario coinciden con CapEfecNeta, DispoReal y DispoCome y la descripcion oficial corresponde a potencia neta.",35.0
2026-06-06,Recurso,2QEK,,Hour06,35000.0,kWh,kW,True,"La magnitud y comportamiento horario coinciden con CapEfecNeta, DispoReal y DispoCome y la descripcion oficial corresponde a potencia neta.",35.0
2026-06-06,Recurso,2QEK,,Hour07,35000.0,kWh,kW,True,"La magnitud y comportamiento horario coinciden con CapEfecNeta, DispoReal y DispoCome y la descripcion oficial corresponde a potencia neta.",35.0
2026-06-06,Recurso,2QEK,,Hour08,35000.0,kWh,kW,True,"La magnitud y comportamiento horario coinciden con CapEfecNeta, DispoReal y DispoCome y la descripcion oficial corresponde a potencia neta.",35.0
2026-06-06,Recurso,2QEK,,Hour09,35000.0,kWh,kW,True,"La magnitud y comportamiento horario coinciden con CapEfecNeta, DispoReal y DispoCome y la descripcion oficial corresponde a potencia neta.",35.0
2026-06-06,Recurso,2QEK,,Hour10,35000.0,kWh,kW,True,"La magnitud y comportamiento horario coinciden con CapEfecNeta, DispoReal y DispoCome y la descripcion oficial corresponde a potencia neta.",35.0
2026-06-06,Recurso,2QEK,,Hour11,35000.0,kWh,kW,True,"La magnitud y comportamiento horario coinciden con CapEfecNeta, DispoReal y DispoCome y la descripcion oficial corresponde a potencia neta.",35.0
2026-06-06,Recurso,2QEK,,Hour12,35000.0,kWh,kW,True,"La magnitud y comportamiento horario coinciden con CapEfecNeta, DispoReal y DispoCome y la descripcion oficial corresponde a potencia neta.",35.0
2026-06-06,Recurso,2QEK,,Hour13,35000.0,kWh,kW,True,"La magnitud y comportamiento horario coinciden con CapEfecNeta, DispoReal y DispoCome y la descripcion oficial corresponde a potencia neta.",35.0
2026-06-06,Recurso,2QEK,,Hour14,35000.0,kWh,kW,True,"La magnitud y comportamiento horario coinciden con CapEfecNeta, DispoReal y DispoCome y la descripcion oficial corresponde a potencia neta.",35.0
2026-06-06,Recurso,2QEK,,Hour15,35000.0,kWh,kW,True,"La magnitud y comportamiento horario coinciden con CapEfecNeta, DispoReal y DispoCome y la descripcion oficial corresponde a potencia neta.",35.0
2026-06-06,Recurso,2QEK,,Hour16,35000.0,kWh,kW,True,"La magnitud y comportamiento horario coinciden con CapEfecNeta, DispoReal y DispoCome y la descripcion oficial corresponde a potencia neta.",35.0
2026-06-06,Recurso,2QEK,,Hour17,35000.0,kWh,kW,True,"La magnitud y comportamiento horario coinciden con CapEfecNeta, DispoReal y DispoCome y la descripcion oficial corresponde a potencia neta.",35.0
2026-06-06,Recurso,2QEK,,Hour18,35000.0,kWh,kW,True,"La magnitud y comportamiento horario coinciden con CapEfecNeta, DispoReal y DispoCome y la descripcion oficial corresponde a potencia neta.",35.0
2026-06-06,Recurso,2QEK,,Hour19,35000.0,kWh,kW,True,"La magnitud y comportamiento horario coinciden con CapEfecNeta, DispoReal y DispoCome y la descripcion oficial corresponde a potencia neta.",35.0
2026-06-06,Recurso,2QEK,,Hour20,35000.0,kWh,kW,True,"La magnitud y comportamiento horario coinciden con CapEfecNeta, DispoReal y DispoCome y la descripcion oficial corresponde a potencia neta.",35.0
2026-06-06,Recurso,2QEK,,Hour21,35000.0,kWh,kW,True,"La magnitud y comportamiento horario coinciden con CapEfecNeta, DispoReal y DispoCome y la descripcion oficial corresponde a potencia neta.",35.0
2026-06-06,Recurso,2QEK,,Hour22,35000.0,kWh,kW,True,"La magnitud y comportamiento horario coinciden con CapEfecNeta, DispoReal y DispoCome y la descripcion oficial corresponde a potencia neta.",35.0
2026-06-06,Recurso,2QEK,,Hour23,35000.0,kWh,kW,True,"La magnitud y comportamiento horario coinciden con CapEfecNeta, DispoReal y DispoCome y la descripcion oficial corresponde a potencia neta.",35.0
2026-06-06,Recurso,2QEK,,Hour24,35000.0,kWh,kW,True,"La magnitud y comportamiento horario coinciden con CapEfecNeta, DispoReal y DispoCome y la descripcion oficial corresponde a potencia neta.",35.0
2026-06-06,Recurso,3ENA,,Hour01,200000.0,kWh,kW,True,"La magnitud y comportamiento horario coinciden con CapEfecNeta, DispoReal y DispoCome y la descripcion oficial corresponde a potencia neta.",200.0
2026-06-06,Recurso,3ENA,,Hour02,200000.0,kWh,kW,True,"La magnitud y comportamiento horario coinciden con CapEfecNeta, DispoReal y DispoCome y la descripcion oficial corresponde a potencia neta.",200.0
2026-06-06,Recurso,3ENA,,Hour03,200000.0,kWh,kW,True,"La magnitud y comportamiento horario coinciden con CapEfecNeta, DispoReal y DispoCome y la descripcion oficial corresponde a potencia neta.",200.0
2026-06-06,Recurso,3ENA,,Hour04,200000.0,kWh,kW,True,"La magnitud y comportamiento horario coinciden con CapEfecNeta, DispoReal y DispoCome y la descripcion oficial corresponde a potencia neta.",200.0
2026-06-06,Recurso,3ENA,,Hour05,200000.0,kWh,kW,True,"La magnitud y comportamiento horario coinciden con CapEfecNeta, DispoReal y DispoCome y la descripcion oficial corresponde a potencia neta.",200.0
2026-06-06,Recurso,3ENA,,Hour06,200000.0,kWh,kW,True,"La magnitud y comportamiento horario coinciden con CapEfecNeta, DispoReal y DispoCome y la descripcion oficial corresponde a potencia neta.",200.0
2026-06-06,Recurso,3ENA,,Hour07,200000.0,kWh,kW,True,"La magnitud y comportamiento horario coinciden con CapEfecNeta, DispoReal y DispoCome y la descripcion oficial corresponde a potencia neta.",200.0
2026-06-06,Recurso,3ENA,,Hour08,200000.0,kWh,kW,True,"La magnitud y comportamiento horario coinciden con CapEfecNeta, DispoReal y DispoCome y la descripcion oficial corresponde a potencia neta.",200.0
2026-06-06,Recurso,3ENA,,Hour09,200000.0,kWh,kW,True,"La magnitud y comportamiento horario coinciden con CapEfecNeta, DispoReal y DispoCome y la descripcion oficial corresponde a potencia neta.",200.0
2026-06-06,Recurso,3ENA,,Hour10,200000.0,kWh,kW,True,"La magnitud y comportamiento horario coinciden con CapEfecNeta, DispoReal y DispoCome y la descripcion oficial corresponde a potencia neta.",200.0
2026-06-06,Recurso,3ENA,,Hour11,200000.0,kWh,kW,True,"La magnitud y comportamiento horario coinciden con CapEfecNeta, DispoReal y DispoCome y la descripcion oficial corresponde a potencia neta.",200.0
2026-06-06,Recurso,3ENA,,Hour12,200000.0,kWh,kW,True,"La magnitud y comportamiento horario coinciden con CapEfecNeta, DispoReal y DispoCome y la descripcion oficial corresponde a potencia neta.",200.0
2026-06-06,Recurso,3ENA,,Hour13,200000.0,kWh,kW,True,"La magnitud y comportamiento horario coinciden con CapEfecNeta, DispoReal y DispoCome y la descripcion oficial corresponde a potencia neta.",200.0
2026-06-06,Recurso,3ENA,,Hour14,200000.0,kWh,kW,True,"La magnitud y comportamiento horario coinciden con CapEfecNeta, DispoReal y DispoCome y la descripcion oficial corresponde a potencia neta.",200.0
2026-06-06,Recurso,3ENA,,Hour15,200000.0,kWh,kW,True,"La magnitud y comportamiento horario coinciden con CapEfecNeta, DispoReal y DispoCome y la descripcion oficial corresponde a potencia neta.",200.0
2026-06-06,Recurso,3ENA,,Hour16,200000.0,kWh,kW,True,"La magnitud y comportamiento horario coinciden con CapEfecNeta, DispoReal y DispoCome y la descripcion oficial corresponde a potencia neta.",200.0
2026-06-06,Recurso,3ENA,,Hour17,200000.0,kWh,kW,True,"La magnitud y comportamiento horario coinciden con CapEfecNeta, DispoReal y DispoCome y la descripcion oficial corresponde a potencia neta.",200.0
2026-06-06,Recurso,3ENA,,Hour18,200000.0,kWh,kW,True,"La magnitud y comportamiento horario coinciden con CapEfecNeta, DispoReal y DispoCome y la descripcion oficial corresponde a potencia neta.",200.0
2026-06-06,Recurso,3ENA,,Hour19,200000.0,kWh,kW,True,"La magnitud y comportamiento horario coinciden con CapEfecNeta, DispoReal y DispoCome y la descripcion oficial corresponde a potencia neta.",200.0
2026-06-06,Recurso,3ENA,,Hour20,200000.0,kWh,kW,True,"La magnitud y comportamiento horario coinciden con CapEfecNeta, DispoReal y DispoCome y la descripcion oficial corresponde a potencia neta.",200.0
2026-06-06,Recurso,3ENA,,Hour21,200000.0,kWh,kW,True,"La magnitud y comportamiento horario coinciden con CapEfecNeta, DispoReal y DispoCome y la descripcion oficial corresponde a potencia neta.",200.0
2026-06-06,Recurso,3ENA,,Hour22,200000.0,kWh,kW,True,"La magnitud y comportamiento horario coinciden con CapEfecNeta, DispoReal y DispoCome y la descripcion oficial corresponde a potencia neta.",200.0
2026-06-06,Recurso,3ENA,,Hour23,200000.0,kWh,kW,True,"La magnitud y comportamiento horario coinciden con CapEfecNeta, DispoReal y DispoCome y la descripcion oficial corresponde a potencia neta.",200.0
2026-06-06,Recurso,3ENA,,Hour24,200000.0,kWh,kW,True,"La magnitud y comportamiento horario coinciden con CapEfecNeta, DispoReal y DispoCome y la descripcion oficial corresponde a potencia neta.",200.0
2026-06-06,Recurso,4YCN,,Hour01,25000.0,kWh,kW,True,"La magnitud y comportamiento horario coinciden con CapEfecNeta, DispoReal y DispoCome y la descripcion oficial corresponde a potencia neta.",25.0
2026-06-06,Recurso,4YCN,,Hour02,25000.0,kWh,kW,True,"La magnitud y comportamiento horario coinciden con CapEfecNeta, DispoReal y DispoCome y la descripcion oficial corresponde a potencia neta.",25.0
2026-06-06,Recurso,4YCN,,Hour03,25000.0,kWh,kW,True,"La magnitud y comportamiento horario coinciden con CapEfecNeta, DispoReal y DispoCome y la descripcion oficial corresponde a potencia neta.",25.0
2026-06-06,Recurso,4YCN,,Hour04,25000.0,kWh,kW,True,"La magnitud y comportamiento horario coinciden con CapEfecNeta, DispoReal y DispoCome y la descripcion oficial corresponde a potencia neta.",25.0
2026-06-06,Recurso,4YCN,,Hour05,25000.0,kWh,kW,True,"La magnitud y comportamiento horario coinciden con CapEfecNeta, DispoReal y DispoCome y la descripcion oficial corresponde a potencia neta.",25.0
2026-06-06,Recurso,4YCN,,Hour06,25000.0,kWh,kW,True,"La magnitud y comportamiento horario coinciden con CapEfecNeta, DispoReal y DispoCome y la descripcion oficial corresponde a potencia neta.",25.0
2026-06-06,Recurso,4YCN,,Hour07,25000.0,kWh,kW,True,"La magnitud y comportamiento horario coinciden con CapEfecNeta, DispoReal y DispoCome y la descripcion oficial corresponde a potencia neta.",25.0
2026-06-06,Recurso,4YCN,,Hour08,25000.0,kWh,kW,True,"La magnitud y comportamiento horario coinciden con CapEfecNeta, DispoReal y DispoCome y la descripcion oficial corresponde a potencia neta.",25.0
2026-06-06,Recurso,4YCN,,Hour09,25000.0,kWh,kW,True,"La magnitud y comportamiento horario coinciden con CapEfecNeta, DispoReal y DispoCome y la descripcion oficial corresponde a potencia neta.",25.0
2026-06-06,Recurso,4YCN,,Hour10,25000.0,kWh,kW,True,"La magnitud y comportamiento horario coinciden con CapEfecNeta, DispoReal y DispoCome y la descripcion oficial corresponde a potencia neta.",25.0
2026-06-06,Recurso,4YCN,,Hour11,25000.0,kWh,kW,True,"La magnitud y comportamiento horario coinciden con CapEfecNeta, DispoReal y DispoCome y la descripcion oficial corresponde a potencia neta.",25.0
2026-06-06,Recurso,4YCN,,Hour12,25000.0,kWh,kW,True,"La magnitud y comportamiento horario coinciden con CapEfecNeta, DispoReal y DispoCome y la descripcion oficial corresponde a potencia neta.",25.0
2026-06-06,Recurso,4YCN,,Hour13,25000.0,kWh,kW,True,"La magnitud y comportamiento horario coinciden con CapEfecNeta, DispoReal y DispoCome y la descripcion oficial corresponde a potencia neta.",25.0
2026-06-06,Recurso,4YCN,,Hour14,25000.0,kWh,kW,True,"La magnitud y comportamiento horario coinciden con CapEfecNeta, DispoReal y DispoCome y la descripcion oficial corresponde a potencia neta.",25.0
2026-06-06,Recurso,4YCN,,Hour15,25000.0,kWh,kW,True,"La magnitud y comportamiento horario coinciden con CapEfecNeta, DispoReal y DispoCome y la descripcion oficial corresponde a potencia neta.",25.0
2026-06-06,Recurso,4YCN,,Hour16,25000.0,kWh,kW,True,"La magnitud y comportamiento horario coinciden con CapEfecNeta, DispoReal y DispoCome y la descripcion oficial corresponde a potencia neta.",25.0
2026-06-06,Recurso,4YCN,,Hour17,25000.0,kWh,kW,True,"La magnitud y comportamiento horario coinciden con CapEfecNeta, DispoReal y DispoCome y la descripcion oficial corresponde a potencia neta.",25.0
2026-06-06,Recurso,4YCN,,Hour18,25000.0,kWh,kW,True,"La magnitud y comportamiento horario coinciden con CapEfecNeta, DispoReal y DispoCome y la descripcion oficial corresponde a potencia neta.",25.0
2026-06-06,Recurso,4YCN,,Hour19,25000.0,kWh,kW,True,"La magnitud y comportamiento horario coinciden con CapEfecNeta, DispoReal y DispoCome y la descripcion oficial corresponde a potencia neta.",25.0
2026-06-06,Recurso,4YCN,,Hour20,25000.0,kWh,kW,True,"La magnitud y comportamiento horario coinciden con CapEfecNeta, DispoReal y DispoCome y la descripcion oficial corresponde a potencia neta.",25.0
2026-06-06,Recurso,4YCN,,Hour21,25000.0,kWh,kW,True,"La magnitud y comportamiento horario coinciden con CapEfecNeta, DispoReal y DispoCome y la descripcion oficial corresponde a potencia neta.",25.0
2026-06-06,Recurso,4YCN,,Hour22,25000.0,kWh,kW,True,"La magnitud y comportamiento horario coinciden con CapEfecNeta, DispoReal y DispoCome y la descripcion oficial corresponde a potencia neta.",25.0
2026-06-06,Recurso,4YCN,,Hour23,25000.0,kWh,kW,True,"La magnitud y comportamiento horario coinciden con CapEfecNeta, DispoReal y DispoCome y la descripcion oficial corresponde a potencia neta.",25.0
2026-06-06,Recurso,4YCN,,Hour24,25000.0,kWh,kW,True,"La magnitud y comportamiento horario coinciden con CapEfecNeta, DispoReal y DispoCome y la descripcion oficial corresponde a potencia neta.",25.0
2026-06-06,Recurso,5QT6,,Hour01,0.0,kWh,kW,True,"La magnitud y comportamiento horario coinciden con CapEfecNeta, DispoReal y DispoCome y la descripcion oficial corresponde a potencia neta.",0.0
2026-06-06,Recurso,5QT6,,Hour02,0.0,kWh,kW,True,"La magnitud y comportamiento horario coinciden con CapEfecNeta, DispoReal y DispoCome y la descripcion oficial corresponde a potencia neta.",0.0
2026-06-06,Recurso,5QT6,,Hour03,0.0,kWh,kW,True,"La magnitud y comportamiento horario coinciden con CapEfecNeta, DispoReal y DispoCome y la descripcion oficial corresponde a potencia neta.",0.0
2026-06-06,Recurso,5QT6,,Hour04,0.0,kWh,kW,True,"La magnitud y comportamiento horario coinciden con CapEfecNeta, DispoReal y DispoCome y la descripcion oficial corresponde a potencia neta.",0.0
2026-06-06,Recurso,5QT6,,Hour05,0.0,kWh,kW,True,"La magnitud y comportamiento horario coinciden con CapEfecNeta, DispoReal y DispoCome y la descripcion oficial corresponde a potencia neta.",0.0
2026-06-06,Recurso,5QT6,,Hour06,0.0,kWh,kW,True,"La magnitud y comportamiento horario coinciden con CapEfecNeta, DispoReal y DispoCome y la descripcion oficial corresponde a potencia neta.",0.0
2026-06-06,Recurso,5QT6,,Hour07,0.0,kWh,kW,True,"La magnitud y comportamiento horario coinciden con CapEfecNeta, DispoReal y DispoCome y la descripcion oficial corresponde a potencia neta.",0.0
2026-06-06,Recurso,5QT6,,Hour08,0.0,kWh,kW,True,"La magnitud y comportamiento horario coinciden con CapEfecNeta, DispoReal y DispoCome y la descripcion oficial corresponde a potencia neta.",0.0
2026-06-06,Recurso,5QT6,,Hour09,0.0,kWh,kW,True,"La magnitud y comportamiento horario coinciden con CapEfecNeta, DispoReal y DispoCome y la descripcion oficial corresponde a potencia neta.",0.0
2026-06-06,Recurso,5QT6,,Hour10,0.0,kWh,kW,True,"La magnitud y comportamiento horario coinciden con CapEfecNeta, DispoReal y DispoCome y la descripcion oficial corresponde a potencia neta.",0.0
2026-06-06,Recurso,5QT6,,Hour11,0.0,kWh,kW,True,"La magnitud y comportamiento horario coinciden con CapEfecNeta, DispoReal y DispoCome y la descripcion oficial corresponde a potencia neta.",0.0
2026-06-06,Recurso,5QT6,,Hour12,0.0,kWh,kW,True,"La magnitud y comportamiento horario coinciden con CapEfecNeta, DispoReal y DispoCome y la descripcion oficial corresponde a potencia neta.",0.0
2026-06-06,Recurso,5QT6,,Hour13,0.0,kWh,kW,True,"La magnitud y comportamiento horario coinciden con CapEfecNeta, DispoReal y DispoCome y la descripcion oficial corresponde a potencia neta.",0.0
2026-06-06,Recurso,5QT6,,Hour14,0.0,kWh,kW,True,"La magnitud y comportamiento horario coinciden con CapEfecNeta, DispoReal y DispoCome y la descripcion oficial corresponde a potencia neta.",0.0
2026-06-06,Recurso,5QT6,,Hour15,0.0,kWh,kW,True,"La magnitud y comportamiento horario coinciden con CapEfecNeta, DispoReal y DispoCome y la descripcion oficial corresponde a potencia neta.",0.0
2026-06-06,Recurso,5QT6,,Hour16,0.0,kWh,kW,True,"La magnitud y comportamiento horario coinciden con CapEfecNeta, DispoReal y DispoCome y la descripcion oficial corresponde a potencia neta.",0.0
2026-06-06,Recurso,5QT6,,Hour17,0.0,kWh,kW,True,"La magnitud y comportamiento horario coinciden con CapEfecNeta, DispoReal y DispoCome y la descripcion oficial corresponde a potencia neta.",0.0
2026-06-06,Recurso,5QT6,,Hour18,0.0,kWh,kW,True,"La magnitud y comportamiento horario coinciden con CapEfecNeta, DispoReal y DispoCome y la descripcion oficial corresponde a potencia neta.",0.0
2026-06-06,Recurso,5QT6,,Hour19,0.0,kWh,kW,True,"La magnitud y comportamiento horario coinciden con CapEfecNeta, DispoReal y DispoCome y la descripcion oficial corresponde a potencia neta.",0.0
2026-06-06,Recurso,5QT6,,Hour20,0.0,kWh,kW,True,"La magnitud y comportamiento horario coinciden con CapEfecNeta, DispoReal y DispoCome y la descripcion oficial corresponde a potencia neta.",0.0
2026-06-06,Recurso,5QT6,,Hour21,0.0,kWh,kW,True,"La magnitud y comportamiento horario coinciden con CapEfecNeta, DispoReal y DispoCome y la descripcion oficial corresponde a potencia neta.",0.0
2026-06-06,Recurso,5QT6,,Hour22,0.0,kWh,kW,True,"La magnitud y comportamiento horario coinciden con CapEfecNeta, DispoReal y DispoCome y la descripcion oficial corresponde a potencia neta.",0.0
2026-06-06,Recurso,5QT6,,Hour23,0.0,kWh,kW,True,"La magnitud y comportamiento horario coinciden con CapEfecNeta, DispoReal y DispoCome y la descripcion oficial corresponde a potencia neta.",0.0
2026-06-06,Recurso,5QT6,,Hour24,0.0,kWh,kW,True,"La magnitud y comportamiento horario coinciden con CapEfecNeta, DispoReal y DispoCome y la descripcion oficial corresponde a potencia neta.",0.0
2026-06-06,Recurso,ALBG,,Hour01,287000.0,kWh,kW,True,"La magnitud y comportamiento horario coinciden con CapEfecNeta, DispoReal y DispoCome y la descripcion oficial corresponde a potencia neta.",287.0
2026-06-06,Recurso,ALBG,,Hour02,287000.0,kWh,kW,True,"La magnitud y comportamiento horario coinciden con CapEfecNeta, DispoReal y DispoCome y la descripcion oficial corresponde a potencia neta.",287.0
2026-06-06,Recurso,ALBG,,Hour03,287000.0,kWh,kW,True,"La magnitud y comportamiento horario coinciden con CapEfecNeta, DispoReal y DispoCome y la descripcion oficial corresponde a potencia neta.",287.0
2026-06-06,Recurso,ALBG,,Hour04,287000.0,kWh,kW,True,"La magnitud y comportamiento horario coinciden con CapEfecNeta, DispoReal y DispoCome y la descripcion oficial corresponde a potencia neta.",287.0
2026-06-06,Recurso,ALBG,,Hour05,287000.0,kWh,kW,True,"La magnitud y comportamiento horario coinciden con CapEfecNeta, DispoReal y DispoCome y la descripcion oficial corresponde a potencia neta.",287.0
2026-06-06,Recurso,ALBG,,Hour06,287000.0,kWh,kW,True,"La magnitud y comportamiento horario coinciden con CapEfecNeta, DispoReal y DispoCome y la descripcion oficial corresponde a potencia neta.",287.0
2026-06-06,Recurso,ALBG,,Hour07,287000.0,kWh,kW,True,"La magnitud y comportamiento horario coinciden con CapEfecNeta, DispoReal y DispoCome y la descripcion oficial corresponde a potencia neta.",287.0
2026-06-06,Recurso,ALBG,,Hour08,287000.0,kWh,kW,True,"La magnitud y comportamiento horario coinciden con CapEfecNeta, DispoReal y DispoCome y la descripcion oficial corresponde a potencia neta.",287.0
2026-06-06,Recurso,ALBG,,Hour09,287000.0,kWh,kW,True,"La magnitud y comportamiento horario coinciden con CapEfecNeta, DispoReal y DispoCome y la descripcion oficial corresponde a potencia neta.",287.0
2026-06-06,Recurso,ALBG,,Hour10,287000.0,kWh,kW,True,"La magnitud y comportamiento horario coinciden con CapEfecNeta, DispoReal y DispoCome y la descripcion oficial corresponde a potencia neta.",287.0
2026-06-06,Recurso,ALBG,,Hour11,287000.0,kWh,kW,True,"La magnitud y comportamiento horario coinciden con CapEfecNeta, DispoReal y DispoCome y la descripcion oficial corresponde a potencia neta.",287.0
2026-06-06,Recurso,ALBG,,Hour12,287000.0,kWh,kW,True,"La magnitud y comportamiento horario coinciden con CapEfecNeta, DispoReal y DispoCome y la descripcion oficial corresponde a potencia neta.",287.0
2026-06-06,Recurso,ALBG,,Hour13,287000.0,kWh,kW,True,"La magnitud y comportamiento horario coinciden con CapEfecNeta, DispoReal y DispoCome y la descripcion oficial corresponde a potencia neta.",287.0
2026-06-06,Recurso,ALBG,,Hour14,287000.0,kWh,kW,True,"La magnitud y comportamiento horario coinciden con CapEfecNeta, DispoReal y DispoCome y la descripcion oficial corresponde a potencia neta.",287.0
2026-06-06,Recurso,ALBG,,Hour15,287000.0,kWh,kW,True,"La magnitud y comportamiento horario coinciden con CapEfecNeta, DispoReal y DispoCome y la descripcion oficial corresponde a potencia neta.",287.0
2026-06-06,Recurso,ALBG,,Hour16,287000.0,kWh,kW,True,"La magnitud y comportamiento horario coinciden con CapEfecNeta, DispoReal y DispoCome y la descripcion oficial corresponde a potencia neta.",287.0
2026-06-06,Recurso,ALBG,,Hour17,287000.0,kWh,kW,True,"La magnitud y comportamiento horario coinciden con CapEfecNeta, DispoReal y DispoCome y la descripcion oficial corresponde a potencia neta.",287.0
2026-06-06,Recurso,ALBG,,Hour18,287000.0,kWh,kW,True,"La magnitud y comportamiento horario coinciden con CapEfecNeta, DispoReal y DispoCome y la descripcion oficial corresponde a potencia neta.",287.0
2026-06-06,Recurso,ALBG,,Hour19,287000.0,kWh,kW,True,"La magnitud y comportamiento horario coinciden con CapEfecNeta, DispoReal y DispoCome y la descripcion oficial corresponde a potencia neta.",287.0
2026-06-06,Recurso,ALBG,,Hour20,287000.0,kWh,kW,True,"La magnitud y comportamiento horario coinciden con CapEfecNeta, DispoReal y DispoCome y la descripcion oficial corresponde a potencia neta.",287.0
2026-06-06,Recurso,ALBG,,Hour21,287000.0,kWh,kW,True,"La magnitud y comportamiento horario coinciden con CapEfecNeta, DispoReal y DispoCome y la descripcion oficial corresponde a potencia neta.",287.0
2026-06-06,Recurso,ALBG,,Hour22,287000.0,kWh,kW,True,"La magnitud y comportamiento horario coinciden con CapEfecNeta, DispoReal y DispoCome y la descripcion oficial corresponde a potencia neta.",287.0
2026-06-06,Recurso,ALBG,,Hour23,287000.0,kWh,kW,True,"La magnitud y comportamiento horario coinciden con CapEfecNeta, DispoReal y DispoCome y la descripcion oficial corresponde a potencia neta.",287.0
2026-06-06,Recurso,ALBG,,Hour24,287000.0,kWh,kW,True,"La magnitud y comportamiento horario coinciden con CapEfecNeta, DispoReal y DispoCome y la descripcion oficial corresponde a potencia neta.",287.0
2026-06-06,Recurso,CHBG,,Hour01,326000.0,kWh,kW,True,"La magnitud y comportamiento horario coinciden con CapEfecNeta, DispoReal y DispoCome y la descripcion oficial corresponde a potencia neta.",326.0
2026-06-06,Recurso,CHBG,,Hour02,326000.0,kWh,kW,True,"La magnitud y comportamiento horario coinciden con CapEfecNeta, DispoReal y DispoCome y la descripcion oficial corresponde a potencia neta.",326.0
2026-06-06,Recurso,CHBG,,Hour03,326000.0,kWh,kW,True,"La magnitud y comportamiento horario coinciden con CapEfecNeta, DispoReal y DispoCome y la descripcion oficial corresponde a potencia neta.",326.0
2026-06-06,Recurso,CHBG,,Hour04,326000.0,kWh,kW,True,"La magnitud y comportamiento horario coinciden con CapEfecNeta, DispoReal y DispoCome y la descripcion oficial corresponde a potencia neta.",326.0
2026-06-06,Recurso,CHBG,,Hour05,326000.0,kWh,kW,True,"La magnitud y comportamiento horario coinciden con CapEfecNeta, DispoReal y DispoCome y la descripcion oficial corresponde a potencia neta.",326.0
2026-06-06,Recurso,CHBG,,Hour06,326000.0,kWh,kW,True,"La magnitud y comportamiento horario coinciden con CapEfecNeta, DispoReal y DispoCome y la descripcion oficial corresponde a potencia neta.",326.0
2026-06-06,Recurso,CHBG,,Hour07,326000.0,kWh,kW,True,"La magnitud y comportamiento horario coinciden con CapEfecNeta, DispoReal y DispoCome y la descripcion oficial corresponde a potencia neta.",326.0
2026-06-06,Recurso,CHBG,,Hour08,326000.0,kWh,kW,True,"La magnitud y comportamiento horario coinciden con CapEfecNeta, DispoReal y DispoCome y la descripcion oficial corresponde a potencia neta.",326.0
2026-06-06,Recurso,CHBG,,Hour09,326000.0,kWh,kW,True,"La magnitud y comportamiento horario coinciden con CapEfecNeta, DispoReal y DispoCome y la descripcion oficial corresponde a potencia neta.",326.0
2026-06-06,Recurso,CHBG,,Hour10,326000.0,kWh,kW,True,"La magnitud y comportamiento horario coinciden con CapEfecNeta, DispoReal y DispoCome y la descripcion oficial corresponde a potencia neta.",326.0
2026-06-06,Recurso,CHBG,,Hour11,326000.0,kWh,kW,True,"La magnitud y comportamiento horario coinciden con CapEfecNeta, DispoReal y DispoCome y la descripcion oficial corresponde a potencia neta.",326.0
2026-06-06,Recurso,CHBG,,Hour12,326000.0,kWh,kW,True,"La magnitud y comportamiento horario coinciden con CapEfecNeta, DispoReal y DispoCome y la descripcion oficial corresponde a potencia neta.",326.0
2026-06-06,Recurso,CHBG,,Hour13,326000.0,kWh,kW,True,"La magnitud y comportamiento horario coinciden con CapEfecNeta, DispoReal y DispoCome y la descripcion oficial corresponde a potencia neta.",326.0
2026-06-06,Recurso,CHBG,,Hour14,326000.0,kWh,kW,True,"La magnitud y comportamiento horario coinciden con CapEfecNeta, DispoReal y DispoCome y la descripcion oficial corresponde a potencia neta.",326.0
2026-06-06,Recurso,CHBG,,Hour15,326000.0,kWh,kW,True,"La magnitud y comportamiento horario coinciden con CapEfecNeta, DispoReal y DispoCome y la descripcion oficial corresponde a potencia neta.",326.0
2026-06-06,Recurso,CHBG,,Hour16,326000.0,kWh,kW,True,"La magnitud y comportamiento horario coinciden con CapEfecNeta, DispoReal y DispoCome y la descripcion oficial corresponde a potencia neta.",326.0
2026-06-06,Recurso,CHBG,,Hour17,326000.0,kWh,kW,True,"La magnitud y comportamiento horario coinciden con CapEfecNeta, DispoReal y DispoCome y la descripcion oficial corresponde a potencia neta.",326.0
2026-06-06,Recurso,CHBG,,Hour18,326000.0,kWh,kW,True,"La magnitud y comportamiento horario coinciden con CapEfecNeta, DispoReal y DispoCome y la descripcion oficial corresponde a potencia neta.",326.0
2026-06-06,Recurso,CHBG,,Hour19,326000.0,kWh,kW,True,"La magnitud y comportamiento horario coinciden con CapEfecNeta, DispoReal y DispoCome y la descripcion oficial corresponde a potencia neta.",326.0
2026-06-06,Recurso,CHBG,,Hour20,326000.0,kWh,kW,True,"La magnitud y comportamiento horario coinciden con CapEfecNeta, DispoReal y DispoCome y la descripcion oficial corresponde a potencia neta.",326.0
2026-06-06,Recurso,CHBG,,Hour21,326000.0,kWh,kW,True,"La magnitud y comportamiento horario coinciden con CapEfecNeta, DispoReal y DispoCome y la descripcion oficial corresponde a potencia neta.",326.0
2026-06-06,Recurso,CHBG,,Hour22,326000.0,kWh,kW,True,"La magnitud y comportamiento horario coinciden con CapEfecNeta, DispoReal y DispoCome y la descripcion oficial corresponde a potencia neta.",326.0
2026-06-06,Recurso,CHBG,,Hour23,326000.0,kWh,kW,True,"La magnitud y comportamiento horario coinciden con CapEfecNeta, DispoReal y DispoCome y la descripcion oficial corresponde a potencia neta.",326.0
2026-06-06,Recurso,CHBG,,Hour24,326000.0,kWh,kW,True,"La magnitud y comportamiento horario coinciden con CapEfecNeta, DispoReal y DispoCome y la descripcion oficial corresponde a potencia neta.",326.0
2026-06-06,Recurso,CHVR,,Hour01,875000.0,kWh,kW,True,"La magnitud y comportamiento horario coinciden con CapEfecNeta, DispoReal y DispoCome y la descripcion oficial corresponde a potencia neta.",875.0
2026-06-06,Recurso,CHVR,,Hour02,875000.0,kWh,kW,True,"La magnitud y comportamiento horario coinciden con CapEfecNeta, DispoReal y DispoCome y la descripcion oficial corresponde a potencia neta.",875.0
2026-06-06,Recurso,CHVR,,Hour03,875000.0,kWh,kW,True,"La magnitud y comportamiento horario coinciden con CapEfecNeta, DispoReal y DispoCome y la descripcion oficial corresponde a potencia neta.",875.0
2026-06-06,Recurso,CHVR,,Hour04,875000.0,kWh,kW,True,"La magnitud y comportamiento horario coinciden con CapEfecNeta, DispoReal y DispoCome y la descripcion oficial corresponde a potencia neta.",875.0
2026-06-06,Recurso,CHVR,,Hour05,875000.0,kWh,kW,True,"La magnitud y comportamiento horario coinciden con CapEfecNeta, DispoReal y DispoCome y la descripcion oficial corresponde a potencia neta.",875.0
2026-06-06,Recurso,CHVR,,Hour06,875000.0,kWh,kW,True,"La magnitud y comportamiento horario coinciden con CapEfecNeta, DispoReal y DispoCome y la descripcion oficial corresponde a potencia neta.",875.0
2026-06-06,Recurso,CHVR,,Hour07,875000.0,kWh,kW,True,"La magnitud y comportamiento horario coinciden con CapEfecNeta, DispoReal y DispoCome y la descripcion oficial corresponde a potencia neta.",875.0
2026-06-06,Recurso,CHVR,,Hour08,875000.0,kWh,kW,True,"La magnitud y comportamiento horario coinciden con CapEfecNeta, DispoReal y DispoCome y la descripcion oficial corresponde a potencia neta.",875.0
2026-06-06,Recurso,CHVR,,Hour09,875000.0,kWh,kW,True,"La magnitud y comportamiento horario coinciden con CapEfecNeta, DispoReal y DispoCome y la descripcion oficial corresponde a potencia neta.",875.0
2026-06-06,Recurso,CHVR,,Hour10,875000.0,kWh,kW,True,"La magnitud y comportamiento horario coinciden con CapEfecNeta, DispoReal y DispoCome y la descripcion oficial corresponde a potencia neta.",875.0
2026-06-06,Recurso,CHVR,,Hour11,875000.0,kWh,kW,True,"La magnitud y comportamiento horario coinciden con CapEfecNeta, DispoReal y DispoCome y la descripcion oficial corresponde a potencia neta.",875.0
2026-06-06,Recurso,CHVR,,Hour12,875000.0,kWh,kW,True,"La magnitud y comportamiento horario coinciden con CapEfecNeta, DispoReal y DispoCome y la descripcion oficial corresponde a potencia neta.",875.0
2026-06-06,Recurso,CHVR,,Hour13,875000.0,kWh,kW,True,"La magnitud y comportamiento horario coinciden con CapEfecNeta, DispoReal y DispoCome y la descripcion oficial corresponde a potencia neta.",875.0
2026-06-06,Recurso,CHVR,,Hour14,875000.0,kWh,kW,True,"La magnitud y comportamiento horario coinciden con CapEfecNeta, DispoReal y DispoCome y la descripcion oficial corresponde a potencia neta.",875.0
2026-06-06,Recurso,CHVR,,Hour15,875000.0,kWh,kW,True,"La magnitud y comportamiento horario coinciden con CapEfecNeta, DispoReal y DispoCome y la descripcion oficial corresponde a potencia neta.",875.0
2026-06-06,Recurso,CHVR,,Hour16,875000.0,kWh,kW,True,"La magnitud y comportamiento horario coinciden con CapEfecNeta, DispoReal y DispoCome y la descripcion oficial corresponde a potencia neta.",875.0
2026-06-06,Recurso,CHVR,,Hour17,875000.0,kWh,kW,True,"La magnitud y comportamiento horario coinciden con CapEfecNeta, DispoReal y DispoCome y la descripcion oficial corresponde a potencia neta.",875.0
2026-06-06,Recurso,CHVR,,Hour18,875000.0,kWh,kW,True,"La magnitud y comportamiento horario coinciden con CapEfecNeta, DispoReal y DispoCome y la descripcion oficial corresponde a potencia neta.",875.0
2026-06-06,Recurso,CHVR,,Hour19,875000.0,kWh,kW,True,"La magnitud y comportamiento horario coinciden con CapEfecNeta, DispoReal y DispoCome y la descripcion oficial corresponde a potencia neta.",875.0
2026-06-06,Recurso,CHVR,,Hour20,875000.0,kWh,kW,True,"La magnitud y comportamiento horario coinciden con CapEfecNeta, DispoReal y DispoCome y la descripcion oficial corresponde a potencia neta.",875.0
2026-06-06,Recurso,CHVR,,Hour21,875000.0,kWh,kW,True,"La magnitud y comportamiento horario coinciden con CapEfecNeta, DispoReal y DispoCome y la descripcion oficial corresponde a potencia neta.",875.0
2026-06-06,Recurso,CHVR,,Hour22,875000.0,kWh,kW,True,"La magnitud y comportamiento horario coinciden con CapEfecNeta, DispoReal y DispoCome y la descripcion oficial corresponde a potencia neta.",875.0
2026-06-06,Recurso,CHVR,,Hour23,875000.0,kWh,kW,True,"La magnitud y comportamiento horario coinciden con CapEfecNeta, DispoReal y DispoCome y la descripcion oficial corresponde a potencia neta.",875.0
2026-06-06,Recurso,CHVR,,Hour24,875000.0,kWh,kW,True,"La magnitud y comportamiento horario coinciden con CapEfecNeta, DispoReal y DispoCome y la descripcion oficial corresponde a potencia neta.",875.0
2026-06-06,Recurso,CLL1,,Hour01,78000.0,kWh,kW,True,"La magnitud y comportamiento horario coinciden con CapEfecNeta, DispoReal y DispoCome y la descripcion oficial corresponde a potencia neta.",78.0
2026-06-06,Recurso,CLL1,,Hour02,78000.0,kWh,kW,True,"La magnitud y comportamiento horario coinciden con CapEfecNeta, DispoReal y DispoCome y la descripcion oficial corresponde a potencia neta.",78.0
2026-06-06,Recurso,CLL1,,Hour03,78000.0,kWh,kW,True,"La magnitud y comportamiento horario coinciden con CapEfecNeta, DispoReal y DispoCome y la descripcion oficial corresponde a potencia neta.",78.0
2026-06-06,Recurso,CLL1,,Hour04,78000.0,kWh,kW,True,"La magnitud y comportamiento horario coinciden con CapEfecNeta, DispoReal y DispoCome y la descripcion oficial corresponde a potencia neta.",78.0
2026-06-06,Recurso,CLL1,,Hour05,78000.0,kWh,kW,True,"La magnitud y comportamiento horario coinciden con CapEfecNeta, DispoReal y DispoCome y la descripcion oficial corresponde a potencia neta.",78.0
2026-06-06,Recurso,CLL1,,Hour06,78000.0,kWh,kW,True,"La magnitud y comportamiento horario coinciden con CapEfecNeta, DispoReal y DispoCome y la descripcion oficial corresponde a potencia neta.",78.0
2026-06-06,Recurso,CLL1,,Hour07,78000.0,kWh,kW,True,"La magnitud y comportamiento horario coinciden con CapEfecNeta, DispoReal y DispoCome y la descripcion oficial corresponde a potencia neta.",78.0
2026-06-06,Recurso,CLL1,,Hour08,78000.0,kWh,kW,True,"La magnitud y comportamiento horario coinciden con CapEfecNeta, DispoReal y DispoCome y la descripcion oficial corresponde a potencia neta.",78.0
2026-06-06,Recurso,CLL1,,Hour09,78000.0,kWh,kW,True,"La magnitud y comportamiento horario coinciden con CapEfecNeta, DispoReal y DispoCome y la descripcion oficial corresponde a potencia neta.",78.0
2026-06-06,Recurso,CLL1,,Hour10,78000.0,kWh,kW,True,"La magnitud y comportamiento horario coinciden con CapEfecNeta, DispoReal y DispoCome y la descripcion oficial corresponde a potencia neta.",78.0
2026-06-06,Recurso,CLL1,,Hour11,78000.0,kWh,kW,True,"La magnitud y comportamiento horario coinciden con CapEfecNeta, DispoReal y DispoCome y la descripcion oficial corresponde a potencia neta.",78.0
2026-06-06,Recurso,CLL1,,Hour12,78000.0,kWh,kW,True,"La magnitud y comportamiento horario coinciden con CapEfecNeta, DispoReal y DispoCome y la descripcion oficial corresponde a potencia neta.",78.0
2026-06-06,Recurso,CLL1,,Hour13,78000.0,kWh,kW,True,"La magnitud y comportamiento horario coinciden con CapEfecNeta, DispoReal y DispoCome y la descripcion oficial corresponde a potencia neta.",78.0
2026-06-06,Recurso,CLL1,,Hour14,78000.0,kWh,kW,True,"La magnitud y comportamiento horario coinciden con CapEfecNeta, DispoReal y DispoCome y la descripcion oficial corresponde a potencia neta.",78.0
2026-06-06,Recurso,CLL1,,Hour15,78000.0,kWh,kW,True,"La magnitud y comportamiento horario coinciden con CapEfecNeta, DispoReal y DispoCome y la descripcion oficial corresponde a potencia neta.",78.0
2026-06-06,Recurso,CLL1,,Hour16,78000.0,kWh,kW,True,"La magnitud y comportamiento horario coinciden con CapEfecNeta, DispoReal y DispoCome y la descripcion oficial corresponde a potencia neta.",78.0
2026-06-06,Recurso,CLL1,,Hour17,78000.0,kWh,kW,True,"La magnitud y comportamiento horario coinciden con CapEfecNeta, DispoReal y DispoCome y la descripcion oficial corresponde a potencia neta.",78.0
2026-06-06,Recurso,CLL1,,Hour18,78000.0,kWh,kW,True,"La magnitud y comportamiento horario coinciden con CapEfecNeta, DispoReal y DispoCome y la descripcion oficial corresponde a potencia neta.",78.0
2026-06-06,Recurso,CLL1,,Hour19,78000.0,kWh,kW,True,"La magnitud y comportamiento horario coinciden con CapEfecNeta, DispoReal y DispoCome y la descripcion oficial corresponde a potencia neta.",78.0
2026-06-06,Recurso,CLL1,,Hour20,78000.0,kWh,kW,True,"La magnitud y comportamiento horario coinciden con CapEfecNeta, DispoReal y DispoCome y la descripcion oficial corresponde a potencia neta.",78.0
2026-06-06,Recurso,CLL1,,Hour21,78000.0,kWh,kW,True,"La magnitud y comportamiento horario coinciden con CapEfecNeta, DispoReal y DispoCome y la descripcion oficial corresponde a potencia neta.",78.0
2026-06-06,Recurso,CLL1,,Hour22,78000.0,kWh,kW,True,"La magnitud y comportamiento horario coinciden con CapEfecNeta, DispoReal y DispoCome y la descripcion oficial corresponde a potencia neta.",78.0
2026-06-06,Recurso,CLL1,,Hour23,78000.0,kWh,kW,True,"La magnitud y comportamiento horario coinciden con CapEfecNeta, DispoReal y DispoCome y la descripcion oficial corresponde a potencia neta.",78.0
2026-06-06,Recurso,CLL1,,Hour24,78000.0,kWh,kW,True,"La magnitud y comportamiento horario coinciden con CapEfecNeta, DispoReal y DispoCome y la descripcion oficial corresponde a potencia neta.",78.0
2026-06-06,Recurso,CLMG,,Hour01,132000.0,kWh,kW,True,"La magnitud y comportamiento horario coinciden con CapEfecNeta, DispoReal y DispoCome y la descripcion oficial corresponde a potencia neta.",132.0
2026-06-06,Recurso,CLMG,,Hour02,132000.0,kWh,kW,True,"La magnitud y comportamiento horario coinciden con CapEfecNeta, DispoReal y DispoCome y la descripcion oficial corresponde a potencia neta.",132.0
2026-06-06,Recurso,CLMG,,Hour03,132000.0,kWh,kW,True,"La magnitud y comportamiento horario coinciden con CapEfecNeta, DispoReal y DispoCome y la descripcion oficial corresponde a potencia neta.",132.0
2026-06-06,Recurso,CLMG,,Hour04,132000.0,kWh,kW,True,"La magnitud y comportamiento horario coinciden con CapEfecNeta, DispoReal y DispoCome y la descripcion oficial corresponde a potencia neta.",132.0
2026-06-06,Recurso,CLMG,,Hour05,132000.0,kWh,kW,True,"La magnitud y comportamiento horario coinciden con CapEfecNeta, DispoReal y DispoCome y la descripcion oficial corresponde a potencia neta.",132.0
2026-06-06,Recurso,CLMG,,Hour06,132000.0,kWh,kW,True,"La magnitud y comportamiento horario coinciden con CapEfecNeta, DispoReal y DispoCome y la descripcion oficial corresponde a potencia neta.",132.0
2026-06-06,Recurso,CLMG,,Hour07,132000.0,kWh,kW,True,"La magnitud y comportamiento horario coinciden con CapEfecNeta, DispoReal y DispoCome y la descripcion oficial corresponde a potencia neta.",132.0
2026-06-06,Recurso,CLMG,,Hour08,132000.0,kWh,kW,True,"La magnitud y comportamiento horario coinciden con CapEfecNeta, DispoReal y DispoCome y la descripcion oficial corresponde a potencia neta.",132.0
2026-06-06,Recurso,CLMG,,Hour09,132000.0,kWh,kW,True,"La magnitud y comportamiento horario coinciden con CapEfecNeta, DispoReal y DispoCome y la descripcion oficial corresponde a potencia neta.",132.0
2026-06-06,Recurso,CLMG,,Hour10,132000.0,kWh,kW,True,"La magnitud y comportamiento horario coinciden con CapEfecNeta, DispoReal y DispoCome y la descripcion oficial corresponde a potencia neta.",132.0
2026-06-06,Recurso,CLMG,,Hour11,132000.0,kWh,kW,True,"La magnitud y comportamiento horario coinciden con CapEfecNeta, DispoReal y DispoCome y la descripcion oficial corresponde a potencia neta.",132.0
2026-06-06,Recurso,CLMG,,Hour12,132000.0,kWh,kW,True,"La magnitud y comportamiento horario coinciden con CapEfecNeta, DispoReal y DispoCome y la descripcion oficial corresponde a potencia neta.",132.0
2026-06-06,Recurso,CLMG,,Hour13,132000.0,kWh,kW,True,"La magnitud y comportamiento horario coinciden con CapEfecNeta, DispoReal y DispoCome y la descripcion oficial corresponde a potencia neta.",132.0
2026-06-06,Recurso,CLMG,,Hour14,132000.0,kWh,kW,True,"La magnitud y comportamiento horario coinciden con CapEfecNeta, DispoReal y DispoCome y la descripcion oficial corresponde a potencia neta.",132.0
2026-06-06,Recurso,CLMG,,Hour15,132000.0,kWh,kW,True,"La magnitud y comportamiento horario coinciden con CapEfecNeta, DispoReal y DispoCome y la descripcion oficial corresponde a potencia neta.",132.0
2026-06-06,Recurso,CLMG,,Hour16,132000.0,kWh,kW,True,"La magnitud y comportamiento horario coinciden con CapEfecNeta, DispoReal y DispoCome y la descripcion oficial corresponde a potencia neta.",132.0
2026-06-06,Recurso,CLMG,,Hour17,132000.0,kWh,kW,True,"La magnitud y comportamiento horario coinciden con CapEfecNeta, DispoReal y DispoCome y la descripcion oficial corresponde a potencia neta.",132.0
2026-06-06,Recurso,CLMG,,Hour18,132000.0,kWh,kW,True,"La magnitud y comportamiento horario coinciden con CapEfecNeta, DispoReal y DispoCome y la descripcion oficial corresponde a potencia neta.",132.0
2026-06-06,Recurso,CLMG,,Hour19,132000.0,kWh,kW,True,"La magnitud y comportamiento horario coinciden con CapEfecNeta, DispoReal y DispoCome y la descripcion oficial corresponde a potencia neta.",132.0
2026-06-06,Recurso,CLMG,,Hour20,132000.0,kWh,kW,True,"La magnitud y comportamiento horario coinciden con CapEfecNeta, DispoReal y DispoCome y la descripcion oficial corresponde a potencia neta.",132.0
2026-06-06,Recurso,CLMG,,Hour21,132000.0,kWh,kW,True,"La magnitud y comportamiento horario coinciden con CapEfecNeta, DispoReal y DispoCome y la descripcion oficial corresponde a potencia neta.",132.0
2026-06-06,Recurso,CLMG,,Hour22,132000.0,kWh,kW,True,"La magnitud y comportamiento horario coinciden con CapEfecNeta, DispoReal y DispoCome y la descripcion oficial corresponde a potencia neta.",132.0
2026-06-06,Recurso,CLMG,,Hour23,132000.0,kWh,kW,True,"La magnitud y comportamiento horario coinciden con CapEfecNeta, DispoReal y DispoCome y la descripcion oficial corresponde a potencia neta.",132.0
2026-06-06,Recurso,CLMG,,Hour24,132000.0,kWh,kW,True,"La magnitud y comportamiento horario coinciden con CapEfecNeta, DispoReal y DispoCome y la descripcion oficial corresponde a potencia neta.",132.0
2026-06-06,Recurso,CTG1,,Hour01,30000.0,kWh,kW,True,"La magnitud y comportamiento horario coinciden con CapEfecNeta, DispoReal y DispoCome y la descripcion oficial corresponde a potencia neta.",30.0
2026-06-06,Recurso,CTG1,,Hour02,30000.0,kWh,kW,True,"La magnitud y comportamiento horario coinciden con CapEfecNeta, DispoReal y DispoCome y la descripcion oficial corresponde a potencia neta.",30.0
2026-06-06,Recurso,CTG1,,Hour03,30000.0,kWh,kW,True,"La magnitud y comportamiento horario coinciden con CapEfecNeta, DispoReal y DispoCome y la descripcion oficial corresponde a potencia neta.",30.0
2026-06-06,Recurso,CTG1,,Hour04,30000.0,kWh,kW,True,"La magnitud y comportamiento horario coinciden con CapEfecNeta, DispoReal y DispoCome y la descripcion oficial corresponde a potencia neta.",30.0
2026-06-06,Recurso,CTG1,,Hour05,30000.0,kWh,kW,True,"La magnitud y comportamiento horario coinciden con CapEfecNeta, DispoReal y DispoCome y la descripcion oficial corresponde a potencia neta.",30.0
2026-06-06,Recurso,CTG1,,Hour06,30000.0,kWh,kW,True,"La magnitud y comportamiento horario coinciden con CapEfecNeta, DispoReal y DispoCome y la descripcion oficial corresponde a potencia neta.",30.0
2026-06-06,Recurso,CTG1,,Hour07,30000.0,kWh,kW,True,"La magnitud y comportamiento horario coinciden con CapEfecNeta, DispoReal y DispoCome y la descripcion oficial corresponde a potencia neta.",30.0
2026-06-06,Recurso,CTG1,,Hour08,30000.0,kWh,kW,True,"La magnitud y comportamiento horario coinciden con CapEfecNeta, DispoReal y DispoCome y la descripcion oficial corresponde a potencia neta.",30.0
2026-06-06,Recurso,CTG1,,Hour09,30000.0,kWh,kW,True,"La magnitud y comportamiento horario coinciden con CapEfecNeta, DispoReal y DispoCome y la descripcion oficial corresponde a potencia neta.",30.0
2026-06-06,Recurso,CTG1,,Hour10,30000.0,kWh,kW,True,"La magnitud y comportamiento horario coinciden con CapEfecNeta, DispoReal y DispoCome y la descripcion oficial corresponde a potencia neta.",30.0
2026-06-06,Recurso,CTG1,,Hour11,30000.0,kWh,kW,True,"La magnitud y comportamiento horario coinciden con CapEfecNeta, DispoReal y DispoCome y la descripcion oficial corresponde a potencia neta.",30.0
2026-06-06,Recurso,CTG1,,Hour12,30000.0,kWh,kW,True,"La magnitud y comportamiento horario coinciden con CapEfecNeta, DispoReal y DispoCome y la descripcion oficial corresponde a potencia neta.",30.0
2026-06-06,Recurso,CTG1,,Hour13,30000.0,kWh,kW,True,"La magnitud y comportamiento horario coinciden con CapEfecNeta, DispoReal y DispoCome y la descripcion oficial corresponde a potencia neta.",30.0
2026-06-06,Recurso,CTG1,,Hour14,30000.0,kWh,kW,True,"La magnitud y comportamiento horario coinciden con CapEfecNeta, DispoReal y DispoCome y la descripcion oficial corresponde a potencia neta.",30.0
2026-06-06,Recurso,CTG1,,Hour15,30000.0,kWh,kW,True,"La magnitud y comportamiento horario coinciden con CapEfecNeta, DispoReal y DispoCome y la descripcion oficial corresponde a potencia neta.",30.0
2026-06-06,Recurso,CTG1,,Hour16,30000.0,kWh,kW,True,"La magnitud y comportamiento horario coinciden con CapEfecNeta, DispoReal y DispoCome y la descripcion oficial corresponde a potencia neta.",30.0
2026-06-06,Recurso,CTG1,,Hour17,30000.0,kWh,kW,True,"La magnitud y comportamiento horario coinciden con CapEfecNeta, DispoReal y DispoCome y la descripcion oficial corresponde a potencia neta.",30.0
2026-06-06,Recurso,CTG1,,Hour18,30000.0,kWh,kW,True,"La magnitud y comportamiento horario coinciden con CapEfecNeta, DispoReal y DispoCome y la descripcion oficial corresponde a potencia neta.",30.0
2026-06-06,Recurso,CTG1,,Hour19,30000.0,kWh,kW,True,"La magnitud y comportamiento horario coinciden con CapEfecNeta, DispoReal y DispoCome y la descripcion oficial corresponde a potencia neta.",30.0
2026-06-06,Recurso,CTG1,,Hour20,30000.0,kWh,kW,True,"La magnitud y comportamiento horario coinciden con CapEfecNeta, DispoReal y DispoCome y la descripcion oficial corresponde a potencia neta.",30.0
2026-06-06,Recurso,CTG1,,Hour21,30000.0,kWh,kW,True,"La magnitud y comportamiento horario coinciden con CapEfecNeta, DispoReal y DispoCome y la descripcion oficial corresponde a potencia neta.",30.0
2026-06-06,Recurso,CTG1,,Hour22,30000.0,kWh,kW,True,"La magnitud y comportamiento horario coinciden con CapEfecNeta, DispoReal y DispoCome y la descripcion oficial corresponde a potencia neta.",30.0
2026-06-06,Recurso,CTG1,,Hour23,30000.0,kWh,kW,True,"La magnitud y comportamiento horario coinciden con CapEfecNeta, DispoReal y DispoCome y la descripcion oficial corresponde a potencia neta.",30.0
2026-06-06,Recurso,CTG1,,Hour24,30000.0,kWh,kW,True,"La magnitud y comportamiento horario coinciden con CapEfecNeta, DispoReal y DispoCome y la descripcion oficial corresponde a potencia neta.",30.0
2026-06-07,Recurso,2QEK,,Hour01,35000.0,kWh,kW,True,"La magnitud y comportamiento horario coinciden con CapEfecNeta, DispoReal y DispoCome y la descripcion oficial corresponde a potencia neta.",35.0
2026-06-07,Recurso,2QEK,,Hour02,35000.0,kWh,kW,True,"La magnitud y comportamiento horario coinciden con CapEfecNeta, DispoReal y DispoCome y la descripcion oficial corresponde a potencia neta.",35.0
2026-06-07,Recurso,2QEK,,Hour03,35000.0,kWh,kW,True,"La magnitud y comportamiento horario coinciden con CapEfecNeta, DispoReal y DispoCome y la descripcion oficial corresponde a potencia neta.",35.0
2026-06-07,Recurso,2QEK,,Hour04,35000.0,kWh,kW,True,"La magnitud y comportamiento horario coinciden con CapEfecNeta, DispoReal y DispoCome y la descripcion oficial corresponde a potencia neta.",35.0
2026-06-07,Recurso,2QEK,,Hour05,35000.0,kWh,kW,True,"La magnitud y comportamiento horario coinciden con CapEfecNeta, DispoReal y DispoCome y la descripcion oficial corresponde a potencia neta.",35.0
2026-06-07,Recurso,2QEK,,Hour06,35000.0,kWh,kW,True,"La magnitud y comportamiento horario coinciden con CapEfecNeta, DispoReal y DispoCome y la descripcion oficial corresponde a potencia neta.",35.0
2026-06-07,Recurso,2QEK,,Hour07,35000.0,kWh,kW,True,"La magnitud y comportamiento horario coinciden con CapEfecNeta, DispoReal y DispoCome y la descripcion oficial corresponde a potencia neta.",35.0
2026-06-07,Recurso,2QEK,,Hour08,35000.0,kWh,kW,True,"La magnitud y comportamiento horario coinciden con CapEfecNeta, DispoReal y DispoCome y la descripcion oficial corresponde a potencia neta.",35.0
2026-06-07,Recurso,2QEK,,Hour09,35000.0,kWh,kW,True,"La magnitud y comportamiento horario coinciden con CapEfecNeta, DispoReal y DispoCome y la descripcion oficial corresponde a potencia neta.",35.0
2026-06-07,Recurso,2QEK,,Hour10,35000.0,kWh,kW,True,"La magnitud y comportamiento horario coinciden con CapEfecNeta, DispoReal y DispoCome y la descripcion oficial corresponde a potencia neta.",35.0
2026-06-07,Recurso,2QEK,,Hour11,35000.0,kWh,kW,True,"La magnitud y comportamiento horario coinciden con CapEfecNeta, DispoReal y DispoCome y la descripcion oficial corresponde a potencia neta.",35.0
2026-06-07,Recurso,2QEK,,Hour12,35000.0,kWh,kW,True,"La magnitud y comportamiento horario coinciden con CapEfecNeta, DispoReal y DispoCome y la descripcion oficial corresponde a potencia neta.",35.0
2026-06-07,Recurso,2QEK,,Hour13,35000.0,kWh,kW,True,"La magnitud y comportamiento horario coinciden con CapEfecNeta, DispoReal y DispoCome y la descripcion oficial corresponde a potencia neta.",35.0
2026-06-07,Recurso,2QEK,,Hour14,35000.0,kWh,kW,True,"La magnitud y comportamiento horario coinciden con CapEfecNeta, DispoReal y DispoCome y la descripcion oficial corresponde a potencia neta.",35.0
2026-06-07,Recurso,2QEK,,Hour15,35000.0,kWh,kW,True,"La magnitud y comportamiento horario coinciden con CapEfecNeta, DispoReal y DispoCome y la descripcion oficial corresponde a potencia neta.",35.0
2026-06-07,Recurso,2QEK,,Hour16,35000.0,kWh,kW,True,"La magnitud y comportamiento horario coinciden con CapEfecNeta, DispoReal y DispoCome y la descripcion oficial corresponde a potencia neta.",35.0
2026-06-07,Recurso,2QEK,,Hour17,35000.0,kWh,kW,True,"La magnitud y comportamiento horario coinciden con CapEfecNeta, DispoReal y DispoCome y la descripcion oficial corresponde a potencia neta.",35.0
2026-06-07,Recurso,2QEK,,Hour18,35000.0,kWh,kW,True,"La magnitud y comportamiento horario coinciden con CapEfecNeta, DispoReal y DispoCome y la descripcion oficial corresponde a potencia neta.",35.0
2026-06-07,Recurso,2QEK,,Hour19,35000.0,kWh,kW,True,"La magnitud y comportamiento horario coinciden con CapEfecNeta, DispoReal y DispoCome y la descripcion oficial corresponde a potencia neta.",35.0
2026-06-07,Recurso,2QEK,,Hour20,35000.0,kWh,kW,True,"La magnitud y comportamiento horario coinciden con CapEfecNeta, DispoReal y DispoCome y la descripcion oficial corresponde a potencia neta.",35.0
2026-06-07,Recurso,2QEK,,Hour21,35000.0,kWh,kW,True,"La magnitud y comportamiento horario coinciden con CapEfecNeta, DispoReal y DispoCome y la descripcion oficial corresponde a potencia neta.",35.0
2026-06-07,Recurso,2QEK,,Hour22,35000.0,kWh,kW,True,"La magnitud y comportamiento horario coinciden con CapEfecNeta, DispoReal y DispoCome y la descripcion oficial corresponde a potencia neta.",35.0
2026-06-07,Recurso,2QEK,,Hour23,35000.0,kWh,kW,True,"La magnitud y comportamiento horario coinciden con CapEfecNeta, DispoReal y DispoCome y la descripcion oficial corresponde a potencia neta.",35.0
2026-06-07,Recurso,2QEK,,Hour24,35000.0,kWh,kW,True,"La magnitud y comportamiento horario coinciden con CapEfecNeta, DispoReal y DispoCome y la descripcion oficial corresponde a potencia neta.",35.0
2026-06-07,Recurso,3ENA,,Hour01,200000.0,kWh,kW,True,"La magnitud y comportamiento horario coinciden con CapEfecNeta, DispoReal y DispoCome y la descripcion oficial corresponde a potencia neta.",200.0
2026-06-07,Recurso,3ENA,,Hour02,200000.0,kWh,kW,True,"La magnitud y comportamiento horario coinciden con CapEfecNeta, DispoReal y DispoCome y la descripcion oficial corresponde a potencia neta.",200.0
2026-06-07,Recurso,3ENA,,Hour03,200000.0,kWh,kW,True,"La magnitud y comportamiento horario coinciden con CapEfecNeta, DispoReal y DispoCome y la descripcion oficial corresponde a potencia neta.",200.0
2026-06-07,Recurso,3ENA,,Hour04,200000.0,kWh,kW,True,"La magnitud y comportamiento horario coinciden con CapEfecNeta, DispoReal y DispoCome y la descripcion oficial corresponde a potencia neta.",200.0
2026-06-07,Recurso,3ENA,,Hour05,200000.0,kWh,kW,True,"La magnitud y comportamiento horario coinciden con CapEfecNeta, DispoReal y DispoCome y la descripcion oficial corresponde a potencia neta.",200.0
2026-06-07,Recurso,3ENA,,Hour06,200000.0,kWh,kW,True,"La magnitud y comportamiento horario coinciden con CapEfecNeta, DispoReal y DispoCome y la descripcion oficial corresponde a potencia neta.",200.0
2026-06-07,Recurso,3ENA,,Hour07,200000.0,kWh,kW,True,"La magnitud y comportamiento horario coinciden con CapEfecNeta, DispoReal y DispoCome y la descripcion oficial corresponde a potencia neta.",200.0
2026-06-07,Recurso,3ENA,,Hour08,200000.0,kWh,kW,True,"La magnitud y comportamiento horario coinciden con CapEfecNeta, DispoReal y DispoCome y la descripcion oficial corresponde a potencia neta.",200.0
2026-06-07,Recurso,3ENA,,Hour09,200000.0,kWh,kW,True,"La magnitud y comportamiento horario coinciden con CapEfecNeta, DispoReal y DispoCome y la descripcion oficial corresponde a potencia neta.",200.0
2026-06-07,Recurso,3ENA,,Hour10,200000.0,kWh,kW,True,"La magnitud y comportamiento horario coinciden con CapEfecNeta, DispoReal y DispoCome y la descripcion oficial corresponde a potencia neta.",200.0
2026-06-07,Recurso,3ENA,,Hour11,200000.0,kWh,kW,True,"La magnitud y comportamiento horario coinciden con CapEfecNeta, DispoReal y DispoCome y la descripcion oficial corresponde a potencia neta.",200.0
2026-06-07,Recurso,3ENA,,Hour12,200000.0,kWh,kW,True,"La magnitud y comportamiento horario coinciden con CapEfecNeta, DispoReal y DispoCome y la descripcion oficial corresponde a potencia neta.",200.0
2026-06-07,Recurso,3ENA,,Hour13,200000.0,kWh,kW,True,"La magnitud y comportamiento horario coinciden con CapEfecNeta, DispoReal y DispoCome y la descripcion oficial corresponde a potencia neta.",200.0
2026-06-07,Recurso,3ENA,,Hour14,200000.0,kWh,kW,True,"La magnitud y comportamiento horario coinciden con CapEfecNeta, DispoReal y DispoCome y la descripcion oficial corresponde a potencia neta.",200.0
2026-06-07,Recurso,3ENA,,Hour15,200000.0,kWh,kW,True,"La magnitud y comportamiento horario coinciden con CapEfecNeta, DispoReal y DispoCome y la descripcion oficial corresponde a potencia neta.",200.0
2026-06-07,Recurso,3ENA,,Hour16,200000.0,kWh,kW,True,"La magnitud y comportamiento horario coinciden con CapEfecNeta, DispoReal y DispoCome y la descripcion oficial corresponde a potencia neta.",200.0
2026-06-07,Recurso,3ENA,,Hour17,200000.0,kWh,kW,True,"La magnitud y comportamiento horario coinciden con CapEfecNeta, DispoReal y DispoCome y la descripcion oficial corresponde a potencia neta.",200.0
2026-06-07,Recurso,3ENA,,Hour18,200000.0,kWh,kW,True,"La magnitud y comportamiento horario coinciden con CapEfecNeta, DispoReal y DispoCome y la descripcion oficial corresponde a potencia neta.",200.0
2026-06-07,Recurso,3ENA,,Hour19,200000.0,kWh,kW,True,"La magnitud y comportamiento horario coinciden con CapEfecNeta, DispoReal y DispoCome y la descripcion oficial corresponde a potencia neta.",200.0
2026-06-07,Recurso,3ENA,,Hour20,200000.0,kWh,kW,True,"La magnitud y comportamiento horario coinciden con CapEfecNeta, DispoReal y DispoCome y la descripcion oficial corresponde a potencia neta.",200.0
2026-06-07,Recurso,3ENA,,Hour21,200000.0,kWh,kW,True,"La magnitud y comportamiento horario coinciden con CapEfecNeta, DispoReal y DispoCome y la descripcion oficial corresponde a potencia neta.",200.0
2026-06-07,Recurso,3ENA,,Hour22,200000.0,kWh,kW,True,"La magnitud y comportamiento horario coinciden con CapEfecNeta, DispoReal y DispoCome y la descripcion oficial corresponde a potencia neta.",200.0
2026-06-07,Recurso,3ENA,,Hour23,200000.0,kWh,kW,True,"La magnitud y comportamiento horario coinciden con CapEfecNeta, DispoReal y DispoCome y la descripcion oficial corresponde a potencia neta.",200.0
2026-06-07,Recurso,3ENA,,Hour24,200000.0,kWh,kW,True,"La magnitud y comportamiento horario coinciden con CapEfecNeta, DispoReal y DispoCome y la descripcion oficial corresponde a potencia neta.",200.0
2026-06-07,Recurso,4YCN,,Hour01,25000.0,kWh,kW,True,"La magnitud y comportamiento horario coinciden con CapEfecNeta, DispoReal y DispoCome y la descripcion oficial corresponde a potencia neta.",25.0
2026-06-07,Recurso,4YCN,,Hour02,25000.0,kWh,kW,True,"La magnitud y comportamiento horario coinciden con CapEfecNeta, DispoReal y DispoCome y la descripcion oficial corresponde a potencia neta.",25.0
2026-06-07,Recurso,4YCN,,Hour03,25000.0,kWh,kW,True,"La magnitud y comportamiento horario coinciden con CapEfecNeta, DispoReal y DispoCome y la descripcion oficial corresponde a potencia neta.",25.0
2026-06-07,Recurso,4YCN,,Hour04,25000.0,kWh,kW,True,"La magnitud y comportamiento horario coinciden con CapEfecNeta, DispoReal y DispoCome y la descripcion oficial corresponde a potencia neta.",25.0
2026-06-07,Recurso,4YCN,,Hour05,25000.0,kWh,kW,True,"La magnitud y comportamiento horario coinciden con CapEfecNeta, DispoReal y DispoCome y la descripcion oficial corresponde a potencia neta.",25.0
2026-06-07,Recurso,4YCN,,Hour06,25000.0,kWh,kW,True,"La magnitud y comportamiento horario coinciden con CapEfecNeta, DispoReal y DispoCome y la descripcion oficial corresponde a potencia neta.",25.0
2026-06-07,Recurso,4YCN,,Hour07,25000.0,kWh,kW,True,"La magnitud y comportamiento horario coinciden con CapEfecNeta, DispoReal y DispoCome y la descripcion oficial corresponde a potencia neta.",25.0
2026-06-07,Recurso,4YCN,,Hour08,25000.0,kWh,kW,True,"La magnitud y comportamiento horario coinciden con CapEfecNeta, DispoReal y DispoCome y la descripcion oficial corresponde a potencia neta.",25.0
2026-06-07,Recurso,4YCN,,Hour09,25000.0,kWh,kW,True,"La magnitud y comportamiento horario coinciden con CapEfecNeta, DispoReal y DispoCome y la descripcion oficial corresponde a potencia neta.",25.0
2026-06-07,Recurso,4YCN,,Hour10,25000.0,kWh,kW,True,"La magnitud y comportamiento horario coinciden con CapEfecNeta, DispoReal y DispoCome y la descripcion oficial corresponde a potencia neta.",25.0
2026-06-07,Recurso,4YCN,,Hour11,25000.0,kWh,kW,True,"La magnitud y comportamiento horario coinciden con CapEfecNeta, DispoReal y DispoCome y la descripcion oficial corresponde a potencia neta.",25.0
2026-06-07,Recurso,4YCN,,Hour12,25000.0,kWh,kW,True,"La magnitud y comportamiento horario coinciden con CapEfecNeta, DispoReal y DispoCome y la descripcion oficial corresponde a potencia neta.",25.0
2026-06-07,Recurso,4YCN,,Hour13,25000.0,kWh,kW,True,"La magnitud y comportamiento horario coinciden con CapEfecNeta, DispoReal y DispoCome y la descripcion oficial corresponde a potencia neta.",25.0
2026-06-07,Recurso,4YCN,,Hour14,25000.0,kWh,kW,True,"La magnitud y comportamiento horario coinciden con CapEfecNeta, DispoReal y DispoCome y la descripcion oficial corresponde a potencia neta.",25.0
2026-06-07,Recurso,4YCN,,Hour15,25000.0,kWh,kW,True,"La magnitud y comportamiento horario coinciden con CapEfecNeta, DispoReal y DispoCome y la descripcion oficial corresponde a potencia neta.",25.0
2026-06-07,Recurso,4YCN,,Hour16,25000.0,kWh,kW,True,"La magnitud y comportamiento horario coinciden con CapEfecNeta, DispoReal y DispoCome y la descripcion oficial corresponde a potencia neta.",25.0
2026-06-07,Recurso,4YCN,,Hour17,25000.0,kWh,kW,True,"La magnitud y comportamiento horario coinciden con CapEfecNeta, DispoReal y DispoCome y la descripcion oficial corresponde a potencia neta.",25.0
2026-06-07,Recurso,4YCN,,Hour18,25000.0,kWh,kW,True,"La magnitud y comportamiento horario coinciden con CapEfecNeta, DispoReal y DispoCome y la descripcion oficial corresponde a potencia neta.",25.0
2026-06-07,Recurso,4YCN,,Hour19,25000.0,kWh,kW,True,"La magnitud y comportamiento horario coinciden con CapEfecNeta, DispoReal y DispoCome y la descripcion oficial corresponde a potencia neta.",25.0
2026-06-07,Recurso,4YCN,,Hour20,25000.0,kWh,kW,True,"La magnitud y comportamiento horario coinciden con CapEfecNeta, DispoReal y DispoCome y la descripcion oficial corresponde a potencia neta.",25.0
2026-06-07,Recurso,4YCN,,Hour21,25000.0,kWh,kW,True,"La magnitud y comportamiento horario coinciden con CapEfecNeta, DispoReal y DispoCome y la descripcion oficial corresponde a potencia neta.",25.0
2026-06-07,Recurso,4YCN,,Hour22,25000.0,kWh,kW,True,"La magnitud y comportamiento horario coinciden con CapEfecNeta, DispoReal y DispoCome y la descripcion oficial corresponde a potencia neta.",25.0
2026-06-07,Recurso,4YCN,,Hour23,25000.0,kWh,kW,True,"La magnitud y comportamiento horario coinciden con CapEfecNeta, DispoReal y DispoCome y la descripcion oficial corresponde a potencia neta.",25.0
2026-06-07,Recurso,4YCN,,Hour24,25000.0,kWh,kW,True,"La magnitud y comportamiento horario coinciden con CapEfecNeta, DispoReal y DispoCome y la descripcion oficial corresponde a potencia neta.",25.0
2026-06-07,Recurso,5QT6,,Hour01,0.0,kWh,kW,True,"La magnitud y comportamiento horario coinciden con CapEfecNeta, DispoReal y DispoCome y la descripcion oficial corresponde a potencia neta.",0.0
2026-06-07,Recurso,5QT6,,Hour02,0.0,kWh,kW,True,"La magnitud y comportamiento horario coinciden con CapEfecNeta, DispoReal y DispoCome y la descripcion oficial corresponde a potencia neta.",0.0
2026-06-07,Recurso,5QT6,,Hour03,0.0,kWh,kW,True,"La magnitud y comportamiento horario coinciden con CapEfecNeta, DispoReal y DispoCome y la descripcion oficial corresponde a potencia neta.",0.0
2026-06-07,Recurso,5QT6,,Hour04,0.0,kWh,kW,True,"La magnitud y comportamiento horario coinciden con CapEfecNeta, DispoReal y DispoCome y la descripcion oficial corresponde a potencia neta.",0.0
2026-06-07,Recurso,5QT6,,Hour05,0.0,kWh,kW,True,"La magnitud y comportamiento horario coinciden con CapEfecNeta, DispoReal y DispoCome y la descripcion oficial corresponde a potencia neta.",0.0
2026-06-07,Recurso,5QT6,,Hour06,0.0,kWh,kW,True,"La magnitud y comportamiento horario coinciden con CapEfecNeta, DispoReal y DispoCome y la descripcion oficial corresponde a potencia neta.",0.0
2026-06-07,Recurso,5QT6,,Hour07,0.0,kWh,kW,True,"La magnitud y comportamiento horario coinciden con CapEfecNeta, DispoReal y DispoCome y la descripcion oficial corresponde a potencia neta.",0.0
2026-06-07,Recurso,5QT6,,Hour08,0.0,kWh,kW,True,"La magnitud y comportamiento horario coinciden con CapEfecNeta, DispoReal y DispoCome y la descripcion oficial corresponde a potencia neta.",0.0
2026-06-07,Recurso,5QT6,,Hour09,0.0,kWh,kW,True,"La magnitud y comportamiento horario coinciden con CapEfecNeta, DispoReal y DispoCome y la descripcion oficial corresponde a potencia neta.",0.0
2026-06-07,Recurso,5QT6,,Hour10,0.0,kWh,kW,True,"La magnitud y comportamiento horario coinciden con CapEfecNeta, DispoReal y DispoCome y la descripcion oficial corresponde a potencia neta.",0.0
2026-06-07,Recurso,5QT6,,Hour11,0.0,kWh,kW,True,"La magnitud y comportamiento horario coinciden con CapEfecNeta, DispoReal y DispoCome y la descripcion oficial corresponde a potencia neta.",0.0
2026-06-07,Recurso,5QT6,,Hour12,0.0,kWh,kW,True,"La magnitud y comportamiento horario coinciden con CapEfecNeta, DispoReal y DispoCome y la descripcion oficial corresponde a potencia neta.",0.0
2026-06-07,Recurso,5QT6,,Hour13,0.0,kWh,kW,True,"La magnitud y comportamiento horario coinciden con CapEfecNeta, DispoReal y DispoCome y la descripcion oficial corresponde a potencia neta.",0.0
2026-06-07,Recurso,5QT6,,Hour14,0.0,kWh,kW,True,"La magnitud y comportamiento horario coinciden con CapEfecNeta, DispoReal y DispoCome y la descripcion oficial corresponde a potencia neta.",0.0
2026-06-07,Recurso,5QT6,,Hour15,0.0,kWh,kW,True,"La magnitud y comportamiento horario coinciden con CapEfecNeta, DispoReal y DispoCome y la descripcion oficial corresponde a potencia neta.",0.0
2026-06-07,Recurso,5QT6,,Hour16,0.0,kWh,kW,True,"La magnitud y comportamiento horario coinciden con CapEfecNeta, DispoReal y DispoCome y la descripcion oficial corresponde a potencia neta.",0.0
2026-06-07,Recurso,5QT6,,Hour17,0.0,kWh,kW,True,"La magnitud y comportamiento horario coinciden con CapEfecNeta, DispoReal y DispoCome y la descripcion oficial corresponde a potencia neta.",0.0
2026-06-07,Recurso,5QT6,,Hour18,0.0,kWh,kW,True,"La magnitud y comportamiento horario coinciden con CapEfecNeta, DispoReal y DispoCome y la descripcion oficial corresponde a potencia neta.",0.0
2026-06-07,Recurso,5QT6,,Hour19,0.0,kWh,kW,True,"La magnitud y comportamiento horario coinciden con CapEfecNeta, DispoReal y DispoCome y la descripcion oficial corresponde a potencia neta.",0.0
2026-06-07,Recurso,5QT6,,Hour20,0.0,kWh,kW,True,"La magnitud y comportamiento horario coinciden con CapEfecNeta, DispoReal y DispoCome y la descripcion oficial corresponde a potencia neta.",0.0
2026-06-07,Recurso,5QT6,,Hour21,0.0,kWh,kW,True,"La magnitud y comportamiento horario coinciden con CapEfecNeta, DispoReal y DispoCome y la descripcion oficial corresponde a potencia neta.",0.0
2026-06-07,Recurso,5QT6,,Hour22,0.0,kWh,kW,True,"La magnitud y comportamiento horario coinciden con CapEfecNeta, DispoReal y DispoCome y la descripcion oficial corresponde a potencia neta.",0.0
2026-06-07,Recurso,5QT6,,Hour23,0.0,kWh,kW,True,"La magnitud y comportamiento horario coinciden con CapEfecNeta, DispoReal y DispoCome y la descripcion oficial corresponde a potencia neta.",0.0
2026-06-07,Recurso,5QT6,,Hour24,0.0,kWh,kW,True,"La magnitud y comportamiento horario coinciden con CapEfecNeta, DispoReal y DispoCome y la descripcion oficial corresponde a potencia neta.",0.0
2026-06-07,Recurso,ALBG,,Hour01,287000.0,kWh,kW,True,"La magnitud y comportamiento horario coinciden con CapEfecNeta, DispoReal y DispoCome y la descripcion oficial corresponde a potencia neta.",287.0
2026-06-07,Recurso,ALBG,,Hour02,287000.0,kWh,kW,True,"La magnitud y comportamiento horario coinciden con CapEfecNeta, DispoReal y DispoCome y la descripcion oficial corresponde a potencia neta.",287.0
2026-06-07,Recurso,ALBG,,Hour03,287000.0,kWh,kW,True,"La magnitud y comportamiento horario coinciden con CapEfecNeta, DispoReal y DispoCome y la descripcion oficial corresponde a potencia neta.",287.0
2026-06-07,Recurso,ALBG,,Hour04,287000.0,kWh,kW,True,"La magnitud y comportamiento horario coinciden con CapEfecNeta, DispoReal y DispoCome y la descripcion oficial corresponde a potencia neta.",287.0
2026-06-07,Recurso,ALBG,,Hour05,287000.0,kWh,kW,True,"La magnitud y comportamiento horario coinciden con CapEfecNeta, DispoReal y DispoCome y la descripcion oficial corresponde a potencia neta.",287.0
2026-06-07,Recurso,ALBG,,Hour06,287000.0,kWh,kW,True,"La magnitud y comportamiento horario coinciden con CapEfecNeta, DispoReal y DispoCome y la descripcion oficial corresponde a potencia neta.",287.0
2026-06-07,Recurso,ALBG,,Hour07,287000.0,kWh,kW,True,"La magnitud y comportamiento horario coinciden con CapEfecNeta, DispoReal y DispoCome y la descripcion oficial corresponde a potencia neta.",287.0
2026-06-07,Recurso,ALBG,,Hour08,287000.0,kWh,kW,True,"La magnitud y comportamiento horario coinciden con CapEfecNeta, DispoReal y DispoCome y la descripcion oficial corresponde a potencia neta.",287.0
2026-06-07,Recurso,ALBG,,Hour09,287000.0,kWh,kW,True,"La magnitud y comportamiento horario coinciden con CapEfecNeta, DispoReal y DispoCome y la descripcion oficial corresponde a potencia neta.",287.0
2026-06-07,Recurso,ALBG,,Hour10,287000.0,kWh,kW,True,"La magnitud y comportamiento horario coinciden con CapEfecNeta, DispoReal y DispoCome y la descripcion oficial corresponde a potencia neta.",287.0
2026-06-07,Recurso,ALBG,,Hour11,287000.0,kWh,kW,True,"La magnitud y comportamiento horario coinciden con CapEfecNeta, DispoReal y DispoCome y la descripcion oficial corresponde a potencia neta.",287.0
2026-06-07,Recurso,ALBG,,Hour12,287000.0,kWh,kW,True,"La magnitud y comportamiento horario coinciden con CapEfecNeta, DispoReal y DispoCome y la descripcion oficial corresponde a potencia neta.",287.0
2026-06-07,Recurso,ALBG,,Hour13,287000.0,kWh,kW,True,"La magnitud y comportamiento horario coinciden con CapEfecNeta, DispoReal y DispoCome y la descripcion oficial corresponde a potencia neta.",287.0
2026-06-07,Recurso,ALBG,,Hour14,287000.0,kWh,kW,True,"La magnitud y comportamiento horario coinciden con CapEfecNeta, DispoReal y DispoCome y la descripcion oficial corresponde a potencia neta.",287.0
2026-06-07,Recurso,ALBG,,Hour15,287000.0,kWh,kW,True,"La magnitud y comportamiento horario coinciden con CapEfecNeta, DispoReal y DispoCome y la descripcion oficial corresponde a potencia neta.",287.0
2026-06-07,Recurso,ALBG,,Hour16,287000.0,kWh,kW,True,"La magnitud y comportamiento horario coinciden con CapEfecNeta, DispoReal y DispoCome y la descripcion oficial corresponde a potencia neta.",287.0
2026-06-07,Recurso,ALBG,,Hour17,287000.0,kWh,kW,True,"La magnitud y comportamiento horario coinciden con CapEfecNeta, DispoReal y DispoCome y la descripcion oficial corresponde a potencia neta.",287.0
2026-06-07,Recurso,ALBG,,Hour18,287000.0,kWh,kW,True,"La magnitud y comportamiento horario coinciden con CapEfecNeta, DispoReal y DispoCome y la descripcion oficial corresponde a potencia neta.",287.0
2026-06-07,Recurso,ALBG,,Hour19,287000.0,kWh,kW,True,"La magnitud y comportamiento horario coinciden con CapEfecNeta, DispoReal y DispoCome y la descripcion oficial corresponde a potencia neta.",287.0
2026-06-07,Recurso,ALBG,,Hour20,287000.0,kWh,kW,True,"La magnitud y comportamiento horario coinciden con CapEfecNeta, DispoReal y DispoCome y la descripcion oficial corresponde a potencia neta.",287.0
2026-06-07,Recurso,ALBG,,Hour21,287000.0,kWh,kW,True,"La magnitud y comportamiento horario coinciden con CapEfecNeta, DispoReal y DispoCome y la descripcion oficial corresponde a potencia neta.",287.0
2026-06-07,Recurso,ALBG,,Hour22,287000.0,kWh,kW,True,"La magnitud y comportamiento horario coinciden con CapEfecNeta, DispoReal y DispoCome y la descripcion oficial corresponde a potencia neta.",287.0
2026-06-07,Recurso,ALBG,,Hour23,287000.0,kWh,kW,True,"La magnitud y comportamiento horario coinciden con CapEfecNeta, DispoReal y DispoCome y la descripcion oficial corresponde a potencia neta.",287.0
2026-06-07,Recurso,ALBG,,Hour24,287000.0,kWh,kW,True,"La magnitud y comportamiento horario coinciden con CapEfecNeta, DispoReal y DispoCome y la descripcion oficial corresponde a potencia neta.",287.0
2026-06-07,Recurso,CHBG,,Hour01,330000.0,kWh,kW,True,"La magnitud y comportamiento horario coinciden con CapEfecNeta, DispoReal y DispoCome y la descripcion oficial corresponde a potencia neta.",330.0
2026-06-07,Recurso,CHBG,,Hour02,330000.0,kWh,kW,True,"La magnitud y comportamiento horario coinciden con CapEfecNeta, DispoReal y DispoCome y la descripcion oficial corresponde a potencia neta.",330.0
2026-06-07,Recurso,CHBG,,Hour03,330000.0,kWh,kW,True,"La magnitud y comportamiento horario coinciden con CapEfecNeta, DispoReal y DispoCome y la descripcion oficial corresponde a potencia neta.",330.0
2026-06-07,Recurso,CHBG,,Hour04,330000.0,kWh,kW,True,"La magnitud y comportamiento horario coinciden con CapEfecNeta, DispoReal y DispoCome y la descripcion oficial corresponde a potencia neta.",330.0
2026-06-07,Recurso,CHBG,,Hour05,330000.0,kWh,kW,True,"La magnitud y comportamiento horario coinciden con CapEfecNeta, DispoReal y DispoCome y la descripcion oficial corresponde a potencia neta.",330.0
2026-06-07,Recurso,CHBG,,Hour06,330000.0,kWh,kW,True,"La magnitud y comportamiento horario coinciden con CapEfecNeta, DispoReal y DispoCome y la descripcion oficial corresponde a potencia neta.",330.0
2026-06-07,Recurso,CHBG,,Hour07,330000.0,kWh,kW,True,"La magnitud y comportamiento horario coinciden con CapEfecNeta, DispoReal y DispoCome y la descripcion oficial corresponde a potencia neta.",330.0
2026-06-07,Recurso,CHBG,,Hour08,330000.0,kWh,kW,True,"La magnitud y comportamiento horario coinciden con CapEfecNeta, DispoReal y DispoCome y la descripcion oficial corresponde a potencia neta.",330.0
2026-06-07,Recurso,CHBG,,Hour09,330000.0,kWh,kW,True,"La magnitud y comportamiento horario coinciden con CapEfecNeta, DispoReal y DispoCome y la descripcion oficial corresponde a potencia neta.",330.0
2026-06-07,Recurso,CHBG,,Hour10,330000.0,kWh,kW,True,"La magnitud y comportamiento horario coinciden con CapEfecNeta, DispoReal y DispoCome y la descripcion oficial corresponde a potencia neta.",330.0
2026-06-07,Recurso,CHBG,,Hour11,330000.0,kWh,kW,True,"La magnitud y comportamiento horario coinciden con CapEfecNeta, DispoReal y DispoCome y la descripcion oficial corresponde a potencia neta.",330.0
2026-06-07,Recurso,CHBG,,Hour12,330000.0,kWh,kW,True,"La magnitud y comportamiento horario coinciden con CapEfecNeta, DispoReal y DispoCome y la descripcion oficial corresponde a potencia neta.",330.0
2026-06-07,Recurso,CHBG,,Hour13,330000.0,kWh,kW,True,"La magnitud y comportamiento horario coinciden con CapEfecNeta, DispoReal y DispoCome y la descripcion oficial corresponde a potencia neta.",330.0
2026-06-07,Recurso,CHBG,,Hour14,330000.0,kWh,kW,True,"La magnitud y comportamiento horario coinciden con CapEfecNeta, DispoReal y DispoCome y la descripcion oficial corresponde a potencia neta.",330.0
2026-06-07,Recurso,CHBG,,Hour15,330000.0,kWh,kW,True,"La magnitud y comportamiento horario coinciden con CapEfecNeta, DispoReal y DispoCome y la descripcion oficial corresponde a potencia neta.",330.0
2026-06-07,Recurso,CHBG,,Hour16,330000.0,kWh,kW,True,"La magnitud y comportamiento horario coinciden con CapEfecNeta, DispoReal y DispoCome y la descripcion oficial corresponde a potencia neta.",330.0
2026-06-07,Recurso,CHBG,,Hour17,330000.0,kWh,kW,True,"La magnitud y comportamiento horario coinciden con CapEfecNeta, DispoReal y DispoCome y la descripcion oficial corresponde a potencia neta.",330.0
2026-06-07,Recurso,CHBG,,Hour18,330000.0,kWh,kW,True,"La magnitud y comportamiento horario coinciden con CapEfecNeta, DispoReal y DispoCome y la descripcion oficial corresponde a potencia neta.",330.0
2026-06-07,Recurso,CHBG,,Hour19,330000.0,kWh,kW,True,"La magnitud y comportamiento horario coinciden con CapEfecNeta, DispoReal y DispoCome y la descripcion oficial corresponde a potencia neta.",330.0
2026-06-07,Recurso,CHBG,,Hour20,330000.0,kWh,kW,True,"La magnitud y comportamiento horario coinciden con CapEfecNeta, DispoReal y DispoCome y la descripcion oficial corresponde a potencia neta.",330.0
2026-06-07,Recurso,CHBG,,Hour21,330000.0,kWh,kW,True,"La magnitud y comportamiento horario coinciden con CapEfecNeta, DispoReal y DispoCome y la descripcion oficial corresponde a potencia neta.",330.0
2026-06-07,Recurso,CHBG,,Hour22,330000.0,kWh,kW,True,"La magnitud y comportamiento horario coinciden con CapEfecNeta, DispoReal y DispoCome y la descripcion oficial corresponde a potencia neta.",330.0
2026-06-07,Recurso,CHBG,,Hour23,330000.0,kWh,kW,True,"La magnitud y comportamiento horario coinciden con CapEfecNeta, DispoReal y DispoCome y la descripcion oficial corresponde a potencia neta.",330.0
2026-06-07,Recurso,CHBG,,Hour24,330000.0,kWh,kW,True,"La magnitud y comportamiento horario coinciden con CapEfecNeta, DispoReal y DispoCome y la descripcion oficial corresponde a potencia neta.",330.0
2026-06-07,Recurso,CHVR,,Hour01,875000.0,kWh,kW,True,"La magnitud y comportamiento horario coinciden con CapEfecNeta, DispoReal y DispoCome y la descripcion oficial corresponde a potencia neta.",875.0
2026-06-07,Recurso,CHVR,,Hour02,875000.0,kWh,kW,True,"La magnitud y comportamiento horario coinciden con CapEfecNeta, DispoReal y DispoCome y la descripcion oficial corresponde a potencia neta.",875.0
2026-06-07,Recurso,CHVR,,Hour03,875000.0,kWh,kW,True,"La magnitud y comportamiento horario coinciden con CapEfecNeta, DispoReal y DispoCome y la descripcion oficial corresponde a potencia neta.",875.0
2026-06-07,Recurso,CHVR,,Hour04,875000.0,kWh,kW,True,"La magnitud y comportamiento horario coinciden con CapEfecNeta, DispoReal y DispoCome y la descripcion oficial corresponde a potencia neta.",875.0
2026-06-07,Recurso,CHVR,,Hour05,875000.0,kWh,kW,True,"La magnitud y comportamiento horario coinciden con CapEfecNeta, DispoReal y DispoCome y la descripcion oficial corresponde a potencia neta.",875.0
2026-06-07,Recurso,CHVR,,Hour06,875000.0,kWh,kW,True,"La magnitud y comportamiento horario coinciden con CapEfecNeta, DispoReal y DispoCome y la descripcion oficial corresponde a potencia neta.",875.0
2026-06-07,Recurso,CHVR,,Hour07,875000.0,kWh,kW,True,"La magnitud y comportamiento horario coinciden con CapEfecNeta, DispoReal y DispoCome y la descripcion oficial corresponde a potencia neta.",875.0
2026-06-07,Recurso,CHVR,,Hour08,875000.0,kWh,kW,True,"La magnitud y comportamiento horario coinciden con CapEfecNeta, DispoReal y DispoCome y la descripcion oficial corresponde a potencia neta.",875.0
2026-06-07,Recurso,CHVR,,Hour09,875000.0,kWh,kW,True,"La magnitud y comportamiento horario coinciden con CapEfecNeta, DispoReal y DispoCome y la descripcion oficial corresponde a potencia neta.",875.0
2026-06-07,Recurso,CHVR,,Hour10,875000.0,kWh,kW,True,"La magnitud y comportamiento horario coinciden con CapEfecNeta, DispoReal y DispoCome y la descripcion oficial corresponde a potencia neta.",875.0
2026-06-07,Recurso,CHVR,,Hour11,875000.0,kWh,kW,True,"La magnitud y comportamiento horario coinciden con CapEfecNeta, DispoReal y DispoCome y la descripcion oficial corresponde a potencia neta.",875.0
2026-06-07,Recurso,CHVR,,Hour12,875000.0,kWh,kW,True,"La magnitud y comportamiento horario coinciden con CapEfecNeta, DispoReal y DispoCome y la descripcion oficial corresponde a potencia neta.",875.0
2026-06-07,Recurso,CHVR,,Hour13,875000.0,kWh,kW,True,"La magnitud y comportamiento horario coinciden con CapEfecNeta, DispoReal y DispoCome y la descripcion oficial corresponde a potencia neta.",875.0
2026-06-07,Recurso,CHVR,,Hour14,875000.0,kWh,kW,True,"La magnitud y comportamiento horario coinciden con CapEfecNeta, DispoReal y DispoCome y la descripcion oficial corresponde a potencia neta.",875.0
2026-06-07,Recurso,CHVR,,Hour15,875000.0,kWh,kW,True,"La magnitud y comportamiento horario coinciden con CapEfecNeta, DispoReal y DispoCome y la descripcion oficial corresponde a potencia neta.",875.0
2026-06-07,Recurso,CHVR,,Hour16,875000.0,kWh,kW,True,"La magnitud y comportamiento horario coinciden con CapEfecNeta, DispoReal y DispoCome y la descripcion oficial corresponde a potencia neta.",875.0
2026-06-07,Recurso,CHVR,,Hour17,875000.0,kWh,kW,True,"La magnitud y comportamiento horario coinciden con CapEfecNeta, DispoReal y DispoCome y la descripcion oficial corresponde a potencia neta.",875.0
2026-06-07,Recurso,CHVR,,Hour18,875000.0,kWh,kW,True,"La magnitud y comportamiento horario coinciden con CapEfecNeta, DispoReal y DispoCome y la descripcion oficial corresponde a potencia neta.",875.0
2026-06-07,Recurso,CHVR,,Hour19,875000.0,kWh,kW,True,"La magnitud y comportamiento horario coinciden con CapEfecNeta, DispoReal y DispoCome y la descripcion oficial corresponde a potencia neta.",875.0
2026-06-07,Recurso,CHVR,,Hour20,875000.0,kWh,kW,True,"La magnitud y comportamiento horario coinciden con CapEfecNeta, DispoReal y DispoCome y la descripcion oficial corresponde a potencia neta.",875.0
2026-06-07,Recurso,CHVR,,Hour21,875000.0,kWh,kW,True,"La magnitud y comportamiento horario coinciden con CapEfecNeta, DispoReal y DispoCome y la descripcion oficial corresponde a potencia neta.",875.0
2026-06-07,Recurso,CHVR,,Hour22,875000.0,kWh,kW,True,"La magnitud y comportamiento horario coinciden con CapEfecNeta, DispoReal y DispoCome y la descripcion oficial corresponde a potencia neta.",875.0
2026-06-07,Recurso,CHVR,,Hour23,875000.0,kWh,kW,True,"La magnitud y comportamiento horario coinciden con CapEfecNeta, DispoReal y DispoCome y la descripcion oficial corresponde a potencia neta.",875.0
2026-06-07,Recurso,CHVR,,Hour24,875000.0,kWh,kW,True,"La magnitud y comportamiento horario coinciden con CapEfecNeta, DispoReal y DispoCome y la descripcion oficial corresponde a potencia neta.",875.0
2026-06-07,Recurso,CLL1,,Hour01,78000.0,kWh,kW,True,"La magnitud y comportamiento horario coinciden con CapEfecNeta, DispoReal y DispoCome y la descripcion oficial corresponde a potencia neta.",78.0
2026-06-07,Recurso,CLL1,,Hour02,78000.0,kWh,kW,True,"La magnitud y comportamiento horario coinciden con CapEfecNeta, DispoReal y DispoCome y la descripcion oficial corresponde a potencia neta.",78.0
2026-06-07,Recurso,CLL1,,Hour03,78000.0,kWh,kW,True,"La magnitud y comportamiento horario coinciden con CapEfecNeta, DispoReal y DispoCome y la descripcion oficial corresponde a potencia neta.",78.0
2026-06-07,Recurso,CLL1,,Hour04,78000.0,kWh,kW,True,"La magnitud y comportamiento horario coinciden con CapEfecNeta, DispoReal y DispoCome y la descripcion oficial corresponde a potencia neta.",78.0
2026-06-07,Recurso,CLL1,,Hour05,78000.0,kWh,kW,True,"La magnitud y comportamiento horario coinciden con CapEfecNeta, DispoReal y DispoCome y la descripcion oficial corresponde a potencia neta.",78.0
2026-06-07,Recurso,CLL1,,Hour06,78000.0,kWh,kW,True,"La magnitud y comportamiento horario coinciden con CapEfecNeta, DispoReal y DispoCome y la descripcion oficial corresponde a potencia neta.",78.0
2026-06-07,Recurso,CLL1,,Hour07,78000.0,kWh,kW,True,"La magnitud y comportamiento horario coinciden con CapEfecNeta, DispoReal y DispoCome y la descripcion oficial corresponde a potencia neta.",78.0
2026-06-07,Recurso,CLL1,,Hour08,78000.0,kWh,kW,True,"La magnitud y comportamiento horario coinciden con CapEfecNeta, DispoReal y DispoCome y la descripcion oficial corresponde a potencia neta.",78.0
2026-06-07,Recurso,CLL1,,Hour09,78000.0,kWh,kW,True,"La magnitud y comportamiento horario coinciden con CapEfecNeta, DispoReal y DispoCome y la descripcion oficial corresponde a potencia neta.",78.0
2026-06-07,Recurso,CLL1,,Hour10,78000.0,kWh,kW,True,"La magnitud y comportamiento horario coinciden con CapEfecNeta, DispoReal y DispoCome y la descripcion oficial corresponde a potencia neta.",78.0
2026-06-07,Recurso,CLL1,,Hour11,78000.0,kWh,kW,True,"La magnitud y comportamiento horario coinciden con CapEfecNeta, DispoReal y DispoCome y la descripcion oficial corresponde a potencia neta.",78.0
2026-06-07,Recurso,CLL1,,Hour12,78000.0,kWh,kW,True,"La magnitud y comportamiento horario coinciden con CapEfecNeta, DispoReal y DispoCome y la descripcion oficial corresponde a potencia neta.",78.0
2026-06-07,Recurso,CLL1,,Hour13,78000.0,kWh,kW,True,"La magnitud y comportamiento horario coinciden con CapEfecNeta, DispoReal y DispoCome y la descripcion oficial corresponde a potencia neta.",78.0
2026-06-07,Recurso,CLL1,,Hour14,78000.0,kWh,kW,True,"La magnitud y comportamiento horario coinciden con CapEfecNeta, DispoReal y DispoCome y la descripcion oficial corresponde a potencia neta.",78.0
2026-06-07,Recurso,CLL1,,Hour15,78000.0,kWh,kW,True,"La magnitud y comportamiento horario coinciden con CapEfecNeta, DispoReal y DispoCome y la descripcion oficial corresponde a potencia neta.",78.0
2026-06-07,Recurso,CLL1,,Hour16,78000.0,kWh,kW,True,"La magnitud y comportamiento horario coinciden con CapEfecNeta, DispoReal y DispoCome y la descripcion oficial corresponde a potencia neta.",78.0
2026-06-07,Recurso,CLL1,,Hour17,78000.0,kWh,kW,True,"La magnitud y comportamiento horario coinciden con CapEfecNeta, DispoReal y DispoCome y la descripcion oficial corresponde a potencia neta.",78.0
2026-06-07,Recurso,CLL1,,Hour18,78000.0,kWh,kW,True,"La magnitud y comportamiento horario coinciden con CapEfecNeta, DispoReal y DispoCome y la descripcion oficial corresponde a potencia neta.",78.0
2026-06-07,Recurso,CLL1,,Hour19,78000.0,kWh,kW,True,"La magnitud y comportamiento horario coinciden con CapEfecNeta, DispoReal y DispoCome y la descripcion oficial corresponde a potencia neta.",78.0
2026-06-07,Recurso,CLL1,,Hour20,78000.0,kWh,kW,True,"La magnitud y comportamiento horario coinciden con CapEfecNeta, DispoReal y DispoCome y la descripcion oficial corresponde a potencia neta.",78.0
2026-06-07,Recurso,CLL1,,Hour21,78000.0,kWh,kW,True,"La magnitud y comportamiento horario coinciden con CapEfecNeta, DispoReal y DispoCome y la descripcion oficial corresponde a potencia neta.",78.0
2026-06-07,Recurso,CLL1,,Hour22,78000.0,kWh,kW,True,"La magnitud y comportamiento horario coinciden con CapEfecNeta, DispoReal y DispoCome y la descripcion oficial corresponde a potencia neta.",78.0
2026-06-07,Recurso,CLL1,,Hour23,78000.0,kWh,kW,True,"La magnitud y comportamiento horario coinciden con CapEfecNeta, DispoReal y DispoCome y la descripcion oficial corresponde a potencia neta.",78.0
2026-06-07,Recurso,CLL1,,Hour24,78000.0,kWh,kW,True,"La magnitud y comportamiento horario coinciden con CapEfecNeta, DispoReal y DispoCome y la descripcion oficial corresponde a potencia neta.",78.0
2026-06-07,Recurso,CLMG,,Hour01,132000.0,kWh,kW,True,"La magnitud y comportamiento horario coinciden con CapEfecNeta, DispoReal y DispoCome y la descripcion oficial corresponde a potencia neta.",132.0
2026-06-07,Recurso,CLMG,,Hour02,132000.0,kWh,kW,True,"La magnitud y comportamiento horario coinciden con CapEfecNeta, DispoReal y DispoCome y la descripcion oficial corresponde a potencia neta.",132.0
2026-06-07,Recurso,CLMG,,Hour03,132000.0,kWh,kW,True,"La magnitud y comportamiento horario coinciden con CapEfecNeta, DispoReal y DispoCome y la descripcion oficial corresponde a potencia neta.",132.0
2026-06-07,Recurso,CLMG,,Hour04,132000.0,kWh,kW,True,"La magnitud y comportamiento horario coinciden con CapEfecNeta, DispoReal y DispoCome y la descripcion oficial corresponde a potencia neta.",132.0
2026-06-07,Recurso,CLMG,,Hour05,132000.0,kWh,kW,True,"La magnitud y comportamiento horario coinciden con CapEfecNeta, DispoReal y DispoCome y la descripcion oficial corresponde a potencia neta.",132.0
2026-06-07,Recurso,CLMG,,Hour06,132000.0,kWh,kW,True,"La magnitud y comportamiento horario coinciden con CapEfecNeta, DispoReal y DispoCome y la descripcion oficial corresponde a potencia neta.",132.0
2026-06-07,Recurso,CLMG,,Hour07,132000.0,kWh,kW,True,"La magnitud y comportamiento horario coinciden con CapEfecNeta, DispoReal y DispoCome y la descripcion oficial corresponde a potencia neta.",132.0
2026-06-07,Recurso,CLMG,,Hour08,132000.0,kWh,kW,True,"La magnitud y comportamiento horario coinciden con CapEfecNeta, DispoReal y DispoCome y la descripcion oficial corresponde a potencia neta.",132.0
2026-06-07,Recurso,CLMG,,Hour09,132000.0,kWh,kW,True,"La magnitud y comportamiento horario coinciden con CapEfecNeta, DispoReal y DispoCome y la descripcion oficial corresponde a potencia neta.",132.0
2026-06-07,Recurso,CLMG,,Hour10,132000.0,kWh,kW,True,"La magnitud y comportamiento horario coinciden con CapEfecNeta, DispoReal y DispoCome y la descripcion oficial corresponde a potencia neta.",132.0
2026-06-07,Recurso,CLMG,,Hour11,132000.0,kWh,kW,True,"La magnitud y comportamiento horario coinciden con CapEfecNeta, DispoReal y DispoCome y la descripcion oficial corresponde a potencia neta.",132.0
2026-06-07,Recurso,CLMG,,Hour12,132000.0,kWh,kW,True,"La magnitud y comportamiento horario coinciden con CapEfecNeta, DispoReal y DispoCome y la descripcion oficial corresponde a potencia neta.",132.0
2026-06-07,Recurso,CLMG,,Hour13,132000.0,kWh,kW,True,"La magnitud y comportamiento horario coinciden con CapEfecNeta, DispoReal y DispoCome y la descripcion oficial corresponde a potencia neta.",132.0
2026-06-07,Recurso,CLMG,,Hour14,132000.0,kWh,kW,True,"La magnitud y comportamiento horario coinciden con CapEfecNeta, DispoReal y DispoCome y la descripcion oficial corresponde a potencia neta.",132.0
2026-06-07,Recurso,CLMG,,Hour15,132000.0,kWh,kW,True,"La magnitud y comportamiento horario coinciden con CapEfecNeta, DispoReal y DispoCome y la descripcion oficial corresponde a potencia neta.",132.0
2026-06-07,Recurso,CLMG,,Hour16,132000.0,kWh,kW,True,"La magnitud y comportamiento horario coinciden con CapEfecNeta, DispoReal y DispoCome y la descripcion oficial corresponde a potencia neta.",132.0
2026-06-07,Recurso,CLMG,,Hour17,132000.0,kWh,kW,True,"La magnitud y comportamiento horario coinciden con CapEfecNeta, DispoReal y DispoCome y la descripcion oficial corresponde a potencia neta.",132.0
2026-06-07,Recurso,CLMG,,Hour18,132000.0,kWh,kW,True,"La magnitud y comportamiento horario coinciden con CapEfecNeta, DispoReal y DispoCome y la descripcion oficial corresponde a potencia neta.",132.0
2026-06-07,Recurso,CLMG,,Hour19,132000.0,kWh,kW,True,"La magnitud y comportamiento horario coinciden con CapEfecNeta, DispoReal y DispoCome y la descripcion oficial corresponde a potencia neta.",132.0
2026-06-07,Recurso,CLMG,,Hour20,132000.0,kWh,kW,True,"La magnitud y comportamiento horario coinciden con CapEfecNeta, DispoReal y DispoCome y la descripcion oficial corresponde a potencia neta.",132.0
2026-06-07,Recurso,CLMG,,Hour21,132000.0,kWh,kW,True,"La magnitud y comportamiento horario coinciden con CapEfecNeta, DispoReal y DispoCome y la descripcion oficial corresponde a potencia neta.",132.0
2026-06-07,Recurso,CLMG,,Hour22,132000.0,kWh,kW,True,"La magnitud y comportamiento horario coinciden con CapEfecNeta, DispoReal y DispoCome y la descripcion oficial corresponde a potencia neta.",132.0
2026-06-07,Recurso,CLMG,,Hour23,132000.0,kWh,kW,True,"La magnitud y comportamiento horario coinciden con CapEfecNeta, DispoReal y DispoCome y la descripcion oficial corresponde a potencia neta.",132.0
2026-06-07,Recurso,CLMG,,Hour24,132000.0,kWh,kW,True,"La magnitud y comportamiento horario coinciden con CapEfecNeta, DispoReal y DispoCome y la descripcion oficial corresponde a potencia neta.",132.0
2026-06-07,Recurso,CTG1,,Hour01,30000.0,kWh,kW,True,"La magnitud y comportamiento horario coinciden con CapEfecNeta, DispoReal y DispoCome y la descripcion oficial corresponde a potencia neta.",30.0
2026-06-07,Recurso,CTG1,,Hour02,30000.0,kWh,kW,True,"La magnitud y comportamiento horario coinciden con CapEfecNeta, DispoReal y DispoCome y la descripcion oficial corresponde a potencia neta.",30.0
2026-06-07,Recurso,CTG1,,Hour03,30000.0,kWh,kW,True,"La magnitud y comportamiento horario coinciden con CapEfecNeta, DispoReal y DispoCome y la descripcion oficial corresponde a potencia neta.",30.0
2026-06-07,Recurso,CTG1,,Hour04,30000.0,kWh,kW,True,"La magnitud y comportamiento horario coinciden con CapEfecNeta, DispoReal y DispoCome y la descripcion oficial corresponde a potencia neta.",30.0
2026-06-07,Recurso,CTG1,,Hour05,30000.0,kWh,kW,True,"La magnitud y comportamiento horario coinciden con CapEfecNeta, DispoReal y DispoCome y la descripcion oficial corresponde a potencia neta.",30.0
2026-06-07,Recurso,CTG1,,Hour06,30000.0,kWh,kW,True,"La magnitud y comportamiento horario coinciden con CapEfecNeta, DispoReal y DispoCome y la descripcion oficial corresponde a potencia neta.",30.0
2026-06-07,Recurso,CTG1,,Hour07,30000.0,kWh,kW,True,"La magnitud y comportamiento horario coinciden con CapEfecNeta, DispoReal y DispoCome y la descripcion oficial corresponde a potencia neta.",30.0
2026-06-07,Recurso,CTG1,,Hour08,30000.0,kWh,kW,True,"La magnitud y comportamiento horario coinciden con CapEfecNeta, DispoReal y DispoCome y la descripcion oficial corresponde a potencia neta.",30.0
2026-06-07,Recurso,CTG1,,Hour09,30000.0,kWh,kW,True,"La magnitud y comportamiento horario coinciden con CapEfecNeta, DispoReal y DispoCome y la descripcion oficial corresponde a potencia neta.",30.0
2026-06-07,Recurso,CTG1,,Hour10,30000.0,kWh,kW,True,"La magnitud y comportamiento horario coinciden con CapEfecNeta, DispoReal y DispoCome y la descripcion oficial corresponde a potencia neta.",30.0
2026-06-07,Recurso,CTG1,,Hour11,30000.0,kWh,kW,True,"La magnitud y comportamiento horario coinciden con CapEfecNeta, DispoReal y DispoCome y la descripcion oficial corresponde a potencia neta.",30.0
2026-06-07,Recurso,CTG1,,Hour12,30000.0,kWh,kW,True,"La magnitud y comportamiento horario coinciden con CapEfecNeta, DispoReal y DispoCome y la descripcion oficial corresponde a potencia neta.",30.0
2026-06-07,Recurso,CTG1,,Hour13,30000.0,kWh,kW,True,"La magnitud y comportamiento horario coinciden con CapEfecNeta, DispoReal y DispoCome y la descripcion oficial corresponde a potencia neta.",30.0
2026-06-07,Recurso,CTG1,,Hour14,30000.0,kWh,kW,True,"La magnitud y comportamiento horario coinciden con CapEfecNeta, DispoReal y DispoCome y la descripcion oficial corresponde a potencia neta.",30.0
2026-06-07,Recurso,CTG1,,Hour15,30000.0,kWh,kW,True,"La magnitud y comportamiento horario coinciden con CapEfecNeta, DispoReal y DispoCome y la descripcion oficial corresponde a potencia neta.",30.0
2026-06-07,Recurso,CTG1,,Hour16,30000.0,kWh,kW,True,"La magnitud y comportamiento horario coinciden con CapEfecNeta, DispoReal y DispoCome y la descripcion oficial corresponde a potencia neta.",30.0
2026-06-07,Recurso,CTG1,,Hour17,30000.0,kWh,kW,True,"La magnitud y comportamiento horario coinciden con CapEfecNeta, DispoReal y DispoCome y la descripcion oficial corresponde a potencia neta.",30.0
2026-06-07,Recurso,CTG1,,Hour18,30000.0,kWh,kW,True,"La magnitud y comportamiento horario coinciden con CapEfecNeta, DispoReal y DispoCome y la descripcion oficial corresponde a potencia neta.",30.0
2026-06-07,Recurso,CTG1,,Hour19,30000.0,kWh,kW,True,"La magnitud y comportamiento horario coinciden con CapEfecNeta, DispoReal y DispoCome y la descripcion oficial corresponde a potencia neta.",30.0
2026-06-07,Recurso,CTG1,,Hour20,30000.0,kWh,kW,True,"La magnitud y comportamiento horario coinciden con CapEfecNeta, DispoReal y DispoCome y la descripcion oficial corresponde a potencia neta.",30.0
2026-06-07,Recurso,CTG1,,Hour21,30000.0,kWh,kW,True,"La magnitud y comportamiento horario coinciden con CapEfecNeta, DispoReal y DispoCome y la descripcion oficial corresponde a potencia neta.",30.0
2026-06-07,Recurso,CTG1,,Hour22,30000.0,kWh,kW,True,"La magnitud y comportamiento horario coinciden con CapEfecNeta, DispoReal y DispoCome y la descripcion oficial corresponde a potencia neta.",30.0
2026-06-07,Recurso,CTG1,,Hour23,30000.0,kWh,kW,True,"La magnitud y comportamiento horario coinciden con CapEfecNeta, DispoReal y DispoCome y la descripcion oficial corresponde a potencia neta.",30.0
2026-06-07,Recurso,CTG1,,Hour24,30000.0,kWh,kW,True,"La magnitud y comportamiento horario coinciden con CapEfecNeta, DispoReal y DispoCome y la descripcion oficial corresponde a potencia neta.",30.0
