Date,Id,code,name,Hour,Value,unit_catalog,unit_effective,unit_override_applied,override_reason,Value_MW
2026-06-01,Recurso,HMIN,,Hour01,55000.0,kWh,kW,True,"La magnitud y comportamiento horario coinciden con CapEfecNeta, DispoReal y DispoCome y la descripcion oficial corresponde a potencia neta.",55.0
2026-06-01,Recurso,HMIN,,Hour02,55000.0,kWh,kW,True,"La magnitud y comportamiento horario coinciden con CapEfecNeta, DispoReal y DispoCome y la descripcion oficial corresponde a potencia neta.",55.0
2026-06-01,Recurso,HMIN,,Hour03,55000.0,kWh,kW,True,"La magnitud y comportamiento horario coinciden con CapEfecNeta, DispoReal y DispoCome y la descripcion oficial corresponde a potencia neta.",55.0
2026-06-01,Recurso,HMIN,,Hour04,55000.0,kWh,kW,True,"La magnitud y comportamiento horario coinciden con CapEfecNeta, DispoReal y DispoCome y la descripcion oficial corresponde a potencia neta.",55.0
2026-06-01,Recurso,HMIN,,Hour05,55000.0,kWh,kW,True,"La magnitud y comportamiento horario coinciden con CapEfecNeta, DispoReal y DispoCome y la descripcion oficial corresponde a potencia neta.",55.0
2026-06-01,Recurso,HMIN,,Hour06,55000.0,kWh,kW,True,"La magnitud y comportamiento horario coinciden con CapEfecNeta, DispoReal y DispoCome y la descripcion oficial corresponde a potencia neta.",55.0
2026-06-01,Recurso,HMIN,,Hour07,55000.0,kWh,kW,True,"La magnitud y comportamiento horario coinciden con CapEfecNeta, DispoReal y DispoCome y la descripcion oficial corresponde a potencia neta.",55.0
2026-06-01,Recurso,HMIN,,Hour08,55000.0,kWh,kW,True,"La magnitud y comportamiento horario coinciden con CapEfecNeta, DispoReal y DispoCome y la descripcion oficial corresponde a potencia neta.",55.0
2026-06-01,Recurso,HMIN,,Hour09,55000.0,kWh,kW,True,"La magnitud y comportamiento horario coinciden con CapEfecNeta, DispoReal y DispoCome y la descripcion oficial corresponde a potencia neta.",55.0
2026-06-01,Recurso,HMIN,,Hour10,55000.0,kWh,kW,True,"La magnitud y comportamiento horario coinciden con CapEfecNeta, DispoReal y DispoCome y la descripcion oficial corresponde a potencia neta.",55.0
2026-06-01,Recurso,HMIN,,Hour11,55000.0,kWh,kW,True,"La magnitud y comportamiento horario coinciden con CapEfecNeta, DispoReal y DispoCome y la descripcion oficial corresponde a potencia neta.",55.0
2026-06-01,Recurso,HMIN,,Hour12,55000.0,kWh,kW,True,"La magnitud y comportamiento horario coinciden con CapEfecNeta, DispoReal y DispoCome y la descripcion oficial corresponde a potencia neta.",55.0
2026-06-01,Recurso,HMIN,,Hour13,55000.0,kWh,kW,True,"La magnitud y comportamiento horario coinciden con CapEfecNeta, DispoReal y DispoCome y la descripcion oficial corresponde a potencia neta.",55.0
2026-06-01,Recurso,HMIN,,Hour14,55000.0,kWh,kW,True,"La magnitud y comportamiento horario coinciden con CapEfecNeta, DispoReal y DispoCome y la descripcion oficial corresponde a potencia neta.",55.0
2026-06-01,Recurso,HMIN,,Hour15,55000.0,kWh,kW,True,"La magnitud y comportamiento horario coinciden con CapEfecNeta, DispoReal y DispoCome y la descripcion oficial corresponde a potencia neta.",55.0
2026-06-01,Recurso,HMIN,,Hour16,55000.0,kWh,kW,True,"La magnitud y comportamiento horario coinciden con CapEfecNeta, DispoReal y DispoCome y la descripcion oficial corresponde a potencia neta.",55.0
2026-06-01,Recurso,HMIN,,Hour17,55000.0,kWh,kW,True,"La magnitud y comportamiento horario coinciden con CapEfecNeta, DispoReal y DispoCome y la descripcion oficial corresponde a potencia neta.",55.0
2026-06-01,Recurso,HMIN,,Hour18,55000.0,kWh,kW,True,"La magnitud y comportamiento horario coinciden con CapEfecNeta, DispoReal y DispoCome y la descripcion oficial corresponde a potencia neta.",55.0
2026-06-01,Recurso,HMIN,,Hour19,55000.0,kWh,kW,True,"La magnitud y comportamiento horario coinciden con CapEfecNeta, DispoReal y DispoCome y la descripcion oficial corresponde a potencia neta.",55.0
2026-06-01,Recurso,HMIN,,Hour20,55000.0,kWh,kW,True,"La magnitud y comportamiento horario coinciden con CapEfecNeta, DispoReal y DispoCome y la descripcion oficial corresponde a potencia neta.",55.0
2026-06-01,Recurso,HMIN,,Hour21,55000.0,kWh,kW,True,"La magnitud y comportamiento horario coinciden con CapEfecNeta, DispoReal y DispoCome y la descripcion oficial corresponde a potencia neta.",55.0
2026-06-01,Recurso,HMIN,,Hour22,55000.0,kWh,kW,True,"La magnitud y comportamiento horario coinciden con CapEfecNeta, DispoReal y DispoCome y la descripcion oficial corresponde a potencia neta.",55.0
2026-06-01,Recurso,HMIN,,Hour23,55000.0,kWh,kW,True,"La magnitud y comportamiento horario coinciden con CapEfecNeta, DispoReal y DispoCome y la descripcion oficial corresponde a potencia neta.",55.0
2026-06-01,Recurso,HMIN,,Hour24,55000.0,kWh,kW,True,"La magnitud y comportamiento horario coinciden con CapEfecNeta, DispoReal y DispoCome y la descripcion oficial corresponde a potencia neta.",55.0
2026-06-01,Recurso,HMLG,,Hour01,390000.0,kWh,kW,True,"La magnitud y comportamiento horario coinciden con CapEfecNeta, DispoReal y DispoCome y la descripcion oficial corresponde a potencia neta.",390.0
2026-06-01,Recurso,HMLG,,Hour02,390000.0,kWh,kW,True,"La magnitud y comportamiento horario coinciden con CapEfecNeta, DispoReal y DispoCome y la descripcion oficial corresponde a potencia neta.",390.0
2026-06-01,Recurso,HMLG,,Hour03,390000.0,kWh,kW,True,"La magnitud y comportamiento horario coinciden con CapEfecNeta, DispoReal y DispoCome y la descripcion oficial corresponde a potencia neta.",390.0
2026-06-01,Recurso,HMLG,,Hour04,390000.0,kWh,kW,True,"La magnitud y comportamiento horario coinciden con CapEfecNeta, DispoReal y DispoCome y la descripcion oficial corresponde a potencia neta.",390.0
2026-06-01,Recurso,HMLG,,Hour05,390000.0,kWh,kW,True,"La magnitud y comportamiento horario coinciden con CapEfecNeta, DispoReal y DispoCome y la descripcion oficial corresponde a potencia neta.",390.0
2026-06-01,Recurso,HMLG,,Hour06,390000.0,kWh,kW,True,"La magnitud y comportamiento horario coinciden con CapEfecNeta, DispoReal y DispoCome y la descripcion oficial corresponde a potencia neta.",390.0
2026-06-01,Recurso,HMLG,,Hour07,390000.0,kWh,kW,True,"La magnitud y comportamiento horario coinciden con CapEfecNeta, DispoReal y DispoCome y la descripcion oficial corresponde a potencia neta.",390.0
2026-06-01,Recurso,HMLG,,Hour08,390000.0,kWh,kW,True,"La magnitud y comportamiento horario coinciden con CapEfecNeta, DispoReal y DispoCome y la descripcion oficial corresponde a potencia neta.",390.0
2026-06-01,Recurso,HMLG,,Hour09,390000.0,kWh,kW,True,"La magnitud y comportamiento horario coinciden con CapEfecNeta, DispoReal y DispoCome y la descripcion oficial corresponde a potencia neta.",390.0
2026-06-01,Recurso,HMLG,,Hour10,390000.0,kWh,kW,True,"La magnitud y comportamiento horario coinciden con CapEfecNeta, DispoReal y DispoCome y la descripcion oficial corresponde a potencia neta.",390.0
2026-06-01,Recurso,HMLG,,Hour11,390000.0,kWh,kW,True,"La magnitud y comportamiento horario coinciden con CapEfecNeta, DispoReal y DispoCome y la descripcion oficial corresponde a potencia neta.",390.0
2026-06-01,Recurso,HMLG,,Hour12,390000.0,kWh,kW,True,"La magnitud y comportamiento horario coinciden con CapEfecNeta, DispoReal y DispoCome y la descripcion oficial corresponde a potencia neta.",390.0
2026-06-01,Recurso,HMLG,,Hour13,390000.0,kWh,kW,True,"La magnitud y comportamiento horario coinciden con CapEfecNeta, DispoReal y DispoCome y la descripcion oficial corresponde a potencia neta.",390.0
2026-06-01,Recurso,HMLG,,Hour14,390000.0,kWh,kW,True,"La magnitud y comportamiento horario coinciden con CapEfecNeta, DispoReal y DispoCome y la descripcion oficial corresponde a potencia neta.",390.0
2026-06-01,Recurso,HMLG,,Hour15,390000.0,kWh,kW,True,"La magnitud y comportamiento horario coinciden con CapEfecNeta, DispoReal y DispoCome y la descripcion oficial corresponde a potencia neta.",390.0
2026-06-01,Recurso,HMLG,,Hour16,390000.0,kWh,kW,True,"La magnitud y comportamiento horario coinciden con CapEfecNeta, DispoReal y DispoCome y la descripcion oficial corresponde a potencia neta.",390.0
2026-06-01,Recurso,HMLG,,Hour17,390000.0,kWh,kW,True,"La magnitud y comportamiento horario coinciden con CapEfecNeta, DispoReal y DispoCome y la descripcion oficial corresponde a potencia neta.",390.0
2026-06-01,Recurso,HMLG,,Hour18,390000.0,kWh,kW,True,"La magnitud y comportamiento horario coinciden con CapEfecNeta, DispoReal y DispoCome y la descripcion oficial corresponde a potencia neta.",390.0
2026-06-01,Recurso,HMLG,,Hour19,390000.0,kWh,kW,True,"La magnitud y comportamiento horario coinciden con CapEfecNeta, DispoReal y DispoCome y la descripcion oficial corresponde a potencia neta.",390.0
2026-06-01,Recurso,HMLG,,Hour20,390000.0,kWh,kW,True,"La magnitud y comportamiento horario coinciden con CapEfecNeta, DispoReal y DispoCome y la descripcion oficial corresponde a potencia neta.",390.0
2026-06-01,Recurso,HMLG,,Hour21,390000.0,kWh,kW,True,"La magnitud y comportamiento horario coinciden con CapEfecNeta, DispoReal y DispoCome y la descripcion oficial corresponde a potencia neta.",390.0
2026-06-01,Recurso,HMLG,,Hour22,390000.0,kWh,kW,True,"La magnitud y comportamiento horario coinciden con CapEfecNeta, DispoReal y DispoCome y la descripcion oficial corresponde a potencia neta.",390.0
2026-06-01,Recurso,HMLG,,Hour23,390000.0,kWh,kW,True,"La magnitud y comportamiento horario coinciden con CapEfecNeta, DispoReal y DispoCome y la descripcion oficial corresponde a potencia neta.",390.0
2026-06-01,Recurso,HMLG,,Hour24,390000.0,kWh,kW,True,"La magnitud y comportamiento horario coinciden con CapEfecNeta, DispoReal y DispoCome y la descripcion oficial corresponde a potencia neta.",390.0
2026-06-01,Recurso,JAGS,,Hour01,170000.0,kWh,kW,True,"La magnitud y comportamiento horario coinciden con CapEfecNeta, DispoReal y DispoCome y la descripcion oficial corresponde a potencia neta.",170.0
2026-06-01,Recurso,JAGS,,Hour02,170000.0,kWh,kW,True,"La magnitud y comportamiento horario coinciden con CapEfecNeta, DispoReal y DispoCome y la descripcion oficial corresponde a potencia neta.",170.0
2026-06-01,Recurso,JAGS,,Hour03,170000.0,kWh,kW,True,"La magnitud y comportamiento horario coinciden con CapEfecNeta, DispoReal y DispoCome y la descripcion oficial corresponde a potencia neta.",170.0
2026-06-01,Recurso,JAGS,,Hour04,170000.0,kWh,kW,True,"La magnitud y comportamiento horario coinciden con CapEfecNeta, DispoReal y DispoCome y la descripcion oficial corresponde a potencia neta.",170.0
2026-06-01,Recurso,JAGS,,Hour05,170000.0,kWh,kW,True,"La magnitud y comportamiento horario coinciden con CapEfecNeta, DispoReal y DispoCome y la descripcion oficial corresponde a potencia neta.",170.0
2026-06-01,Recurso,JAGS,,Hour06,170000.0,kWh,kW,True,"La magnitud y comportamiento horario coinciden con CapEfecNeta, DispoReal y DispoCome y la descripcion oficial corresponde a potencia neta.",170.0
2026-06-01,Recurso,JAGS,,Hour07,170000.0,kWh,kW,True,"La magnitud y comportamiento horario coinciden con CapEfecNeta, DispoReal y DispoCome y la descripcion oficial corresponde a potencia neta.",170.0
2026-06-01,Recurso,JAGS,,Hour08,170000.0,kWh,kW,True,"La magnitud y comportamiento horario coinciden con CapEfecNeta, DispoReal y DispoCome y la descripcion oficial corresponde a potencia neta.",170.0
2026-06-01,Recurso,JAGS,,Hour09,170000.0,kWh,kW,True,"La magnitud y comportamiento horario coinciden con CapEfecNeta, DispoReal y DispoCome y la descripcion oficial corresponde a potencia neta.",170.0
2026-06-01,Recurso,JAGS,,Hour10,170000.0,kWh,kW,True,"La magnitud y comportamiento horario coinciden con CapEfecNeta, DispoReal y DispoCome y la descripcion oficial corresponde a potencia neta.",170.0
2026-06-01,Recurso,JAGS,,Hour11,170000.0,kWh,kW,True,"La magnitud y comportamiento horario coinciden con CapEfecNeta, DispoReal y DispoCome y la descripcion oficial corresponde a potencia neta.",170.0
2026-06-01,Recurso,JAGS,,Hour12,170000.0,kWh,kW,True,"La magnitud y comportamiento horario coinciden con CapEfecNeta, DispoReal y DispoCome y la descripcion oficial corresponde a potencia neta.",170.0
2026-06-01,Recurso,JAGS,,Hour13,170000.0,kWh,kW,True,"La magnitud y comportamiento horario coinciden con CapEfecNeta, DispoReal y DispoCome y la descripcion oficial corresponde a potencia neta.",170.0
2026-06-01,Recurso,JAGS,,Hour14,170000.0,kWh,kW,True,"La magnitud y comportamiento horario coinciden con CapEfecNeta, DispoReal y DispoCome y la descripcion oficial corresponde a potencia neta.",170.0
2026-06-01,Recurso,JAGS,,Hour15,170000.0,kWh,kW,True,"La magnitud y comportamiento horario coinciden con CapEfecNeta, DispoReal y DispoCome y la descripcion oficial corresponde a potencia neta.",170.0
2026-06-01,Recurso,JAGS,,Hour16,170000.0,kWh,kW,True,"La magnitud y comportamiento horario coinciden con CapEfecNeta, DispoReal y DispoCome y la descripcion oficial corresponde a potencia neta.",170.0
2026-06-01,Recurso,JAGS,,Hour17,170000.0,kWh,kW,True,"La magnitud y comportamiento horario coinciden con CapEfecNeta, DispoReal y DispoCome y la descripcion oficial corresponde a potencia neta.",170.0
2026-06-01,Recurso,JAGS,,Hour18,170000.0,kWh,kW,True,"La magnitud y comportamiento horario coinciden con CapEfecNeta, DispoReal y DispoCome y la descripcion oficial corresponde a potencia neta.",170.0
2026-06-01,Recurso,JAGS,,Hour19,170000.0,kWh,kW,True,"La magnitud y comportamiento horario coinciden con CapEfecNeta, DispoReal y DispoCome y la descripcion oficial corresponde a potencia neta.",170.0
2026-06-01,Recurso,JAGS,,Hour20,170000.0,kWh,kW,True,"La magnitud y comportamiento horario coinciden con CapEfecNeta, DispoReal y DispoCome y la descripcion oficial corresponde a potencia neta.",170.0
2026-06-01,Recurso,JAGS,,Hour21,170000.0,kWh,kW,True,"La magnitud y comportamiento horario coinciden con CapEfecNeta, DispoReal y DispoCome y la descripcion oficial corresponde a potencia neta.",170.0
2026-06-01,Recurso,JAGS,,Hour22,170000.0,kWh,kW,True,"La magnitud y comportamiento horario coinciden con CapEfecNeta, DispoReal y DispoCome y la descripcion oficial corresponde a potencia neta.",170.0
2026-06-01,Recurso,JAGS,,Hour23,170000.0,kWh,kW,True,"La magnitud y comportamiento horario coinciden con CapEfecNeta, DispoReal y DispoCome y la descripcion oficial corresponde a potencia neta.",170.0
2026-06-01,Recurso,JAGS,,Hour24,170000.0,kWh,kW,True,"La magnitud y comportamiento horario coinciden con CapEfecNeta, DispoReal y DispoCome y la descripcion oficial corresponde a potencia neta.",170.0
2026-06-01,Recurso,LTSJ,,Hour01,306000.0,kWh,kW,True,"La magnitud y comportamiento horario coinciden con CapEfecNeta, DispoReal y DispoCome y la descripcion oficial corresponde a potencia neta.",306.0
2026-06-01,Recurso,LTSJ,,Hour02,306000.0,kWh,kW,True,"La magnitud y comportamiento horario coinciden con CapEfecNeta, DispoReal y DispoCome y la descripcion oficial corresponde a potencia neta.",306.0
2026-06-01,Recurso,LTSJ,,Hour03,306000.0,kWh,kW,True,"La magnitud y comportamiento horario coinciden con CapEfecNeta, DispoReal y DispoCome y la descripcion oficial corresponde a potencia neta.",306.0
2026-06-01,Recurso,LTSJ,,Hour04,306000.0,kWh,kW,True,"La magnitud y comportamiento horario coinciden con CapEfecNeta, DispoReal y DispoCome y la descripcion oficial corresponde a potencia neta.",306.0
2026-06-01,Recurso,LTSJ,,Hour05,306000.0,kWh,kW,True,"La magnitud y comportamiento horario coinciden con CapEfecNeta, DispoReal y DispoCome y la descripcion oficial corresponde a potencia neta.",306.0
2026-06-01,Recurso,LTSJ,,Hour06,306000.0,kWh,kW,True,"La magnitud y comportamiento horario coinciden con CapEfecNeta, DispoReal y DispoCome y la descripcion oficial corresponde a potencia neta.",306.0
2026-06-01,Recurso,LTSJ,,Hour07,306000.0,kWh,kW,True,"La magnitud y comportamiento horario coinciden con CapEfecNeta, DispoReal y DispoCome y la descripcion oficial corresponde a potencia neta.",306.0
2026-06-01,Recurso,LTSJ,,Hour08,306000.0,kWh,kW,True,"La magnitud y comportamiento horario coinciden con CapEfecNeta, DispoReal y DispoCome y la descripcion oficial corresponde a potencia neta.",306.0
2026-06-01,Recurso,LTSJ,,Hour09,306000.0,kWh,kW,True,"La magnitud y comportamiento horario coinciden con CapEfecNeta, DispoReal y DispoCome y la descripcion oficial corresponde a potencia neta.",306.0
2026-06-01,Recurso,LTSJ,,Hour10,306000.0,kWh,kW,True,"La magnitud y comportamiento horario coinciden con CapEfecNeta, DispoReal y DispoCome y la descripcion oficial corresponde a potencia neta.",306.0
2026-06-01,Recurso,LTSJ,,Hour11,306000.0,kWh,kW,True,"La magnitud y comportamiento horario coinciden con CapEfecNeta, DispoReal y DispoCome y la descripcion oficial corresponde a potencia neta.",306.0
2026-06-01,Recurso,LTSJ,,Hour12,306000.0,kWh,kW,True,"La magnitud y comportamiento horario coinciden con CapEfecNeta, DispoReal y DispoCome y la descripcion oficial corresponde a potencia neta.",306.0
2026-06-01,Recurso,LTSJ,,Hour13,306000.0,kWh,kW,True,"La magnitud y comportamiento horario coinciden con CapEfecNeta, DispoReal y DispoCome y la descripcion oficial corresponde a potencia neta.",306.0
2026-06-01,Recurso,LTSJ,,Hour14,306000.0,kWh,kW,True,"La magnitud y comportamiento horario coinciden con CapEfecNeta, DispoReal y DispoCome y la descripcion oficial corresponde a potencia neta.",306.0
2026-06-01,Recurso,LTSJ,,Hour15,306000.0,kWh,kW,True,"La magnitud y comportamiento horario coinciden con CapEfecNeta, DispoReal y DispoCome y la descripcion oficial corresponde a potencia neta.",306.0
2026-06-01,Recurso,LTSJ,,Hour16,306000.0,kWh,kW,True,"La magnitud y comportamiento horario coinciden con CapEfecNeta, DispoReal y DispoCome y la descripcion oficial corresponde a potencia neta.",306.0
2026-06-01,Recurso,LTSJ,,Hour17,306000.0,kWh,kW,True,"La magnitud y comportamiento horario coinciden con CapEfecNeta, DispoReal y DispoCome y la descripcion oficial corresponde a potencia neta.",306.0
2026-06-01,Recurso,LTSJ,,Hour18,306000.0,kWh,kW,True,"La magnitud y comportamiento horario coinciden con CapEfecNeta, DispoReal y DispoCome y la descripcion oficial corresponde a potencia neta.",306.0
2026-06-01,Recurso,LTSJ,,Hour19,306000.0,kWh,kW,True,"La magnitud y comportamiento horario coinciden con CapEfecNeta, DispoReal y DispoCome y la descripcion oficial corresponde a potencia neta.",306.0
2026-06-01,Recurso,LTSJ,,Hour20,306000.0,kWh,kW,True,"La magnitud y comportamiento horario coinciden con CapEfecNeta, DispoReal y DispoCome y la descripcion oficial corresponde a potencia neta.",306.0
2026-06-01,Recurso,LTSJ,,Hour21,306000.0,kWh,kW,True,"La magnitud y comportamiento horario coinciden con CapEfecNeta, DispoReal y DispoCome y la descripcion oficial corresponde a potencia neta.",306.0
2026-06-01,Recurso,LTSJ,,Hour22,306000.0,kWh,kW,True,"La magnitud y comportamiento horario coinciden con CapEfecNeta, DispoReal y DispoCome y la descripcion oficial corresponde a potencia neta.",306.0
2026-06-01,Recurso,LTSJ,,Hour23,306000.0,kWh,kW,True,"La magnitud y comportamiento horario coinciden con CapEfecNeta, DispoReal y DispoCome y la descripcion oficial corresponde a potencia neta.",306.0
2026-06-01,Recurso,LTSJ,,Hour24,306000.0,kWh,kW,True,"La magnitud y comportamiento horario coinciden con CapEfecNeta, DispoReal y DispoCome y la descripcion oficial corresponde a potencia neta.",306.0
2026-06-01,Recurso,MOY1,,Hour01,80000.0,kWh,kW,True,"La magnitud y comportamiento horario coinciden con CapEfecNeta, DispoReal y DispoCome y la descripcion oficial corresponde a potencia neta.",80.0
2026-06-01,Recurso,MOY1,,Hour02,80000.0,kWh,kW,True,"La magnitud y comportamiento horario coinciden con CapEfecNeta, DispoReal y DispoCome y la descripcion oficial corresponde a potencia neta.",80.0
2026-06-01,Recurso,MOY1,,Hour03,80000.0,kWh,kW,True,"La magnitud y comportamiento horario coinciden con CapEfecNeta, DispoReal y DispoCome y la descripcion oficial corresponde a potencia neta.",80.0
2026-06-01,Recurso,MOY1,,Hour04,80000.0,kWh,kW,True,"La magnitud y comportamiento horario coinciden con CapEfecNeta, DispoReal y DispoCome y la descripcion oficial corresponde a potencia neta.",80.0
2026-06-01,Recurso,MOY1,,Hour05,80000.0,kWh,kW,True,"La magnitud y comportamiento horario coinciden con CapEfecNeta, DispoReal y DispoCome y la descripcion oficial corresponde a potencia neta.",80.0
2026-06-01,Recurso,MOY1,,Hour06,80000.0,kWh,kW,True,"La magnitud y comportamiento horario coinciden con CapEfecNeta, DispoReal y DispoCome y la descripcion oficial corresponde a potencia neta.",80.0
2026-06-01,Recurso,MOY1,,Hour07,80000.0,kWh,kW,True,"La magnitud y comportamiento horario coinciden con CapEfecNeta, DispoReal y DispoCome y la descripcion oficial corresponde a potencia neta.",80.0
2026-06-01,Recurso,MOY1,,Hour08,80000.0,kWh,kW,True,"La magnitud y comportamiento horario coinciden con CapEfecNeta, DispoReal y DispoCome y la descripcion oficial corresponde a potencia neta.",80.0
2026-06-01,Recurso,MOY1,,Hour09,80000.0,kWh,kW,True,"La magnitud y comportamiento horario coinciden con CapEfecNeta, DispoReal y DispoCome y la descripcion oficial corresponde a potencia neta.",80.0
2026-06-01,Recurso,MOY1,,Hour10,80000.0,kWh,kW,True,"La magnitud y comportamiento horario coinciden con CapEfecNeta, DispoReal y DispoCome y la descripcion oficial corresponde a potencia neta.",80.0
2026-06-01,Recurso,MOY1,,Hour11,80000.0,kWh,kW,True,"La magnitud y comportamiento horario coinciden con CapEfecNeta, DispoReal y DispoCome y la descripcion oficial corresponde a potencia neta.",80.0
2026-06-01,Recurso,MOY1,,Hour12,80000.0,kWh,kW,True,"La magnitud y comportamiento horario coinciden con CapEfecNeta, DispoReal y DispoCome y la descripcion oficial corresponde a potencia neta.",80.0
2026-06-01,Recurso,MOY1,,Hour13,80000.0,kWh,kW,True,"La magnitud y comportamiento horario coinciden con CapEfecNeta, DispoReal y DispoCome y la descripcion oficial corresponde a potencia neta.",80.0
2026-06-01,Recurso,MOY1,,Hour14,80000.0,kWh,kW,True,"La magnitud y comportamiento horario coinciden con CapEfecNeta, DispoReal y DispoCome y la descripcion oficial corresponde a potencia neta.",80.0
2026-06-01,Recurso,MOY1,,Hour15,80000.0,kWh,kW,True,"La magnitud y comportamiento horario coinciden con CapEfecNeta, DispoReal y DispoCome y la descripcion oficial corresponde a potencia neta.",80.0
2026-06-01,Recurso,MOY1,,Hour16,80000.0,kWh,kW,True,"La magnitud y comportamiento horario coinciden con CapEfecNeta, DispoReal y DispoCome y la descripcion oficial corresponde a potencia neta.",80.0
2026-06-01,Recurso,MOY1,,Hour17,80000.0,kWh,kW,True,"La magnitud y comportamiento horario coinciden con CapEfecNeta, DispoReal y DispoCome y la descripcion oficial corresponde a potencia neta.",80.0
2026-06-01,Recurso,MOY1,,Hour18,80000.0,kWh,kW,True,"La magnitud y comportamiento horario coinciden con CapEfecNeta, DispoReal y DispoCome y la descripcion oficial corresponde a potencia neta.",80.0
2026-06-01,Recurso,MOY1,,Hour19,80000.0,kWh,kW,True,"La magnitud y comportamiento horario coinciden con CapEfecNeta, DispoReal y DispoCome y la descripcion oficial corresponde a potencia neta.",80.0
2026-06-01,Recurso,MOY1,,Hour20,80000.0,kWh,kW,True,"La magnitud y comportamiento horario coinciden con CapEfecNeta, DispoReal y DispoCome y la descripcion oficial corresponde a potencia neta.",80.0
2026-06-01,Recurso,MOY1,,Hour21,80000.0,kWh,kW,True,"La magnitud y comportamiento horario coinciden con CapEfecNeta, DispoReal y DispoCome y la descripcion oficial corresponde a potencia neta.",80.0
2026-06-01,Recurso,MOY1,,Hour22,80000.0,kWh,kW,True,"La magnitud y comportamiento horario coinciden con CapEfecNeta, DispoReal y DispoCome y la descripcion oficial corresponde a potencia neta.",80.0
2026-06-01,Recurso,MOY1,,Hour23,80000.0,kWh,kW,True,"La magnitud y comportamiento horario coinciden con CapEfecNeta, DispoReal y DispoCome y la descripcion oficial corresponde a potencia neta.",80.0
2026-06-01,Recurso,MOY1,,Hour24,80000.0,kWh,kW,True,"La magnitud y comportamiento horario coinciden con CapEfecNeta, DispoReal y DispoCome y la descripcion oficial corresponde a potencia neta.",80.0
2026-06-01,Recurso,MRL1,,Hour01,164000.0,kWh,kW,True,"La magnitud y comportamiento horario coinciden con CapEfecNeta, DispoReal y DispoCome y la descripcion oficial corresponde a potencia neta.",164.0
2026-06-01,Recurso,MRL1,,Hour02,164000.0,kWh,kW,True,"La magnitud y comportamiento horario coinciden con CapEfecNeta, DispoReal y DispoCome y la descripcion oficial corresponde a potencia neta.",164.0
2026-06-01,Recurso,MRL1,,Hour03,164000.0,kWh,kW,True,"La magnitud y comportamiento horario coinciden con CapEfecNeta, DispoReal y DispoCome y la descripcion oficial corresponde a potencia neta.",164.0
2026-06-01,Recurso,MRL1,,Hour04,164000.0,kWh,kW,True,"La magnitud y comportamiento horario coinciden con CapEfecNeta, DispoReal y DispoCome y la descripcion oficial corresponde a potencia neta.",164.0
2026-06-01,Recurso,MRL1,,Hour05,164000.0,kWh,kW,True,"La magnitud y comportamiento horario coinciden con CapEfecNeta, DispoReal y DispoCome y la descripcion oficial corresponde a potencia neta.",164.0
2026-06-01,Recurso,MRL1,,Hour06,164000.0,kWh,kW,True,"La magnitud y comportamiento horario coinciden con CapEfecNeta, DispoReal y DispoCome y la descripcion oficial corresponde a potencia neta.",164.0
2026-06-01,Recurso,MRL1,,Hour07,164000.0,kWh,kW,True,"La magnitud y comportamiento horario coinciden con CapEfecNeta, DispoReal y DispoCome y la descripcion oficial corresponde a potencia neta.",164.0
2026-06-01,Recurso,MRL1,,Hour08,164000.0,kWh,kW,True,"La magnitud y comportamiento horario coinciden con CapEfecNeta, DispoReal y DispoCome y la descripcion oficial corresponde a potencia neta.",164.0
2026-06-01,Recurso,MRL1,,Hour09,164000.0,kWh,kW,True,"La magnitud y comportamiento horario coinciden con CapEfecNeta, DispoReal y DispoCome y la descripcion oficial corresponde a potencia neta.",164.0
2026-06-01,Recurso,MRL1,,Hour10,164000.0,kWh,kW,True,"La magnitud y comportamiento horario coinciden con CapEfecNeta, DispoReal y DispoCome y la descripcion oficial corresponde a potencia neta.",164.0
2026-06-01,Recurso,MRL1,,Hour11,164000.0,kWh,kW,True,"La magnitud y comportamiento horario coinciden con CapEfecNeta, DispoReal y DispoCome y la descripcion oficial corresponde a potencia neta.",164.0
2026-06-01,Recurso,MRL1,,Hour12,164000.0,kWh,kW,True,"La magnitud y comportamiento horario coinciden con CapEfecNeta, DispoReal y DispoCome y la descripcion oficial corresponde a potencia neta.",164.0
2026-06-01,Recurso,MRL1,,Hour13,164000.0,kWh,kW,True,"La magnitud y comportamiento horario coinciden con CapEfecNeta, DispoReal y DispoCome y la descripcion oficial corresponde a potencia neta.",164.0
2026-06-01,Recurso,MRL1,,Hour14,164000.0,kWh,kW,True,"La magnitud y comportamiento horario coinciden con CapEfecNeta, DispoReal y DispoCome y la descripcion oficial corresponde a potencia neta.",164.0
2026-06-01,Recurso,MRL1,,Hour15,164000.0,kWh,kW,True,"La magnitud y comportamiento horario coinciden con CapEfecNeta, DispoReal y DispoCome y la descripcion oficial corresponde a potencia neta.",164.0
2026-06-01,Recurso,MRL1,,Hour16,164000.0,kWh,kW,True,"La magnitud y comportamiento horario coinciden con CapEfecNeta, DispoReal y DispoCome y la descripcion oficial corresponde a potencia neta.",164.0
2026-06-01,Recurso,MRL1,,Hour17,164000.0,kWh,kW,True,"La magnitud y comportamiento horario coinciden con CapEfecNeta, DispoReal y DispoCome y la descripcion oficial corresponde a potencia neta.",164.0
2026-06-01,Recurso,MRL1,,Hour18,164000.0,kWh,kW,True,"La magnitud y comportamiento horario coinciden con CapEfecNeta, DispoReal y DispoCome y la descripcion oficial corresponde a potencia neta.",164.0
2026-06-01,Recurso,MRL1,,Hour19,164000.0,kWh,kW,True,"La magnitud y comportamiento horario coinciden con CapEfecNeta, DispoReal y DispoCome y la descripcion oficial corresponde a potencia neta.",164.0
2026-06-01,Recurso,MRL1,,Hour20,164000.0,kWh,kW,True,"La magnitud y comportamiento horario coinciden con CapEfecNeta, DispoReal y DispoCome y la descripcion oficial corresponde a potencia neta.",164.0
2026-06-01,Recurso,MRL1,,Hour21,164000.0,kWh,kW,True,"La magnitud y comportamiento horario coinciden con CapEfecNeta, DispoReal y DispoCome y la descripcion oficial corresponde a potencia neta.",164.0
2026-06-01,Recurso,MRL1,,Hour22,164000.0,kWh,kW,True,"La magnitud y comportamiento horario coinciden con CapEfecNeta, DispoReal y DispoCome y la descripcion oficial corresponde a potencia neta.",164.0
2026-06-01,Recurso,MRL1,,Hour23,164000.0,kWh,kW,True,"La magnitud y comportamiento horario coinciden con CapEfecNeta, DispoReal y DispoCome y la descripcion oficial corresponde a potencia neta.",164.0
2026-06-01,Recurso,MRL1,,Hour24,164000.0,kWh,kW,True,"La magnitud y comportamiento horario coinciden con CapEfecNeta, DispoReal y DispoCome y la descripcion oficial corresponde a potencia neta.",164.0
2026-06-01,Recurso,PES1,,Hour01,1070000.0,kWh,kW,True,"La magnitud y comportamiento horario coinciden con CapEfecNeta, DispoReal y DispoCome y la descripcion oficial corresponde a potencia neta.",1070.0
2026-06-01,Recurso,PES1,,Hour02,1070000.0,kWh,kW,True,"La magnitud y comportamiento horario coinciden con CapEfecNeta, DispoReal y DispoCome y la descripcion oficial corresponde a potencia neta.",1070.0
2026-06-01,Recurso,PES1,,Hour03,1070000.0,kWh,kW,True,"La magnitud y comportamiento horario coinciden con CapEfecNeta, DispoReal y DispoCome y la descripcion oficial corresponde a potencia neta.",1070.0
2026-06-01,Recurso,PES1,,Hour04,1070000.0,kWh,kW,True,"La magnitud y comportamiento horario coinciden con CapEfecNeta, DispoReal y DispoCome y la descripcion oficial corresponde a potencia neta.",1070.0
2026-06-01,Recurso,PES1,,Hour05,1070000.0,kWh,kW,True,"La magnitud y comportamiento horario coinciden con CapEfecNeta, DispoReal y DispoCome y la descripcion oficial corresponde a potencia neta.",1070.0
2026-06-01,Recurso,PES1,,Hour06,1070000.0,kWh,kW,True,"La magnitud y comportamiento horario coinciden con CapEfecNeta, DispoReal y DispoCome y la descripcion oficial corresponde a potencia neta.",1070.0
2026-06-01,Recurso,PES1,,Hour07,1070000.0,kWh,kW,True,"La magnitud y comportamiento horario coinciden con CapEfecNeta, DispoReal y DispoCome y la descripcion oficial corresponde a potencia neta.",1070.0
2026-06-01,Recurso,PES1,,Hour08,1070000.0,kWh,kW,True,"La magnitud y comportamiento horario coinciden con CapEfecNeta, DispoReal y DispoCome y la descripcion oficial corresponde a potencia neta.",1070.0
2026-06-01,Recurso,PES1,,Hour09,1070000.0,kWh,kW,True,"La magnitud y comportamiento horario coinciden con CapEfecNeta, DispoReal y DispoCome y la descripcion oficial corresponde a potencia neta.",1070.0
2026-06-01,Recurso,PES1,,Hour10,1070000.0,kWh,kW,True,"La magnitud y comportamiento horario coinciden con CapEfecNeta, DispoReal y DispoCome y la descripcion oficial corresponde a potencia neta.",1070.0
2026-06-01,Recurso,PES1,,Hour11,1070000.0,kWh,kW,True,"La magnitud y comportamiento horario coinciden con CapEfecNeta, DispoReal y DispoCome y la descripcion oficial corresponde a potencia neta.",1070.0
2026-06-01,Recurso,PES1,,Hour12,1070000.0,kWh,kW,True,"La magnitud y comportamiento horario coinciden con CapEfecNeta, DispoReal y DispoCome y la descripcion oficial corresponde a potencia neta.",1070.0
2026-06-01,Recurso,PES1,,Hour13,1070000.0,kWh,kW,True,"La magnitud y comportamiento horario coinciden con CapEfecNeta, DispoReal y DispoCome y la descripcion oficial corresponde a potencia neta.",1070.0
2026-06-01,Recurso,PES1,,Hour14,1070000.0,kWh,kW,True,"La magnitud y comportamiento horario coinciden con CapEfecNeta, DispoReal y DispoCome y la descripcion oficial corresponde a potencia neta.",1070.0
2026-06-01,Recurso,PES1,,Hour15,1070000.0,kWh,kW,True,"La magnitud y comportamiento horario coinciden con CapEfecNeta, DispoReal y DispoCome y la descripcion oficial corresponde a potencia neta.",1070.0
2026-06-01,Recurso,PES1,,Hour16,1070000.0,kWh,kW,True,"La magnitud y comportamiento horario coinciden con CapEfecNeta, DispoReal y DispoCome y la descripcion oficial corresponde a potencia neta.",1070.0
2026-06-01,Recurso,PES1,,Hour17,1070000.0,kWh,kW,True,"La magnitud y comportamiento horario coinciden con CapEfecNeta, DispoReal y DispoCome y la descripcion oficial corresponde a potencia neta.",1070.0
2026-06-01,Recurso,PES1,,Hour18,1070000.0,kWh,kW,True,"La magnitud y comportamiento horario coinciden con CapEfecNeta, DispoReal y DispoCome y la descripcion oficial corresponde a potencia neta.",1070.0
2026-06-01,Recurso,PES1,,Hour19,1070000.0,kWh,kW,True,"La magnitud y comportamiento horario coinciden con CapEfecNeta, DispoReal y DispoCome y la descripcion oficial corresponde a potencia neta.",1070.0
2026-06-01,Recurso,PES1,,Hour20,1070000.0,kWh,kW,True,"La magnitud y comportamiento horario coinciden con CapEfecNeta, DispoReal y DispoCome y la descripcion oficial corresponde a potencia neta.",1070.0
2026-06-01,Recurso,PES1,,Hour21,1070000.0,kWh,kW,True,"La magnitud y comportamiento horario coinciden con CapEfecNeta, DispoReal y DispoCome y la descripcion oficial corresponde a potencia neta.",1070.0
2026-06-01,Recurso,PES1,,Hour22,1070000.0,kWh,kW,True,"La magnitud y comportamiento horario coinciden con CapEfecNeta, DispoReal y DispoCome y la descripcion oficial corresponde a potencia neta.",1070.0
2026-06-01,Recurso,PES1,,Hour23,1070000.0,kWh,kW,True,"La magnitud y comportamiento horario coinciden con CapEfecNeta, DispoReal y DispoCome y la descripcion oficial corresponde a potencia neta.",1070.0
2026-06-01,Recurso,PES1,,Hour24,1070000.0,kWh,kW,True,"La magnitud y comportamiento horario coinciden con CapEfecNeta, DispoReal y DispoCome y la descripcion oficial corresponde a potencia neta.",1070.0
2026-06-01,Recurso,PGUG,,Hour01,600000.0,kWh,kW,True,"La magnitud y comportamiento horario coinciden con CapEfecNeta, DispoReal y DispoCome y la descripcion oficial corresponde a potencia neta.",600.0
2026-06-01,Recurso,PGUG,,Hour02,600000.0,kWh,kW,True,"La magnitud y comportamiento horario coinciden con CapEfecNeta, DispoReal y DispoCome y la descripcion oficial corresponde a potencia neta.",600.0
2026-06-01,Recurso,PGUG,,Hour03,600000.0,kWh,kW,True,"La magnitud y comportamiento horario coinciden con CapEfecNeta, DispoReal y DispoCome y la descripcion oficial corresponde a potencia neta.",600.0
2026-06-01,Recurso,PGUG,,Hour04,600000.0,kWh,kW,True,"La magnitud y comportamiento horario coinciden con CapEfecNeta, DispoReal y DispoCome y la descripcion oficial corresponde a potencia neta.",600.0
2026-06-01,Recurso,PGUG,,Hour05,600000.0,kWh,kW,True,"La magnitud y comportamiento horario coinciden con CapEfecNeta, DispoReal y DispoCome y la descripcion oficial corresponde a potencia neta.",600.0
2026-06-01,Recurso,PGUG,,Hour06,600000.0,kWh,kW,True,"La magnitud y comportamiento horario coinciden con CapEfecNeta, DispoReal y DispoCome y la descripcion oficial corresponde a potencia neta.",600.0
2026-06-01,Recurso,PGUG,,Hour07,600000.0,kWh,kW,True,"La magnitud y comportamiento horario coinciden con CapEfecNeta, DispoReal y DispoCome y la descripcion oficial corresponde a potencia neta.",600.0
2026-06-01,Recurso,PGUG,,Hour08,600000.0,kWh,kW,True,"La magnitud y comportamiento horario coinciden con CapEfecNeta, DispoReal y DispoCome y la descripcion oficial corresponde a potencia neta.",600.0
2026-06-01,Recurso,PGUG,,Hour09,600000.0,kWh,kW,True,"La magnitud y comportamiento horario coinciden con CapEfecNeta, DispoReal y DispoCome y la descripcion oficial corresponde a potencia neta.",600.0
2026-06-01,Recurso,PGUG,,Hour10,600000.0,kWh,kW,True,"La magnitud y comportamiento horario coinciden con CapEfecNeta, DispoReal y DispoCome y la descripcion oficial corresponde a potencia neta.",600.0
2026-06-01,Recurso,PGUG,,Hour11,600000.0,kWh,kW,True,"La magnitud y comportamiento horario coinciden con CapEfecNeta, DispoReal y DispoCome y la descripcion oficial corresponde a potencia neta.",600.0
2026-06-01,Recurso,PGUG,,Hour12,600000.0,kWh,kW,True,"La magnitud y comportamiento horario coinciden con CapEfecNeta, DispoReal y DispoCome y la descripcion oficial corresponde a potencia neta.",600.0
2026-06-01,Recurso,PGUG,,Hour13,600000.0,kWh,kW,True,"La magnitud y comportamiento horario coinciden con CapEfecNeta, DispoReal y DispoCome y la descripcion oficial corresponde a potencia neta.",600.0
2026-06-01,Recurso,PGUG,,Hour14,600000.0,kWh,kW,True,"La magnitud y comportamiento horario coinciden con CapEfecNeta, DispoReal y DispoCome y la descripcion oficial corresponde a potencia neta.",600.0
2026-06-01,Recurso,PGUG,,Hour15,600000.0,kWh,kW,True,"La magnitud y comportamiento horario coinciden con CapEfecNeta, DispoReal y DispoCome y la descripcion oficial corresponde a potencia neta.",600.0
2026-06-01,Recurso,PGUG,,Hour16,600000.0,kWh,kW,True,"La magnitud y comportamiento horario coinciden con CapEfecNeta, DispoReal y DispoCome y la descripcion oficial corresponde a potencia neta.",600.0
2026-06-01,Recurso,PGUG,,Hour17,600000.0,kWh,kW,True,"La magnitud y comportamiento horario coinciden con CapEfecNeta, DispoReal y DispoCome y la descripcion oficial corresponde a potencia neta.",600.0
2026-06-01,Recurso,PGUG,,Hour18,600000.0,kWh,kW,True,"La magnitud y comportamiento horario coinciden con CapEfecNeta, DispoReal y DispoCome y la descripcion oficial corresponde a potencia neta.",600.0
2026-06-01,Recurso,PGUG,,Hour19,600000.0,kWh,kW,True,"La magnitud y comportamiento horario coinciden con CapEfecNeta, DispoReal y DispoCome y la descripcion oficial corresponde a potencia neta.",600.0
2026-06-01,Recurso,PGUG,,Hour20,600000.0,kWh,kW,True,"La magnitud y comportamiento horario coinciden con CapEfecNeta, DispoReal y DispoCome y la descripcion oficial corresponde a potencia neta.",600.0
2026-06-01,Recurso,PGUG,,Hour21,600000.0,kWh,kW,True,"La magnitud y comportamiento horario coinciden con CapEfecNeta, DispoReal y DispoCome y la descripcion oficial corresponde a potencia neta.",600.0
2026-06-01,Recurso,PGUG,,Hour22,600000.0,kWh,kW,True,"La magnitud y comportamiento horario coinciden con CapEfecNeta, DispoReal y DispoCome y la descripcion oficial corresponde a potencia neta.",600.0
2026-06-01,Recurso,PGUG,,Hour23,600000.0,kWh,kW,True,"La magnitud y comportamiento horario coinciden con CapEfecNeta, DispoReal y DispoCome y la descripcion oficial corresponde a potencia neta.",600.0
2026-06-01,Recurso,PGUG,,Hour24,600000.0,kWh,kW,True,"La magnitud y comportamiento horario coinciden con CapEfecNeta, DispoReal y DispoCome y la descripcion oficial corresponde a potencia neta.",600.0
2026-06-01,Recurso,PLYS,,Hour01,207000.0,kWh,kW,True,"La magnitud y comportamiento horario coinciden con CapEfecNeta, DispoReal y DispoCome y la descripcion oficial corresponde a potencia neta.",207.0
2026-06-01,Recurso,PLYS,,Hour02,207000.0,kWh,kW,True,"La magnitud y comportamiento horario coinciden con CapEfecNeta, DispoReal y DispoCome y la descripcion oficial corresponde a potencia neta.",207.0
2026-06-01,Recurso,PLYS,,Hour03,207000.0,kWh,kW,True,"La magnitud y comportamiento horario coinciden con CapEfecNeta, DispoReal y DispoCome y la descripcion oficial corresponde a potencia neta.",207.0
2026-06-01,Recurso,PLYS,,Hour04,207000.0,kWh,kW,True,"La magnitud y comportamiento horario coinciden con CapEfecNeta, DispoReal y DispoCome y la descripcion oficial corresponde a potencia neta.",207.0
2026-06-01,Recurso,PLYS,,Hour05,207000.0,kWh,kW,True,"La magnitud y comportamiento horario coinciden con CapEfecNeta, DispoReal y DispoCome y la descripcion oficial corresponde a potencia neta.",207.0
2026-06-01,Recurso,PLYS,,Hour06,207000.0,kWh,kW,True,"La magnitud y comportamiento horario coinciden con CapEfecNeta, DispoReal y DispoCome y la descripcion oficial corresponde a potencia neta.",207.0
2026-06-01,Recurso,PLYS,,Hour07,207000.0,kWh,kW,True,"La magnitud y comportamiento horario coinciden con CapEfecNeta, DispoReal y DispoCome y la descripcion oficial corresponde a potencia neta.",207.0
2026-06-01,Recurso,PLYS,,Hour08,207000.0,kWh,kW,True,"La magnitud y comportamiento horario coinciden con CapEfecNeta, DispoReal y DispoCome y la descripcion oficial corresponde a potencia neta.",207.0
2026-06-01,Recurso,PLYS,,Hour09,207000.0,kWh,kW,True,"La magnitud y comportamiento horario coinciden con CapEfecNeta, DispoReal y DispoCome y la descripcion oficial corresponde a potencia neta.",207.0
2026-06-01,Recurso,PLYS,,Hour10,207000.0,kWh,kW,True,"La magnitud y comportamiento horario coinciden con CapEfecNeta, DispoReal y DispoCome y la descripcion oficial corresponde a potencia neta.",207.0
2026-06-01,Recurso,PLYS,,Hour11,207000.0,kWh,kW,True,"La magnitud y comportamiento horario coinciden con CapEfecNeta, DispoReal y DispoCome y la descripcion oficial corresponde a potencia neta.",207.0
2026-06-01,Recurso,PLYS,,Hour12,207000.0,kWh,kW,True,"La magnitud y comportamiento horario coinciden con CapEfecNeta, DispoReal y DispoCome y la descripcion oficial corresponde a potencia neta.",207.0
2026-06-01,Recurso,PLYS,,Hour13,207000.0,kWh,kW,True,"La magnitud y comportamiento horario coinciden con CapEfecNeta, DispoReal y DispoCome y la descripcion oficial corresponde a potencia neta.",207.0
2026-06-01,Recurso,PLYS,,Hour14,207000.0,kWh,kW,True,"La magnitud y comportamiento horario coinciden con CapEfecNeta, DispoReal y DispoCome y la descripcion oficial corresponde a potencia neta.",207.0
2026-06-01,Recurso,PLYS,,Hour15,207000.0,kWh,kW,True,"La magnitud y comportamiento horario coinciden con CapEfecNeta, DispoReal y DispoCome y la descripcion oficial corresponde a potencia neta.",207.0
2026-06-01,Recurso,PLYS,,Hour16,207000.0,kWh,kW,True,"La magnitud y comportamiento horario coinciden con CapEfecNeta, DispoReal y DispoCome y la descripcion oficial corresponde a potencia neta.",207.0
2026-06-01,Recurso,PLYS,,Hour17,207000.0,kWh,kW,True,"La magnitud y comportamiento horario coinciden con CapEfecNeta, DispoReal y DispoCome y la descripcion oficial corresponde a potencia neta.",207.0
2026-06-01,Recurso,PLYS,,Hour18,207000.0,kWh,kW,True,"La magnitud y comportamiento horario coinciden con CapEfecNeta, DispoReal y DispoCome y la descripcion oficial corresponde a potencia neta.",207.0
2026-06-01,Recurso,PLYS,,Hour19,207000.0,kWh,kW,True,"La magnitud y comportamiento horario coinciden con CapEfecNeta, DispoReal y DispoCome y la descripcion oficial corresponde a potencia neta.",207.0
2026-06-01,Recurso,PLYS,,Hour20,207000.0,kWh,kW,True,"La magnitud y comportamiento horario coinciden con CapEfecNeta, DispoReal y DispoCome y la descripcion oficial corresponde a potencia neta.",207.0
2026-06-01,Recurso,PLYS,,Hour21,207000.0,kWh,kW,True,"La magnitud y comportamiento horario coinciden con CapEfecNeta, DispoReal y DispoCome y la descripcion oficial corresponde a potencia neta.",207.0
2026-06-01,Recurso,PLYS,,Hour22,207000.0,kWh,kW,True,"La magnitud y comportamiento horario coinciden con CapEfecNeta, DispoReal y DispoCome y la descripcion oficial corresponde a potencia neta.",207.0
2026-06-01,Recurso,PLYS,,Hour23,207000.0,kWh,kW,True,"La magnitud y comportamiento horario coinciden con CapEfecNeta, DispoReal y DispoCome y la descripcion oficial corresponde a potencia neta.",207.0
2026-06-01,Recurso,PLYS,,Hour24,207000.0,kWh,kW,True,"La magnitud y comportamiento horario coinciden con CapEfecNeta, DispoReal y DispoCome y la descripcion oficial corresponde a potencia neta.",207.0
2026-06-01,Recurso,PPA1,,Hour01,0.0,kWh,kW,True,"La magnitud y comportamiento horario coinciden con CapEfecNeta, DispoReal y DispoCome y la descripcion oficial corresponde a potencia neta.",0.0
2026-06-01,Recurso,PPA1,,Hour02,0.0,kWh,kW,True,"La magnitud y comportamiento horario coinciden con CapEfecNeta, DispoReal y DispoCome y la descripcion oficial corresponde a potencia neta.",0.0
2026-06-01,Recurso,PPA1,,Hour03,0.0,kWh,kW,True,"La magnitud y comportamiento horario coinciden con CapEfecNeta, DispoReal y DispoCome y la descripcion oficial corresponde a potencia neta.",0.0
2026-06-01,Recurso,PPA1,,Hour04,0.0,kWh,kW,True,"La magnitud y comportamiento horario coinciden con CapEfecNeta, DispoReal y DispoCome y la descripcion oficial corresponde a potencia neta.",0.0
2026-06-01,Recurso,PPA1,,Hour05,0.0,kWh,kW,True,"La magnitud y comportamiento horario coinciden con CapEfecNeta, DispoReal y DispoCome y la descripcion oficial corresponde a potencia neta.",0.0
2026-06-01,Recurso,PPA1,,Hour06,0.0,kWh,kW,True,"La magnitud y comportamiento horario coinciden con CapEfecNeta, DispoReal y DispoCome y la descripcion oficial corresponde a potencia neta.",0.0
2026-06-01,Recurso,PPA1,,Hour07,0.0,kWh,kW,True,"La magnitud y comportamiento horario coinciden con CapEfecNeta, DispoReal y DispoCome y la descripcion oficial corresponde a potencia neta.",0.0
2026-06-01,Recurso,PPA1,,Hour08,0.0,kWh,kW,True,"La magnitud y comportamiento horario coinciden con CapEfecNeta, DispoReal y DispoCome y la descripcion oficial corresponde a potencia neta.",0.0
2026-06-01,Recurso,PPA1,,Hour09,0.0,kWh,kW,True,"La magnitud y comportamiento horario coinciden con CapEfecNeta, DispoReal y DispoCome y la descripcion oficial corresponde a potencia neta.",0.0
2026-06-01,Recurso,PPA1,,Hour10,0.0,kWh,kW,True,"La magnitud y comportamiento horario coinciden con CapEfecNeta, DispoReal y DispoCome y la descripcion oficial corresponde a potencia neta.",0.0
2026-06-01,Recurso,PPA1,,Hour11,0.0,kWh,kW,True,"La magnitud y comportamiento horario coinciden con CapEfecNeta, DispoReal y DispoCome y la descripcion oficial corresponde a potencia neta.",0.0
2026-06-01,Recurso,PPA1,,Hour12,0.0,kWh,kW,True,"La magnitud y comportamiento horario coinciden con CapEfecNeta, DispoReal y DispoCome y la descripcion oficial corresponde a potencia neta.",0.0
2026-06-01,Recurso,PPA1,,Hour13,0.0,kWh,kW,True,"La magnitud y comportamiento horario coinciden con CapEfecNeta, DispoReal y DispoCome y la descripcion oficial corresponde a potencia neta.",0.0
2026-06-01,Recurso,PPA1,,Hour14,0.0,kWh,kW,True,"La magnitud y comportamiento horario coinciden con CapEfecNeta, DispoReal y DispoCome y la descripcion oficial corresponde a potencia neta.",0.0
2026-06-01,Recurso,PPA1,,Hour15,0.0,kWh,kW,True,"La magnitud y comportamiento horario coinciden con CapEfecNeta, DispoReal y DispoCome y la descripcion oficial corresponde a potencia neta.",0.0
2026-06-01,Recurso,PPA1,,Hour16,0.0,kWh,kW,True,"La magnitud y comportamiento horario coinciden con CapEfecNeta, DispoReal y DispoCome y la descripcion oficial corresponde a potencia neta.",0.0
2026-06-01,Recurso,PPA1,,Hour17,0.0,kWh,kW,True,"La magnitud y comportamiento horario coinciden con CapEfecNeta, DispoReal y DispoCome y la descripcion oficial corresponde a potencia neta.",0.0
2026-06-01,Recurso,PPA1,,Hour18,0.0,kWh,kW,True,"La magnitud y comportamiento horario coinciden con CapEfecNeta, DispoReal y DispoCome y la descripcion oficial corresponde a potencia neta.",0.0
2026-06-01,Recurso,PPA1,,Hour19,0.0,kWh,kW,True,"La magnitud y comportamiento horario coinciden con CapEfecNeta, DispoReal y DispoCome y la descripcion oficial corresponde a potencia neta.",0.0
2026-06-01,Recurso,PPA1,,Hour20,0.0,kWh,kW,True,"La magnitud y comportamiento horario coinciden con CapEfecNeta, DispoReal y DispoCome y la descripcion oficial corresponde a potencia neta.",0.0
2026-06-01,Recurso,PPA1,,Hour21,0.0,kWh,kW,True,"La magnitud y comportamiento horario coinciden con CapEfecNeta, DispoReal y DispoCome y la descripcion oficial corresponde a potencia neta.",0.0
2026-06-01,Recurso,PPA1,,Hour22,0.0,kWh,kW,True,"La magnitud y comportamiento horario coinciden con CapEfecNeta, DispoReal y DispoCome y la descripcion oficial corresponde a potencia neta.",0.0
2026-06-01,Recurso,PPA1,,Hour23,0.0,kWh,kW,True,"La magnitud y comportamiento horario coinciden con CapEfecNeta, DispoReal y DispoCome y la descripcion oficial corresponde a potencia neta.",0.0
2026-06-01,Recurso,PPA1,,Hour24,0.0,kWh,kW,True,"La magnitud y comportamiento horario coinciden con CapEfecNeta, DispoReal y DispoCome y la descripcion oficial corresponde a potencia neta.",0.0
2026-06-02,Recurso,HMIN,,Hour01,55000.0,kWh,kW,True,"La magnitud y comportamiento horario coinciden con CapEfecNeta, DispoReal y DispoCome y la descripcion oficial corresponde a potencia neta.",55.0
2026-06-02,Recurso,HMIN,,Hour02,55000.0,kWh,kW,True,"La magnitud y comportamiento horario coinciden con CapEfecNeta, DispoReal y DispoCome y la descripcion oficial corresponde a potencia neta.",55.0
2026-06-02,Recurso,HMIN,,Hour03,55000.0,kWh,kW,True,"La magnitud y comportamiento horario coinciden con CapEfecNeta, DispoReal y DispoCome y la descripcion oficial corresponde a potencia neta.",55.0
2026-06-02,Recurso,HMIN,,Hour04,55000.0,kWh,kW,True,"La magnitud y comportamiento horario coinciden con CapEfecNeta, DispoReal y DispoCome y la descripcion oficial corresponde a potencia neta.",55.0
2026-06-02,Recurso,HMIN,,Hour05,55000.0,kWh,kW,True,"La magnitud y comportamiento horario coinciden con CapEfecNeta, DispoReal y DispoCome y la descripcion oficial corresponde a potencia neta.",55.0
2026-06-02,Recurso,HMIN,,Hour06,55000.0,kWh,kW,True,"La magnitud y comportamiento horario coinciden con CapEfecNeta, DispoReal y DispoCome y la descripcion oficial corresponde a potencia neta.",55.0
2026-06-02,Recurso,HMIN,,Hour07,55000.0,kWh,kW,True,"La magnitud y comportamiento horario coinciden con CapEfecNeta, DispoReal y DispoCome y la descripcion oficial corresponde a potencia neta.",55.0
2026-06-02,Recurso,HMIN,,Hour08,55000.0,kWh,kW,True,"La magnitud y comportamiento horario coinciden con CapEfecNeta, DispoReal y DispoCome y la descripcion oficial corresponde a potencia neta.",55.0
2026-06-02,Recurso,HMIN,,Hour09,55000.0,kWh,kW,True,"La magnitud y comportamiento horario coinciden con CapEfecNeta, DispoReal y DispoCome y la descripcion oficial corresponde a potencia neta.",55.0
2026-06-02,Recurso,HMIN,,Hour10,55000.0,kWh,kW,True,"La magnitud y comportamiento horario coinciden con CapEfecNeta, DispoReal y DispoCome y la descripcion oficial corresponde a potencia neta.",55.0
2026-06-02,Recurso,HMIN,,Hour11,55000.0,kWh,kW,True,"La magnitud y comportamiento horario coinciden con CapEfecNeta, DispoReal y DispoCome y la descripcion oficial corresponde a potencia neta.",55.0
2026-06-02,Recurso,HMIN,,Hour12,55000.0,kWh,kW,True,"La magnitud y comportamiento horario coinciden con CapEfecNeta, DispoReal y DispoCome y la descripcion oficial corresponde a potencia neta.",55.0
2026-06-02,Recurso,HMIN,,Hour13,55000.0,kWh,kW,True,"La magnitud y comportamiento horario coinciden con CapEfecNeta, DispoReal y DispoCome y la descripcion oficial corresponde a potencia neta.",55.0
2026-06-02,Recurso,HMIN,,Hour14,55000.0,kWh,kW,True,"La magnitud y comportamiento horario coinciden con CapEfecNeta, DispoReal y DispoCome y la descripcion oficial corresponde a potencia neta.",55.0
2026-06-02,Recurso,HMIN,,Hour15,55000.0,kWh,kW,True,"La magnitud y comportamiento horario coinciden con CapEfecNeta, DispoReal y DispoCome y la descripcion oficial corresponde a potencia neta.",55.0
2026-06-02,Recurso,HMIN,,Hour16,55000.0,kWh,kW,True,"La magnitud y comportamiento horario coinciden con CapEfecNeta, DispoReal y DispoCome y la descripcion oficial corresponde a potencia neta.",55.0
2026-06-02,Recurso,HMIN,,Hour17,55000.0,kWh,kW,True,"La magnitud y comportamiento horario coinciden con CapEfecNeta, DispoReal y DispoCome y la descripcion oficial corresponde a potencia neta.",55.0
2026-06-02,Recurso,HMIN,,Hour18,55000.0,kWh,kW,True,"La magnitud y comportamiento horario coinciden con CapEfecNeta, DispoReal y DispoCome y la descripcion oficial corresponde a potencia neta.",55.0
2026-06-02,Recurso,HMIN,,Hour19,55000.0,kWh,kW,True,"La magnitud y comportamiento horario coinciden con CapEfecNeta, DispoReal y DispoCome y la descripcion oficial corresponde a potencia neta.",55.0
2026-06-02,Recurso,HMIN,,Hour20,55000.0,kWh,kW,True,"La magnitud y comportamiento horario coinciden con CapEfecNeta, DispoReal y DispoCome y la descripcion oficial corresponde a potencia neta.",55.0
2026-06-02,Recurso,HMIN,,Hour21,55000.0,kWh,kW,True,"La magnitud y comportamiento horario coinciden con CapEfecNeta, DispoReal y DispoCome y la descripcion oficial corresponde a potencia neta.",55.0
2026-06-02,Recurso,HMIN,,Hour22,55000.0,kWh,kW,True,"La magnitud y comportamiento horario coinciden con CapEfecNeta, DispoReal y DispoCome y la descripcion oficial corresponde a potencia neta.",55.0
2026-06-02,Recurso,HMIN,,Hour23,55000.0,kWh,kW,True,"La magnitud y comportamiento horario coinciden con CapEfecNeta, DispoReal y DispoCome y la descripcion oficial corresponde a potencia neta.",55.0
2026-06-02,Recurso,HMIN,,Hour24,55000.0,kWh,kW,True,"La magnitud y comportamiento horario coinciden con CapEfecNeta, DispoReal y DispoCome y la descripcion oficial corresponde a potencia neta.",55.0
2026-06-02,Recurso,HMLG,,Hour01,390000.0,kWh,kW,True,"La magnitud y comportamiento horario coinciden con CapEfecNeta, DispoReal y DispoCome y la descripcion oficial corresponde a potencia neta.",390.0
2026-06-02,Recurso,HMLG,,Hour02,390000.0,kWh,kW,True,"La magnitud y comportamiento horario coinciden con CapEfecNeta, DispoReal y DispoCome y la descripcion oficial corresponde a potencia neta.",390.0
2026-06-02,Recurso,HMLG,,Hour03,390000.0,kWh,kW,True,"La magnitud y comportamiento horario coinciden con CapEfecNeta, DispoReal y DispoCome y la descripcion oficial corresponde a potencia neta.",390.0
2026-06-02,Recurso,HMLG,,Hour04,390000.0,kWh,kW,True,"La magnitud y comportamiento horario coinciden con CapEfecNeta, DispoReal y DispoCome y la descripcion oficial corresponde a potencia neta.",390.0
2026-06-02,Recurso,HMLG,,Hour05,390000.0,kWh,kW,True,"La magnitud y comportamiento horario coinciden con CapEfecNeta, DispoReal y DispoCome y la descripcion oficial corresponde a potencia neta.",390.0
2026-06-02,Recurso,HMLG,,Hour06,390000.0,kWh,kW,True,"La magnitud y comportamiento horario coinciden con CapEfecNeta, DispoReal y DispoCome y la descripcion oficial corresponde a potencia neta.",390.0
2026-06-02,Recurso,HMLG,,Hour07,390000.0,kWh,kW,True,"La magnitud y comportamiento horario coinciden con CapEfecNeta, DispoReal y DispoCome y la descripcion oficial corresponde a potencia neta.",390.0
2026-06-02,Recurso,HMLG,,Hour08,390000.0,kWh,kW,True,"La magnitud y comportamiento horario coinciden con CapEfecNeta, DispoReal y DispoCome y la descripcion oficial corresponde a potencia neta.",390.0
2026-06-02,Recurso,HMLG,,Hour09,390000.0,kWh,kW,True,"La magnitud y comportamiento horario coinciden con CapEfecNeta, DispoReal y DispoCome y la descripcion oficial corresponde a potencia neta.",390.0
2026-06-02,Recurso,HMLG,,Hour10,390000.0,kWh,kW,True,"La magnitud y comportamiento horario coinciden con CapEfecNeta, DispoReal y DispoCome y la descripcion oficial corresponde a potencia neta.",390.0
2026-06-02,Recurso,HMLG,,Hour11,390000.0,kWh,kW,True,"La magnitud y comportamiento horario coinciden con CapEfecNeta, DispoReal y DispoCome y la descripcion oficial corresponde a potencia neta.",390.0
2026-06-02,Recurso,HMLG,,Hour12,390000.0,kWh,kW,True,"La magnitud y comportamiento horario coinciden con CapEfecNeta, DispoReal y DispoCome y la descripcion oficial corresponde a potencia neta.",390.0
2026-06-02,Recurso,HMLG,,Hour13,390000.0,kWh,kW,True,"La magnitud y comportamiento horario coinciden con CapEfecNeta, DispoReal y DispoCome y la descripcion oficial corresponde a potencia neta.",390.0
2026-06-02,Recurso,HMLG,,Hour14,390000.0,kWh,kW,True,"La magnitud y comportamiento horario coinciden con CapEfecNeta, DispoReal y DispoCome y la descripcion oficial corresponde a potencia neta.",390.0
2026-06-02,Recurso,HMLG,,Hour15,390000.0,kWh,kW,True,"La magnitud y comportamiento horario coinciden con CapEfecNeta, DispoReal y DispoCome y la descripcion oficial corresponde a potencia neta.",390.0
2026-06-02,Recurso,HMLG,,Hour16,390000.0,kWh,kW,True,"La magnitud y comportamiento horario coinciden con CapEfecNeta, DispoReal y DispoCome y la descripcion oficial corresponde a potencia neta.",390.0
2026-06-02,Recurso,HMLG,,Hour17,390000.0,kWh,kW,True,"La magnitud y comportamiento horario coinciden con CapEfecNeta, DispoReal y DispoCome y la descripcion oficial corresponde a potencia neta.",390.0
2026-06-02,Recurso,HMLG,,Hour18,390000.0,kWh,kW,True,"La magnitud y comportamiento horario coinciden con CapEfecNeta, DispoReal y DispoCome y la descripcion oficial corresponde a potencia neta.",390.0
2026-06-02,Recurso,HMLG,,Hour19,390000.0,kWh,kW,True,"La magnitud y comportamiento horario coinciden con CapEfecNeta, DispoReal y DispoCome y la descripcion oficial corresponde a potencia neta.",390.0
2026-06-02,Recurso,HMLG,,Hour20,390000.0,kWh,kW,True,"La magnitud y comportamiento horario coinciden con CapEfecNeta, DispoReal y DispoCome y la descripcion oficial corresponde a potencia neta.",390.0
2026-06-02,Recurso,HMLG,,Hour21,390000.0,kWh,kW,True,"La magnitud y comportamiento horario coinciden con CapEfecNeta, DispoReal y DispoCome y la descripcion oficial corresponde a potencia neta.",390.0
2026-06-02,Recurso,HMLG,,Hour22,390000.0,kWh,kW,True,"La magnitud y comportamiento horario coinciden con CapEfecNeta, DispoReal y DispoCome y la descripcion oficial corresponde a potencia neta.",390.0
2026-06-02,Recurso,HMLG,,Hour23,390000.0,kWh,kW,True,"La magnitud y comportamiento horario coinciden con CapEfecNeta, DispoReal y DispoCome y la descripcion oficial corresponde a potencia neta.",390.0
2026-06-02,Recurso,HMLG,,Hour24,390000.0,kWh,kW,True,"La magnitud y comportamiento horario coinciden con CapEfecNeta, DispoReal y DispoCome y la descripcion oficial corresponde a potencia neta.",390.0
2026-06-02,Recurso,JAGS,,Hour01,170000.0,kWh,kW,True,"La magnitud y comportamiento horario coinciden con CapEfecNeta, DispoReal y DispoCome y la descripcion oficial corresponde a potencia neta.",170.0
2026-06-02,Recurso,JAGS,,Hour02,170000.0,kWh,kW,True,"La magnitud y comportamiento horario coinciden con CapEfecNeta, DispoReal y DispoCome y la descripcion oficial corresponde a potencia neta.",170.0
2026-06-02,Recurso,JAGS,,Hour03,170000.0,kWh,kW,True,"La magnitud y comportamiento horario coinciden con CapEfecNeta, DispoReal y DispoCome y la descripcion oficial corresponde a potencia neta.",170.0
2026-06-02,Recurso,JAGS,,Hour04,170000.0,kWh,kW,True,"La magnitud y comportamiento horario coinciden con CapEfecNeta, DispoReal y DispoCome y la descripcion oficial corresponde a potencia neta.",170.0
2026-06-02,Recurso,JAGS,,Hour05,170000.0,kWh,kW,True,"La magnitud y comportamiento horario coinciden con CapEfecNeta, DispoReal y DispoCome y la descripcion oficial corresponde a potencia neta.",170.0
2026-06-02,Recurso,JAGS,,Hour06,170000.0,kWh,kW,True,"La magnitud y comportamiento horario coinciden con CapEfecNeta, DispoReal y DispoCome y la descripcion oficial corresponde a potencia neta.",170.0
2026-06-02,Recurso,JAGS,,Hour07,170000.0,kWh,kW,True,"La magnitud y comportamiento horario coinciden con CapEfecNeta, DispoReal y DispoCome y la descripcion oficial corresponde a potencia neta.",170.0
2026-06-02,Recurso,JAGS,,Hour08,170000.0,kWh,kW,True,"La magnitud y comportamiento horario coinciden con CapEfecNeta, DispoReal y DispoCome y la descripcion oficial corresponde a potencia neta.",170.0
2026-06-02,Recurso,JAGS,,Hour09,170000.0,kWh,kW,True,"La magnitud y comportamiento horario coinciden con CapEfecNeta, DispoReal y DispoCome y la descripcion oficial corresponde a potencia neta.",170.0
2026-06-02,Recurso,JAGS,,Hour10,170000.0,kWh,kW,True,"La magnitud y comportamiento horario coinciden con CapEfecNeta, DispoReal y DispoCome y la descripcion oficial corresponde a potencia neta.",170.0
2026-06-02,Recurso,JAGS,,Hour11,170000.0,kWh,kW,True,"La magnitud y comportamiento horario coinciden con CapEfecNeta, DispoReal y DispoCome y la descripcion oficial corresponde a potencia neta.",170.0
2026-06-02,Recurso,JAGS,,Hour12,170000.0,kWh,kW,True,"La magnitud y comportamiento horario coinciden con CapEfecNeta, DispoReal y DispoCome y la descripcion oficial corresponde a potencia neta.",170.0
2026-06-02,Recurso,JAGS,,Hour13,170000.0,kWh,kW,True,"La magnitud y comportamiento horario coinciden con CapEfecNeta, DispoReal y DispoCome y la descripcion oficial corresponde a potencia neta.",170.0
2026-06-02,Recurso,JAGS,,Hour14,170000.0,kWh,kW,True,"La magnitud y comportamiento horario coinciden con CapEfecNeta, DispoReal y DispoCome y la descripcion oficial corresponde a potencia neta.",170.0
2026-06-02,Recurso,JAGS,,Hour15,170000.0,kWh,kW,True,"La magnitud y comportamiento horario coinciden con CapEfecNeta, DispoReal y DispoCome y la descripcion oficial corresponde a potencia neta.",170.0
2026-06-02,Recurso,JAGS,,Hour16,170000.0,kWh,kW,True,"La magnitud y comportamiento horario coinciden con CapEfecNeta, DispoReal y DispoCome y la descripcion oficial corresponde a potencia neta.",170.0
2026-06-02,Recurso,JAGS,,Hour17,170000.0,kWh,kW,True,"La magnitud y comportamiento horario coinciden con CapEfecNeta, DispoReal y DispoCome y la descripcion oficial corresponde a potencia neta.",170.0
2026-06-02,Recurso,JAGS,,Hour18,170000.0,kWh,kW,True,"La magnitud y comportamiento horario coinciden con CapEfecNeta, DispoReal y DispoCome y la descripcion oficial corresponde a potencia neta.",170.0
2026-06-02,Recurso,JAGS,,Hour19,170000.0,kWh,kW,True,"La magnitud y comportamiento horario coinciden con CapEfecNeta, DispoReal y DispoCome y la descripcion oficial corresponde a potencia neta.",170.0
2026-06-02,Recurso,JAGS,,Hour20,170000.0,kWh,kW,True,"La magnitud y comportamiento horario coinciden con CapEfecNeta, DispoReal y DispoCome y la descripcion oficial corresponde a potencia neta.",170.0
2026-06-02,Recurso,JAGS,,Hour21,170000.0,kWh,kW,True,"La magnitud y comportamiento horario coinciden con CapEfecNeta, DispoReal y DispoCome y la descripcion oficial corresponde a potencia neta.",170.0
2026-06-02,Recurso,JAGS,,Hour22,170000.0,kWh,kW,True,"La magnitud y comportamiento horario coinciden con CapEfecNeta, DispoReal y DispoCome y la descripcion oficial corresponde a potencia neta.",170.0
2026-06-02,Recurso,JAGS,,Hour23,170000.0,kWh,kW,True,"La magnitud y comportamiento horario coinciden con CapEfecNeta, DispoReal y DispoCome y la descripcion oficial corresponde a potencia neta.",170.0
2026-06-02,Recurso,JAGS,,Hour24,170000.0,kWh,kW,True,"La magnitud y comportamiento horario coinciden con CapEfecNeta, DispoReal y DispoCome y la descripcion oficial corresponde a potencia neta.",170.0
2026-06-02,Recurso,LTSJ,,Hour01,306000.0,kWh,kW,True,"La magnitud y comportamiento horario coinciden con CapEfecNeta, DispoReal y DispoCome y la descripcion oficial corresponde a potencia neta.",306.0
2026-06-02,Recurso,LTSJ,,Hour02,306000.0,kWh,kW,True,"La magnitud y comportamiento horario coinciden con CapEfecNeta, DispoReal y DispoCome y la descripcion oficial corresponde a potencia neta.",306.0
2026-06-02,Recurso,LTSJ,,Hour03,306000.0,kWh,kW,True,"La magnitud y comportamiento horario coinciden con CapEfecNeta, DispoReal y DispoCome y la descripcion oficial corresponde a potencia neta.",306.0
2026-06-02,Recurso,LTSJ,,Hour04,306000.0,kWh,kW,True,"La magnitud y comportamiento horario coinciden con CapEfecNeta, DispoReal y DispoCome y la descripcion oficial corresponde a potencia neta.",306.0
2026-06-02,Recurso,LTSJ,,Hour05,306000.0,kWh,kW,True,"La magnitud y comportamiento horario coinciden con CapEfecNeta, DispoReal y DispoCome y la descripcion oficial corresponde a potencia neta.",306.0
2026-06-02,Recurso,LTSJ,,Hour06,306000.0,kWh,kW,True,"La magnitud y comportamiento horario coinciden con CapEfecNeta, DispoReal y DispoCome y la descripcion oficial corresponde a potencia neta.",306.0
2026-06-02,Recurso,LTSJ,,Hour07,306000.0,kWh,kW,True,"La magnitud y comportamiento horario coinciden con CapEfecNeta, DispoReal y DispoCome y la descripcion oficial corresponde a potencia neta.",306.0
2026-06-02,Recurso,LTSJ,,Hour08,306000.0,kWh,kW,True,"La magnitud y comportamiento horario coinciden con CapEfecNeta, DispoReal y DispoCome y la descripcion oficial corresponde a potencia neta.",306.0
2026-06-02,Recurso,LTSJ,,Hour09,306000.0,kWh,kW,True,"La magnitud y comportamiento horario coinciden con CapEfecNeta, DispoReal y DispoCome y la descripcion oficial corresponde a potencia neta.",306.0
2026-06-02,Recurso,LTSJ,,Hour10,306000.0,kWh,kW,True,"La magnitud y comportamiento horario coinciden con CapEfecNeta, DispoReal y DispoCome y la descripcion oficial corresponde a potencia neta.",306.0
2026-06-02,Recurso,LTSJ,,Hour11,306000.0,kWh,kW,True,"La magnitud y comportamiento horario coinciden con CapEfecNeta, DispoReal y DispoCome y la descripcion oficial corresponde a potencia neta.",306.0
2026-06-02,Recurso,LTSJ,,Hour12,306000.0,kWh,kW,True,"La magnitud y comportamiento horario coinciden con CapEfecNeta, DispoReal y DispoCome y la descripcion oficial corresponde a potencia neta.",306.0
2026-06-02,Recurso,LTSJ,,Hour13,306000.0,kWh,kW,True,"La magnitud y comportamiento horario coinciden con CapEfecNeta, DispoReal y DispoCome y la descripcion oficial corresponde a potencia neta.",306.0
2026-06-02,Recurso,LTSJ,,Hour14,306000.0,kWh,kW,True,"La magnitud y comportamiento horario coinciden con CapEfecNeta, DispoReal y DispoCome y la descripcion oficial corresponde a potencia neta.",306.0
2026-06-02,Recurso,LTSJ,,Hour15,306000.0,kWh,kW,True,"La magnitud y comportamiento horario coinciden con CapEfecNeta, DispoReal y DispoCome y la descripcion oficial corresponde a potencia neta.",306.0
2026-06-02,Recurso,LTSJ,,Hour16,306000.0,kWh,kW,True,"La magnitud y comportamiento horario coinciden con CapEfecNeta, DispoReal y DispoCome y la descripcion oficial corresponde a potencia neta.",306.0
2026-06-02,Recurso,LTSJ,,Hour17,306000.0,kWh,kW,True,"La magnitud y comportamiento horario coinciden con CapEfecNeta, DispoReal y DispoCome y la descripcion oficial corresponde a potencia neta.",306.0
2026-06-02,Recurso,LTSJ,,Hour18,306000.0,kWh,kW,True,"La magnitud y comportamiento horario coinciden con CapEfecNeta, DispoReal y DispoCome y la descripcion oficial corresponde a potencia neta.",306.0
2026-06-02,Recurso,LTSJ,,Hour19,306000.0,kWh,kW,True,"La magnitud y comportamiento horario coinciden con CapEfecNeta, DispoReal y DispoCome y la descripcion oficial corresponde a potencia neta.",306.0
2026-06-02,Recurso,LTSJ,,Hour20,306000.0,kWh,kW,True,"La magnitud y comportamiento horario coinciden con CapEfecNeta, DispoReal y DispoCome y la descripcion oficial corresponde a potencia neta.",306.0
2026-06-02,Recurso,LTSJ,,Hour21,306000.0,kWh,kW,True,"La magnitud y comportamiento horario coinciden con CapEfecNeta, DispoReal y DispoCome y la descripcion oficial corresponde a potencia neta.",306.0
2026-06-02,Recurso,LTSJ,,Hour22,306000.0,kWh,kW,True,"La magnitud y comportamiento horario coinciden con CapEfecNeta, DispoReal y DispoCome y la descripcion oficial corresponde a potencia neta.",306.0
2026-06-02,Recurso,LTSJ,,Hour23,306000.0,kWh,kW,True,"La magnitud y comportamiento horario coinciden con CapEfecNeta, DispoReal y DispoCome y la descripcion oficial corresponde a potencia neta.",306.0
2026-06-02,Recurso,LTSJ,,Hour24,306000.0,kWh,kW,True,"La magnitud y comportamiento horario coinciden con CapEfecNeta, DispoReal y DispoCome y la descripcion oficial corresponde a potencia neta.",306.0
2026-06-02,Recurso,MOY1,,Hour01,80000.0,kWh,kW,True,"La magnitud y comportamiento horario coinciden con CapEfecNeta, DispoReal y DispoCome y la descripcion oficial corresponde a potencia neta.",80.0
2026-06-02,Recurso,MOY1,,Hour02,80000.0,kWh,kW,True,"La magnitud y comportamiento horario coinciden con CapEfecNeta, DispoReal y DispoCome y la descripcion oficial corresponde a potencia neta.",80.0
2026-06-02,Recurso,MOY1,,Hour03,80000.0,kWh,kW,True,"La magnitud y comportamiento horario coinciden con CapEfecNeta, DispoReal y DispoCome y la descripcion oficial corresponde a potencia neta.",80.0
2026-06-02,Recurso,MOY1,,Hour04,80000.0,kWh,kW,True,"La magnitud y comportamiento horario coinciden con CapEfecNeta, DispoReal y DispoCome y la descripcion oficial corresponde a potencia neta.",80.0
2026-06-02,Recurso,MOY1,,Hour05,80000.0,kWh,kW,True,"La magnitud y comportamiento horario coinciden con CapEfecNeta, DispoReal y DispoCome y la descripcion oficial corresponde a potencia neta.",80.0
2026-06-02,Recurso,MOY1,,Hour06,80000.0,kWh,kW,True,"La magnitud y comportamiento horario coinciden con CapEfecNeta, DispoReal y DispoCome y la descripcion oficial corresponde a potencia neta.",80.0
2026-06-02,Recurso,MOY1,,Hour07,80000.0,kWh,kW,True,"La magnitud y comportamiento horario coinciden con CapEfecNeta, DispoReal y DispoCome y la descripcion oficial corresponde a potencia neta.",80.0
2026-06-02,Recurso,MOY1,,Hour08,80000.0,kWh,kW,True,"La magnitud y comportamiento horario coinciden con CapEfecNeta, DispoReal y DispoCome y la descripcion oficial corresponde a potencia neta.",80.0
2026-06-02,Recurso,MOY1,,Hour09,80000.0,kWh,kW,True,"La magnitud y comportamiento horario coinciden con CapEfecNeta, DispoReal y DispoCome y la descripcion oficial corresponde a potencia neta.",80.0
2026-06-02,Recurso,MOY1,,Hour10,80000.0,kWh,kW,True,"La magnitud y comportamiento horario coinciden con CapEfecNeta, DispoReal y DispoCome y la descripcion oficial corresponde a potencia neta.",80.0
2026-06-02,Recurso,MOY1,,Hour11,80000.0,kWh,kW,True,"La magnitud y comportamiento horario coinciden con CapEfecNeta, DispoReal y DispoCome y la descripcion oficial corresponde a potencia neta.",80.0
2026-06-02,Recurso,MOY1,,Hour12,80000.0,kWh,kW,True,"La magnitud y comportamiento horario coinciden con CapEfecNeta, DispoReal y DispoCome y la descripcion oficial corresponde a potencia neta.",80.0
2026-06-02,Recurso,MOY1,,Hour13,80000.0,kWh,kW,True,"La magnitud y comportamiento horario coinciden con CapEfecNeta, DispoReal y DispoCome y la descripcion oficial corresponde a potencia neta.",80.0
2026-06-02,Recurso,MOY1,,Hour14,80000.0,kWh,kW,True,"La magnitud y comportamiento horario coinciden con CapEfecNeta, DispoReal y DispoCome y la descripcion oficial corresponde a potencia neta.",80.0
2026-06-02,Recurso,MOY1,,Hour15,80000.0,kWh,kW,True,"La magnitud y comportamiento horario coinciden con CapEfecNeta, DispoReal y DispoCome y la descripcion oficial corresponde a potencia neta.",80.0
2026-06-02,Recurso,MOY1,,Hour16,80000.0,kWh,kW,True,"La magnitud y comportamiento horario coinciden con CapEfecNeta, DispoReal y DispoCome y la descripcion oficial corresponde a potencia neta.",80.0
2026-06-02,Recurso,MOY1,,Hour17,80000.0,kWh,kW,True,"La magnitud y comportamiento horario coinciden con CapEfecNeta, DispoReal y DispoCome y la descripcion oficial corresponde a potencia neta.",80.0
2026-06-02,Recurso,MOY1,,Hour18,80000.0,kWh,kW,True,"La magnitud y comportamiento horario coinciden con CapEfecNeta, DispoReal y DispoCome y la descripcion oficial corresponde a potencia neta.",80.0
2026-06-02,Recurso,MOY1,,Hour19,80000.0,kWh,kW,True,"La magnitud y comportamiento horario coinciden con CapEfecNeta, DispoReal y DispoCome y la descripcion oficial corresponde a potencia neta.",80.0
2026-06-02,Recurso,MOY1,,Hour20,80000.0,kWh,kW,True,"La magnitud y comportamiento horario coinciden con CapEfecNeta, DispoReal y DispoCome y la descripcion oficial corresponde a potencia neta.",80.0
2026-06-02,Recurso,MOY1,,Hour21,80000.0,kWh,kW,True,"La magnitud y comportamiento horario coinciden con CapEfecNeta, DispoReal y DispoCome y la descripcion oficial corresponde a potencia neta.",80.0
2026-06-02,Recurso,MOY1,,Hour22,80000.0,kWh,kW,True,"La magnitud y comportamiento horario coinciden con CapEfecNeta, DispoReal y DispoCome y la descripcion oficial corresponde a potencia neta.",80.0
2026-06-02,Recurso,MOY1,,Hour23,80000.0,kWh,kW,True,"La magnitud y comportamiento horario coinciden con CapEfecNeta, DispoReal y DispoCome y la descripcion oficial corresponde a potencia neta.",80.0
2026-06-02,Recurso,MOY1,,Hour24,80000.0,kWh,kW,True,"La magnitud y comportamiento horario coinciden con CapEfecNeta, DispoReal y DispoCome y la descripcion oficial corresponde a potencia neta.",80.0
2026-06-02,Recurso,MRL1,,Hour01,164000.0,kWh,kW,True,"La magnitud y comportamiento horario coinciden con CapEfecNeta, DispoReal y DispoCome y la descripcion oficial corresponde a potencia neta.",164.0
2026-06-02,Recurso,MRL1,,Hour02,164000.0,kWh,kW,True,"La magnitud y comportamiento horario coinciden con CapEfecNeta, DispoReal y DispoCome y la descripcion oficial corresponde a potencia neta.",164.0
2026-06-02,Recurso,MRL1,,Hour03,164000.0,kWh,kW,True,"La magnitud y comportamiento horario coinciden con CapEfecNeta, DispoReal y DispoCome y la descripcion oficial corresponde a potencia neta.",164.0
2026-06-02,Recurso,MRL1,,Hour04,164000.0,kWh,kW,True,"La magnitud y comportamiento horario coinciden con CapEfecNeta, DispoReal y DispoCome y la descripcion oficial corresponde a potencia neta.",164.0
2026-06-02,Recurso,MRL1,,Hour05,164000.0,kWh,kW,True,"La magnitud y comportamiento horario coinciden con CapEfecNeta, DispoReal y DispoCome y la descripcion oficial corresponde a potencia neta.",164.0
2026-06-02,Recurso,MRL1,,Hour06,164000.0,kWh,kW,True,"La magnitud y comportamiento horario coinciden con CapEfecNeta, DispoReal y DispoCome y la descripcion oficial corresponde a potencia neta.",164.0
2026-06-02,Recurso,MRL1,,Hour07,164000.0,kWh,kW,True,"La magnitud y comportamiento horario coinciden con CapEfecNeta, DispoReal y DispoCome y la descripcion oficial corresponde a potencia neta.",164.0
2026-06-02,Recurso,MRL1,,Hour08,164000.0,kWh,kW,True,"La magnitud y comportamiento horario coinciden con CapEfecNeta, DispoReal y DispoCome y la descripcion oficial corresponde a potencia neta.",164.0
2026-06-02,Recurso,MRL1,,Hour09,164000.0,kWh,kW,True,"La magnitud y comportamiento horario coinciden con CapEfecNeta, DispoReal y DispoCome y la descripcion oficial corresponde a potencia neta.",164.0
2026-06-02,Recurso,MRL1,,Hour10,164000.0,kWh,kW,True,"La magnitud y comportamiento horario coinciden con CapEfecNeta, DispoReal y DispoCome y la descripcion oficial corresponde a potencia neta.",164.0
2026-06-02,Recurso,MRL1,,Hour11,164000.0,kWh,kW,True,"La magnitud y comportamiento horario coinciden con CapEfecNeta, DispoReal y DispoCome y la descripcion oficial corresponde a potencia neta.",164.0
2026-06-02,Recurso,MRL1,,Hour12,164000.0,kWh,kW,True,"La magnitud y comportamiento horario coinciden con CapEfecNeta, DispoReal y DispoCome y la descripcion oficial corresponde a potencia neta.",164.0
2026-06-02,Recurso,MRL1,,Hour13,164000.0,kWh,kW,True,"La magnitud y comportamiento horario coinciden con CapEfecNeta, DispoReal y DispoCome y la descripcion oficial corresponde a potencia neta.",164.0
2026-06-02,Recurso,MRL1,,Hour14,164000.0,kWh,kW,True,"La magnitud y comportamiento horario coinciden con CapEfecNeta, DispoReal y DispoCome y la descripcion oficial corresponde a potencia neta.",164.0
2026-06-02,Recurso,MRL1,,Hour15,164000.0,kWh,kW,True,"La magnitud y comportamiento horario coinciden con CapEfecNeta, DispoReal y DispoCome y la descripcion oficial corresponde a potencia neta.",164.0
2026-06-02,Recurso,MRL1,,Hour16,164000.0,kWh,kW,True,"La magnitud y comportamiento horario coinciden con CapEfecNeta, DispoReal y DispoCome y la descripcion oficial corresponde a potencia neta.",164.0
2026-06-02,Recurso,MRL1,,Hour17,164000.0,kWh,kW,True,"La magnitud y comportamiento horario coinciden con CapEfecNeta, DispoReal y DispoCome y la descripcion oficial corresponde a potencia neta.",164.0
2026-06-02,Recurso,MRL1,,Hour18,164000.0,kWh,kW,True,"La magnitud y comportamiento horario coinciden con CapEfecNeta, DispoReal y DispoCome y la descripcion oficial corresponde a potencia neta.",164.0
2026-06-02,Recurso,MRL1,,Hour19,164000.0,kWh,kW,True,"La magnitud y comportamiento horario coinciden con CapEfecNeta, DispoReal y DispoCome y la descripcion oficial corresponde a potencia neta.",164.0
2026-06-02,Recurso,MRL1,,Hour20,164000.0,kWh,kW,True,"La magnitud y comportamiento horario coinciden con CapEfecNeta, DispoReal y DispoCome y la descripcion oficial corresponde a potencia neta.",164.0
2026-06-02,Recurso,MRL1,,Hour21,164000.0,kWh,kW,True,"La magnitud y comportamiento horario coinciden con CapEfecNeta, DispoReal y DispoCome y la descripcion oficial corresponde a potencia neta.",164.0
2026-06-02,Recurso,MRL1,,Hour22,164000.0,kWh,kW,True,"La magnitud y comportamiento horario coinciden con CapEfecNeta, DispoReal y DispoCome y la descripcion oficial corresponde a potencia neta.",164.0
2026-06-02,Recurso,MRL1,,Hour23,164000.0,kWh,kW,True,"La magnitud y comportamiento horario coinciden con CapEfecNeta, DispoReal y DispoCome y la descripcion oficial corresponde a potencia neta.",164.0
2026-06-02,Recurso,MRL1,,Hour24,164000.0,kWh,kW,True,"La magnitud y comportamiento horario coinciden con CapEfecNeta, DispoReal y DispoCome y la descripcion oficial corresponde a potencia neta.",164.0
2026-06-02,Recurso,PES1,,Hour01,1100000.0,kWh,kW,True,"La magnitud y comportamiento horario coinciden con CapEfecNeta, DispoReal y DispoCome y la descripcion oficial corresponde a potencia neta.",1100.0
2026-06-02,Recurso,PES1,,Hour02,1100000.0,kWh,kW,True,"La magnitud y comportamiento horario coinciden con CapEfecNeta, DispoReal y DispoCome y la descripcion oficial corresponde a potencia neta.",1100.0
2026-06-02,Recurso,PES1,,Hour03,1100000.0,kWh,kW,True,"La magnitud y comportamiento horario coinciden con CapEfecNeta, DispoReal y DispoCome y la descripcion oficial corresponde a potencia neta.",1100.0
2026-06-02,Recurso,PES1,,Hour04,1100000.0,kWh,kW,True,"La magnitud y comportamiento horario coinciden con CapEfecNeta, DispoReal y DispoCome y la descripcion oficial corresponde a potencia neta.",1100.0
2026-06-02,Recurso,PES1,,Hour05,1100000.0,kWh,kW,True,"La magnitud y comportamiento horario coinciden con CapEfecNeta, DispoReal y DispoCome y la descripcion oficial corresponde a potencia neta.",1100.0
2026-06-02,Recurso,PES1,,Hour06,1100000.0,kWh,kW,True,"La magnitud y comportamiento horario coinciden con CapEfecNeta, DispoReal y DispoCome y la descripcion oficial corresponde a potencia neta.",1100.0
2026-06-02,Recurso,PES1,,Hour07,1100000.0,kWh,kW,True,"La magnitud y comportamiento horario coinciden con CapEfecNeta, DispoReal y DispoCome y la descripcion oficial corresponde a potencia neta.",1100.0
2026-06-02,Recurso,PES1,,Hour08,1100000.0,kWh,kW,True,"La magnitud y comportamiento horario coinciden con CapEfecNeta, DispoReal y DispoCome y la descripcion oficial corresponde a potencia neta.",1100.0
2026-06-02,Recurso,PES1,,Hour09,1100000.0,kWh,kW,True,"La magnitud y comportamiento horario coinciden con CapEfecNeta, DispoReal y DispoCome y la descripcion oficial corresponde a potencia neta.",1100.0
2026-06-02,Recurso,PES1,,Hour10,1100000.0,kWh,kW,True,"La magnitud y comportamiento horario coinciden con CapEfecNeta, DispoReal y DispoCome y la descripcion oficial corresponde a potencia neta.",1100.0
2026-06-02,Recurso,PES1,,Hour11,1100000.0,kWh,kW,True,"La magnitud y comportamiento horario coinciden con CapEfecNeta, DispoReal y DispoCome y la descripcion oficial corresponde a potencia neta.",1100.0
2026-06-02,Recurso,PES1,,Hour12,1100000.0,kWh,kW,True,"La magnitud y comportamiento horario coinciden con CapEfecNeta, DispoReal y DispoCome y la descripcion oficial corresponde a potencia neta.",1100.0
2026-06-02,Recurso,PES1,,Hour13,1100000.0,kWh,kW,True,"La magnitud y comportamiento horario coinciden con CapEfecNeta, DispoReal y DispoCome y la descripcion oficial corresponde a potencia neta.",1100.0
2026-06-02,Recurso,PES1,,Hour14,1100000.0,kWh,kW,True,"La magnitud y comportamiento horario coinciden con CapEfecNeta, DispoReal y DispoCome y la descripcion oficial corresponde a potencia neta.",1100.0
2026-06-02,Recurso,PES1,,Hour15,1100000.0,kWh,kW,True,"La magnitud y comportamiento horario coinciden con CapEfecNeta, DispoReal y DispoCome y la descripcion oficial corresponde a potencia neta.",1100.0
2026-06-02,Recurso,PES1,,Hour16,1100000.0,kWh,kW,True,"La magnitud y comportamiento horario coinciden con CapEfecNeta, DispoReal y DispoCome y la descripcion oficial corresponde a potencia neta.",1100.0
2026-06-02,Recurso,PES1,,Hour17,1100000.0,kWh,kW,True,"La magnitud y comportamiento horario coinciden con CapEfecNeta, DispoReal y DispoCome y la descripcion oficial corresponde a potencia neta.",1100.0
2026-06-02,Recurso,PES1,,Hour18,1100000.0,kWh,kW,True,"La magnitud y comportamiento horario coinciden con CapEfecNeta, DispoReal y DispoCome y la descripcion oficial corresponde a potencia neta.",1100.0
2026-06-02,Recurso,PES1,,Hour19,1100000.0,kWh,kW,True,"La magnitud y comportamiento horario coinciden con CapEfecNeta, DispoReal y DispoCome y la descripcion oficial corresponde a potencia neta.",1100.0
2026-06-02,Recurso,PES1,,Hour20,1100000.0,kWh,kW,True,"La magnitud y comportamiento horario coinciden con CapEfecNeta, DispoReal y DispoCome y la descripcion oficial corresponde a potencia neta.",1100.0
2026-06-02,Recurso,PES1,,Hour21,1100000.0,kWh,kW,True,"La magnitud y comportamiento horario coinciden con CapEfecNeta, DispoReal y DispoCome y la descripcion oficial corresponde a potencia neta.",1100.0
2026-06-02,Recurso,PES1,,Hour22,1100000.0,kWh,kW,True,"La magnitud y comportamiento horario coinciden con CapEfecNeta, DispoReal y DispoCome y la descripcion oficial corresponde a potencia neta.",1100.0
2026-06-02,Recurso,PES1,,Hour23,1100000.0,kWh,kW,True,"La magnitud y comportamiento horario coinciden con CapEfecNeta, DispoReal y DispoCome y la descripcion oficial corresponde a potencia neta.",1100.0
2026-06-02,Recurso,PES1,,Hour24,1100000.0,kWh,kW,True,"La magnitud y comportamiento horario coinciden con CapEfecNeta, DispoReal y DispoCome y la descripcion oficial corresponde a potencia neta.",1100.0
2026-06-02,Recurso,PGUG,,Hour01,600000.0,kWh,kW,True,"La magnitud y comportamiento horario coinciden con CapEfecNeta, DispoReal y DispoCome y la descripcion oficial corresponde a potencia neta.",600.0
2026-06-02,Recurso,PGUG,,Hour02,600000.0,kWh,kW,True,"La magnitud y comportamiento horario coinciden con CapEfecNeta, DispoReal y DispoCome y la descripcion oficial corresponde a potencia neta.",600.0
2026-06-02,Recurso,PGUG,,Hour03,600000.0,kWh,kW,True,"La magnitud y comportamiento horario coinciden con CapEfecNeta, DispoReal y DispoCome y la descripcion oficial corresponde a potencia neta.",600.0
2026-06-02,Recurso,PGUG,,Hour04,600000.0,kWh,kW,True,"La magnitud y comportamiento horario coinciden con CapEfecNeta, DispoReal y DispoCome y la descripcion oficial corresponde a potencia neta.",600.0
2026-06-02,Recurso,PGUG,,Hour05,600000.0,kWh,kW,True,"La magnitud y comportamiento horario coinciden con CapEfecNeta, DispoReal y DispoCome y la descripcion oficial corresponde a potencia neta.",600.0
2026-06-02,Recurso,PGUG,,Hour06,600000.0,kWh,kW,True,"La magnitud y comportamiento horario coinciden con CapEfecNeta, DispoReal y DispoCome y la descripcion oficial corresponde a potencia neta.",600.0
2026-06-02,Recurso,PGUG,,Hour07,600000.0,kWh,kW,True,"La magnitud y comportamiento horario coinciden con CapEfecNeta, DispoReal y DispoCome y la descripcion oficial corresponde a potencia neta.",600.0
2026-06-02,Recurso,PGUG,,Hour08,600000.0,kWh,kW,True,"La magnitud y comportamiento horario coinciden con CapEfecNeta, DispoReal y DispoCome y la descripcion oficial corresponde a potencia neta.",600.0
2026-06-02,Recurso,PGUG,,Hour09,600000.0,kWh,kW,True,"La magnitud y comportamiento horario coinciden con CapEfecNeta, DispoReal y DispoCome y la descripcion oficial corresponde a potencia neta.",600.0
2026-06-02,Recurso,PGUG,,Hour10,600000.0,kWh,kW,True,"La magnitud y comportamiento horario coinciden con CapEfecNeta, DispoReal y DispoCome y la descripcion oficial corresponde a potencia neta.",600.0
2026-06-02,Recurso,PGUG,,Hour11,600000.0,kWh,kW,True,"La magnitud y comportamiento horario coinciden con CapEfecNeta, DispoReal y DispoCome y la descripcion oficial corresponde a potencia neta.",600.0
2026-06-02,Recurso,PGUG,,Hour12,600000.0,kWh,kW,True,"La magnitud y comportamiento horario coinciden con CapEfecNeta, DispoReal y DispoCome y la descripcion oficial corresponde a potencia neta.",600.0
2026-06-02,Recurso,PGUG,,Hour13,600000.0,kWh,kW,True,"La magnitud y comportamiento horario coinciden con CapEfecNeta, DispoReal y DispoCome y la descripcion oficial corresponde a potencia neta.",600.0
2026-06-02,Recurso,PGUG,,Hour14,600000.0,kWh,kW,True,"La magnitud y comportamiento horario coinciden con CapEfecNeta, DispoReal y DispoCome y la descripcion oficial corresponde a potencia neta.",600.0
2026-06-02,Recurso,PGUG,,Hour15,600000.0,kWh,kW,True,"La magnitud y comportamiento horario coinciden con CapEfecNeta, DispoReal y DispoCome y la descripcion oficial corresponde a potencia neta.",600.0
2026-06-02,Recurso,PGUG,,Hour16,600000.0,kWh,kW,True,"La magnitud y comportamiento horario coinciden con CapEfecNeta, DispoReal y DispoCome y la descripcion oficial corresponde a potencia neta.",600.0
2026-06-02,Recurso,PGUG,,Hour17,600000.0,kWh,kW,True,"La magnitud y comportamiento horario coinciden con CapEfecNeta, DispoReal y DispoCome y la descripcion oficial corresponde a potencia neta.",600.0
2026-06-02,Recurso,PGUG,,Hour18,600000.0,kWh,kW,True,"La magnitud y comportamiento horario coinciden con CapEfecNeta, DispoReal y DispoCome y la descripcion oficial corresponde a potencia neta.",600.0
2026-06-02,Recurso,PGUG,,Hour19,600000.0,kWh,kW,True,"La magnitud y comportamiento horario coinciden con CapEfecNeta, DispoReal y DispoCome y la descripcion oficial corresponde a potencia neta.",600.0
2026-06-02,Recurso,PGUG,,Hour20,600000.0,kWh,kW,True,"La magnitud y comportamiento horario coinciden con CapEfecNeta, DispoReal y DispoCome y la descripcion oficial corresponde a potencia neta.",600.0
2026-06-02,Recurso,PGUG,,Hour21,600000.0,kWh,kW,True,"La magnitud y comportamiento horario coinciden con CapEfecNeta, DispoReal y DispoCome y la descripcion oficial corresponde a potencia neta.",600.0
2026-06-02,Recurso,PGUG,,Hour22,600000.0,kWh,kW,True,"La magnitud y comportamiento horario coinciden con CapEfecNeta, DispoReal y DispoCome y la descripcion oficial corresponde a potencia neta.",600.0
2026-06-02,Recurso,PGUG,,Hour23,600000.0,kWh,kW,True,"La magnitud y comportamiento horario coinciden con CapEfecNeta, DispoReal y DispoCome y la descripcion oficial corresponde a potencia neta.",600.0
2026-06-02,Recurso,PGUG,,Hour24,600000.0,kWh,kW,True,"La magnitud y comportamiento horario coinciden con CapEfecNeta, DispoReal y DispoCome y la descripcion oficial corresponde a potencia neta.",600.0
2026-06-02,Recurso,PLYS,,Hour01,207000.0,kWh,kW,True,"La magnitud y comportamiento horario coinciden con CapEfecNeta, DispoReal y DispoCome y la descripcion oficial corresponde a potencia neta.",207.0
2026-06-02,Recurso,PLYS,,Hour02,207000.0,kWh,kW,True,"La magnitud y comportamiento horario coinciden con CapEfecNeta, DispoReal y DispoCome y la descripcion oficial corresponde a potencia neta.",207.0
2026-06-02,Recurso,PLYS,,Hour03,207000.0,kWh,kW,True,"La magnitud y comportamiento horario coinciden con CapEfecNeta, DispoReal y DispoCome y la descripcion oficial corresponde a potencia neta.",207.0
2026-06-02,Recurso,PLYS,,Hour04,207000.0,kWh,kW,True,"La magnitud y comportamiento horario coinciden con CapEfecNeta, DispoReal y DispoCome y la descripcion oficial corresponde a potencia neta.",207.0
2026-06-02,Recurso,PLYS,,Hour05,207000.0,kWh,kW,True,"La magnitud y comportamiento horario coinciden con CapEfecNeta, DispoReal y DispoCome y la descripcion oficial corresponde a potencia neta.",207.0
2026-06-02,Recurso,PLYS,,Hour06,207000.0,kWh,kW,True,"La magnitud y comportamiento horario coinciden con CapEfecNeta, DispoReal y DispoCome y la descripcion oficial corresponde a potencia neta.",207.0
2026-06-02,Recurso,PLYS,,Hour07,207000.0,kWh,kW,True,"La magnitud y comportamiento horario coinciden con CapEfecNeta, DispoReal y DispoCome y la descripcion oficial corresponde a potencia neta.",207.0
2026-06-02,Recurso,PLYS,,Hour08,207000.0,kWh,kW,True,"La magnitud y comportamiento horario coinciden con CapEfecNeta, DispoReal y DispoCome y la descripcion oficial corresponde a potencia neta.",207.0
2026-06-02,Recurso,PLYS,,Hour09,207000.0,kWh,kW,True,"La magnitud y comportamiento horario coinciden con CapEfecNeta, DispoReal y DispoCome y la descripcion oficial corresponde a potencia neta.",207.0
2026-06-02,Recurso,PLYS,,Hour10,207000.0,kWh,kW,True,"La magnitud y comportamiento horario coinciden con CapEfecNeta, DispoReal y DispoCome y la descripcion oficial corresponde a potencia neta.",207.0
2026-06-02,Recurso,PLYS,,Hour11,207000.0,kWh,kW,True,"La magnitud y comportamiento horario coinciden con CapEfecNeta, DispoReal y DispoCome y la descripcion oficial corresponde a potencia neta.",207.0
2026-06-02,Recurso,PLYS,,Hour12,207000.0,kWh,kW,True,"La magnitud y comportamiento horario coinciden con CapEfecNeta, DispoReal y DispoCome y la descripcion oficial corresponde a potencia neta.",207.0
2026-06-02,Recurso,PLYS,,Hour13,207000.0,kWh,kW,True,"La magnitud y comportamiento horario coinciden con CapEfecNeta, DispoReal y DispoCome y la descripcion oficial corresponde a potencia neta.",207.0
2026-06-02,Recurso,PLYS,,Hour14,207000.0,kWh,kW,True,"La magnitud y comportamiento horario coinciden con CapEfecNeta, DispoReal y DispoCome y la descripcion oficial corresponde a potencia neta.",207.0
2026-06-02,Recurso,PLYS,,Hour15,207000.0,kWh,kW,True,"La magnitud y comportamiento horario coinciden con CapEfecNeta, DispoReal y DispoCome y la descripcion oficial corresponde a potencia neta.",207.0
2026-06-02,Recurso,PLYS,,Hour16,207000.0,kWh,kW,True,"La magnitud y comportamiento horario coinciden con CapEfecNeta, DispoReal y DispoCome y la descripcion oficial corresponde a potencia neta.",207.0
2026-06-02,Recurso,PLYS,,Hour17,207000.0,kWh,kW,True,"La magnitud y comportamiento horario coinciden con CapEfecNeta, DispoReal y DispoCome y la descripcion oficial corresponde a potencia neta.",207.0
2026-06-02,Recurso,PLYS,,Hour18,207000.0,kWh,kW,True,"La magnitud y comportamiento horario coinciden con CapEfecNeta, DispoReal y DispoCome y la descripcion oficial corresponde a potencia neta.",207.0
2026-06-02,Recurso,PLYS,,Hour19,207000.0,kWh,kW,True,"La magnitud y comportamiento horario coinciden con CapEfecNeta, DispoReal y DispoCome y la descripcion oficial corresponde a potencia neta.",207.0
2026-06-02,Recurso,PLYS,,Hour20,207000.0,kWh,kW,True,"La magnitud y comportamiento horario coinciden con CapEfecNeta, DispoReal y DispoCome y la descripcion oficial corresponde a potencia neta.",207.0
2026-06-02,Recurso,PLYS,,Hour21,207000.0,kWh,kW,True,"La magnitud y comportamiento horario coinciden con CapEfecNeta, DispoReal y DispoCome y la descripcion oficial corresponde a potencia neta.",207.0
2026-06-02,Recurso,PLYS,,Hour22,207000.0,kWh,kW,True,"La magnitud y comportamiento horario coinciden con CapEfecNeta, DispoReal y DispoCome y la descripcion oficial corresponde a potencia neta.",207.0
2026-06-02,Recurso,PLYS,,Hour23,207000.0,kWh,kW,True,"La magnitud y comportamiento horario coinciden con CapEfecNeta, DispoReal y DispoCome y la descripcion oficial corresponde a potencia neta.",207.0
2026-06-02,Recurso,PLYS,,Hour24,207000.0,kWh,kW,True,"La magnitud y comportamiento horario coinciden con CapEfecNeta, DispoReal y DispoCome y la descripcion oficial corresponde a potencia neta.",207.0
2026-06-02,Recurso,PPA1,,Hour01,0.0,kWh,kW,True,"La magnitud y comportamiento horario coinciden con CapEfecNeta, DispoReal y DispoCome y la descripcion oficial corresponde a potencia neta.",0.0
2026-06-02,Recurso,PPA1,,Hour02,0.0,kWh,kW,True,"La magnitud y comportamiento horario coinciden con CapEfecNeta, DispoReal y DispoCome y la descripcion oficial corresponde a potencia neta.",0.0
2026-06-02,Recurso,PPA1,,Hour03,0.0,kWh,kW,True,"La magnitud y comportamiento horario coinciden con CapEfecNeta, DispoReal y DispoCome y la descripcion oficial corresponde a potencia neta.",0.0
2026-06-02,Recurso,PPA1,,Hour04,0.0,kWh,kW,True,"La magnitud y comportamiento horario coinciden con CapEfecNeta, DispoReal y DispoCome y la descripcion oficial corresponde a potencia neta.",0.0
2026-06-02,Recurso,PPA1,,Hour05,0.0,kWh,kW,True,"La magnitud y comportamiento horario coinciden con CapEfecNeta, DispoReal y DispoCome y la descripcion oficial corresponde a potencia neta.",0.0
2026-06-02,Recurso,PPA1,,Hour06,0.0,kWh,kW,True,"La magnitud y comportamiento horario coinciden con CapEfecNeta, DispoReal y DispoCome y la descripcion oficial corresponde a potencia neta.",0.0
2026-06-02,Recurso,PPA1,,Hour07,0.0,kWh,kW,True,"La magnitud y comportamiento horario coinciden con CapEfecNeta, DispoReal y DispoCome y la descripcion oficial corresponde a potencia neta.",0.0
2026-06-02,Recurso,PPA1,,Hour08,0.0,kWh,kW,True,"La magnitud y comportamiento horario coinciden con CapEfecNeta, DispoReal y DispoCome y la descripcion oficial corresponde a potencia neta.",0.0
2026-06-02,Recurso,PPA1,,Hour09,0.0,kWh,kW,True,"La magnitud y comportamiento horario coinciden con CapEfecNeta, DispoReal y DispoCome y la descripcion oficial corresponde a potencia neta.",0.0
2026-06-02,Recurso,PPA1,,Hour10,0.0,kWh,kW,True,"La magnitud y comportamiento horario coinciden con CapEfecNeta, DispoReal y DispoCome y la descripcion oficial corresponde a potencia neta.",0.0
2026-06-02,Recurso,PPA1,,Hour11,0.0,kWh,kW,True,"La magnitud y comportamiento horario coinciden con CapEfecNeta, DispoReal y DispoCome y la descripcion oficial corresponde a potencia neta.",0.0
2026-06-02,Recurso,PPA1,,Hour12,0.0,kWh,kW,True,"La magnitud y comportamiento horario coinciden con CapEfecNeta, DispoReal y DispoCome y la descripcion oficial corresponde a potencia neta.",0.0
2026-06-02,Recurso,PPA1,,Hour13,0.0,kWh,kW,True,"La magnitud y comportamiento horario coinciden con CapEfecNeta, DispoReal y DispoCome y la descripcion oficial corresponde a potencia neta.",0.0
2026-06-02,Recurso,PPA1,,Hour14,0.0,kWh,kW,True,"La magnitud y comportamiento horario coinciden con CapEfecNeta, DispoReal y DispoCome y la descripcion oficial corresponde a potencia neta.",0.0
2026-06-02,Recurso,PPA1,,Hour15,0.0,kWh,kW,True,"La magnitud y comportamiento horario coinciden con CapEfecNeta, DispoReal y DispoCome y la descripcion oficial corresponde a potencia neta.",0.0
2026-06-02,Recurso,PPA1,,Hour16,0.0,kWh,kW,True,"La magnitud y comportamiento horario coinciden con CapEfecNeta, DispoReal y DispoCome y la descripcion oficial corresponde a potencia neta.",0.0
2026-06-02,Recurso,PPA1,,Hour17,23000.0,kWh,kW,True,"La magnitud y comportamiento horario coinciden con CapEfecNeta, DispoReal y DispoCome y la descripcion oficial corresponde a potencia neta.",23.0
2026-06-02,Recurso,PPA1,,Hour18,23000.0,kWh,kW,True,"La magnitud y comportamiento horario coinciden con CapEfecNeta, DispoReal y DispoCome y la descripcion oficial corresponde a potencia neta.",23.0
2026-06-02,Recurso,PPA1,,Hour19,23000.0,kWh,kW,True,"La magnitud y comportamiento horario coinciden con CapEfecNeta, DispoReal y DispoCome y la descripcion oficial corresponde a potencia neta.",23.0
2026-06-02,Recurso,PPA1,,Hour20,23000.0,kWh,kW,True,"La magnitud y comportamiento horario coinciden con CapEfecNeta, DispoReal y DispoCome y la descripcion oficial corresponde a potencia neta.",23.0
2026-06-02,Recurso,PPA1,,Hour21,23000.0,kWh,kW,True,"La magnitud y comportamiento horario coinciden con CapEfecNeta, DispoReal y DispoCome y la descripcion oficial corresponde a potencia neta.",23.0
2026-06-02,Recurso,PPA1,,Hour22,23000.0,kWh,kW,True,"La magnitud y comportamiento horario coinciden con CapEfecNeta, DispoReal y DispoCome y la descripcion oficial corresponde a potencia neta.",23.0
2026-06-02,Recurso,PPA1,,Hour23,23000.0,kWh,kW,True,"La magnitud y comportamiento horario coinciden con CapEfecNeta, DispoReal y DispoCome y la descripcion oficial corresponde a potencia neta.",23.0
2026-06-02,Recurso,PPA1,,Hour24,23000.0,kWh,kW,True,"La magnitud y comportamiento horario coinciden con CapEfecNeta, DispoReal y DispoCome y la descripcion oficial corresponde a potencia neta.",23.0
2026-06-03,Recurso,HMIN,,Hour01,55000.0,kWh,kW,True,"La magnitud y comportamiento horario coinciden con CapEfecNeta, DispoReal y DispoCome y la descripcion oficial corresponde a potencia neta.",55.0
2026-06-03,Recurso,HMIN,,Hour02,55000.0,kWh,kW,True,"La magnitud y comportamiento horario coinciden con CapEfecNeta, DispoReal y DispoCome y la descripcion oficial corresponde a potencia neta.",55.0
2026-06-03,Recurso,HMIN,,Hour03,55000.0,kWh,kW,True,"La magnitud y comportamiento horario coinciden con CapEfecNeta, DispoReal y DispoCome y la descripcion oficial corresponde a potencia neta.",55.0
2026-06-03,Recurso,HMIN,,Hour04,55000.0,kWh,kW,True,"La magnitud y comportamiento horario coinciden con CapEfecNeta, DispoReal y DispoCome y la descripcion oficial corresponde a potencia neta.",55.0
2026-06-03,Recurso,HMIN,,Hour05,55000.0,kWh,kW,True,"La magnitud y comportamiento horario coinciden con CapEfecNeta, DispoReal y DispoCome y la descripcion oficial corresponde a potencia neta.",55.0
2026-06-03,Recurso,HMIN,,Hour06,55000.0,kWh,kW,True,"La magnitud y comportamiento horario coinciden con CapEfecNeta, DispoReal y DispoCome y la descripcion oficial corresponde a potencia neta.",55.0
2026-06-03,Recurso,HMIN,,Hour07,55000.0,kWh,kW,True,"La magnitud y comportamiento horario coinciden con CapEfecNeta, DispoReal y DispoCome y la descripcion oficial corresponde a potencia neta.",55.0
2026-06-03,Recurso,HMIN,,Hour08,55000.0,kWh,kW,True,"La magnitud y comportamiento horario coinciden con CapEfecNeta, DispoReal y DispoCome y la descripcion oficial corresponde a potencia neta.",55.0
2026-06-03,Recurso,HMIN,,Hour09,55000.0,kWh,kW,True,"La magnitud y comportamiento horario coinciden con CapEfecNeta, DispoReal y DispoCome y la descripcion oficial corresponde a potencia neta.",55.0
2026-06-03,Recurso,HMIN,,Hour10,55000.0,kWh,kW,True,"La magnitud y comportamiento horario coinciden con CapEfecNeta, DispoReal y DispoCome y la descripcion oficial corresponde a potencia neta.",55.0
2026-06-03,Recurso,HMIN,,Hour11,55000.0,kWh,kW,True,"La magnitud y comportamiento horario coinciden con CapEfecNeta, DispoReal y DispoCome y la descripcion oficial corresponde a potencia neta.",55.0
2026-06-03,Recurso,HMIN,,Hour12,55000.0,kWh,kW,True,"La magnitud y comportamiento horario coinciden con CapEfecNeta, DispoReal y DispoCome y la descripcion oficial corresponde a potencia neta.",55.0
2026-06-03,Recurso,HMIN,,Hour13,55000.0,kWh,kW,True,"La magnitud y comportamiento horario coinciden con CapEfecNeta, DispoReal y DispoCome y la descripcion oficial corresponde a potencia neta.",55.0
2026-06-03,Recurso,HMIN,,Hour14,55000.0,kWh,kW,True,"La magnitud y comportamiento horario coinciden con CapEfecNeta, DispoReal y DispoCome y la descripcion oficial corresponde a potencia neta.",55.0
2026-06-03,Recurso,HMIN,,Hour15,55000.0,kWh,kW,True,"La magnitud y comportamiento horario coinciden con CapEfecNeta, DispoReal y DispoCome y la descripcion oficial corresponde a potencia neta.",55.0
2026-06-03,Recurso,HMIN,,Hour16,55000.0,kWh,kW,True,"La magnitud y comportamiento horario coinciden con CapEfecNeta, DispoReal y DispoCome y la descripcion oficial corresponde a potencia neta.",55.0
2026-06-03,Recurso,HMIN,,Hour17,55000.0,kWh,kW,True,"La magnitud y comportamiento horario coinciden con CapEfecNeta, DispoReal y DispoCome y la descripcion oficial corresponde a potencia neta.",55.0
2026-06-03,Recurso,HMIN,,Hour18,55000.0,kWh,kW,True,"La magnitud y comportamiento horario coinciden con CapEfecNeta, DispoReal y DispoCome y la descripcion oficial corresponde a potencia neta.",55.0
2026-06-03,Recurso,HMIN,,Hour19,55000.0,kWh,kW,True,"La magnitud y comportamiento horario coinciden con CapEfecNeta, DispoReal y DispoCome y la descripcion oficial corresponde a potencia neta.",55.0
2026-06-03,Recurso,HMIN,,Hour20,55000.0,kWh,kW,True,"La magnitud y comportamiento horario coinciden con CapEfecNeta, DispoReal y DispoCome y la descripcion oficial corresponde a potencia neta.",55.0
2026-06-03,Recurso,HMIN,,Hour21,55000.0,kWh,kW,True,"La magnitud y comportamiento horario coinciden con CapEfecNeta, DispoReal y DispoCome y la descripcion oficial corresponde a potencia neta.",55.0
2026-06-03,Recurso,HMIN,,Hour22,55000.0,kWh,kW,True,"La magnitud y comportamiento horario coinciden con CapEfecNeta, DispoReal y DispoCome y la descripcion oficial corresponde a potencia neta.",55.0
2026-06-03,Recurso,HMIN,,Hour23,55000.0,kWh,kW,True,"La magnitud y comportamiento horario coinciden con CapEfecNeta, DispoReal y DispoCome y la descripcion oficial corresponde a potencia neta.",55.0
2026-06-03,Recurso,HMIN,,Hour24,55000.0,kWh,kW,True,"La magnitud y comportamiento horario coinciden con CapEfecNeta, DispoReal y DispoCome y la descripcion oficial corresponde a potencia neta.",55.0
2026-06-03,Recurso,HMLG,,Hour01,390000.0,kWh,kW,True,"La magnitud y comportamiento horario coinciden con CapEfecNeta, DispoReal y DispoCome y la descripcion oficial corresponde a potencia neta.",390.0
2026-06-03,Recurso,HMLG,,Hour02,390000.0,kWh,kW,True,"La magnitud y comportamiento horario coinciden con CapEfecNeta, DispoReal y DispoCome y la descripcion oficial corresponde a potencia neta.",390.0
2026-06-03,Recurso,HMLG,,Hour03,390000.0,kWh,kW,True,"La magnitud y comportamiento horario coinciden con CapEfecNeta, DispoReal y DispoCome y la descripcion oficial corresponde a potencia neta.",390.0
2026-06-03,Recurso,HMLG,,Hour04,390000.0,kWh,kW,True,"La magnitud y comportamiento horario coinciden con CapEfecNeta, DispoReal y DispoCome y la descripcion oficial corresponde a potencia neta.",390.0
2026-06-03,Recurso,HMLG,,Hour05,390000.0,kWh,kW,True,"La magnitud y comportamiento horario coinciden con CapEfecNeta, DispoReal y DispoCome y la descripcion oficial corresponde a potencia neta.",390.0
2026-06-03,Recurso,HMLG,,Hour06,390000.0,kWh,kW,True,"La magnitud y comportamiento horario coinciden con CapEfecNeta, DispoReal y DispoCome y la descripcion oficial corresponde a potencia neta.",390.0
2026-06-03,Recurso,HMLG,,Hour07,390000.0,kWh,kW,True,"La magnitud y comportamiento horario coinciden con CapEfecNeta, DispoReal y DispoCome y la descripcion oficial corresponde a potencia neta.",390.0
2026-06-03,Recurso,HMLG,,Hour08,390000.0,kWh,kW,True,"La magnitud y comportamiento horario coinciden con CapEfecNeta, DispoReal y DispoCome y la descripcion oficial corresponde a potencia neta.",390.0
2026-06-03,Recurso,HMLG,,Hour09,390000.0,kWh,kW,True,"La magnitud y comportamiento horario coinciden con CapEfecNeta, DispoReal y DispoCome y la descripcion oficial corresponde a potencia neta.",390.0
2026-06-03,Recurso,HMLG,,Hour10,390000.0,kWh,kW,True,"La magnitud y comportamiento horario coinciden con CapEfecNeta, DispoReal y DispoCome y la descripcion oficial corresponde a potencia neta.",390.0
2026-06-03,Recurso,HMLG,,Hour11,390000.0,kWh,kW,True,"La magnitud y comportamiento horario coinciden con CapEfecNeta, DispoReal y DispoCome y la descripcion oficial corresponde a potencia neta.",390.0
2026-06-03,Recurso,HMLG,,Hour12,390000.0,kWh,kW,True,"La magnitud y comportamiento horario coinciden con CapEfecNeta, DispoReal y DispoCome y la descripcion oficial corresponde a potencia neta.",390.0
2026-06-03,Recurso,HMLG,,Hour13,390000.0,kWh,kW,True,"La magnitud y comportamiento horario coinciden con CapEfecNeta, DispoReal y DispoCome y la descripcion oficial corresponde a potencia neta.",390.0
2026-06-03,Recurso,HMLG,,Hour14,390000.0,kWh,kW,True,"La magnitud y comportamiento horario coinciden con CapEfecNeta, DispoReal y DispoCome y la descripcion oficial corresponde a potencia neta.",390.0
2026-06-03,Recurso,HMLG,,Hour15,390000.0,kWh,kW,True,"La magnitud y comportamiento horario coinciden con CapEfecNeta, DispoReal y DispoCome y la descripcion oficial corresponde a potencia neta.",390.0
2026-06-03,Recurso,HMLG,,Hour16,390000.0,kWh,kW,True,"La magnitud y comportamiento horario coinciden con CapEfecNeta, DispoReal y DispoCome y la descripcion oficial corresponde a potencia neta.",390.0
2026-06-03,Recurso,HMLG,,Hour17,390000.0,kWh,kW,True,"La magnitud y comportamiento horario coinciden con CapEfecNeta, DispoReal y DispoCome y la descripcion oficial corresponde a potencia neta.",390.0
2026-06-03,Recurso,HMLG,,Hour18,390000.0,kWh,kW,True,"La magnitud y comportamiento horario coinciden con CapEfecNeta, DispoReal y DispoCome y la descripcion oficial corresponde a potencia neta.",390.0
2026-06-03,Recurso,HMLG,,Hour19,390000.0,kWh,kW,True,"La magnitud y comportamiento horario coinciden con CapEfecNeta, DispoReal y DispoCome y la descripcion oficial corresponde a potencia neta.",390.0
2026-06-03,Recurso,HMLG,,Hour20,390000.0,kWh,kW,True,"La magnitud y comportamiento horario coinciden con CapEfecNeta, DispoReal y DispoCome y la descripcion oficial corresponde a potencia neta.",390.0
2026-06-03,Recurso,HMLG,,Hour21,390000.0,kWh,kW,True,"La magnitud y comportamiento horario coinciden con CapEfecNeta, DispoReal y DispoCome y la descripcion oficial corresponde a potencia neta.",390.0
2026-06-03,Recurso,HMLG,,Hour22,390000.0,kWh,kW,True,"La magnitud y comportamiento horario coinciden con CapEfecNeta, DispoReal y DispoCome y la descripcion oficial corresponde a potencia neta.",390.0
2026-06-03,Recurso,HMLG,,Hour23,390000.0,kWh,kW,True,"La magnitud y comportamiento horario coinciden con CapEfecNeta, DispoReal y DispoCome y la descripcion oficial corresponde a potencia neta.",390.0
2026-06-03,Recurso,HMLG,,Hour24,390000.0,kWh,kW,True,"La magnitud y comportamiento horario coinciden con CapEfecNeta, DispoReal y DispoCome y la descripcion oficial corresponde a potencia neta.",390.0
2026-06-03,Recurso,JAGS,,Hour01,170000.0,kWh,kW,True,"La magnitud y comportamiento horario coinciden con CapEfecNeta, DispoReal y DispoCome y la descripcion oficial corresponde a potencia neta.",170.0
2026-06-03,Recurso,JAGS,,Hour02,170000.0,kWh,kW,True,"La magnitud y comportamiento horario coinciden con CapEfecNeta, DispoReal y DispoCome y la descripcion oficial corresponde a potencia neta.",170.0
2026-06-03,Recurso,JAGS,,Hour03,170000.0,kWh,kW,True,"La magnitud y comportamiento horario coinciden con CapEfecNeta, DispoReal y DispoCome y la descripcion oficial corresponde a potencia neta.",170.0
2026-06-03,Recurso,JAGS,,Hour04,170000.0,kWh,kW,True,"La magnitud y comportamiento horario coinciden con CapEfecNeta, DispoReal y DispoCome y la descripcion oficial corresponde a potencia neta.",170.0
2026-06-03,Recurso,JAGS,,Hour05,170000.0,kWh,kW,True,"La magnitud y comportamiento horario coinciden con CapEfecNeta, DispoReal y DispoCome y la descripcion oficial corresponde a potencia neta.",170.0
2026-06-03,Recurso,JAGS,,Hour06,170000.0,kWh,kW,True,"La magnitud y comportamiento horario coinciden con CapEfecNeta, DispoReal y DispoCome y la descripcion oficial corresponde a potencia neta.",170.0
2026-06-03,Recurso,JAGS,,Hour07,170000.0,kWh,kW,True,"La magnitud y comportamiento horario coinciden con CapEfecNeta, DispoReal y DispoCome y la descripcion oficial corresponde a potencia neta.",170.0
2026-06-03,Recurso,JAGS,,Hour08,170000.0,kWh,kW,True,"La magnitud y comportamiento horario coinciden con CapEfecNeta, DispoReal y DispoCome y la descripcion oficial corresponde a potencia neta.",170.0
2026-06-03,Recurso,JAGS,,Hour09,170000.0,kWh,kW,True,"La magnitud y comportamiento horario coinciden con CapEfecNeta, DispoReal y DispoCome y la descripcion oficial corresponde a potencia neta.",170.0
2026-06-03,Recurso,JAGS,,Hour10,170000.0,kWh,kW,True,"La magnitud y comportamiento horario coinciden con CapEfecNeta, DispoReal y DispoCome y la descripcion oficial corresponde a potencia neta.",170.0
2026-06-03,Recurso,JAGS,,Hour11,170000.0,kWh,kW,True,"La magnitud y comportamiento horario coinciden con CapEfecNeta, DispoReal y DispoCome y la descripcion oficial corresponde a potencia neta.",170.0
2026-06-03,Recurso,JAGS,,Hour12,170000.0,kWh,kW,True,"La magnitud y comportamiento horario coinciden con CapEfecNeta, DispoReal y DispoCome y la descripcion oficial corresponde a potencia neta.",170.0
2026-06-03,Recurso,JAGS,,Hour13,170000.0,kWh,kW,True,"La magnitud y comportamiento horario coinciden con CapEfecNeta, DispoReal y DispoCome y la descripcion oficial corresponde a potencia neta.",170.0
2026-06-03,Recurso,JAGS,,Hour14,170000.0,kWh,kW,True,"La magnitud y comportamiento horario coinciden con CapEfecNeta, DispoReal y DispoCome y la descripcion oficial corresponde a potencia neta.",170.0
2026-06-03,Recurso,JAGS,,Hour15,170000.0,kWh,kW,True,"La magnitud y comportamiento horario coinciden con CapEfecNeta, DispoReal y DispoCome y la descripcion oficial corresponde a potencia neta.",170.0
2026-06-03,Recurso,JAGS,,Hour16,170000.0,kWh,kW,True,"La magnitud y comportamiento horario coinciden con CapEfecNeta, DispoReal y DispoCome y la descripcion oficial corresponde a potencia neta.",170.0
2026-06-03,Recurso,JAGS,,Hour17,170000.0,kWh,kW,True,"La magnitud y comportamiento horario coinciden con CapEfecNeta, DispoReal y DispoCome y la descripcion oficial corresponde a potencia neta.",170.0
2026-06-03,Recurso,JAGS,,Hour18,170000.0,kWh,kW,True,"La magnitud y comportamiento horario coinciden con CapEfecNeta, DispoReal y DispoCome y la descripcion oficial corresponde a potencia neta.",170.0
2026-06-03,Recurso,JAGS,,Hour19,170000.0,kWh,kW,True,"La magnitud y comportamiento horario coinciden con CapEfecNeta, DispoReal y DispoCome y la descripcion oficial corresponde a potencia neta.",170.0
2026-06-03,Recurso,JAGS,,Hour20,170000.0,kWh,kW,True,"La magnitud y comportamiento horario coinciden con CapEfecNeta, DispoReal y DispoCome y la descripcion oficial corresponde a potencia neta.",170.0
2026-06-03,Recurso,JAGS,,Hour21,170000.0,kWh,kW,True,"La magnitud y comportamiento horario coinciden con CapEfecNeta, DispoReal y DispoCome y la descripcion oficial corresponde a potencia neta.",170.0
2026-06-03,Recurso,JAGS,,Hour22,170000.0,kWh,kW,True,"La magnitud y comportamiento horario coinciden con CapEfecNeta, DispoReal y DispoCome y la descripcion oficial corresponde a potencia neta.",170.0
2026-06-03,Recurso,JAGS,,Hour23,170000.0,kWh,kW,True,"La magnitud y comportamiento horario coinciden con CapEfecNeta, DispoReal y DispoCome y la descripcion oficial corresponde a potencia neta.",170.0
2026-06-03,Recurso,JAGS,,Hour24,170000.0,kWh,kW,True,"La magnitud y comportamiento horario coinciden con CapEfecNeta, DispoReal y DispoCome y la descripcion oficial corresponde a potencia neta.",170.0
2026-06-03,Recurso,LTSJ,,Hour01,306000.0,kWh,kW,True,"La magnitud y comportamiento horario coinciden con CapEfecNeta, DispoReal y DispoCome y la descripcion oficial corresponde a potencia neta.",306.0
2026-06-03,Recurso,LTSJ,,Hour02,306000.0,kWh,kW,True,"La magnitud y comportamiento horario coinciden con CapEfecNeta, DispoReal y DispoCome y la descripcion oficial corresponde a potencia neta.",306.0
2026-06-03,Recurso,LTSJ,,Hour03,306000.0,kWh,kW,True,"La magnitud y comportamiento horario coinciden con CapEfecNeta, DispoReal y DispoCome y la descripcion oficial corresponde a potencia neta.",306.0
2026-06-03,Recurso,LTSJ,,Hour04,306000.0,kWh,kW,True,"La magnitud y comportamiento horario coinciden con CapEfecNeta, DispoReal y DispoCome y la descripcion oficial corresponde a potencia neta.",306.0
2026-06-03,Recurso,LTSJ,,Hour05,306000.0,kWh,kW,True,"La magnitud y comportamiento horario coinciden con CapEfecNeta, DispoReal y DispoCome y la descripcion oficial corresponde a potencia neta.",306.0
2026-06-03,Recurso,LTSJ,,Hour06,306000.0,kWh,kW,True,"La magnitud y comportamiento horario coinciden con CapEfecNeta, DispoReal y DispoCome y la descripcion oficial corresponde a potencia neta.",306.0
2026-06-03,Recurso,LTSJ,,Hour07,306000.0,kWh,kW,True,"La magnitud y comportamiento horario coinciden con CapEfecNeta, DispoReal y DispoCome y la descripcion oficial corresponde a potencia neta.",306.0
2026-06-03,Recurso,LTSJ,,Hour08,306000.0,kWh,kW,True,"La magnitud y comportamiento horario coinciden con CapEfecNeta, DispoReal y DispoCome y la descripcion oficial corresponde a potencia neta.",306.0
2026-06-03,Recurso,LTSJ,,Hour09,306000.0,kWh,kW,True,"La magnitud y comportamiento horario coinciden con CapEfecNeta, DispoReal y DispoCome y la descripcion oficial corresponde a potencia neta.",306.0
2026-06-03,Recurso,LTSJ,,Hour10,306000.0,kWh,kW,True,"La magnitud y comportamiento horario coinciden con CapEfecNeta, DispoReal y DispoCome y la descripcion oficial corresponde a potencia neta.",306.0
2026-06-03,Recurso,LTSJ,,Hour11,306000.0,kWh,kW,True,"La magnitud y comportamiento horario coinciden con CapEfecNeta, DispoReal y DispoCome y la descripcion oficial corresponde a potencia neta.",306.0
2026-06-03,Recurso,LTSJ,,Hour12,306000.0,kWh,kW,True,"La magnitud y comportamiento horario coinciden con CapEfecNeta, DispoReal y DispoCome y la descripcion oficial corresponde a potencia neta.",306.0
2026-06-03,Recurso,LTSJ,,Hour13,306000.0,kWh,kW,True,"La magnitud y comportamiento horario coinciden con CapEfecNeta, DispoReal y DispoCome y la descripcion oficial corresponde a potencia neta.",306.0
2026-06-03,Recurso,LTSJ,,Hour14,306000.0,kWh,kW,True,"La magnitud y comportamiento horario coinciden con CapEfecNeta, DispoReal y DispoCome y la descripcion oficial corresponde a potencia neta.",306.0
2026-06-03,Recurso,LTSJ,,Hour15,306000.0,kWh,kW,True,"La magnitud y comportamiento horario coinciden con CapEfecNeta, DispoReal y DispoCome y la descripcion oficial corresponde a potencia neta.",306.0
2026-06-03,Recurso,LTSJ,,Hour16,306000.0,kWh,kW,True,"La magnitud y comportamiento horario coinciden con CapEfecNeta, DispoReal y DispoCome y la descripcion oficial corresponde a potencia neta.",306.0
2026-06-03,Recurso,LTSJ,,Hour17,306000.0,kWh,kW,True,"La magnitud y comportamiento horario coinciden con CapEfecNeta, DispoReal y DispoCome y la descripcion oficial corresponde a potencia neta.",306.0
2026-06-03,Recurso,LTSJ,,Hour18,306000.0,kWh,kW,True,"La magnitud y comportamiento horario coinciden con CapEfecNeta, DispoReal y DispoCome y la descripcion oficial corresponde a potencia neta.",306.0
2026-06-03,Recurso,LTSJ,,Hour19,306000.0,kWh,kW,True,"La magnitud y comportamiento horario coinciden con CapEfecNeta, DispoReal y DispoCome y la descripcion oficial corresponde a potencia neta.",306.0
2026-06-03,Recurso,LTSJ,,Hour20,306000.0,kWh,kW,True,"La magnitud y comportamiento horario coinciden con CapEfecNeta, DispoReal y DispoCome y la descripcion oficial corresponde a potencia neta.",306.0
2026-06-03,Recurso,LTSJ,,Hour21,306000.0,kWh,kW,True,"La magnitud y comportamiento horario coinciden con CapEfecNeta, DispoReal y DispoCome y la descripcion oficial corresponde a potencia neta.",306.0
2026-06-03,Recurso,LTSJ,,Hour22,306000.0,kWh,kW,True,"La magnitud y comportamiento horario coinciden con CapEfecNeta, DispoReal y DispoCome y la descripcion oficial corresponde a potencia neta.",306.0
2026-06-03,Recurso,LTSJ,,Hour23,306000.0,kWh,kW,True,"La magnitud y comportamiento horario coinciden con CapEfecNeta, DispoReal y DispoCome y la descripcion oficial corresponde a potencia neta.",306.0
2026-06-03,Recurso,LTSJ,,Hour24,306000.0,kWh,kW,True,"La magnitud y comportamiento horario coinciden con CapEfecNeta, DispoReal y DispoCome y la descripcion oficial corresponde a potencia neta.",306.0
2026-06-03,Recurso,MOY1,,Hour01,75000.0,kWh,kW,True,"La magnitud y comportamiento horario coinciden con CapEfecNeta, DispoReal y DispoCome y la descripcion oficial corresponde a potencia neta.",75.0
2026-06-03,Recurso,MOY1,,Hour02,75000.0,kWh,kW,True,"La magnitud y comportamiento horario coinciden con CapEfecNeta, DispoReal y DispoCome y la descripcion oficial corresponde a potencia neta.",75.0
2026-06-03,Recurso,MOY1,,Hour03,75000.0,kWh,kW,True,"La magnitud y comportamiento horario coinciden con CapEfecNeta, DispoReal y DispoCome y la descripcion oficial corresponde a potencia neta.",75.0
2026-06-03,Recurso,MOY1,,Hour04,75000.0,kWh,kW,True,"La magnitud y comportamiento horario coinciden con CapEfecNeta, DispoReal y DispoCome y la descripcion oficial corresponde a potencia neta.",75.0
2026-06-03,Recurso,MOY1,,Hour05,75000.0,kWh,kW,True,"La magnitud y comportamiento horario coinciden con CapEfecNeta, DispoReal y DispoCome y la descripcion oficial corresponde a potencia neta.",75.0
2026-06-03,Recurso,MOY1,,Hour06,75000.0,kWh,kW,True,"La magnitud y comportamiento horario coinciden con CapEfecNeta, DispoReal y DispoCome y la descripcion oficial corresponde a potencia neta.",75.0
2026-06-03,Recurso,MOY1,,Hour07,75000.0,kWh,kW,True,"La magnitud y comportamiento horario coinciden con CapEfecNeta, DispoReal y DispoCome y la descripcion oficial corresponde a potencia neta.",75.0
2026-06-03,Recurso,MOY1,,Hour08,75000.0,kWh,kW,True,"La magnitud y comportamiento horario coinciden con CapEfecNeta, DispoReal y DispoCome y la descripcion oficial corresponde a potencia neta.",75.0
2026-06-03,Recurso,MOY1,,Hour09,75000.0,kWh,kW,True,"La magnitud y comportamiento horario coinciden con CapEfecNeta, DispoReal y DispoCome y la descripcion oficial corresponde a potencia neta.",75.0
2026-06-03,Recurso,MOY1,,Hour10,75000.0,kWh,kW,True,"La magnitud y comportamiento horario coinciden con CapEfecNeta, DispoReal y DispoCome y la descripcion oficial corresponde a potencia neta.",75.0
2026-06-03,Recurso,MOY1,,Hour11,75000.0,kWh,kW,True,"La magnitud y comportamiento horario coinciden con CapEfecNeta, DispoReal y DispoCome y la descripcion oficial corresponde a potencia neta.",75.0
2026-06-03,Recurso,MOY1,,Hour12,75000.0,kWh,kW,True,"La magnitud y comportamiento horario coinciden con CapEfecNeta, DispoReal y DispoCome y la descripcion oficial corresponde a potencia neta.",75.0
2026-06-03,Recurso,MOY1,,Hour13,75000.0,kWh,kW,True,"La magnitud y comportamiento horario coinciden con CapEfecNeta, DispoReal y DispoCome y la descripcion oficial corresponde a potencia neta.",75.0
2026-06-03,Recurso,MOY1,,Hour14,75000.0,kWh,kW,True,"La magnitud y comportamiento horario coinciden con CapEfecNeta, DispoReal y DispoCome y la descripcion oficial corresponde a potencia neta.",75.0
2026-06-03,Recurso,MOY1,,Hour15,75000.0,kWh,kW,True,"La magnitud y comportamiento horario coinciden con CapEfecNeta, DispoReal y DispoCome y la descripcion oficial corresponde a potencia neta.",75.0
2026-06-03,Recurso,MOY1,,Hour16,75000.0,kWh,kW,True,"La magnitud y comportamiento horario coinciden con CapEfecNeta, DispoReal y DispoCome y la descripcion oficial corresponde a potencia neta.",75.0
2026-06-03,Recurso,MOY1,,Hour17,75000.0,kWh,kW,True,"La magnitud y comportamiento horario coinciden con CapEfecNeta, DispoReal y DispoCome y la descripcion oficial corresponde a potencia neta.",75.0
2026-06-03,Recurso,MOY1,,Hour18,75000.0,kWh,kW,True,"La magnitud y comportamiento horario coinciden con CapEfecNeta, DispoReal y DispoCome y la descripcion oficial corresponde a potencia neta.",75.0
2026-06-03,Recurso,MOY1,,Hour19,75000.0,kWh,kW,True,"La magnitud y comportamiento horario coinciden con CapEfecNeta, DispoReal y DispoCome y la descripcion oficial corresponde a potencia neta.",75.0
2026-06-03,Recurso,MOY1,,Hour20,75000.0,kWh,kW,True,"La magnitud y comportamiento horario coinciden con CapEfecNeta, DispoReal y DispoCome y la descripcion oficial corresponde a potencia neta.",75.0
2026-06-03,Recurso,MOY1,,Hour21,75000.0,kWh,kW,True,"La magnitud y comportamiento horario coinciden con CapEfecNeta, DispoReal y DispoCome y la descripcion oficial corresponde a potencia neta.",75.0
2026-06-03,Recurso,MOY1,,Hour22,75000.0,kWh,kW,True,"La magnitud y comportamiento horario coinciden con CapEfecNeta, DispoReal y DispoCome y la descripcion oficial corresponde a potencia neta.",75.0
2026-06-03,Recurso,MOY1,,Hour23,75000.0,kWh,kW,True,"La magnitud y comportamiento horario coinciden con CapEfecNeta, DispoReal y DispoCome y la descripcion oficial corresponde a potencia neta.",75.0
2026-06-03,Recurso,MOY1,,Hour24,75000.0,kWh,kW,True,"La magnitud y comportamiento horario coinciden con CapEfecNeta, DispoReal y DispoCome y la descripcion oficial corresponde a potencia neta.",75.0
2026-06-03,Recurso,MRL1,,Hour01,164000.0,kWh,kW,True,"La magnitud y comportamiento horario coinciden con CapEfecNeta, DispoReal y DispoCome y la descripcion oficial corresponde a potencia neta.",164.0
2026-06-03,Recurso,MRL1,,Hour02,164000.0,kWh,kW,True,"La magnitud y comportamiento horario coinciden con CapEfecNeta, DispoReal y DispoCome y la descripcion oficial corresponde a potencia neta.",164.0
2026-06-03,Recurso,MRL1,,Hour03,164000.0,kWh,kW,True,"La magnitud y comportamiento horario coinciden con CapEfecNeta, DispoReal y DispoCome y la descripcion oficial corresponde a potencia neta.",164.0
2026-06-03,Recurso,MRL1,,Hour04,164000.0,kWh,kW,True,"La magnitud y comportamiento horario coinciden con CapEfecNeta, DispoReal y DispoCome y la descripcion oficial corresponde a potencia neta.",164.0
2026-06-03,Recurso,MRL1,,Hour05,164000.0,kWh,kW,True,"La magnitud y comportamiento horario coinciden con CapEfecNeta, DispoReal y DispoCome y la descripcion oficial corresponde a potencia neta.",164.0
2026-06-03,Recurso,MRL1,,Hour06,164000.0,kWh,kW,True,"La magnitud y comportamiento horario coinciden con CapEfecNeta, DispoReal y DispoCome y la descripcion oficial corresponde a potencia neta.",164.0
2026-06-03,Recurso,MRL1,,Hour07,164000.0,kWh,kW,True,"La magnitud y comportamiento horario coinciden con CapEfecNeta, DispoReal y DispoCome y la descripcion oficial corresponde a potencia neta.",164.0
2026-06-03,Recurso,MRL1,,Hour08,164000.0,kWh,kW,True,"La magnitud y comportamiento horario coinciden con CapEfecNeta, DispoReal y DispoCome y la descripcion oficial corresponde a potencia neta.",164.0
2026-06-03,Recurso,MRL1,,Hour09,164000.0,kWh,kW,True,"La magnitud y comportamiento horario coinciden con CapEfecNeta, DispoReal y DispoCome y la descripcion oficial corresponde a potencia neta.",164.0
2026-06-03,Recurso,MRL1,,Hour10,164000.0,kWh,kW,True,"La magnitud y comportamiento horario coinciden con CapEfecNeta, DispoReal y DispoCome y la descripcion oficial corresponde a potencia neta.",164.0
2026-06-03,Recurso,MRL1,,Hour11,164000.0,kWh,kW,True,"La magnitud y comportamiento horario coinciden con CapEfecNeta, DispoReal y DispoCome y la descripcion oficial corresponde a potencia neta.",164.0
2026-06-03,Recurso,MRL1,,Hour12,164000.0,kWh,kW,True,"La magnitud y comportamiento horario coinciden con CapEfecNeta, DispoReal y DispoCome y la descripcion oficial corresponde a potencia neta.",164.0
2026-06-03,Recurso,MRL1,,Hour13,164000.0,kWh,kW,True,"La magnitud y comportamiento horario coinciden con CapEfecNeta, DispoReal y DispoCome y la descripcion oficial corresponde a potencia neta.",164.0
2026-06-03,Recurso,MRL1,,Hour14,164000.0,kWh,kW,True,"La magnitud y comportamiento horario coinciden con CapEfecNeta, DispoReal y DispoCome y la descripcion oficial corresponde a potencia neta.",164.0
2026-06-03,Recurso,MRL1,,Hour15,164000.0,kWh,kW,True,"La magnitud y comportamiento horario coinciden con CapEfecNeta, DispoReal y DispoCome y la descripcion oficial corresponde a potencia neta.",164.0
2026-06-03,Recurso,MRL1,,Hour16,164000.0,kWh,kW,True,"La magnitud y comportamiento horario coinciden con CapEfecNeta, DispoReal y DispoCome y la descripcion oficial corresponde a potencia neta.",164.0
2026-06-03,Recurso,MRL1,,Hour17,164000.0,kWh,kW,True,"La magnitud y comportamiento horario coinciden con CapEfecNeta, DispoReal y DispoCome y la descripcion oficial corresponde a potencia neta.",164.0
2026-06-03,Recurso,MRL1,,Hour18,164000.0,kWh,kW,True,"La magnitud y comportamiento horario coinciden con CapEfecNeta, DispoReal y DispoCome y la descripcion oficial corresponde a potencia neta.",164.0
2026-06-03,Recurso,MRL1,,Hour19,164000.0,kWh,kW,True,"La magnitud y comportamiento horario coinciden con CapEfecNeta, DispoReal y DispoCome y la descripcion oficial corresponde a potencia neta.",164.0
2026-06-03,Recurso,MRL1,,Hour20,164000.0,kWh,kW,True,"La magnitud y comportamiento horario coinciden con CapEfecNeta, DispoReal y DispoCome y la descripcion oficial corresponde a potencia neta.",164.0
2026-06-03,Recurso,MRL1,,Hour21,164000.0,kWh,kW,True,"La magnitud y comportamiento horario coinciden con CapEfecNeta, DispoReal y DispoCome y la descripcion oficial corresponde a potencia neta.",164.0
2026-06-03,Recurso,MRL1,,Hour22,164000.0,kWh,kW,True,"La magnitud y comportamiento horario coinciden con CapEfecNeta, DispoReal y DispoCome y la descripcion oficial corresponde a potencia neta.",164.0
2026-06-03,Recurso,MRL1,,Hour23,164000.0,kWh,kW,True,"La magnitud y comportamiento horario coinciden con CapEfecNeta, DispoReal y DispoCome y la descripcion oficial corresponde a potencia neta.",164.0
2026-06-03,Recurso,MRL1,,Hour24,164000.0,kWh,kW,True,"La magnitud y comportamiento horario coinciden con CapEfecNeta, DispoReal y DispoCome y la descripcion oficial corresponde a potencia neta.",164.0
2026-06-03,Recurso,PES1,,Hour01,1200000.0,kWh,kW,True,"La magnitud y comportamiento horario coinciden con CapEfecNeta, DispoReal y DispoCome y la descripcion oficial corresponde a potencia neta.",1200.0
2026-06-03,Recurso,PES1,,Hour02,1200000.0,kWh,kW,True,"La magnitud y comportamiento horario coinciden con CapEfecNeta, DispoReal y DispoCome y la descripcion oficial corresponde a potencia neta.",1200.0
2026-06-03,Recurso,PES1,,Hour03,1200000.0,kWh,kW,True,"La magnitud y comportamiento horario coinciden con CapEfecNeta, DispoReal y DispoCome y la descripcion oficial corresponde a potencia neta.",1200.0
2026-06-03,Recurso,PES1,,Hour04,1200000.0,kWh,kW,True,"La magnitud y comportamiento horario coinciden con CapEfecNeta, DispoReal y DispoCome y la descripcion oficial corresponde a potencia neta.",1200.0
2026-06-03,Recurso,PES1,,Hour05,1200000.0,kWh,kW,True,"La magnitud y comportamiento horario coinciden con CapEfecNeta, DispoReal y DispoCome y la descripcion oficial corresponde a potencia neta.",1200.0
2026-06-03,Recurso,PES1,,Hour06,1200000.0,kWh,kW,True,"La magnitud y comportamiento horario coinciden con CapEfecNeta, DispoReal y DispoCome y la descripcion oficial corresponde a potencia neta.",1200.0
2026-06-03,Recurso,PES1,,Hour07,1200000.0,kWh,kW,True,"La magnitud y comportamiento horario coinciden con CapEfecNeta, DispoReal y DispoCome y la descripcion oficial corresponde a potencia neta.",1200.0
2026-06-03,Recurso,PES1,,Hour08,1200000.0,kWh,kW,True,"La magnitud y comportamiento horario coinciden con CapEfecNeta, DispoReal y DispoCome y la descripcion oficial corresponde a potencia neta.",1200.0
2026-06-03,Recurso,PES1,,Hour09,1200000.0,kWh,kW,True,"La magnitud y comportamiento horario coinciden con CapEfecNeta, DispoReal y DispoCome y la descripcion oficial corresponde a potencia neta.",1200.0
2026-06-03,Recurso,PES1,,Hour10,1200000.0,kWh,kW,True,"La magnitud y comportamiento horario coinciden con CapEfecNeta, DispoReal y DispoCome y la descripcion oficial corresponde a potencia neta.",1200.0
2026-06-03,Recurso,PES1,,Hour11,1200000.0,kWh,kW,True,"La magnitud y comportamiento horario coinciden con CapEfecNeta, DispoReal y DispoCome y la descripcion oficial corresponde a potencia neta.",1200.0
2026-06-03,Recurso,PES1,,Hour12,1200000.0,kWh,kW,True,"La magnitud y comportamiento horario coinciden con CapEfecNeta, DispoReal y DispoCome y la descripcion oficial corresponde a potencia neta.",1200.0
2026-06-03,Recurso,PES1,,Hour13,1200000.0,kWh,kW,True,"La magnitud y comportamiento horario coinciden con CapEfecNeta, DispoReal y DispoCome y la descripcion oficial corresponde a potencia neta.",1200.0
2026-06-03,Recurso,PES1,,Hour14,1200000.0,kWh,kW,True,"La magnitud y comportamiento horario coinciden con CapEfecNeta, DispoReal y DispoCome y la descripcion oficial corresponde a potencia neta.",1200.0
2026-06-03,Recurso,PES1,,Hour15,1200000.0,kWh,kW,True,"La magnitud y comportamiento horario coinciden con CapEfecNeta, DispoReal y DispoCome y la descripcion oficial corresponde a potencia neta.",1200.0
2026-06-03,Recurso,PES1,,Hour16,1200000.0,kWh,kW,True,"La magnitud y comportamiento horario coinciden con CapEfecNeta, DispoReal y DispoCome y la descripcion oficial corresponde a potencia neta.",1200.0
2026-06-03,Recurso,PES1,,Hour17,1200000.0,kWh,kW,True,"La magnitud y comportamiento horario coinciden con CapEfecNeta, DispoReal y DispoCome y la descripcion oficial corresponde a potencia neta.",1200.0
2026-06-03,Recurso,PES1,,Hour18,1200000.0,kWh,kW,True,"La magnitud y comportamiento horario coinciden con CapEfecNeta, DispoReal y DispoCome y la descripcion oficial corresponde a potencia neta.",1200.0
2026-06-03,Recurso,PES1,,Hour19,1200000.0,kWh,kW,True,"La magnitud y comportamiento horario coinciden con CapEfecNeta, DispoReal y DispoCome y la descripcion oficial corresponde a potencia neta.",1200.0
2026-06-03,Recurso,PES1,,Hour20,1200000.0,kWh,kW,True,"La magnitud y comportamiento horario coinciden con CapEfecNeta, DispoReal y DispoCome y la descripcion oficial corresponde a potencia neta.",1200.0
2026-06-03,Recurso,PES1,,Hour21,1200000.0,kWh,kW,True,"La magnitud y comportamiento horario coinciden con CapEfecNeta, DispoReal y DispoCome y la descripcion oficial corresponde a potencia neta.",1200.0
2026-06-03,Recurso,PES1,,Hour22,1200000.0,kWh,kW,True,"La magnitud y comportamiento horario coinciden con CapEfecNeta, DispoReal y DispoCome y la descripcion oficial corresponde a potencia neta.",1200.0
2026-06-03,Recurso,PES1,,Hour23,1200000.0,kWh,kW,True,"La magnitud y comportamiento horario coinciden con CapEfecNeta, DispoReal y DispoCome y la descripcion oficial corresponde a potencia neta.",1200.0
2026-06-03,Recurso,PES1,,Hour24,1200000.0,kWh,kW,True,"La magnitud y comportamiento horario coinciden con CapEfecNeta, DispoReal y DispoCome y la descripcion oficial corresponde a potencia neta.",1200.0
2026-06-03,Recurso,PGUG,,Hour01,600000.0,kWh,kW,True,"La magnitud y comportamiento horario coinciden con CapEfecNeta, DispoReal y DispoCome y la descripcion oficial corresponde a potencia neta.",600.0
2026-06-03,Recurso,PGUG,,Hour02,600000.0,kWh,kW,True,"La magnitud y comportamiento horario coinciden con CapEfecNeta, DispoReal y DispoCome y la descripcion oficial corresponde a potencia neta.",600.0
2026-06-03,Recurso,PGUG,,Hour03,600000.0,kWh,kW,True,"La magnitud y comportamiento horario coinciden con CapEfecNeta, DispoReal y DispoCome y la descripcion oficial corresponde a potencia neta.",600.0
2026-06-03,Recurso,PGUG,,Hour04,600000.0,kWh,kW,True,"La magnitud y comportamiento horario coinciden con CapEfecNeta, DispoReal y DispoCome y la descripcion oficial corresponde a potencia neta.",600.0
2026-06-03,Recurso,PGUG,,Hour05,600000.0,kWh,kW,True,"La magnitud y comportamiento horario coinciden con CapEfecNeta, DispoReal y DispoCome y la descripcion oficial corresponde a potencia neta.",600.0
2026-06-03,Recurso,PGUG,,Hour06,600000.0,kWh,kW,True,"La magnitud y comportamiento horario coinciden con CapEfecNeta, DispoReal y DispoCome y la descripcion oficial corresponde a potencia neta.",600.0
2026-06-03,Recurso,PGUG,,Hour07,600000.0,kWh,kW,True,"La magnitud y comportamiento horario coinciden con CapEfecNeta, DispoReal y DispoCome y la descripcion oficial corresponde a potencia neta.",600.0
2026-06-03,Recurso,PGUG,,Hour08,600000.0,kWh,kW,True,"La magnitud y comportamiento horario coinciden con CapEfecNeta, DispoReal y DispoCome y la descripcion oficial corresponde a potencia neta.",600.0
2026-06-03,Recurso,PGUG,,Hour09,600000.0,kWh,kW,True,"La magnitud y comportamiento horario coinciden con CapEfecNeta, DispoReal y DispoCome y la descripcion oficial corresponde a potencia neta.",600.0
2026-06-03,Recurso,PGUG,,Hour10,600000.0,kWh,kW,True,"La magnitud y comportamiento horario coinciden con CapEfecNeta, DispoReal y DispoCome y la descripcion oficial corresponde a potencia neta.",600.0
2026-06-03,Recurso,PGUG,,Hour11,600000.0,kWh,kW,True,"La magnitud y comportamiento horario coinciden con CapEfecNeta, DispoReal y DispoCome y la descripcion oficial corresponde a potencia neta.",600.0
2026-06-03,Recurso,PGUG,,Hour12,600000.0,kWh,kW,True,"La magnitud y comportamiento horario coinciden con CapEfecNeta, DispoReal y DispoCome y la descripcion oficial corresponde a potencia neta.",600.0
2026-06-03,Recurso,PGUG,,Hour13,600000.0,kWh,kW,True,"La magnitud y comportamiento horario coinciden con CapEfecNeta, DispoReal y DispoCome y la descripcion oficial corresponde a potencia neta.",600.0
2026-06-03,Recurso,PGUG,,Hour14,600000.0,kWh,kW,True,"La magnitud y comportamiento horario coinciden con CapEfecNeta, DispoReal y DispoCome y la descripcion oficial corresponde a potencia neta.",600.0
2026-06-03,Recurso,PGUG,,Hour15,600000.0,kWh,kW,True,"La magnitud y comportamiento horario coinciden con CapEfecNeta, DispoReal y DispoCome y la descripcion oficial corresponde a potencia neta.",600.0
2026-06-03,Recurso,PGUG,,Hour16,600000.0,kWh,kW,True,"La magnitud y comportamiento horario coinciden con CapEfecNeta, DispoReal y DispoCome y la descripcion oficial corresponde a potencia neta.",600.0
2026-06-03,Recurso,PGUG,,Hour17,600000.0,kWh,kW,True,"La magnitud y comportamiento horario coinciden con CapEfecNeta, DispoReal y DispoCome y la descripcion oficial corresponde a potencia neta.",600.0
2026-06-03,Recurso,PGUG,,Hour18,600000.0,kWh,kW,True,"La magnitud y comportamiento horario coinciden con CapEfecNeta, DispoReal y DispoCome y la descripcion oficial corresponde a potencia neta.",600.0
2026-06-03,Recurso,PGUG,,Hour19,600000.0,kWh,kW,True,"La magnitud y comportamiento horario coinciden con CapEfecNeta, DispoReal y DispoCome y la descripcion oficial corresponde a potencia neta.",600.0
2026-06-03,Recurso,PGUG,,Hour20,600000.0,kWh,kW,True,"La magnitud y comportamiento horario coinciden con CapEfecNeta, DispoReal y DispoCome y la descripcion oficial corresponde a potencia neta.",600.0
2026-06-03,Recurso,PGUG,,Hour21,600000.0,kWh,kW,True,"La magnitud y comportamiento horario coinciden con CapEfecNeta, DispoReal y DispoCome y la descripcion oficial corresponde a potencia neta.",600.0
2026-06-03,Recurso,PGUG,,Hour22,600000.0,kWh,kW,True,"La magnitud y comportamiento horario coinciden con CapEfecNeta, DispoReal y DispoCome y la descripcion oficial corresponde a potencia neta.",600.0
2026-06-03,Recurso,PGUG,,Hour23,600000.0,kWh,kW,True,"La magnitud y comportamiento horario coinciden con CapEfecNeta, DispoReal y DispoCome y la descripcion oficial corresponde a potencia neta.",600.0
2026-06-03,Recurso,PGUG,,Hour24,600000.0,kWh,kW,True,"La magnitud y comportamiento horario coinciden con CapEfecNeta, DispoReal y DispoCome y la descripcion oficial corresponde a potencia neta.",600.0
2026-06-03,Recurso,PLYS,,Hour01,207000.0,kWh,kW,True,"La magnitud y comportamiento horario coinciden con CapEfecNeta, DispoReal y DispoCome y la descripcion oficial corresponde a potencia neta.",207.0
2026-06-03,Recurso,PLYS,,Hour02,207000.0,kWh,kW,True,"La magnitud y comportamiento horario coinciden con CapEfecNeta, DispoReal y DispoCome y la descripcion oficial corresponde a potencia neta.",207.0
2026-06-03,Recurso,PLYS,,Hour03,207000.0,kWh,kW,True,"La magnitud y comportamiento horario coinciden con CapEfecNeta, DispoReal y DispoCome y la descripcion oficial corresponde a potencia neta.",207.0
2026-06-03,Recurso,PLYS,,Hour04,207000.0,kWh,kW,True,"La magnitud y comportamiento horario coinciden con CapEfecNeta, DispoReal y DispoCome y la descripcion oficial corresponde a potencia neta.",207.0
2026-06-03,Recurso,PLYS,,Hour05,207000.0,kWh,kW,True,"La magnitud y comportamiento horario coinciden con CapEfecNeta, DispoReal y DispoCome y la descripcion oficial corresponde a potencia neta.",207.0
2026-06-03,Recurso,PLYS,,Hour06,207000.0,kWh,kW,True,"La magnitud y comportamiento horario coinciden con CapEfecNeta, DispoReal y DispoCome y la descripcion oficial corresponde a potencia neta.",207.0
2026-06-03,Recurso,PLYS,,Hour07,207000.0,kWh,kW,True,"La magnitud y comportamiento horario coinciden con CapEfecNeta, DispoReal y DispoCome y la descripcion oficial corresponde a potencia neta.",207.0
2026-06-03,Recurso,PLYS,,Hour08,207000.0,kWh,kW,True,"La magnitud y comportamiento horario coinciden con CapEfecNeta, DispoReal y DispoCome y la descripcion oficial corresponde a potencia neta.",207.0
2026-06-03,Recurso,PLYS,,Hour09,207000.0,kWh,kW,True,"La magnitud y comportamiento horario coinciden con CapEfecNeta, DispoReal y DispoCome y la descripcion oficial corresponde a potencia neta.",207.0
2026-06-03,Recurso,PLYS,,Hour10,207000.0,kWh,kW,True,"La magnitud y comportamiento horario coinciden con CapEfecNeta, DispoReal y DispoCome y la descripcion oficial corresponde a potencia neta.",207.0
2026-06-03,Recurso,PLYS,,Hour11,207000.0,kWh,kW,True,"La magnitud y comportamiento horario coinciden con CapEfecNeta, DispoReal y DispoCome y la descripcion oficial corresponde a potencia neta.",207.0
2026-06-03,Recurso,PLYS,,Hour12,207000.0,kWh,kW,True,"La magnitud y comportamiento horario coinciden con CapEfecNeta, DispoReal y DispoCome y la descripcion oficial corresponde a potencia neta.",207.0
2026-06-03,Recurso,PLYS,,Hour13,207000.0,kWh,kW,True,"La magnitud y comportamiento horario coinciden con CapEfecNeta, DispoReal y DispoCome y la descripcion oficial corresponde a potencia neta.",207.0
2026-06-03,Recurso,PLYS,,Hour14,207000.0,kWh,kW,True,"La magnitud y comportamiento horario coinciden con CapEfecNeta, DispoReal y DispoCome y la descripcion oficial corresponde a potencia neta.",207.0
2026-06-03,Recurso,PLYS,,Hour15,207000.0,kWh,kW,True,"La magnitud y comportamiento horario coinciden con CapEfecNeta, DispoReal y DispoCome y la descripcion oficial corresponde a potencia neta.",207.0
2026-06-03,Recurso,PLYS,,Hour16,207000.0,kWh,kW,True,"La magnitud y comportamiento horario coinciden con CapEfecNeta, DispoReal y DispoCome y la descripcion oficial corresponde a potencia neta.",207.0
2026-06-03,Recurso,PLYS,,Hour17,207000.0,kWh,kW,True,"La magnitud y comportamiento horario coinciden con CapEfecNeta, DispoReal y DispoCome y la descripcion oficial corresponde a potencia neta.",207.0
2026-06-03,Recurso,PLYS,,Hour18,207000.0,kWh,kW,True,"La magnitud y comportamiento horario coinciden con CapEfecNeta, DispoReal y DispoCome y la descripcion oficial corresponde a potencia neta.",207.0
2026-06-03,Recurso,PLYS,,Hour19,207000.0,kWh,kW,True,"La magnitud y comportamiento horario coinciden con CapEfecNeta, DispoReal y DispoCome y la descripcion oficial corresponde a potencia neta.",207.0
2026-06-03,Recurso,PLYS,,Hour20,207000.0,kWh,kW,True,"La magnitud y comportamiento horario coinciden con CapEfecNeta, DispoReal y DispoCome y la descripcion oficial corresponde a potencia neta.",207.0
2026-06-03,Recurso,PLYS,,Hour21,207000.0,kWh,kW,True,"La magnitud y comportamiento horario coinciden con CapEfecNeta, DispoReal y DispoCome y la descripcion oficial corresponde a potencia neta.",207.0
2026-06-03,Recurso,PLYS,,Hour22,207000.0,kWh,kW,True,"La magnitud y comportamiento horario coinciden con CapEfecNeta, DispoReal y DispoCome y la descripcion oficial corresponde a potencia neta.",207.0
2026-06-03,Recurso,PLYS,,Hour23,207000.0,kWh,kW,True,"La magnitud y comportamiento horario coinciden con CapEfecNeta, DispoReal y DispoCome y la descripcion oficial corresponde a potencia neta.",207.0
2026-06-03,Recurso,PLYS,,Hour24,207000.0,kWh,kW,True,"La magnitud y comportamiento horario coinciden con CapEfecNeta, DispoReal y DispoCome y la descripcion oficial corresponde a potencia neta.",207.0
2026-06-03,Recurso,PPA1,,Hour01,23000.0,kWh,kW,True,"La magnitud y comportamiento horario coinciden con CapEfecNeta, DispoReal y DispoCome y la descripcion oficial corresponde a potencia neta.",23.0
2026-06-03,Recurso,PPA1,,Hour02,23000.0,kWh,kW,True,"La magnitud y comportamiento horario coinciden con CapEfecNeta, DispoReal y DispoCome y la descripcion oficial corresponde a potencia neta.",23.0
2026-06-03,Recurso,PPA1,,Hour03,23000.0,kWh,kW,True,"La magnitud y comportamiento horario coinciden con CapEfecNeta, DispoReal y DispoCome y la descripcion oficial corresponde a potencia neta.",23.0
2026-06-03,Recurso,PPA1,,Hour04,23000.0,kWh,kW,True,"La magnitud y comportamiento horario coinciden con CapEfecNeta, DispoReal y DispoCome y la descripcion oficial corresponde a potencia neta.",23.0
2026-06-03,Recurso,PPA1,,Hour05,23000.0,kWh,kW,True,"La magnitud y comportamiento horario coinciden con CapEfecNeta, DispoReal y DispoCome y la descripcion oficial corresponde a potencia neta.",23.0
2026-06-03,Recurso,PPA1,,Hour06,23000.0,kWh,kW,True,"La magnitud y comportamiento horario coinciden con CapEfecNeta, DispoReal y DispoCome y la descripcion oficial corresponde a potencia neta.",23.0
2026-06-03,Recurso,PPA1,,Hour07,23000.0,kWh,kW,True,"La magnitud y comportamiento horario coinciden con CapEfecNeta, DispoReal y DispoCome y la descripcion oficial corresponde a potencia neta.",23.0
2026-06-03,Recurso,PPA1,,Hour08,23000.0,kWh,kW,True,"La magnitud y comportamiento horario coinciden con CapEfecNeta, DispoReal y DispoCome y la descripcion oficial corresponde a potencia neta.",23.0
2026-06-03,Recurso,PPA1,,Hour09,23000.0,kWh,kW,True,"La magnitud y comportamiento horario coinciden con CapEfecNeta, DispoReal y DispoCome y la descripcion oficial corresponde a potencia neta.",23.0
2026-06-03,Recurso,PPA1,,Hour10,23000.0,kWh,kW,True,"La magnitud y comportamiento horario coinciden con CapEfecNeta, DispoReal y DispoCome y la descripcion oficial corresponde a potencia neta.",23.0
2026-06-03,Recurso,PPA1,,Hour11,23000.0,kWh,kW,True,"La magnitud y comportamiento horario coinciden con CapEfecNeta, DispoReal y DispoCome y la descripcion oficial corresponde a potencia neta.",23.0
2026-06-03,Recurso,PPA1,,Hour12,23000.0,kWh,kW,True,"La magnitud y comportamiento horario coinciden con CapEfecNeta, DispoReal y DispoCome y la descripcion oficial corresponde a potencia neta.",23.0
2026-06-03,Recurso,PPA1,,Hour13,23000.0,kWh,kW,True,"La magnitud y comportamiento horario coinciden con CapEfecNeta, DispoReal y DispoCome y la descripcion oficial corresponde a potencia neta.",23.0
2026-06-03,Recurso,PPA1,,Hour14,23000.0,kWh,kW,True,"La magnitud y comportamiento horario coinciden con CapEfecNeta, DispoReal y DispoCome y la descripcion oficial corresponde a potencia neta.",23.0
2026-06-03,Recurso,PPA1,,Hour15,23000.0,kWh,kW,True,"La magnitud y comportamiento horario coinciden con CapEfecNeta, DispoReal y DispoCome y la descripcion oficial corresponde a potencia neta.",23.0
2026-06-03,Recurso,PPA1,,Hour16,23000.0,kWh,kW,True,"La magnitud y comportamiento horario coinciden con CapEfecNeta, DispoReal y DispoCome y la descripcion oficial corresponde a potencia neta.",23.0
2026-06-03,Recurso,PPA1,,Hour17,23000.0,kWh,kW,True,"La magnitud y comportamiento horario coinciden con CapEfecNeta, DispoReal y DispoCome y la descripcion oficial corresponde a potencia neta.",23.0
2026-06-03,Recurso,PPA1,,Hour18,23000.0,kWh,kW,True,"La magnitud y comportamiento horario coinciden con CapEfecNeta, DispoReal y DispoCome y la descripcion oficial corresponde a potencia neta.",23.0
2026-06-03,Recurso,PPA1,,Hour19,23000.0,kWh,kW,True,"La magnitud y comportamiento horario coinciden con CapEfecNeta, DispoReal y DispoCome y la descripcion oficial corresponde a potencia neta.",23.0
2026-06-03,Recurso,PPA1,,Hour20,23000.0,kWh,kW,True,"La magnitud y comportamiento horario coinciden con CapEfecNeta, DispoReal y DispoCome y la descripcion oficial corresponde a potencia neta.",23.0
2026-06-03,Recurso,PPA1,,Hour21,23000.0,kWh,kW,True,"La magnitud y comportamiento horario coinciden con CapEfecNeta, DispoReal y DispoCome y la descripcion oficial corresponde a potencia neta.",23.0
2026-06-03,Recurso,PPA1,,Hour22,23000.0,kWh,kW,True,"La magnitud y comportamiento horario coinciden con CapEfecNeta, DispoReal y DispoCome y la descripcion oficial corresponde a potencia neta.",23.0
2026-06-03,Recurso,PPA1,,Hour23,23000.0,kWh,kW,True,"La magnitud y comportamiento horario coinciden con CapEfecNeta, DispoReal y DispoCome y la descripcion oficial corresponde a potencia neta.",23.0
2026-06-03,Recurso,PPA1,,Hour24,23000.0,kWh,kW,True,"La magnitud y comportamiento horario coinciden con CapEfecNeta, DispoReal y DispoCome y la descripcion oficial corresponde a potencia neta.",23.0
2026-06-04,Recurso,HMIN,,Hour01,55000.0,kWh,kW,True,"La magnitud y comportamiento horario coinciden con CapEfecNeta, DispoReal y DispoCome y la descripcion oficial corresponde a potencia neta.",55.0
2026-06-04,Recurso,HMIN,,Hour02,55000.0,kWh,kW,True,"La magnitud y comportamiento horario coinciden con CapEfecNeta, DispoReal y DispoCome y la descripcion oficial corresponde a potencia neta.",55.0
2026-06-04,Recurso,HMIN,,Hour03,55000.0,kWh,kW,True,"La magnitud y comportamiento horario coinciden con CapEfecNeta, DispoReal y DispoCome y la descripcion oficial corresponde a potencia neta.",55.0
2026-06-04,Recurso,HMIN,,Hour04,55000.0,kWh,kW,True,"La magnitud y comportamiento horario coinciden con CapEfecNeta, DispoReal y DispoCome y la descripcion oficial corresponde a potencia neta.",55.0
2026-06-04,Recurso,HMIN,,Hour05,55000.0,kWh,kW,True,"La magnitud y comportamiento horario coinciden con CapEfecNeta, DispoReal y DispoCome y la descripcion oficial corresponde a potencia neta.",55.0
2026-06-04,Recurso,HMIN,,Hour06,55000.0,kWh,kW,True,"La magnitud y comportamiento horario coinciden con CapEfecNeta, DispoReal y DispoCome y la descripcion oficial corresponde a potencia neta.",55.0
2026-06-04,Recurso,HMIN,,Hour07,55000.0,kWh,kW,True,"La magnitud y comportamiento horario coinciden con CapEfecNeta, DispoReal y DispoCome y la descripcion oficial corresponde a potencia neta.",55.0
2026-06-04,Recurso,HMIN,,Hour08,55000.0,kWh,kW,True,"La magnitud y comportamiento horario coinciden con CapEfecNeta, DispoReal y DispoCome y la descripcion oficial corresponde a potencia neta.",55.0
2026-06-04,Recurso,HMIN,,Hour09,55000.0,kWh,kW,True,"La magnitud y comportamiento horario coinciden con CapEfecNeta, DispoReal y DispoCome y la descripcion oficial corresponde a potencia neta.",55.0
2026-06-04,Recurso,HMIN,,Hour10,55000.0,kWh,kW,True,"La magnitud y comportamiento horario coinciden con CapEfecNeta, DispoReal y DispoCome y la descripcion oficial corresponde a potencia neta.",55.0
2026-06-04,Recurso,HMIN,,Hour11,55000.0,kWh,kW,True,"La magnitud y comportamiento horario coinciden con CapEfecNeta, DispoReal y DispoCome y la descripcion oficial corresponde a potencia neta.",55.0
2026-06-04,Recurso,HMIN,,Hour12,55000.0,kWh,kW,True,"La magnitud y comportamiento horario coinciden con CapEfecNeta, DispoReal y DispoCome y la descripcion oficial corresponde a potencia neta.",55.0
2026-06-04,Recurso,HMIN,,Hour13,55000.0,kWh,kW,True,"La magnitud y comportamiento horario coinciden con CapEfecNeta, DispoReal y DispoCome y la descripcion oficial corresponde a potencia neta.",55.0
2026-06-04,Recurso,HMIN,,Hour14,55000.0,kWh,kW,True,"La magnitud y comportamiento horario coinciden con CapEfecNeta, DispoReal y DispoCome y la descripcion oficial corresponde a potencia neta.",55.0
2026-06-04,Recurso,HMIN,,Hour15,55000.0,kWh,kW,True,"La magnitud y comportamiento horario coinciden con CapEfecNeta, DispoReal y DispoCome y la descripcion oficial corresponde a potencia neta.",55.0
2026-06-04,Recurso,HMIN,,Hour16,55000.0,kWh,kW,True,"La magnitud y comportamiento horario coinciden con CapEfecNeta, DispoReal y DispoCome y la descripcion oficial corresponde a potencia neta.",55.0
2026-06-04,Recurso,HMIN,,Hour17,55000.0,kWh,kW,True,"La magnitud y comportamiento horario coinciden con CapEfecNeta, DispoReal y DispoCome y la descripcion oficial corresponde a potencia neta.",55.0
2026-06-04,Recurso,HMIN,,Hour18,55000.0,kWh,kW,True,"La magnitud y comportamiento horario coinciden con CapEfecNeta, DispoReal y DispoCome y la descripcion oficial corresponde a potencia neta.",55.0
2026-06-04,Recurso,HMIN,,Hour19,55000.0,kWh,kW,True,"La magnitud y comportamiento horario coinciden con CapEfecNeta, DispoReal y DispoCome y la descripcion oficial corresponde a potencia neta.",55.0
2026-06-04,Recurso,HMIN,,Hour20,55000.0,kWh,kW,True,"La magnitud y comportamiento horario coinciden con CapEfecNeta, DispoReal y DispoCome y la descripcion oficial corresponde a potencia neta.",55.0
2026-06-04,Recurso,HMIN,,Hour21,55000.0,kWh,kW,True,"La magnitud y comportamiento horario coinciden con CapEfecNeta, DispoReal y DispoCome y la descripcion oficial corresponde a potencia neta.",55.0
2026-06-04,Recurso,HMIN,,Hour22,55000.0,kWh,kW,True,"La magnitud y comportamiento horario coinciden con CapEfecNeta, DispoReal y DispoCome y la descripcion oficial corresponde a potencia neta.",55.0
2026-06-04,Recurso,HMIN,,Hour23,55000.0,kWh,kW,True,"La magnitud y comportamiento horario coinciden con CapEfecNeta, DispoReal y DispoCome y la descripcion oficial corresponde a potencia neta.",55.0
2026-06-04,Recurso,HMIN,,Hour24,55000.0,kWh,kW,True,"La magnitud y comportamiento horario coinciden con CapEfecNeta, DispoReal y DispoCome y la descripcion oficial corresponde a potencia neta.",55.0
2026-06-04,Recurso,HMLG,,Hour01,390000.0,kWh,kW,True,"La magnitud y comportamiento horario coinciden con CapEfecNeta, DispoReal y DispoCome y la descripcion oficial corresponde a potencia neta.",390.0
2026-06-04,Recurso,HMLG,,Hour02,390000.0,kWh,kW,True,"La magnitud y comportamiento horario coinciden con CapEfecNeta, DispoReal y DispoCome y la descripcion oficial corresponde a potencia neta.",390.0
2026-06-04,Recurso,HMLG,,Hour03,390000.0,kWh,kW,True,"La magnitud y comportamiento horario coinciden con CapEfecNeta, DispoReal y DispoCome y la descripcion oficial corresponde a potencia neta.",390.0
2026-06-04,Recurso,HMLG,,Hour04,390000.0,kWh,kW,True,"La magnitud y comportamiento horario coinciden con CapEfecNeta, DispoReal y DispoCome y la descripcion oficial corresponde a potencia neta.",390.0
2026-06-04,Recurso,HMLG,,Hour05,390000.0,kWh,kW,True,"La magnitud y comportamiento horario coinciden con CapEfecNeta, DispoReal y DispoCome y la descripcion oficial corresponde a potencia neta.",390.0
2026-06-04,Recurso,HMLG,,Hour06,390000.0,kWh,kW,True,"La magnitud y comportamiento horario coinciden con CapEfecNeta, DispoReal y DispoCome y la descripcion oficial corresponde a potencia neta.",390.0
2026-06-04,Recurso,HMLG,,Hour07,390000.0,kWh,kW,True,"La magnitud y comportamiento horario coinciden con CapEfecNeta, DispoReal y DispoCome y la descripcion oficial corresponde a potencia neta.",390.0
2026-06-04,Recurso,HMLG,,Hour08,390000.0,kWh,kW,True,"La magnitud y comportamiento horario coinciden con CapEfecNeta, DispoReal y DispoCome y la descripcion oficial corresponde a potencia neta.",390.0
2026-06-04,Recurso,HMLG,,Hour09,390000.0,kWh,kW,True,"La magnitud y comportamiento horario coinciden con CapEfecNeta, DispoReal y DispoCome y la descripcion oficial corresponde a potencia neta.",390.0
2026-06-04,Recurso,HMLG,,Hour10,390000.0,kWh,kW,True,"La magnitud y comportamiento horario coinciden con CapEfecNeta, DispoReal y DispoCome y la descripcion oficial corresponde a potencia neta.",390.0
2026-06-04,Recurso,HMLG,,Hour11,390000.0,kWh,kW,True,"La magnitud y comportamiento horario coinciden con CapEfecNeta, DispoReal y DispoCome y la descripcion oficial corresponde a potencia neta.",390.0
2026-06-04,Recurso,HMLG,,Hour12,390000.0,kWh,kW,True,"La magnitud y comportamiento horario coinciden con CapEfecNeta, DispoReal y DispoCome y la descripcion oficial corresponde a potencia neta.",390.0
2026-06-04,Recurso,HMLG,,Hour13,390000.0,kWh,kW,True,"La magnitud y comportamiento horario coinciden con CapEfecNeta, DispoReal y DispoCome y la descripcion oficial corresponde a potencia neta.",390.0
2026-06-04,Recurso,HMLG,,Hour14,390000.0,kWh,kW,True,"La magnitud y comportamiento horario coinciden con CapEfecNeta, DispoReal y DispoCome y la descripcion oficial corresponde a potencia neta.",390.0
2026-06-04,Recurso,HMLG,,Hour15,390000.0,kWh,kW,True,"La magnitud y comportamiento horario coinciden con CapEfecNeta, DispoReal y DispoCome y la descripcion oficial corresponde a potencia neta.",390.0
2026-06-04,Recurso,HMLG,,Hour16,390000.0,kWh,kW,True,"La magnitud y comportamiento horario coinciden con CapEfecNeta, DispoReal y DispoCome y la descripcion oficial corresponde a potencia neta.",390.0
2026-06-04,Recurso,HMLG,,Hour17,390000.0,kWh,kW,True,"La magnitud y comportamiento horario coinciden con CapEfecNeta, DispoReal y DispoCome y la descripcion oficial corresponde a potencia neta.",390.0
2026-06-04,Recurso,HMLG,,Hour18,390000.0,kWh,kW,True,"La magnitud y comportamiento horario coinciden con CapEfecNeta, DispoReal y DispoCome y la descripcion oficial corresponde a potencia neta.",390.0
2026-06-04,Recurso,HMLG,,Hour19,390000.0,kWh,kW,True,"La magnitud y comportamiento horario coinciden con CapEfecNeta, DispoReal y DispoCome y la descripcion oficial corresponde a potencia neta.",390.0
2026-06-04,Recurso,HMLG,,Hour20,390000.0,kWh,kW,True,"La magnitud y comportamiento horario coinciden con CapEfecNeta, DispoReal y DispoCome y la descripcion oficial corresponde a potencia neta.",390.0
2026-06-04,Recurso,HMLG,,Hour21,390000.0,kWh,kW,True,"La magnitud y comportamiento horario coinciden con CapEfecNeta, DispoReal y DispoCome y la descripcion oficial corresponde a potencia neta.",390.0
2026-06-04,Recurso,HMLG,,Hour22,390000.0,kWh,kW,True,"La magnitud y comportamiento horario coinciden con CapEfecNeta, DispoReal y DispoCome y la descripcion oficial corresponde a potencia neta.",390.0
2026-06-04,Recurso,HMLG,,Hour23,390000.0,kWh,kW,True,"La magnitud y comportamiento horario coinciden con CapEfecNeta, DispoReal y DispoCome y la descripcion oficial corresponde a potencia neta.",390.0
2026-06-04,Recurso,HMLG,,Hour24,390000.0,kWh,kW,True,"La magnitud y comportamiento horario coinciden con CapEfecNeta, DispoReal y DispoCome y la descripcion oficial corresponde a potencia neta.",390.0
2026-06-04,Recurso,JAGS,,Hour01,170000.0,kWh,kW,True,"La magnitud y comportamiento horario coinciden con CapEfecNeta, DispoReal y DispoCome y la descripcion oficial corresponde a potencia neta.",170.0
2026-06-04,Recurso,JAGS,,Hour02,170000.0,kWh,kW,True,"La magnitud y comportamiento horario coinciden con CapEfecNeta, DispoReal y DispoCome y la descripcion oficial corresponde a potencia neta.",170.0
2026-06-04,Recurso,JAGS,,Hour03,170000.0,kWh,kW,True,"La magnitud y comportamiento horario coinciden con CapEfecNeta, DispoReal y DispoCome y la descripcion oficial corresponde a potencia neta.",170.0
2026-06-04,Recurso,JAGS,,Hour04,170000.0,kWh,kW,True,"La magnitud y comportamiento horario coinciden con CapEfecNeta, DispoReal y DispoCome y la descripcion oficial corresponde a potencia neta.",170.0
2026-06-04,Recurso,JAGS,,Hour05,170000.0,kWh,kW,True,"La magnitud y comportamiento horario coinciden con CapEfecNeta, DispoReal y DispoCome y la descripcion oficial corresponde a potencia neta.",170.0
2026-06-04,Recurso,JAGS,,Hour06,170000.0,kWh,kW,True,"La magnitud y comportamiento horario coinciden con CapEfecNeta, DispoReal y DispoCome y la descripcion oficial corresponde a potencia neta.",170.0
2026-06-04,Recurso,JAGS,,Hour07,170000.0,kWh,kW,True,"La magnitud y comportamiento horario coinciden con CapEfecNeta, DispoReal y DispoCome y la descripcion oficial corresponde a potencia neta.",170.0
2026-06-04,Recurso,JAGS,,Hour08,170000.0,kWh,kW,True,"La magnitud y comportamiento horario coinciden con CapEfecNeta, DispoReal y DispoCome y la descripcion oficial corresponde a potencia neta.",170.0
2026-06-04,Recurso,JAGS,,Hour09,170000.0,kWh,kW,True,"La magnitud y comportamiento horario coinciden con CapEfecNeta, DispoReal y DispoCome y la descripcion oficial corresponde a potencia neta.",170.0
2026-06-04,Recurso,JAGS,,Hour10,170000.0,kWh,kW,True,"La magnitud y comportamiento horario coinciden con CapEfecNeta, DispoReal y DispoCome y la descripcion oficial corresponde a potencia neta.",170.0
2026-06-04,Recurso,JAGS,,Hour11,170000.0,kWh,kW,True,"La magnitud y comportamiento horario coinciden con CapEfecNeta, DispoReal y DispoCome y la descripcion oficial corresponde a potencia neta.",170.0
2026-06-04,Recurso,JAGS,,Hour12,170000.0,kWh,kW,True,"La magnitud y comportamiento horario coinciden con CapEfecNeta, DispoReal y DispoCome y la descripcion oficial corresponde a potencia neta.",170.0
2026-06-04,Recurso,JAGS,,Hour13,170000.0,kWh,kW,True,"La magnitud y comportamiento horario coinciden con CapEfecNeta, DispoReal y DispoCome y la descripcion oficial corresponde a potencia neta.",170.0
2026-06-04,Recurso,JAGS,,Hour14,170000.0,kWh,kW,True,"La magnitud y comportamiento horario coinciden con CapEfecNeta, DispoReal y DispoCome y la descripcion oficial corresponde a potencia neta.",170.0
2026-06-04,Recurso,JAGS,,Hour15,170000.0,kWh,kW,True,"La magnitud y comportamiento horario coinciden con CapEfecNeta, DispoReal y DispoCome y la descripcion oficial corresponde a potencia neta.",170.0
2026-06-04,Recurso,JAGS,,Hour16,170000.0,kWh,kW,True,"La magnitud y comportamiento horario coinciden con CapEfecNeta, DispoReal y DispoCome y la descripcion oficial corresponde a potencia neta.",170.0
2026-06-04,Recurso,JAGS,,Hour17,170000.0,kWh,kW,True,"La magnitud y comportamiento horario coinciden con CapEfecNeta, DispoReal y DispoCome y la descripcion oficial corresponde a potencia neta.",170.0
2026-06-04,Recurso,JAGS,,Hour18,170000.0,kWh,kW,True,"La magnitud y comportamiento horario coinciden con CapEfecNeta, DispoReal y DispoCome y la descripcion oficial corresponde a potencia neta.",170.0
2026-06-04,Recurso,JAGS,,Hour19,170000.0,kWh,kW,True,"La magnitud y comportamiento horario coinciden con CapEfecNeta, DispoReal y DispoCome y la descripcion oficial corresponde a potencia neta.",170.0
2026-06-04,Recurso,JAGS,,Hour20,170000.0,kWh,kW,True,"La magnitud y comportamiento horario coinciden con CapEfecNeta, DispoReal y DispoCome y la descripcion oficial corresponde a potencia neta.",170.0
2026-06-04,Recurso,JAGS,,Hour21,170000.0,kWh,kW,True,"La magnitud y comportamiento horario coinciden con CapEfecNeta, DispoReal y DispoCome y la descripcion oficial corresponde a potencia neta.",170.0
2026-06-04,Recurso,JAGS,,Hour22,170000.0,kWh,kW,True,"La magnitud y comportamiento horario coinciden con CapEfecNeta, DispoReal y DispoCome y la descripcion oficial corresponde a potencia neta.",170.0
2026-06-04,Recurso,JAGS,,Hour23,170000.0,kWh,kW,True,"La magnitud y comportamiento horario coinciden con CapEfecNeta, DispoReal y DispoCome y la descripcion oficial corresponde a potencia neta.",170.0
2026-06-04,Recurso,JAGS,,Hour24,170000.0,kWh,kW,True,"La magnitud y comportamiento horario coinciden con CapEfecNeta, DispoReal y DispoCome y la descripcion oficial corresponde a potencia neta.",170.0
2026-06-04,Recurso,LTSJ,,Hour01,306000.0,kWh,kW,True,"La magnitud y comportamiento horario coinciden con CapEfecNeta, DispoReal y DispoCome y la descripcion oficial corresponde a potencia neta.",306.0
2026-06-04,Recurso,LTSJ,,Hour02,306000.0,kWh,kW,True,"La magnitud y comportamiento horario coinciden con CapEfecNeta, DispoReal y DispoCome y la descripcion oficial corresponde a potencia neta.",306.0
2026-06-04,Recurso,LTSJ,,Hour03,306000.0,kWh,kW,True,"La magnitud y comportamiento horario coinciden con CapEfecNeta, DispoReal y DispoCome y la descripcion oficial corresponde a potencia neta.",306.0
2026-06-04,Recurso,LTSJ,,Hour04,306000.0,kWh,kW,True,"La magnitud y comportamiento horario coinciden con CapEfecNeta, DispoReal y DispoCome y la descripcion oficial corresponde a potencia neta.",306.0
2026-06-04,Recurso,LTSJ,,Hour05,306000.0,kWh,kW,True,"La magnitud y comportamiento horario coinciden con CapEfecNeta, DispoReal y DispoCome y la descripcion oficial corresponde a potencia neta.",306.0
2026-06-04,Recurso,LTSJ,,Hour06,306000.0,kWh,kW,True,"La magnitud y comportamiento horario coinciden con CapEfecNeta, DispoReal y DispoCome y la descripcion oficial corresponde a potencia neta.",306.0
2026-06-04,Recurso,LTSJ,,Hour07,306000.0,kWh,kW,True,"La magnitud y comportamiento horario coinciden con CapEfecNeta, DispoReal y DispoCome y la descripcion oficial corresponde a potencia neta.",306.0
2026-06-04,Recurso,LTSJ,,Hour08,306000.0,kWh,kW,True,"La magnitud y comportamiento horario coinciden con CapEfecNeta, DispoReal y DispoCome y la descripcion oficial corresponde a potencia neta.",306.0
2026-06-04,Recurso,LTSJ,,Hour09,306000.0,kWh,kW,True,"La magnitud y comportamiento horario coinciden con CapEfecNeta, DispoReal y DispoCome y la descripcion oficial corresponde a potencia neta.",306.0
2026-06-04,Recurso,LTSJ,,Hour10,306000.0,kWh,kW,True,"La magnitud y comportamiento horario coinciden con CapEfecNeta, DispoReal y DispoCome y la descripcion oficial corresponde a potencia neta.",306.0
2026-06-04,Recurso,LTSJ,,Hour11,306000.0,kWh,kW,True,"La magnitud y comportamiento horario coinciden con CapEfecNeta, DispoReal y DispoCome y la descripcion oficial corresponde a potencia neta.",306.0
2026-06-04,Recurso,LTSJ,,Hour12,306000.0,kWh,kW,True,"La magnitud y comportamiento horario coinciden con CapEfecNeta, DispoReal y DispoCome y la descripcion oficial corresponde a potencia neta.",306.0
2026-06-04,Recurso,LTSJ,,Hour13,306000.0,kWh,kW,True,"La magnitud y comportamiento horario coinciden con CapEfecNeta, DispoReal y DispoCome y la descripcion oficial corresponde a potencia neta.",306.0
2026-06-04,Recurso,LTSJ,,Hour14,306000.0,kWh,kW,True,"La magnitud y comportamiento horario coinciden con CapEfecNeta, DispoReal y DispoCome y la descripcion oficial corresponde a potencia neta.",306.0
2026-06-04,Recurso,LTSJ,,Hour15,306000.0,kWh,kW,True,"La magnitud y comportamiento horario coinciden con CapEfecNeta, DispoReal y DispoCome y la descripcion oficial corresponde a potencia neta.",306.0
2026-06-04,Recurso,LTSJ,,Hour16,306000.0,kWh,kW,True,"La magnitud y comportamiento horario coinciden con CapEfecNeta, DispoReal y DispoCome y la descripcion oficial corresponde a potencia neta.",306.0
2026-06-04,Recurso,LTSJ,,Hour17,306000.0,kWh,kW,True,"La magnitud y comportamiento horario coinciden con CapEfecNeta, DispoReal y DispoCome y la descripcion oficial corresponde a potencia neta.",306.0
2026-06-04,Recurso,LTSJ,,Hour18,306000.0,kWh,kW,True,"La magnitud y comportamiento horario coinciden con CapEfecNeta, DispoReal y DispoCome y la descripcion oficial corresponde a potencia neta.",306.0
2026-06-04,Recurso,LTSJ,,Hour19,306000.0,kWh,kW,True,"La magnitud y comportamiento horario coinciden con CapEfecNeta, DispoReal y DispoCome y la descripcion oficial corresponde a potencia neta.",306.0
2026-06-04,Recurso,LTSJ,,Hour20,306000.0,kWh,kW,True,"La magnitud y comportamiento horario coinciden con CapEfecNeta, DispoReal y DispoCome y la descripcion oficial corresponde a potencia neta.",306.0
2026-06-04,Recurso,LTSJ,,Hour21,306000.0,kWh,kW,True,"La magnitud y comportamiento horario coinciden con CapEfecNeta, DispoReal y DispoCome y la descripcion oficial corresponde a potencia neta.",306.0
2026-06-04,Recurso,LTSJ,,Hour22,306000.0,kWh,kW,True,"La magnitud y comportamiento horario coinciden con CapEfecNeta, DispoReal y DispoCome y la descripcion oficial corresponde a potencia neta.",306.0
2026-06-04,Recurso,LTSJ,,Hour23,306000.0,kWh,kW,True,"La magnitud y comportamiento horario coinciden con CapEfecNeta, DispoReal y DispoCome y la descripcion oficial corresponde a potencia neta.",306.0
2026-06-04,Recurso,LTSJ,,Hour24,306000.0,kWh,kW,True,"La magnitud y comportamiento horario coinciden con CapEfecNeta, DispoReal y DispoCome y la descripcion oficial corresponde a potencia neta.",306.0
2026-06-04,Recurso,MOY1,,Hour01,75000.0,kWh,kW,True,"La magnitud y comportamiento horario coinciden con CapEfecNeta, DispoReal y DispoCome y la descripcion oficial corresponde a potencia neta.",75.0
2026-06-04,Recurso,MOY1,,Hour02,75000.0,kWh,kW,True,"La magnitud y comportamiento horario coinciden con CapEfecNeta, DispoReal y DispoCome y la descripcion oficial corresponde a potencia neta.",75.0
2026-06-04,Recurso,MOY1,,Hour03,75000.0,kWh,kW,True,"La magnitud y comportamiento horario coinciden con CapEfecNeta, DispoReal y DispoCome y la descripcion oficial corresponde a potencia neta.",75.0
2026-06-04,Recurso,MOY1,,Hour04,75000.0,kWh,kW,True,"La magnitud y comportamiento horario coinciden con CapEfecNeta, DispoReal y DispoCome y la descripcion oficial corresponde a potencia neta.",75.0
2026-06-04,Recurso,MOY1,,Hour05,75000.0,kWh,kW,True,"La magnitud y comportamiento horario coinciden con CapEfecNeta, DispoReal y DispoCome y la descripcion oficial corresponde a potencia neta.",75.0
2026-06-04,Recurso,MOY1,,Hour06,75000.0,kWh,kW,True,"La magnitud y comportamiento horario coinciden con CapEfecNeta, DispoReal y DispoCome y la descripcion oficial corresponde a potencia neta.",75.0
2026-06-04,Recurso,MOY1,,Hour07,75000.0,kWh,kW,True,"La magnitud y comportamiento horario coinciden con CapEfecNeta, DispoReal y DispoCome y la descripcion oficial corresponde a potencia neta.",75.0
2026-06-04,Recurso,MOY1,,Hour08,75000.0,kWh,kW,True,"La magnitud y comportamiento horario coinciden con CapEfecNeta, DispoReal y DispoCome y la descripcion oficial corresponde a potencia neta.",75.0
2026-06-04,Recurso,MOY1,,Hour09,75000.0,kWh,kW,True,"La magnitud y comportamiento horario coinciden con CapEfecNeta, DispoReal y DispoCome y la descripcion oficial corresponde a potencia neta.",75.0
2026-06-04,Recurso,MOY1,,Hour10,75000.0,kWh,kW,True,"La magnitud y comportamiento horario coinciden con CapEfecNeta, DispoReal y DispoCome y la descripcion oficial corresponde a potencia neta.",75.0
2026-06-04,Recurso,MOY1,,Hour11,75000.0,kWh,kW,True,"La magnitud y comportamiento horario coinciden con CapEfecNeta, DispoReal y DispoCome y la descripcion oficial corresponde a potencia neta.",75.0
2026-06-04,Recurso,MOY1,,Hour12,75000.0,kWh,kW,True,"La magnitud y comportamiento horario coinciden con CapEfecNeta, DispoReal y DispoCome y la descripcion oficial corresponde a potencia neta.",75.0
2026-06-04,Recurso,MOY1,,Hour13,75000.0,kWh,kW,True,"La magnitud y comportamiento horario coinciden con CapEfecNeta, DispoReal y DispoCome y la descripcion oficial corresponde a potencia neta.",75.0
2026-06-04,Recurso,MOY1,,Hour14,75000.0,kWh,kW,True,"La magnitud y comportamiento horario coinciden con CapEfecNeta, DispoReal y DispoCome y la descripcion oficial corresponde a potencia neta.",75.0
2026-06-04,Recurso,MOY1,,Hour15,75000.0,kWh,kW,True,"La magnitud y comportamiento horario coinciden con CapEfecNeta, DispoReal y DispoCome y la descripcion oficial corresponde a potencia neta.",75.0
2026-06-04,Recurso,MOY1,,Hour16,75000.0,kWh,kW,True,"La magnitud y comportamiento horario coinciden con CapEfecNeta, DispoReal y DispoCome y la descripcion oficial corresponde a potencia neta.",75.0
2026-06-04,Recurso,MOY1,,Hour17,75000.0,kWh,kW,True,"La magnitud y comportamiento horario coinciden con CapEfecNeta, DispoReal y DispoCome y la descripcion oficial corresponde a potencia neta.",75.0
2026-06-04,Recurso,MOY1,,Hour18,75000.0,kWh,kW,True,"La magnitud y comportamiento horario coinciden con CapEfecNeta, DispoReal y DispoCome y la descripcion oficial corresponde a potencia neta.",75.0
2026-06-04,Recurso,MOY1,,Hour19,75000.0,kWh,kW,True,"La magnitud y comportamiento horario coinciden con CapEfecNeta, DispoReal y DispoCome y la descripcion oficial corresponde a potencia neta.",75.0
2026-06-04,Recurso,MOY1,,Hour20,75000.0,kWh,kW,True,"La magnitud y comportamiento horario coinciden con CapEfecNeta, DispoReal y DispoCome y la descripcion oficial corresponde a potencia neta.",75.0
2026-06-04,Recurso,MOY1,,Hour21,75000.0,kWh,kW,True,"La magnitud y comportamiento horario coinciden con CapEfecNeta, DispoReal y DispoCome y la descripcion oficial corresponde a potencia neta.",75.0
2026-06-04,Recurso,MOY1,,Hour22,75000.0,kWh,kW,True,"La magnitud y comportamiento horario coinciden con CapEfecNeta, DispoReal y DispoCome y la descripcion oficial corresponde a potencia neta.",75.0
2026-06-04,Recurso,MOY1,,Hour23,75000.0,kWh,kW,True,"La magnitud y comportamiento horario coinciden con CapEfecNeta, DispoReal y DispoCome y la descripcion oficial corresponde a potencia neta.",75.0
2026-06-04,Recurso,MOY1,,Hour24,75000.0,kWh,kW,True,"La magnitud y comportamiento horario coinciden con CapEfecNeta, DispoReal y DispoCome y la descripcion oficial corresponde a potencia neta.",75.0
2026-06-04,Recurso,MRL1,,Hour01,164000.0,kWh,kW,True,"La magnitud y comportamiento horario coinciden con CapEfecNeta, DispoReal y DispoCome y la descripcion oficial corresponde a potencia neta.",164.0
2026-06-04,Recurso,MRL1,,Hour02,164000.0,kWh,kW,True,"La magnitud y comportamiento horario coinciden con CapEfecNeta, DispoReal y DispoCome y la descripcion oficial corresponde a potencia neta.",164.0
2026-06-04,Recurso,MRL1,,Hour03,164000.0,kWh,kW,True,"La magnitud y comportamiento horario coinciden con CapEfecNeta, DispoReal y DispoCome y la descripcion oficial corresponde a potencia neta.",164.0
2026-06-04,Recurso,MRL1,,Hour04,164000.0,kWh,kW,True,"La magnitud y comportamiento horario coinciden con CapEfecNeta, DispoReal y DispoCome y la descripcion oficial corresponde a potencia neta.",164.0
2026-06-04,Recurso,MRL1,,Hour05,164000.0,kWh,kW,True,"La magnitud y comportamiento horario coinciden con CapEfecNeta, DispoReal y DispoCome y la descripcion oficial corresponde a potencia neta.",164.0
2026-06-04,Recurso,MRL1,,Hour06,164000.0,kWh,kW,True,"La magnitud y comportamiento horario coinciden con CapEfecNeta, DispoReal y DispoCome y la descripcion oficial corresponde a potencia neta.",164.0
2026-06-04,Recurso,MRL1,,Hour07,164000.0,kWh,kW,True,"La magnitud y comportamiento horario coinciden con CapEfecNeta, DispoReal y DispoCome y la descripcion oficial corresponde a potencia neta.",164.0
2026-06-04,Recurso,MRL1,,Hour08,164000.0,kWh,kW,True,"La magnitud y comportamiento horario coinciden con CapEfecNeta, DispoReal y DispoCome y la descripcion oficial corresponde a potencia neta.",164.0
2026-06-04,Recurso,MRL1,,Hour09,164000.0,kWh,kW,True,"La magnitud y comportamiento horario coinciden con CapEfecNeta, DispoReal y DispoCome y la descripcion oficial corresponde a potencia neta.",164.0
2026-06-04,Recurso,MRL1,,Hour10,164000.0,kWh,kW,True,"La magnitud y comportamiento horario coinciden con CapEfecNeta, DispoReal y DispoCome y la descripcion oficial corresponde a potencia neta.",164.0
2026-06-04,Recurso,MRL1,,Hour11,164000.0,kWh,kW,True,"La magnitud y comportamiento horario coinciden con CapEfecNeta, DispoReal y DispoCome y la descripcion oficial corresponde a potencia neta.",164.0
2026-06-04,Recurso,MRL1,,Hour12,164000.0,kWh,kW,True,"La magnitud y comportamiento horario coinciden con CapEfecNeta, DispoReal y DispoCome y la descripcion oficial corresponde a potencia neta.",164.0
2026-06-04,Recurso,MRL1,,Hour13,164000.0,kWh,kW,True,"La magnitud y comportamiento horario coinciden con CapEfecNeta, DispoReal y DispoCome y la descripcion oficial corresponde a potencia neta.",164.0
2026-06-04,Recurso,MRL1,,Hour14,164000.0,kWh,kW,True,"La magnitud y comportamiento horario coinciden con CapEfecNeta, DispoReal y DispoCome y la descripcion oficial corresponde a potencia neta.",164.0
2026-06-04,Recurso,MRL1,,Hour15,164000.0,kWh,kW,True,"La magnitud y comportamiento horario coinciden con CapEfecNeta, DispoReal y DispoCome y la descripcion oficial corresponde a potencia neta.",164.0
2026-06-04,Recurso,MRL1,,Hour16,164000.0,kWh,kW,True,"La magnitud y comportamiento horario coinciden con CapEfecNeta, DispoReal y DispoCome y la descripcion oficial corresponde a potencia neta.",164.0
2026-06-04,Recurso,MRL1,,Hour17,164000.0,kWh,kW,True,"La magnitud y comportamiento horario coinciden con CapEfecNeta, DispoReal y DispoCome y la descripcion oficial corresponde a potencia neta.",164.0
2026-06-04,Recurso,MRL1,,Hour18,164000.0,kWh,kW,True,"La magnitud y comportamiento horario coinciden con CapEfecNeta, DispoReal y DispoCome y la descripcion oficial corresponde a potencia neta.",164.0
2026-06-04,Recurso,MRL1,,Hour19,164000.0,kWh,kW,True,"La magnitud y comportamiento horario coinciden con CapEfecNeta, DispoReal y DispoCome y la descripcion oficial corresponde a potencia neta.",164.0
2026-06-04,Recurso,MRL1,,Hour20,164000.0,kWh,kW,True,"La magnitud y comportamiento horario coinciden con CapEfecNeta, DispoReal y DispoCome y la descripcion oficial corresponde a potencia neta.",164.0
2026-06-04,Recurso,MRL1,,Hour21,164000.0,kWh,kW,True,"La magnitud y comportamiento horario coinciden con CapEfecNeta, DispoReal y DispoCome y la descripcion oficial corresponde a potencia neta.",164.0
2026-06-04,Recurso,MRL1,,Hour22,164000.0,kWh,kW,True,"La magnitud y comportamiento horario coinciden con CapEfecNeta, DispoReal y DispoCome y la descripcion oficial corresponde a potencia neta.",164.0
2026-06-04,Recurso,MRL1,,Hour23,164000.0,kWh,kW,True,"La magnitud y comportamiento horario coinciden con CapEfecNeta, DispoReal y DispoCome y la descripcion oficial corresponde a potencia neta.",164.0
2026-06-04,Recurso,MRL1,,Hour24,164000.0,kWh,kW,True,"La magnitud y comportamiento horario coinciden con CapEfecNeta, DispoReal y DispoCome y la descripcion oficial corresponde a potencia neta.",164.0
2026-06-04,Recurso,PES1,,Hour01,1200000.0,kWh,kW,True,"La magnitud y comportamiento horario coinciden con CapEfecNeta, DispoReal y DispoCome y la descripcion oficial corresponde a potencia neta.",1200.0
2026-06-04,Recurso,PES1,,Hour02,1200000.0,kWh,kW,True,"La magnitud y comportamiento horario coinciden con CapEfecNeta, DispoReal y DispoCome y la descripcion oficial corresponde a potencia neta.",1200.0
2026-06-04,Recurso,PES1,,Hour03,1200000.0,kWh,kW,True,"La magnitud y comportamiento horario coinciden con CapEfecNeta, DispoReal y DispoCome y la descripcion oficial corresponde a potencia neta.",1200.0
2026-06-04,Recurso,PES1,,Hour04,1200000.0,kWh,kW,True,"La magnitud y comportamiento horario coinciden con CapEfecNeta, DispoReal y DispoCome y la descripcion oficial corresponde a potencia neta.",1200.0
2026-06-04,Recurso,PES1,,Hour05,1200000.0,kWh,kW,True,"La magnitud y comportamiento horario coinciden con CapEfecNeta, DispoReal y DispoCome y la descripcion oficial corresponde a potencia neta.",1200.0
2026-06-04,Recurso,PES1,,Hour06,1200000.0,kWh,kW,True,"La magnitud y comportamiento horario coinciden con CapEfecNeta, DispoReal y DispoCome y la descripcion oficial corresponde a potencia neta.",1200.0
2026-06-04,Recurso,PES1,,Hour07,1200000.0,kWh,kW,True,"La magnitud y comportamiento horario coinciden con CapEfecNeta, DispoReal y DispoCome y la descripcion oficial corresponde a potencia neta.",1200.0
2026-06-04,Recurso,PES1,,Hour08,1200000.0,kWh,kW,True,"La magnitud y comportamiento horario coinciden con CapEfecNeta, DispoReal y DispoCome y la descripcion oficial corresponde a potencia neta.",1200.0
2026-06-04,Recurso,PES1,,Hour09,1200000.0,kWh,kW,True,"La magnitud y comportamiento horario coinciden con CapEfecNeta, DispoReal y DispoCome y la descripcion oficial corresponde a potencia neta.",1200.0
2026-06-04,Recurso,PES1,,Hour10,1200000.0,kWh,kW,True,"La magnitud y comportamiento horario coinciden con CapEfecNeta, DispoReal y DispoCome y la descripcion oficial corresponde a potencia neta.",1200.0
2026-06-04,Recurso,PES1,,Hour11,1200000.0,kWh,kW,True,"La magnitud y comportamiento horario coinciden con CapEfecNeta, DispoReal y DispoCome y la descripcion oficial corresponde a potencia neta.",1200.0
2026-06-04,Recurso,PES1,,Hour12,1200000.0,kWh,kW,True,"La magnitud y comportamiento horario coinciden con CapEfecNeta, DispoReal y DispoCome y la descripcion oficial corresponde a potencia neta.",1200.0
2026-06-04,Recurso,PES1,,Hour13,1200000.0,kWh,kW,True,"La magnitud y comportamiento horario coinciden con CapEfecNeta, DispoReal y DispoCome y la descripcion oficial corresponde a potencia neta.",1200.0
2026-06-04,Recurso,PES1,,Hour14,1200000.0,kWh,kW,True,"La magnitud y comportamiento horario coinciden con CapEfecNeta, DispoReal y DispoCome y la descripcion oficial corresponde a potencia neta.",1200.0
2026-06-04,Recurso,PES1,,Hour15,1200000.0,kWh,kW,True,"La magnitud y comportamiento horario coinciden con CapEfecNeta, DispoReal y DispoCome y la descripcion oficial corresponde a potencia neta.",1200.0
2026-06-04,Recurso,PES1,,Hour16,1200000.0,kWh,kW,True,"La magnitud y comportamiento horario coinciden con CapEfecNeta, DispoReal y DispoCome y la descripcion oficial corresponde a potencia neta.",1200.0
2026-06-04,Recurso,PES1,,Hour17,1200000.0,kWh,kW,True,"La magnitud y comportamiento horario coinciden con CapEfecNeta, DispoReal y DispoCome y la descripcion oficial corresponde a potencia neta.",1200.0
2026-06-04,Recurso,PES1,,Hour18,1200000.0,kWh,kW,True,"La magnitud y comportamiento horario coinciden con CapEfecNeta, DispoReal y DispoCome y la descripcion oficial corresponde a potencia neta.",1200.0
2026-06-04,Recurso,PES1,,Hour19,1200000.0,kWh,kW,True,"La magnitud y comportamiento horario coinciden con CapEfecNeta, DispoReal y DispoCome y la descripcion oficial corresponde a potencia neta.",1200.0
2026-06-04,Recurso,PES1,,Hour20,1200000.0,kWh,kW,True,"La magnitud y comportamiento horario coinciden con CapEfecNeta, DispoReal y DispoCome y la descripcion oficial corresponde a potencia neta.",1200.0
2026-06-04,Recurso,PES1,,Hour21,1200000.0,kWh,kW,True,"La magnitud y comportamiento horario coinciden con CapEfecNeta, DispoReal y DispoCome y la descripcion oficial corresponde a potencia neta.",1200.0
2026-06-04,Recurso,PES1,,Hour22,1200000.0,kWh,kW,True,"La magnitud y comportamiento horario coinciden con CapEfecNeta, DispoReal y DispoCome y la descripcion oficial corresponde a potencia neta.",1200.0
2026-06-04,Recurso,PES1,,Hour23,1200000.0,kWh,kW,True,"La magnitud y comportamiento horario coinciden con CapEfecNeta, DispoReal y DispoCome y la descripcion oficial corresponde a potencia neta.",1200.0
2026-06-04,Recurso,PES1,,Hour24,1200000.0,kWh,kW,True,"La magnitud y comportamiento horario coinciden con CapEfecNeta, DispoReal y DispoCome y la descripcion oficial corresponde a potencia neta.",1200.0
2026-06-04,Recurso,PGUG,,Hour01,600000.0,kWh,kW,True,"La magnitud y comportamiento horario coinciden con CapEfecNeta, DispoReal y DispoCome y la descripcion oficial corresponde a potencia neta.",600.0
2026-06-04,Recurso,PGUG,,Hour02,600000.0,kWh,kW,True,"La magnitud y comportamiento horario coinciden con CapEfecNeta, DispoReal y DispoCome y la descripcion oficial corresponde a potencia neta.",600.0
2026-06-04,Recurso,PGUG,,Hour03,600000.0,kWh,kW,True,"La magnitud y comportamiento horario coinciden con CapEfecNeta, DispoReal y DispoCome y la descripcion oficial corresponde a potencia neta.",600.0
2026-06-04,Recurso,PGUG,,Hour04,600000.0,kWh,kW,True,"La magnitud y comportamiento horario coinciden con CapEfecNeta, DispoReal y DispoCome y la descripcion oficial corresponde a potencia neta.",600.0
2026-06-04,Recurso,PGUG,,Hour05,600000.0,kWh,kW,True,"La magnitud y comportamiento horario coinciden con CapEfecNeta, DispoReal y DispoCome y la descripcion oficial corresponde a potencia neta.",600.0
2026-06-04,Recurso,PGUG,,Hour06,600000.0,kWh,kW,True,"La magnitud y comportamiento horario coinciden con CapEfecNeta, DispoReal y DispoCome y la descripcion oficial corresponde a potencia neta.",600.0
2026-06-04,Recurso,PGUG,,Hour07,600000.0,kWh,kW,True,"La magnitud y comportamiento horario coinciden con CapEfecNeta, DispoReal y DispoCome y la descripcion oficial corresponde a potencia neta.",600.0
2026-06-04,Recurso,PGUG,,Hour08,600000.0,kWh,kW,True,"La magnitud y comportamiento horario coinciden con CapEfecNeta, DispoReal y DispoCome y la descripcion oficial corresponde a potencia neta.",600.0
2026-06-04,Recurso,PGUG,,Hour09,600000.0,kWh,kW,True,"La magnitud y comportamiento horario coinciden con CapEfecNeta, DispoReal y DispoCome y la descripcion oficial corresponde a potencia neta.",600.0
2026-06-04,Recurso,PGUG,,Hour10,600000.0,kWh,kW,True,"La magnitud y comportamiento horario coinciden con CapEfecNeta, DispoReal y DispoCome y la descripcion oficial corresponde a potencia neta.",600.0
2026-06-04,Recurso,PGUG,,Hour11,600000.0,kWh,kW,True,"La magnitud y comportamiento horario coinciden con CapEfecNeta, DispoReal y DispoCome y la descripcion oficial corresponde a potencia neta.",600.0
2026-06-04,Recurso,PGUG,,Hour12,600000.0,kWh,kW,True,"La magnitud y comportamiento horario coinciden con CapEfecNeta, DispoReal y DispoCome y la descripcion oficial corresponde a potencia neta.",600.0
2026-06-04,Recurso,PGUG,,Hour13,600000.0,kWh,kW,True,"La magnitud y comportamiento horario coinciden con CapEfecNeta, DispoReal y DispoCome y la descripcion oficial corresponde a potencia neta.",600.0
2026-06-04,Recurso,PGUG,,Hour14,600000.0,kWh,kW,True,"La magnitud y comportamiento horario coinciden con CapEfecNeta, DispoReal y DispoCome y la descripcion oficial corresponde a potencia neta.",600.0
2026-06-04,Recurso,PGUG,,Hour15,600000.0,kWh,kW,True,"La magnitud y comportamiento horario coinciden con CapEfecNeta, DispoReal y DispoCome y la descripcion oficial corresponde a potencia neta.",600.0
2026-06-04,Recurso,PGUG,,Hour16,600000.0,kWh,kW,True,"La magnitud y comportamiento horario coinciden con CapEfecNeta, DispoReal y DispoCome y la descripcion oficial corresponde a potencia neta.",600.0
2026-06-04,Recurso,PGUG,,Hour17,600000.0,kWh,kW,True,"La magnitud y comportamiento horario coinciden con CapEfecNeta, DispoReal y DispoCome y la descripcion oficial corresponde a potencia neta.",600.0
2026-06-04,Recurso,PGUG,,Hour18,600000.0,kWh,kW,True,"La magnitud y comportamiento horario coinciden con CapEfecNeta, DispoReal y DispoCome y la descripcion oficial corresponde a potencia neta.",600.0
2026-06-04,Recurso,PGUG,,Hour19,600000.0,kWh,kW,True,"La magnitud y comportamiento horario coinciden con CapEfecNeta, DispoReal y DispoCome y la descripcion oficial corresponde a potencia neta.",600.0
2026-06-04,Recurso,PGUG,,Hour20,600000.0,kWh,kW,True,"La magnitud y comportamiento horario coinciden con CapEfecNeta, DispoReal y DispoCome y la descripcion oficial corresponde a potencia neta.",600.0
2026-06-04,Recurso,PGUG,,Hour21,600000.0,kWh,kW,True,"La magnitud y comportamiento horario coinciden con CapEfecNeta, DispoReal y DispoCome y la descripcion oficial corresponde a potencia neta.",600.0
2026-06-04,Recurso,PGUG,,Hour22,600000.0,kWh,kW,True,"La magnitud y comportamiento horario coinciden con CapEfecNeta, DispoReal y DispoCome y la descripcion oficial corresponde a potencia neta.",600.0
2026-06-04,Recurso,PGUG,,Hour23,600000.0,kWh,kW,True,"La magnitud y comportamiento horario coinciden con CapEfecNeta, DispoReal y DispoCome y la descripcion oficial corresponde a potencia neta.",600.0
2026-06-04,Recurso,PGUG,,Hour24,600000.0,kWh,kW,True,"La magnitud y comportamiento horario coinciden con CapEfecNeta, DispoReal y DispoCome y la descripcion oficial corresponde a potencia neta.",600.0
2026-06-04,Recurso,PLYS,,Hour01,207000.0,kWh,kW,True,"La magnitud y comportamiento horario coinciden con CapEfecNeta, DispoReal y DispoCome y la descripcion oficial corresponde a potencia neta.",207.0
2026-06-04,Recurso,PLYS,,Hour02,207000.0,kWh,kW,True,"La magnitud y comportamiento horario coinciden con CapEfecNeta, DispoReal y DispoCome y la descripcion oficial corresponde a potencia neta.",207.0
2026-06-04,Recurso,PLYS,,Hour03,207000.0,kWh,kW,True,"La magnitud y comportamiento horario coinciden con CapEfecNeta, DispoReal y DispoCome y la descripcion oficial corresponde a potencia neta.",207.0
2026-06-04,Recurso,PLYS,,Hour04,207000.0,kWh,kW,True,"La magnitud y comportamiento horario coinciden con CapEfecNeta, DispoReal y DispoCome y la descripcion oficial corresponde a potencia neta.",207.0
2026-06-04,Recurso,PLYS,,Hour05,207000.0,kWh,kW,True,"La magnitud y comportamiento horario coinciden con CapEfecNeta, DispoReal y DispoCome y la descripcion oficial corresponde a potencia neta.",207.0
2026-06-04,Recurso,PLYS,,Hour06,207000.0,kWh,kW,True,"La magnitud y comportamiento horario coinciden con CapEfecNeta, DispoReal y DispoCome y la descripcion oficial corresponde a potencia neta.",207.0
2026-06-04,Recurso,PLYS,,Hour07,207000.0,kWh,kW,True,"La magnitud y comportamiento horario coinciden con CapEfecNeta, DispoReal y DispoCome y la descripcion oficial corresponde a potencia neta.",207.0
2026-06-04,Recurso,PLYS,,Hour08,207000.0,kWh,kW,True,"La magnitud y comportamiento horario coinciden con CapEfecNeta, DispoReal y DispoCome y la descripcion oficial corresponde a potencia neta.",207.0
2026-06-04,Recurso,PLYS,,Hour09,207000.0,kWh,kW,True,"La magnitud y comportamiento horario coinciden con CapEfecNeta, DispoReal y DispoCome y la descripcion oficial corresponde a potencia neta.",207.0
2026-06-04,Recurso,PLYS,,Hour10,207000.0,kWh,kW,True,"La magnitud y comportamiento horario coinciden con CapEfecNeta, DispoReal y DispoCome y la descripcion oficial corresponde a potencia neta.",207.0
2026-06-04,Recurso,PLYS,,Hour11,207000.0,kWh,kW,True,"La magnitud y comportamiento horario coinciden con CapEfecNeta, DispoReal y DispoCome y la descripcion oficial corresponde a potencia neta.",207.0
2026-06-04,Recurso,PLYS,,Hour12,207000.0,kWh,kW,True,"La magnitud y comportamiento horario coinciden con CapEfecNeta, DispoReal y DispoCome y la descripcion oficial corresponde a potencia neta.",207.0
2026-06-04,Recurso,PLYS,,Hour13,207000.0,kWh,kW,True,"La magnitud y comportamiento horario coinciden con CapEfecNeta, DispoReal y DispoCome y la descripcion oficial corresponde a potencia neta.",207.0
2026-06-04,Recurso,PLYS,,Hour14,207000.0,kWh,kW,True,"La magnitud y comportamiento horario coinciden con CapEfecNeta, DispoReal y DispoCome y la descripcion oficial corresponde a potencia neta.",207.0
2026-06-04,Recurso,PLYS,,Hour15,207000.0,kWh,kW,True,"La magnitud y comportamiento horario coinciden con CapEfecNeta, DispoReal y DispoCome y la descripcion oficial corresponde a potencia neta.",207.0
2026-06-04,Recurso,PLYS,,Hour16,207000.0,kWh,kW,True,"La magnitud y comportamiento horario coinciden con CapEfecNeta, DispoReal y DispoCome y la descripcion oficial corresponde a potencia neta.",207.0
2026-06-04,Recurso,PLYS,,Hour17,207000.0,kWh,kW,True,"La magnitud y comportamiento horario coinciden con CapEfecNeta, DispoReal y DispoCome y la descripcion oficial corresponde a potencia neta.",207.0
2026-06-04,Recurso,PLYS,,Hour18,207000.0,kWh,kW,True,"La magnitud y comportamiento horario coinciden con CapEfecNeta, DispoReal y DispoCome y la descripcion oficial corresponde a potencia neta.",207.0
2026-06-04,Recurso,PLYS,,Hour19,207000.0,kWh,kW,True,"La magnitud y comportamiento horario coinciden con CapEfecNeta, DispoReal y DispoCome y la descripcion oficial corresponde a potencia neta.",207.0
2026-06-04,Recurso,PLYS,,Hour20,207000.0,kWh,kW,True,"La magnitud y comportamiento horario coinciden con CapEfecNeta, DispoReal y DispoCome y la descripcion oficial corresponde a potencia neta.",207.0
2026-06-04,Recurso,PLYS,,Hour21,207000.0,kWh,kW,True,"La magnitud y comportamiento horario coinciden con CapEfecNeta, DispoReal y DispoCome y la descripcion oficial corresponde a potencia neta.",207.0
2026-06-04,Recurso,PLYS,,Hour22,207000.0,kWh,kW,True,"La magnitud y comportamiento horario coinciden con CapEfecNeta, DispoReal y DispoCome y la descripcion oficial corresponde a potencia neta.",207.0
2026-06-04,Recurso,PLYS,,Hour23,207000.0,kWh,kW,True,"La magnitud y comportamiento horario coinciden con CapEfecNeta, DispoReal y DispoCome y la descripcion oficial corresponde a potencia neta.",207.0
2026-06-04,Recurso,PLYS,,Hour24,207000.0,kWh,kW,True,"La magnitud y comportamiento horario coinciden con CapEfecNeta, DispoReal y DispoCome y la descripcion oficial corresponde a potencia neta.",207.0
2026-06-04,Recurso,PPA1,,Hour01,23000.0,kWh,kW,True,"La magnitud y comportamiento horario coinciden con CapEfecNeta, DispoReal y DispoCome y la descripcion oficial corresponde a potencia neta.",23.0
2026-06-04,Recurso,PPA1,,Hour02,23000.0,kWh,kW,True,"La magnitud y comportamiento horario coinciden con CapEfecNeta, DispoReal y DispoCome y la descripcion oficial corresponde a potencia neta.",23.0
2026-06-04,Recurso,PPA1,,Hour03,23000.0,kWh,kW,True,"La magnitud y comportamiento horario coinciden con CapEfecNeta, DispoReal y DispoCome y la descripcion oficial corresponde a potencia neta.",23.0
2026-06-04,Recurso,PPA1,,Hour04,23000.0,kWh,kW,True,"La magnitud y comportamiento horario coinciden con CapEfecNeta, DispoReal y DispoCome y la descripcion oficial corresponde a potencia neta.",23.0
2026-06-04,Recurso,PPA1,,Hour05,23000.0,kWh,kW,True,"La magnitud y comportamiento horario coinciden con CapEfecNeta, DispoReal y DispoCome y la descripcion oficial corresponde a potencia neta.",23.0
2026-06-04,Recurso,PPA1,,Hour06,23000.0,kWh,kW,True,"La magnitud y comportamiento horario coinciden con CapEfecNeta, DispoReal y DispoCome y la descripcion oficial corresponde a potencia neta.",23.0
2026-06-04,Recurso,PPA1,,Hour07,23000.0,kWh,kW,True,"La magnitud y comportamiento horario coinciden con CapEfecNeta, DispoReal y DispoCome y la descripcion oficial corresponde a potencia neta.",23.0
2026-06-04,Recurso,PPA1,,Hour08,23000.0,kWh,kW,True,"La magnitud y comportamiento horario coinciden con CapEfecNeta, DispoReal y DispoCome y la descripcion oficial corresponde a potencia neta.",23.0
2026-06-04,Recurso,PPA1,,Hour09,23000.0,kWh,kW,True,"La magnitud y comportamiento horario coinciden con CapEfecNeta, DispoReal y DispoCome y la descripcion oficial corresponde a potencia neta.",23.0
2026-06-04,Recurso,PPA1,,Hour10,23000.0,kWh,kW,True,"La magnitud y comportamiento horario coinciden con CapEfecNeta, DispoReal y DispoCome y la descripcion oficial corresponde a potencia neta.",23.0
2026-06-04,Recurso,PPA1,,Hour11,23000.0,kWh,kW,True,"La magnitud y comportamiento horario coinciden con CapEfecNeta, DispoReal y DispoCome y la descripcion oficial corresponde a potencia neta.",23.0
2026-06-04,Recurso,PPA1,,Hour12,23000.0,kWh,kW,True,"La magnitud y comportamiento horario coinciden con CapEfecNeta, DispoReal y DispoCome y la descripcion oficial corresponde a potencia neta.",23.0
2026-06-04,Recurso,PPA1,,Hour13,23000.0,kWh,kW,True,"La magnitud y comportamiento horario coinciden con CapEfecNeta, DispoReal y DispoCome y la descripcion oficial corresponde a potencia neta.",23.0
2026-06-04,Recurso,PPA1,,Hour14,23000.0,kWh,kW,True,"La magnitud y comportamiento horario coinciden con CapEfecNeta, DispoReal y DispoCome y la descripcion oficial corresponde a potencia neta.",23.0
2026-06-04,Recurso,PPA1,,Hour15,23000.0,kWh,kW,True,"La magnitud y comportamiento horario coinciden con CapEfecNeta, DispoReal y DispoCome y la descripcion oficial corresponde a potencia neta.",23.0
2026-06-04,Recurso,PPA1,,Hour16,23000.0,kWh,kW,True,"La magnitud y comportamiento horario coinciden con CapEfecNeta, DispoReal y DispoCome y la descripcion oficial corresponde a potencia neta.",23.0
2026-06-04,Recurso,PPA1,,Hour17,23000.0,kWh,kW,True,"La magnitud y comportamiento horario coinciden con CapEfecNeta, DispoReal y DispoCome y la descripcion oficial corresponde a potencia neta.",23.0
2026-06-04,Recurso,PPA1,,Hour18,23000.0,kWh,kW,True,"La magnitud y comportamiento horario coinciden con CapEfecNeta, DispoReal y DispoCome y la descripcion oficial corresponde a potencia neta.",23.0
2026-06-04,Recurso,PPA1,,Hour19,23000.0,kWh,kW,True,"La magnitud y comportamiento horario coinciden con CapEfecNeta, DispoReal y DispoCome y la descripcion oficial corresponde a potencia neta.",23.0
2026-06-04,Recurso,PPA1,,Hour20,23000.0,kWh,kW,True,"La magnitud y comportamiento horario coinciden con CapEfecNeta, DispoReal y DispoCome y la descripcion oficial corresponde a potencia neta.",23.0
2026-06-04,Recurso,PPA1,,Hour21,23000.0,kWh,kW,True,"La magnitud y comportamiento horario coinciden con CapEfecNeta, DispoReal y DispoCome y la descripcion oficial corresponde a potencia neta.",23.0
2026-06-04,Recurso,PPA1,,Hour22,23000.0,kWh,kW,True,"La magnitud y comportamiento horario coinciden con CapEfecNeta, DispoReal y DispoCome y la descripcion oficial corresponde a potencia neta.",23.0
2026-06-04,Recurso,PPA1,,Hour23,23000.0,kWh,kW,True,"La magnitud y comportamiento horario coinciden con CapEfecNeta, DispoReal y DispoCome y la descripcion oficial corresponde a potencia neta.",23.0
2026-06-04,Recurso,PPA1,,Hour24,23000.0,kWh,kW,True,"La magnitud y comportamiento horario coinciden con CapEfecNeta, DispoReal y DispoCome y la descripcion oficial corresponde a potencia neta.",23.0
2026-06-05,Recurso,HMIN,,Hour01,55000.0,kWh,kW,True,"La magnitud y comportamiento horario coinciden con CapEfecNeta, DispoReal y DispoCome y la descripcion oficial corresponde a potencia neta.",55.0
2026-06-05,Recurso,HMIN,,Hour02,55000.0,kWh,kW,True,"La magnitud y comportamiento horario coinciden con CapEfecNeta, DispoReal y DispoCome y la descripcion oficial corresponde a potencia neta.",55.0
2026-06-05,Recurso,HMIN,,Hour03,55000.0,kWh,kW,True,"La magnitud y comportamiento horario coinciden con CapEfecNeta, DispoReal y DispoCome y la descripcion oficial corresponde a potencia neta.",55.0
2026-06-05,Recurso,HMIN,,Hour04,55000.0,kWh,kW,True,"La magnitud y comportamiento horario coinciden con CapEfecNeta, DispoReal y DispoCome y la descripcion oficial corresponde a potencia neta.",55.0
2026-06-05,Recurso,HMIN,,Hour05,55000.0,kWh,kW,True,"La magnitud y comportamiento horario coinciden con CapEfecNeta, DispoReal y DispoCome y la descripcion oficial corresponde a potencia neta.",55.0
2026-06-05,Recurso,HMIN,,Hour06,55000.0,kWh,kW,True,"La magnitud y comportamiento horario coinciden con CapEfecNeta, DispoReal y DispoCome y la descripcion oficial corresponde a potencia neta.",55.0
2026-06-05,Recurso,HMIN,,Hour07,55000.0,kWh,kW,True,"La magnitud y comportamiento horario coinciden con CapEfecNeta, DispoReal y DispoCome y la descripcion oficial corresponde a potencia neta.",55.0
2026-06-05,Recurso,HMIN,,Hour08,55000.0,kWh,kW,True,"La magnitud y comportamiento horario coinciden con CapEfecNeta, DispoReal y DispoCome y la descripcion oficial corresponde a potencia neta.",55.0
2026-06-05,Recurso,HMIN,,Hour09,55000.0,kWh,kW,True,"La magnitud y comportamiento horario coinciden con CapEfecNeta, DispoReal y DispoCome y la descripcion oficial corresponde a potencia neta.",55.0
2026-06-05,Recurso,HMIN,,Hour10,55000.0,kWh,kW,True,"La magnitud y comportamiento horario coinciden con CapEfecNeta, DispoReal y DispoCome y la descripcion oficial corresponde a potencia neta.",55.0
2026-06-05,Recurso,HMIN,,Hour11,55000.0,kWh,kW,True,"La magnitud y comportamiento horario coinciden con CapEfecNeta, DispoReal y DispoCome y la descripcion oficial corresponde a potencia neta.",55.0
2026-06-05,Recurso,HMIN,,Hour12,55000.0,kWh,kW,True,"La magnitud y comportamiento horario coinciden con CapEfecNeta, DispoReal y DispoCome y la descripcion oficial corresponde a potencia neta.",55.0
2026-06-05,Recurso,HMIN,,Hour13,55000.0,kWh,kW,True,"La magnitud y comportamiento horario coinciden con CapEfecNeta, DispoReal y DispoCome y la descripcion oficial corresponde a potencia neta.",55.0
2026-06-05,Recurso,HMIN,,Hour14,55000.0,kWh,kW,True,"La magnitud y comportamiento horario coinciden con CapEfecNeta, DispoReal y DispoCome y la descripcion oficial corresponde a potencia neta.",55.0
2026-06-05,Recurso,HMIN,,Hour15,55000.0,kWh,kW,True,"La magnitud y comportamiento horario coinciden con CapEfecNeta, DispoReal y DispoCome y la descripcion oficial corresponde a potencia neta.",55.0
2026-06-05,Recurso,HMIN,,Hour16,55000.0,kWh,kW,True,"La magnitud y comportamiento horario coinciden con CapEfecNeta, DispoReal y DispoCome y la descripcion oficial corresponde a potencia neta.",55.0
2026-06-05,Recurso,HMIN,,Hour17,55000.0,kWh,kW,True,"La magnitud y comportamiento horario coinciden con CapEfecNeta, DispoReal y DispoCome y la descripcion oficial corresponde a potencia neta.",55.0
2026-06-05,Recurso,HMIN,,Hour18,55000.0,kWh,kW,True,"La magnitud y comportamiento horario coinciden con CapEfecNeta, DispoReal y DispoCome y la descripcion oficial corresponde a potencia neta.",55.0
2026-06-05,Recurso,HMIN,,Hour19,55000.0,kWh,kW,True,"La magnitud y comportamiento horario coinciden con CapEfecNeta, DispoReal y DispoCome y la descripcion oficial corresponde a potencia neta.",55.0
2026-06-05,Recurso,HMIN,,Hour20,55000.0,kWh,kW,True,"La magnitud y comportamiento horario coinciden con CapEfecNeta, DispoReal y DispoCome y la descripcion oficial corresponde a potencia neta.",55.0
2026-06-05,Recurso,HMIN,,Hour21,55000.0,kWh,kW,True,"La magnitud y comportamiento horario coinciden con CapEfecNeta, DispoReal y DispoCome y la descripcion oficial corresponde a potencia neta.",55.0
2026-06-05,Recurso,HMIN,,Hour22,55000.0,kWh,kW,True,"La magnitud y comportamiento horario coinciden con CapEfecNeta, DispoReal y DispoCome y la descripcion oficial corresponde a potencia neta.",55.0
2026-06-05,Recurso,HMIN,,Hour23,55000.0,kWh,kW,True,"La magnitud y comportamiento horario coinciden con CapEfecNeta, DispoReal y DispoCome y la descripcion oficial corresponde a potencia neta.",55.0
2026-06-05,Recurso,HMIN,,Hour24,55000.0,kWh,kW,True,"La magnitud y comportamiento horario coinciden con CapEfecNeta, DispoReal y DispoCome y la descripcion oficial corresponde a potencia neta.",55.0
2026-06-05,Recurso,HMLG,,Hour01,390000.0,kWh,kW,True,"La magnitud y comportamiento horario coinciden con CapEfecNeta, DispoReal y DispoCome y la descripcion oficial corresponde a potencia neta.",390.0
2026-06-05,Recurso,HMLG,,Hour02,390000.0,kWh,kW,True,"La magnitud y comportamiento horario coinciden con CapEfecNeta, DispoReal y DispoCome y la descripcion oficial corresponde a potencia neta.",390.0
2026-06-05,Recurso,HMLG,,Hour03,390000.0,kWh,kW,True,"La magnitud y comportamiento horario coinciden con CapEfecNeta, DispoReal y DispoCome y la descripcion oficial corresponde a potencia neta.",390.0
2026-06-05,Recurso,HMLG,,Hour04,390000.0,kWh,kW,True,"La magnitud y comportamiento horario coinciden con CapEfecNeta, DispoReal y DispoCome y la descripcion oficial corresponde a potencia neta.",390.0
2026-06-05,Recurso,HMLG,,Hour05,390000.0,kWh,kW,True,"La magnitud y comportamiento horario coinciden con CapEfecNeta, DispoReal y DispoCome y la descripcion oficial corresponde a potencia neta.",390.0
2026-06-05,Recurso,HMLG,,Hour06,390000.0,kWh,kW,True,"La magnitud y comportamiento horario coinciden con CapEfecNeta, DispoReal y DispoCome y la descripcion oficial corresponde a potencia neta.",390.0
2026-06-05,Recurso,HMLG,,Hour07,390000.0,kWh,kW,True,"La magnitud y comportamiento horario coinciden con CapEfecNeta, DispoReal y DispoCome y la descripcion oficial corresponde a potencia neta.",390.0
2026-06-05,Recurso,HMLG,,Hour08,390000.0,kWh,kW,True,"La magnitud y comportamiento horario coinciden con CapEfecNeta, DispoReal y DispoCome y la descripcion oficial corresponde a potencia neta.",390.0
2026-06-05,Recurso,HMLG,,Hour09,390000.0,kWh,kW,True,"La magnitud y comportamiento horario coinciden con CapEfecNeta, DispoReal y DispoCome y la descripcion oficial corresponde a potencia neta.",390.0
2026-06-05,Recurso,HMLG,,Hour10,390000.0,kWh,kW,True,"La magnitud y comportamiento horario coinciden con CapEfecNeta, DispoReal y DispoCome y la descripcion oficial corresponde a potencia neta.",390.0
2026-06-05,Recurso,HMLG,,Hour11,390000.0,kWh,kW,True,"La magnitud y comportamiento horario coinciden con CapEfecNeta, DispoReal y DispoCome y la descripcion oficial corresponde a potencia neta.",390.0
2026-06-05,Recurso,HMLG,,Hour12,390000.0,kWh,kW,True,"La magnitud y comportamiento horario coinciden con CapEfecNeta, DispoReal y DispoCome y la descripcion oficial corresponde a potencia neta.",390.0
2026-06-05,Recurso,HMLG,,Hour13,390000.0,kWh,kW,True,"La magnitud y comportamiento horario coinciden con CapEfecNeta, DispoReal y DispoCome y la descripcion oficial corresponde a potencia neta.",390.0
2026-06-05,Recurso,HMLG,,Hour14,390000.0,kWh,kW,True,"La magnitud y comportamiento horario coinciden con CapEfecNeta, DispoReal y DispoCome y la descripcion oficial corresponde a potencia neta.",390.0
2026-06-05,Recurso,HMLG,,Hour15,390000.0,kWh,kW,True,"La magnitud y comportamiento horario coinciden con CapEfecNeta, DispoReal y DispoCome y la descripcion oficial corresponde a potencia neta.",390.0
2026-06-05,Recurso,HMLG,,Hour16,390000.0,kWh,kW,True,"La magnitud y comportamiento horario coinciden con CapEfecNeta, DispoReal y DispoCome y la descripcion oficial corresponde a potencia neta.",390.0
2026-06-05,Recurso,HMLG,,Hour17,390000.0,kWh,kW,True,"La magnitud y comportamiento horario coinciden con CapEfecNeta, DispoReal y DispoCome y la descripcion oficial corresponde a potencia neta.",390.0
2026-06-05,Recurso,HMLG,,Hour18,390000.0,kWh,kW,True,"La magnitud y comportamiento horario coinciden con CapEfecNeta, DispoReal y DispoCome y la descripcion oficial corresponde a potencia neta.",390.0
2026-06-05,Recurso,HMLG,,Hour19,390000.0,kWh,kW,True,"La magnitud y comportamiento horario coinciden con CapEfecNeta, DispoReal y DispoCome y la descripcion oficial corresponde a potencia neta.",390.0
2026-06-05,Recurso,HMLG,,Hour20,390000.0,kWh,kW,True,"La magnitud y comportamiento horario coinciden con CapEfecNeta, DispoReal y DispoCome y la descripcion oficial corresponde a potencia neta.",390.0
2026-06-05,Recurso,HMLG,,Hour21,390000.0,kWh,kW,True,"La magnitud y comportamiento horario coinciden con CapEfecNeta, DispoReal y DispoCome y la descripcion oficial corresponde a potencia neta.",390.0
2026-06-05,Recurso,HMLG,,Hour22,390000.0,kWh,kW,True,"La magnitud y comportamiento horario coinciden con CapEfecNeta, DispoReal y DispoCome y la descripcion oficial corresponde a potencia neta.",390.0
2026-06-05,Recurso,HMLG,,Hour23,390000.0,kWh,kW,True,"La magnitud y comportamiento horario coinciden con CapEfecNeta, DispoReal y DispoCome y la descripcion oficial corresponde a potencia neta.",390.0
2026-06-05,Recurso,HMLG,,Hour24,390000.0,kWh,kW,True,"La magnitud y comportamiento horario coinciden con CapEfecNeta, DispoReal y DispoCome y la descripcion oficial corresponde a potencia neta.",390.0
2026-06-05,Recurso,JAGS,,Hour01,170000.0,kWh,kW,True,"La magnitud y comportamiento horario coinciden con CapEfecNeta, DispoReal y DispoCome y la descripcion oficial corresponde a potencia neta.",170.0
2026-06-05,Recurso,JAGS,,Hour02,170000.0,kWh,kW,True,"La magnitud y comportamiento horario coinciden con CapEfecNeta, DispoReal y DispoCome y la descripcion oficial corresponde a potencia neta.",170.0
2026-06-05,Recurso,JAGS,,Hour03,170000.0,kWh,kW,True,"La magnitud y comportamiento horario coinciden con CapEfecNeta, DispoReal y DispoCome y la descripcion oficial corresponde a potencia neta.",170.0
2026-06-05,Recurso,JAGS,,Hour04,170000.0,kWh,kW,True,"La magnitud y comportamiento horario coinciden con CapEfecNeta, DispoReal y DispoCome y la descripcion oficial corresponde a potencia neta.",170.0
2026-06-05,Recurso,JAGS,,Hour05,170000.0,kWh,kW,True,"La magnitud y comportamiento horario coinciden con CapEfecNeta, DispoReal y DispoCome y la descripcion oficial corresponde a potencia neta.",170.0
2026-06-05,Recurso,JAGS,,Hour06,170000.0,kWh,kW,True,"La magnitud y comportamiento horario coinciden con CapEfecNeta, DispoReal y DispoCome y la descripcion oficial corresponde a potencia neta.",170.0
2026-06-05,Recurso,JAGS,,Hour07,170000.0,kWh,kW,True,"La magnitud y comportamiento horario coinciden con CapEfecNeta, DispoReal y DispoCome y la descripcion oficial corresponde a potencia neta.",170.0
2026-06-05,Recurso,JAGS,,Hour08,170000.0,kWh,kW,True,"La magnitud y comportamiento horario coinciden con CapEfecNeta, DispoReal y DispoCome y la descripcion oficial corresponde a potencia neta.",170.0
2026-06-05,Recurso,JAGS,,Hour09,170000.0,kWh,kW,True,"La magnitud y comportamiento horario coinciden con CapEfecNeta, DispoReal y DispoCome y la descripcion oficial corresponde a potencia neta.",170.0
2026-06-05,Recurso,JAGS,,Hour10,170000.0,kWh,kW,True,"La magnitud y comportamiento horario coinciden con CapEfecNeta, DispoReal y DispoCome y la descripcion oficial corresponde a potencia neta.",170.0
2026-06-05,Recurso,JAGS,,Hour11,170000.0,kWh,kW,True,"La magnitud y comportamiento horario coinciden con CapEfecNeta, DispoReal y DispoCome y la descripcion oficial corresponde a potencia neta.",170.0
2026-06-05,Recurso,JAGS,,Hour12,170000.0,kWh,kW,True,"La magnitud y comportamiento horario coinciden con CapEfecNeta, DispoReal y DispoCome y la descripcion oficial corresponde a potencia neta.",170.0
2026-06-05,Recurso,JAGS,,Hour13,170000.0,kWh,kW,True,"La magnitud y comportamiento horario coinciden con CapEfecNeta, DispoReal y DispoCome y la descripcion oficial corresponde a potencia neta.",170.0
2026-06-05,Recurso,JAGS,,Hour14,170000.0,kWh,kW,True,"La magnitud y comportamiento horario coinciden con CapEfecNeta, DispoReal y DispoCome y la descripcion oficial corresponde a potencia neta.",170.0
2026-06-05,Recurso,JAGS,,Hour15,170000.0,kWh,kW,True,"La magnitud y comportamiento horario coinciden con CapEfecNeta, DispoReal y DispoCome y la descripcion oficial corresponde a potencia neta.",170.0
2026-06-05,Recurso,JAGS,,Hour16,170000.0,kWh,kW,True,"La magnitud y comportamiento horario coinciden con CapEfecNeta, DispoReal y DispoCome y la descripcion oficial corresponde a potencia neta.",170.0
2026-06-05,Recurso,JAGS,,Hour17,170000.0,kWh,kW,True,"La magnitud y comportamiento horario coinciden con CapEfecNeta, DispoReal y DispoCome y la descripcion oficial corresponde a potencia neta.",170.0
2026-06-05,Recurso,JAGS,,Hour18,170000.0,kWh,kW,True,"La magnitud y comportamiento horario coinciden con CapEfecNeta, DispoReal y DispoCome y la descripcion oficial corresponde a potencia neta.",170.0
2026-06-05,Recurso,JAGS,,Hour19,170000.0,kWh,kW,True,"La magnitud y comportamiento horario coinciden con CapEfecNeta, DispoReal y DispoCome y la descripcion oficial corresponde a potencia neta.",170.0
2026-06-05,Recurso,JAGS,,Hour20,170000.0,kWh,kW,True,"La magnitud y comportamiento horario coinciden con CapEfecNeta, DispoReal y DispoCome y la descripcion oficial corresponde a potencia neta.",170.0
2026-06-05,Recurso,JAGS,,Hour21,170000.0,kWh,kW,True,"La magnitud y comportamiento horario coinciden con CapEfecNeta, DispoReal y DispoCome y la descripcion oficial corresponde a potencia neta.",170.0
2026-06-05,Recurso,JAGS,,Hour22,170000.0,kWh,kW,True,"La magnitud y comportamiento horario coinciden con CapEfecNeta, DispoReal y DispoCome y la descripcion oficial corresponde a potencia neta.",170.0
2026-06-05,Recurso,JAGS,,Hour23,170000.0,kWh,kW,True,"La magnitud y comportamiento horario coinciden con CapEfecNeta, DispoReal y DispoCome y la descripcion oficial corresponde a potencia neta.",170.0
2026-06-05,Recurso,JAGS,,Hour24,170000.0,kWh,kW,True,"La magnitud y comportamiento horario coinciden con CapEfecNeta, DispoReal y DispoCome y la descripcion oficial corresponde a potencia neta.",170.0
2026-06-05,Recurso,LTSJ,,Hour01,306000.0,kWh,kW,True,"La magnitud y comportamiento horario coinciden con CapEfecNeta, DispoReal y DispoCome y la descripcion oficial corresponde a potencia neta.",306.0
2026-06-05,Recurso,LTSJ,,Hour02,306000.0,kWh,kW,True,"La magnitud y comportamiento horario coinciden con CapEfecNeta, DispoReal y DispoCome y la descripcion oficial corresponde a potencia neta.",306.0
2026-06-05,Recurso,LTSJ,,Hour03,306000.0,kWh,kW,True,"La magnitud y comportamiento horario coinciden con CapEfecNeta, DispoReal y DispoCome y la descripcion oficial corresponde a potencia neta.",306.0
2026-06-05,Recurso,LTSJ,,Hour04,306000.0,kWh,kW,True,"La magnitud y comportamiento horario coinciden con CapEfecNeta, DispoReal y DispoCome y la descripcion oficial corresponde a potencia neta.",306.0
2026-06-05,Recurso,LTSJ,,Hour05,306000.0,kWh,kW,True,"La magnitud y comportamiento horario coinciden con CapEfecNeta, DispoReal y DispoCome y la descripcion oficial corresponde a potencia neta.",306.0
2026-06-05,Recurso,LTSJ,,Hour06,306000.0,kWh,kW,True,"La magnitud y comportamiento horario coinciden con CapEfecNeta, DispoReal y DispoCome y la descripcion oficial corresponde a potencia neta.",306.0
2026-06-05,Recurso,LTSJ,,Hour07,306000.0,kWh,kW,True,"La magnitud y comportamiento horario coinciden con CapEfecNeta, DispoReal y DispoCome y la descripcion oficial corresponde a potencia neta.",306.0
2026-06-05,Recurso,LTSJ,,Hour08,306000.0,kWh,kW,True,"La magnitud y comportamiento horario coinciden con CapEfecNeta, DispoReal y DispoCome y la descripcion oficial corresponde a potencia neta.",306.0
2026-06-05,Recurso,LTSJ,,Hour09,306000.0,kWh,kW,True,"La magnitud y comportamiento horario coinciden con CapEfecNeta, DispoReal y DispoCome y la descripcion oficial corresponde a potencia neta.",306.0
2026-06-05,Recurso,LTSJ,,Hour10,306000.0,kWh,kW,True,"La magnitud y comportamiento horario coinciden con CapEfecNeta, DispoReal y DispoCome y la descripcion oficial corresponde a potencia neta.",306.0
2026-06-05,Recurso,LTSJ,,Hour11,306000.0,kWh,kW,True,"La magnitud y comportamiento horario coinciden con CapEfecNeta, DispoReal y DispoCome y la descripcion oficial corresponde a potencia neta.",306.0
2026-06-05,Recurso,LTSJ,,Hour12,306000.0,kWh,kW,True,"La magnitud y comportamiento horario coinciden con CapEfecNeta, DispoReal y DispoCome y la descripcion oficial corresponde a potencia neta.",306.0
2026-06-05,Recurso,LTSJ,,Hour13,306000.0,kWh,kW,True,"La magnitud y comportamiento horario coinciden con CapEfecNeta, DispoReal y DispoCome y la descripcion oficial corresponde a potencia neta.",306.0
2026-06-05,Recurso,LTSJ,,Hour14,306000.0,kWh,kW,True,"La magnitud y comportamiento horario coinciden con CapEfecNeta, DispoReal y DispoCome y la descripcion oficial corresponde a potencia neta.",306.0
2026-06-05,Recurso,LTSJ,,Hour15,306000.0,kWh,kW,True,"La magnitud y comportamiento horario coinciden con CapEfecNeta, DispoReal y DispoCome y la descripcion oficial corresponde a potencia neta.",306.0
2026-06-05,Recurso,LTSJ,,Hour16,306000.0,kWh,kW,True,"La magnitud y comportamiento horario coinciden con CapEfecNeta, DispoReal y DispoCome y la descripcion oficial corresponde a potencia neta.",306.0
2026-06-05,Recurso,LTSJ,,Hour17,306000.0,kWh,kW,True,"La magnitud y comportamiento horario coinciden con CapEfecNeta, DispoReal y DispoCome y la descripcion oficial corresponde a potencia neta.",306.0
2026-06-05,Recurso,LTSJ,,Hour18,306000.0,kWh,kW,True,"La magnitud y comportamiento horario coinciden con CapEfecNeta, DispoReal y DispoCome y la descripcion oficial corresponde a potencia neta.",306.0
2026-06-05,Recurso,LTSJ,,Hour19,306000.0,kWh,kW,True,"La magnitud y comportamiento horario coinciden con CapEfecNeta, DispoReal y DispoCome y la descripcion oficial corresponde a potencia neta.",306.0
2026-06-05,Recurso,LTSJ,,Hour20,306000.0,kWh,kW,True,"La magnitud y comportamiento horario coinciden con CapEfecNeta, DispoReal y DispoCome y la descripcion oficial corresponde a potencia neta.",306.0
2026-06-05,Recurso,LTSJ,,Hour21,306000.0,kWh,kW,True,"La magnitud y comportamiento horario coinciden con CapEfecNeta, DispoReal y DispoCome y la descripcion oficial corresponde a potencia neta.",306.0
2026-06-05,Recurso,LTSJ,,Hour22,306000.0,kWh,kW,True,"La magnitud y comportamiento horario coinciden con CapEfecNeta, DispoReal y DispoCome y la descripcion oficial corresponde a potencia neta.",306.0
2026-06-05,Recurso,LTSJ,,Hour23,306000.0,kWh,kW,True,"La magnitud y comportamiento horario coinciden con CapEfecNeta, DispoReal y DispoCome y la descripcion oficial corresponde a potencia neta.",306.0
2026-06-05,Recurso,LTSJ,,Hour24,306000.0,kWh,kW,True,"La magnitud y comportamiento horario coinciden con CapEfecNeta, DispoReal y DispoCome y la descripcion oficial corresponde a potencia neta.",306.0
2026-06-05,Recurso,MOY1,,Hour01,75000.0,kWh,kW,True,"La magnitud y comportamiento horario coinciden con CapEfecNeta, DispoReal y DispoCome y la descripcion oficial corresponde a potencia neta.",75.0
2026-06-05,Recurso,MOY1,,Hour02,75000.0,kWh,kW,True,"La magnitud y comportamiento horario coinciden con CapEfecNeta, DispoReal y DispoCome y la descripcion oficial corresponde a potencia neta.",75.0
2026-06-05,Recurso,MOY1,,Hour03,75000.0,kWh,kW,True,"La magnitud y comportamiento horario coinciden con CapEfecNeta, DispoReal y DispoCome y la descripcion oficial corresponde a potencia neta.",75.0
2026-06-05,Recurso,MOY1,,Hour04,75000.0,kWh,kW,True,"La magnitud y comportamiento horario coinciden con CapEfecNeta, DispoReal y DispoCome y la descripcion oficial corresponde a potencia neta.",75.0
2026-06-05,Recurso,MOY1,,Hour05,75000.0,kWh,kW,True,"La magnitud y comportamiento horario coinciden con CapEfecNeta, DispoReal y DispoCome y la descripcion oficial corresponde a potencia neta.",75.0
2026-06-05,Recurso,MOY1,,Hour06,75000.0,kWh,kW,True,"La magnitud y comportamiento horario coinciden con CapEfecNeta, DispoReal y DispoCome y la descripcion oficial corresponde a potencia neta.",75.0
2026-06-05,Recurso,MOY1,,Hour07,75000.0,kWh,kW,True,"La magnitud y comportamiento horario coinciden con CapEfecNeta, DispoReal y DispoCome y la descripcion oficial corresponde a potencia neta.",75.0
2026-06-05,Recurso,MOY1,,Hour08,75000.0,kWh,kW,True,"La magnitud y comportamiento horario coinciden con CapEfecNeta, DispoReal y DispoCome y la descripcion oficial corresponde a potencia neta.",75.0
2026-06-05,Recurso,MOY1,,Hour09,75000.0,kWh,kW,True,"La magnitud y comportamiento horario coinciden con CapEfecNeta, DispoReal y DispoCome y la descripcion oficial corresponde a potencia neta.",75.0
2026-06-05,Recurso,MOY1,,Hour10,75000.0,kWh,kW,True,"La magnitud y comportamiento horario coinciden con CapEfecNeta, DispoReal y DispoCome y la descripcion oficial corresponde a potencia neta.",75.0
2026-06-05,Recurso,MOY1,,Hour11,75000.0,kWh,kW,True,"La magnitud y comportamiento horario coinciden con CapEfecNeta, DispoReal y DispoCome y la descripcion oficial corresponde a potencia neta.",75.0
2026-06-05,Recurso,MOY1,,Hour12,75000.0,kWh,kW,True,"La magnitud y comportamiento horario coinciden con CapEfecNeta, DispoReal y DispoCome y la descripcion oficial corresponde a potencia neta.",75.0
2026-06-05,Recurso,MOY1,,Hour13,75000.0,kWh,kW,True,"La magnitud y comportamiento horario coinciden con CapEfecNeta, DispoReal y DispoCome y la descripcion oficial corresponde a potencia neta.",75.0
2026-06-05,Recurso,MOY1,,Hour14,75000.0,kWh,kW,True,"La magnitud y comportamiento horario coinciden con CapEfecNeta, DispoReal y DispoCome y la descripcion oficial corresponde a potencia neta.",75.0
2026-06-05,Recurso,MOY1,,Hour15,75000.0,kWh,kW,True,"La magnitud y comportamiento horario coinciden con CapEfecNeta, DispoReal y DispoCome y la descripcion oficial corresponde a potencia neta.",75.0
2026-06-05,Recurso,MOY1,,Hour16,75000.0,kWh,kW,True,"La magnitud y comportamiento horario coinciden con CapEfecNeta, DispoReal y DispoCome y la descripcion oficial corresponde a potencia neta.",75.0
2026-06-05,Recurso,MOY1,,Hour17,75000.0,kWh,kW,True,"La magnitud y comportamiento horario coinciden con CapEfecNeta, DispoReal y DispoCome y la descripcion oficial corresponde a potencia neta.",75.0
2026-06-05,Recurso,MOY1,,Hour18,75000.0,kWh,kW,True,"La magnitud y comportamiento horario coinciden con CapEfecNeta, DispoReal y DispoCome y la descripcion oficial corresponde a potencia neta.",75.0
2026-06-05,Recurso,MOY1,,Hour19,75000.0,kWh,kW,True,"La magnitud y comportamiento horario coinciden con CapEfecNeta, DispoReal y DispoCome y la descripcion oficial corresponde a potencia neta.",75.0
2026-06-05,Recurso,MOY1,,Hour20,75000.0,kWh,kW,True,"La magnitud y comportamiento horario coinciden con CapEfecNeta, DispoReal y DispoCome y la descripcion oficial corresponde a potencia neta.",75.0
2026-06-05,Recurso,MOY1,,Hour21,75000.0,kWh,kW,True,"La magnitud y comportamiento horario coinciden con CapEfecNeta, DispoReal y DispoCome y la descripcion oficial corresponde a potencia neta.",75.0
2026-06-05,Recurso,MOY1,,Hour22,75000.0,kWh,kW,True,"La magnitud y comportamiento horario coinciden con CapEfecNeta, DispoReal y DispoCome y la descripcion oficial corresponde a potencia neta.",75.0
2026-06-05,Recurso,MOY1,,Hour23,75000.0,kWh,kW,True,"La magnitud y comportamiento horario coinciden con CapEfecNeta, DispoReal y DispoCome y la descripcion oficial corresponde a potencia neta.",75.0
2026-06-05,Recurso,MOY1,,Hour24,75000.0,kWh,kW,True,"La magnitud y comportamiento horario coinciden con CapEfecNeta, DispoReal y DispoCome y la descripcion oficial corresponde a potencia neta.",75.0
2026-06-05,Recurso,MRL1,,Hour01,164000.0,kWh,kW,True,"La magnitud y comportamiento horario coinciden con CapEfecNeta, DispoReal y DispoCome y la descripcion oficial corresponde a potencia neta.",164.0
2026-06-05,Recurso,MRL1,,Hour02,164000.0,kWh,kW,True,"La magnitud y comportamiento horario coinciden con CapEfecNeta, DispoReal y DispoCome y la descripcion oficial corresponde a potencia neta.",164.0
2026-06-05,Recurso,MRL1,,Hour03,164000.0,kWh,kW,True,"La magnitud y comportamiento horario coinciden con CapEfecNeta, DispoReal y DispoCome y la descripcion oficial corresponde a potencia neta.",164.0
2026-06-05,Recurso,MRL1,,Hour04,164000.0,kWh,kW,True,"La magnitud y comportamiento horario coinciden con CapEfecNeta, DispoReal y DispoCome y la descripcion oficial corresponde a potencia neta.",164.0
2026-06-05,Recurso,MRL1,,Hour05,164000.0,kWh,kW,True,"La magnitud y comportamiento horario coinciden con CapEfecNeta, DispoReal y DispoCome y la descripcion oficial corresponde a potencia neta.",164.0
2026-06-05,Recurso,MRL1,,Hour06,164000.0,kWh,kW,True,"La magnitud y comportamiento horario coinciden con CapEfecNeta, DispoReal y DispoCome y la descripcion oficial corresponde a potencia neta.",164.0
2026-06-05,Recurso,MRL1,,Hour07,164000.0,kWh,kW,True,"La magnitud y comportamiento horario coinciden con CapEfecNeta, DispoReal y DispoCome y la descripcion oficial corresponde a potencia neta.",164.0
2026-06-05,Recurso,MRL1,,Hour08,164000.0,kWh,kW,True,"La magnitud y comportamiento horario coinciden con CapEfecNeta, DispoReal y DispoCome y la descripcion oficial corresponde a potencia neta.",164.0
2026-06-05,Recurso,MRL1,,Hour09,164000.0,kWh,kW,True,"La magnitud y comportamiento horario coinciden con CapEfecNeta, DispoReal y DispoCome y la descripcion oficial corresponde a potencia neta.",164.0
2026-06-05,Recurso,MRL1,,Hour10,164000.0,kWh,kW,True,"La magnitud y comportamiento horario coinciden con CapEfecNeta, DispoReal y DispoCome y la descripcion oficial corresponde a potencia neta.",164.0
2026-06-05,Recurso,MRL1,,Hour11,164000.0,kWh,kW,True,"La magnitud y comportamiento horario coinciden con CapEfecNeta, DispoReal y DispoCome y la descripcion oficial corresponde a potencia neta.",164.0
2026-06-05,Recurso,MRL1,,Hour12,164000.0,kWh,kW,True,"La magnitud y comportamiento horario coinciden con CapEfecNeta, DispoReal y DispoCome y la descripcion oficial corresponde a potencia neta.",164.0
2026-06-05,Recurso,MRL1,,Hour13,164000.0,kWh,kW,True,"La magnitud y comportamiento horario coinciden con CapEfecNeta, DispoReal y DispoCome y la descripcion oficial corresponde a potencia neta.",164.0
2026-06-05,Recurso,MRL1,,Hour14,164000.0,kWh,kW,True,"La magnitud y comportamiento horario coinciden con CapEfecNeta, DispoReal y DispoCome y la descripcion oficial corresponde a potencia neta.",164.0
2026-06-05,Recurso,MRL1,,Hour15,164000.0,kWh,kW,True,"La magnitud y comportamiento horario coinciden con CapEfecNeta, DispoReal y DispoCome y la descripcion oficial corresponde a potencia neta.",164.0
2026-06-05,Recurso,MRL1,,Hour16,164000.0,kWh,kW,True,"La magnitud y comportamiento horario coinciden con CapEfecNeta, DispoReal y DispoCome y la descripcion oficial corresponde a potencia neta.",164.0
2026-06-05,Recurso,MRL1,,Hour17,164000.0,kWh,kW,True,"La magnitud y comportamiento horario coinciden con CapEfecNeta, DispoReal y DispoCome y la descripcion oficial corresponde a potencia neta.",164.0
2026-06-05,Recurso,MRL1,,Hour18,164000.0,kWh,kW,True,"La magnitud y comportamiento horario coinciden con CapEfecNeta, DispoReal y DispoCome y la descripcion oficial corresponde a potencia neta.",164.0
2026-06-05,Recurso,MRL1,,Hour19,164000.0,kWh,kW,True,"La magnitud y comportamiento horario coinciden con CapEfecNeta, DispoReal y DispoCome y la descripcion oficial corresponde a potencia neta.",164.0
2026-06-05,Recurso,MRL1,,Hour20,164000.0,kWh,kW,True,"La magnitud y comportamiento horario coinciden con CapEfecNeta, DispoReal y DispoCome y la descripcion oficial corresponde a potencia neta.",164.0
2026-06-05,Recurso,MRL1,,Hour21,164000.0,kWh,kW,True,"La magnitud y comportamiento horario coinciden con CapEfecNeta, DispoReal y DispoCome y la descripcion oficial corresponde a potencia neta.",164.0
2026-06-05,Recurso,MRL1,,Hour22,164000.0,kWh,kW,True,"La magnitud y comportamiento horario coinciden con CapEfecNeta, DispoReal y DispoCome y la descripcion oficial corresponde a potencia neta.",164.0
2026-06-05,Recurso,MRL1,,Hour23,164000.0,kWh,kW,True,"La magnitud y comportamiento horario coinciden con CapEfecNeta, DispoReal y DispoCome y la descripcion oficial corresponde a potencia neta.",164.0
2026-06-05,Recurso,MRL1,,Hour24,164000.0,kWh,kW,True,"La magnitud y comportamiento horario coinciden con CapEfecNeta, DispoReal y DispoCome y la descripcion oficial corresponde a potencia neta.",164.0
2026-06-05,Recurso,PES1,,Hour01,1200000.0,kWh,kW,True,"La magnitud y comportamiento horario coinciden con CapEfecNeta, DispoReal y DispoCome y la descripcion oficial corresponde a potencia neta.",1200.0
2026-06-05,Recurso,PES1,,Hour02,1200000.0,kWh,kW,True,"La magnitud y comportamiento horario coinciden con CapEfecNeta, DispoReal y DispoCome y la descripcion oficial corresponde a potencia neta.",1200.0
2026-06-05,Recurso,PES1,,Hour03,1200000.0,kWh,kW,True,"La magnitud y comportamiento horario coinciden con CapEfecNeta, DispoReal y DispoCome y la descripcion oficial corresponde a potencia neta.",1200.0
2026-06-05,Recurso,PES1,,Hour04,1200000.0,kWh,kW,True,"La magnitud y comportamiento horario coinciden con CapEfecNeta, DispoReal y DispoCome y la descripcion oficial corresponde a potencia neta.",1200.0
2026-06-05,Recurso,PES1,,Hour05,1200000.0,kWh,kW,True,"La magnitud y comportamiento horario coinciden con CapEfecNeta, DispoReal y DispoCome y la descripcion oficial corresponde a potencia neta.",1200.0
2026-06-05,Recurso,PES1,,Hour06,1200000.0,kWh,kW,True,"La magnitud y comportamiento horario coinciden con CapEfecNeta, DispoReal y DispoCome y la descripcion oficial corresponde a potencia neta.",1200.0
2026-06-05,Recurso,PES1,,Hour07,1200000.0,kWh,kW,True,"La magnitud y comportamiento horario coinciden con CapEfecNeta, DispoReal y DispoCome y la descripcion oficial corresponde a potencia neta.",1200.0
2026-06-05,Recurso,PES1,,Hour08,1200000.0,kWh,kW,True,"La magnitud y comportamiento horario coinciden con CapEfecNeta, DispoReal y DispoCome y la descripcion oficial corresponde a potencia neta.",1200.0
2026-06-05,Recurso,PES1,,Hour09,1200000.0,kWh,kW,True,"La magnitud y comportamiento horario coinciden con CapEfecNeta, DispoReal y DispoCome y la descripcion oficial corresponde a potencia neta.",1200.0
2026-06-05,Recurso,PES1,,Hour10,1200000.0,kWh,kW,True,"La magnitud y comportamiento horario coinciden con CapEfecNeta, DispoReal y DispoCome y la descripcion oficial corresponde a potencia neta.",1200.0
2026-06-05,Recurso,PES1,,Hour11,1200000.0,kWh,kW,True,"La magnitud y comportamiento horario coinciden con CapEfecNeta, DispoReal y DispoCome y la descripcion oficial corresponde a potencia neta.",1200.0
2026-06-05,Recurso,PES1,,Hour12,1200000.0,kWh,kW,True,"La magnitud y comportamiento horario coinciden con CapEfecNeta, DispoReal y DispoCome y la descripcion oficial corresponde a potencia neta.",1200.0
2026-06-05,Recurso,PES1,,Hour13,1200000.0,kWh,kW,True,"La magnitud y comportamiento horario coinciden con CapEfecNeta, DispoReal y DispoCome y la descripcion oficial corresponde a potencia neta.",1200.0
2026-06-05,Recurso,PES1,,Hour14,1200000.0,kWh,kW,True,"La magnitud y comportamiento horario coinciden con CapEfecNeta, DispoReal y DispoCome y la descripcion oficial corresponde a potencia neta.",1200.0
2026-06-05,Recurso,PES1,,Hour15,1200000.0,kWh,kW,True,"La magnitud y comportamiento horario coinciden con CapEfecNeta, DispoReal y DispoCome y la descripcion oficial corresponde a potencia neta.",1200.0
2026-06-05,Recurso,PES1,,Hour16,1200000.0,kWh,kW,True,"La magnitud y comportamiento horario coinciden con CapEfecNeta, DispoReal y DispoCome y la descripcion oficial corresponde a potencia neta.",1200.0
2026-06-05,Recurso,PES1,,Hour17,1200000.0,kWh,kW,True,"La magnitud y comportamiento horario coinciden con CapEfecNeta, DispoReal y DispoCome y la descripcion oficial corresponde a potencia neta.",1200.0
2026-06-05,Recurso,PES1,,Hour18,1200000.0,kWh,kW,True,"La magnitud y comportamiento horario coinciden con CapEfecNeta, DispoReal y DispoCome y la descripcion oficial corresponde a potencia neta.",1200.0
2026-06-05,Recurso,PES1,,Hour19,1200000.0,kWh,kW,True,"La magnitud y comportamiento horario coinciden con CapEfecNeta, DispoReal y DispoCome y la descripcion oficial corresponde a potencia neta.",1200.0
2026-06-05,Recurso,PES1,,Hour20,1200000.0,kWh,kW,True,"La magnitud y comportamiento horario coinciden con CapEfecNeta, DispoReal y DispoCome y la descripcion oficial corresponde a potencia neta.",1200.0
2026-06-05,Recurso,PES1,,Hour21,1200000.0,kWh,kW,True,"La magnitud y comportamiento horario coinciden con CapEfecNeta, DispoReal y DispoCome y la descripcion oficial corresponde a potencia neta.",1200.0
2026-06-05,Recurso,PES1,,Hour22,1200000.0,kWh,kW,True,"La magnitud y comportamiento horario coinciden con CapEfecNeta, DispoReal y DispoCome y la descripcion oficial corresponde a potencia neta.",1200.0
2026-06-05,Recurso,PES1,,Hour23,1200000.0,kWh,kW,True,"La magnitud y comportamiento horario coinciden con CapEfecNeta, DispoReal y DispoCome y la descripcion oficial corresponde a potencia neta.",1200.0
2026-06-05,Recurso,PES1,,Hour24,1200000.0,kWh,kW,True,"La magnitud y comportamiento horario coinciden con CapEfecNeta, DispoReal y DispoCome y la descripcion oficial corresponde a potencia neta.",1200.0
2026-06-05,Recurso,PGUG,,Hour01,600000.0,kWh,kW,True,"La magnitud y comportamiento horario coinciden con CapEfecNeta, DispoReal y DispoCome y la descripcion oficial corresponde a potencia neta.",600.0
2026-06-05,Recurso,PGUG,,Hour02,600000.0,kWh,kW,True,"La magnitud y comportamiento horario coinciden con CapEfecNeta, DispoReal y DispoCome y la descripcion oficial corresponde a potencia neta.",600.0
2026-06-05,Recurso,PGUG,,Hour03,600000.0,kWh,kW,True,"La magnitud y comportamiento horario coinciden con CapEfecNeta, DispoReal y DispoCome y la descripcion oficial corresponde a potencia neta.",600.0
2026-06-05,Recurso,PGUG,,Hour04,600000.0,kWh,kW,True,"La magnitud y comportamiento horario coinciden con CapEfecNeta, DispoReal y DispoCome y la descripcion oficial corresponde a potencia neta.",600.0
2026-06-05,Recurso,PGUG,,Hour05,600000.0,kWh,kW,True,"La magnitud y comportamiento horario coinciden con CapEfecNeta, DispoReal y DispoCome y la descripcion oficial corresponde a potencia neta.",600.0
2026-06-05,Recurso,PGUG,,Hour06,600000.0,kWh,kW,True,"La magnitud y comportamiento horario coinciden con CapEfecNeta, DispoReal y DispoCome y la descripcion oficial corresponde a potencia neta.",600.0
2026-06-05,Recurso,PGUG,,Hour07,600000.0,kWh,kW,True,"La magnitud y comportamiento horario coinciden con CapEfecNeta, DispoReal y DispoCome y la descripcion oficial corresponde a potencia neta.",600.0
2026-06-05,Recurso,PGUG,,Hour08,600000.0,kWh,kW,True,"La magnitud y comportamiento horario coinciden con CapEfecNeta, DispoReal y DispoCome y la descripcion oficial corresponde a potencia neta.",600.0
2026-06-05,Recurso,PGUG,,Hour09,600000.0,kWh,kW,True,"La magnitud y comportamiento horario coinciden con CapEfecNeta, DispoReal y DispoCome y la descripcion oficial corresponde a potencia neta.",600.0
2026-06-05,Recurso,PGUG,,Hour10,600000.0,kWh,kW,True,"La magnitud y comportamiento horario coinciden con CapEfecNeta, DispoReal y DispoCome y la descripcion oficial corresponde a potencia neta.",600.0
2026-06-05,Recurso,PGUG,,Hour11,600000.0,kWh,kW,True,"La magnitud y comportamiento horario coinciden con CapEfecNeta, DispoReal y DispoCome y la descripcion oficial corresponde a potencia neta.",600.0
2026-06-05,Recurso,PGUG,,Hour12,600000.0,kWh,kW,True,"La magnitud y comportamiento horario coinciden con CapEfecNeta, DispoReal y DispoCome y la descripcion oficial corresponde a potencia neta.",600.0
2026-06-05,Recurso,PGUG,,Hour13,600000.0,kWh,kW,True,"La magnitud y comportamiento horario coinciden con CapEfecNeta, DispoReal y DispoCome y la descripcion oficial corresponde a potencia neta.",600.0
2026-06-05,Recurso,PGUG,,Hour14,600000.0,kWh,kW,True,"La magnitud y comportamiento horario coinciden con CapEfecNeta, DispoReal y DispoCome y la descripcion oficial corresponde a potencia neta.",600.0
2026-06-05,Recurso,PGUG,,Hour15,600000.0,kWh,kW,True,"La magnitud y comportamiento horario coinciden con CapEfecNeta, DispoReal y DispoCome y la descripcion oficial corresponde a potencia neta.",600.0
2026-06-05,Recurso,PGUG,,Hour16,600000.0,kWh,kW,True,"La magnitud y comportamiento horario coinciden con CapEfecNeta, DispoReal y DispoCome y la descripcion oficial corresponde a potencia neta.",600.0
2026-06-05,Recurso,PGUG,,Hour17,600000.0,kWh,kW,True,"La magnitud y comportamiento horario coinciden con CapEfecNeta, DispoReal y DispoCome y la descripcion oficial corresponde a potencia neta.",600.0
2026-06-05,Recurso,PGUG,,Hour18,600000.0,kWh,kW,True,"La magnitud y comportamiento horario coinciden con CapEfecNeta, DispoReal y DispoCome y la descripcion oficial corresponde a potencia neta.",600.0
2026-06-05,Recurso,PGUG,,Hour19,600000.0,kWh,kW,True,"La magnitud y comportamiento horario coinciden con CapEfecNeta, DispoReal y DispoCome y la descripcion oficial corresponde a potencia neta.",600.0
2026-06-05,Recurso,PGUG,,Hour20,600000.0,kWh,kW,True,"La magnitud y comportamiento horario coinciden con CapEfecNeta, DispoReal y DispoCome y la descripcion oficial corresponde a potencia neta.",600.0
2026-06-05,Recurso,PGUG,,Hour21,600000.0,kWh,kW,True,"La magnitud y comportamiento horario coinciden con CapEfecNeta, DispoReal y DispoCome y la descripcion oficial corresponde a potencia neta.",600.0
2026-06-05,Recurso,PGUG,,Hour22,600000.0,kWh,kW,True,"La magnitud y comportamiento horario coinciden con CapEfecNeta, DispoReal y DispoCome y la descripcion oficial corresponde a potencia neta.",600.0
2026-06-05,Recurso,PGUG,,Hour23,600000.0,kWh,kW,True,"La magnitud y comportamiento horario coinciden con CapEfecNeta, DispoReal y DispoCome y la descripcion oficial corresponde a potencia neta.",600.0
2026-06-05,Recurso,PGUG,,Hour24,600000.0,kWh,kW,True,"La magnitud y comportamiento horario coinciden con CapEfecNeta, DispoReal y DispoCome y la descripcion oficial corresponde a potencia neta.",600.0
2026-06-05,Recurso,PLYS,,Hour01,207000.0,kWh,kW,True,"La magnitud y comportamiento horario coinciden con CapEfecNeta, DispoReal y DispoCome y la descripcion oficial corresponde a potencia neta.",207.0
2026-06-05,Recurso,PLYS,,Hour02,207000.0,kWh,kW,True,"La magnitud y comportamiento horario coinciden con CapEfecNeta, DispoReal y DispoCome y la descripcion oficial corresponde a potencia neta.",207.0
2026-06-05,Recurso,PLYS,,Hour03,207000.0,kWh,kW,True,"La magnitud y comportamiento horario coinciden con CapEfecNeta, DispoReal y DispoCome y la descripcion oficial corresponde a potencia neta.",207.0
2026-06-05,Recurso,PLYS,,Hour04,207000.0,kWh,kW,True,"La magnitud y comportamiento horario coinciden con CapEfecNeta, DispoReal y DispoCome y la descripcion oficial corresponde a potencia neta.",207.0
2026-06-05,Recurso,PLYS,,Hour05,207000.0,kWh,kW,True,"La magnitud y comportamiento horario coinciden con CapEfecNeta, DispoReal y DispoCome y la descripcion oficial corresponde a potencia neta.",207.0
2026-06-05,Recurso,PLYS,,Hour06,207000.0,kWh,kW,True,"La magnitud y comportamiento horario coinciden con CapEfecNeta, DispoReal y DispoCome y la descripcion oficial corresponde a potencia neta.",207.0
2026-06-05,Recurso,PLYS,,Hour07,207000.0,kWh,kW,True,"La magnitud y comportamiento horario coinciden con CapEfecNeta, DispoReal y DispoCome y la descripcion oficial corresponde a potencia neta.",207.0
2026-06-05,Recurso,PLYS,,Hour08,207000.0,kWh,kW,True,"La magnitud y comportamiento horario coinciden con CapEfecNeta, DispoReal y DispoCome y la descripcion oficial corresponde a potencia neta.",207.0
2026-06-05,Recurso,PLYS,,Hour09,207000.0,kWh,kW,True,"La magnitud y comportamiento horario coinciden con CapEfecNeta, DispoReal y DispoCome y la descripcion oficial corresponde a potencia neta.",207.0
2026-06-05,Recurso,PLYS,,Hour10,207000.0,kWh,kW,True,"La magnitud y comportamiento horario coinciden con CapEfecNeta, DispoReal y DispoCome y la descripcion oficial corresponde a potencia neta.",207.0
2026-06-05,Recurso,PLYS,,Hour11,207000.0,kWh,kW,True,"La magnitud y comportamiento horario coinciden con CapEfecNeta, DispoReal y DispoCome y la descripcion oficial corresponde a potencia neta.",207.0
2026-06-05,Recurso,PLYS,,Hour12,207000.0,kWh,kW,True,"La magnitud y comportamiento horario coinciden con CapEfecNeta, DispoReal y DispoCome y la descripcion oficial corresponde a potencia neta.",207.0
2026-06-05,Recurso,PLYS,,Hour13,207000.0,kWh,kW,True,"La magnitud y comportamiento horario coinciden con CapEfecNeta, DispoReal y DispoCome y la descripcion oficial corresponde a potencia neta.",207.0
2026-06-05,Recurso,PLYS,,Hour14,207000.0,kWh,kW,True,"La magnitud y comportamiento horario coinciden con CapEfecNeta, DispoReal y DispoCome y la descripcion oficial corresponde a potencia neta.",207.0
2026-06-05,Recurso,PLYS,,Hour15,207000.0,kWh,kW,True,"La magnitud y comportamiento horario coinciden con CapEfecNeta, DispoReal y DispoCome y la descripcion oficial corresponde a potencia neta.",207.0
2026-06-05,Recurso,PLYS,,Hour16,207000.0,kWh,kW,True,"La magnitud y comportamiento horario coinciden con CapEfecNeta, DispoReal y DispoCome y la descripcion oficial corresponde a potencia neta.",207.0
2026-06-05,Recurso,PLYS,,Hour17,207000.0,kWh,kW,True,"La magnitud y comportamiento horario coinciden con CapEfecNeta, DispoReal y DispoCome y la descripcion oficial corresponde a potencia neta.",207.0
2026-06-05,Recurso,PLYS,,Hour18,207000.0,kWh,kW,True,"La magnitud y comportamiento horario coinciden con CapEfecNeta, DispoReal y DispoCome y la descripcion oficial corresponde a potencia neta.",207.0
2026-06-05,Recurso,PLYS,,Hour19,207000.0,kWh,kW,True,"La magnitud y comportamiento horario coinciden con CapEfecNeta, DispoReal y DispoCome y la descripcion oficial corresponde a potencia neta.",207.0
2026-06-05,Recurso,PLYS,,Hour20,207000.0,kWh,kW,True,"La magnitud y comportamiento horario coinciden con CapEfecNeta, DispoReal y DispoCome y la descripcion oficial corresponde a potencia neta.",207.0
2026-06-05,Recurso,PLYS,,Hour21,207000.0,kWh,kW,True,"La magnitud y comportamiento horario coinciden con CapEfecNeta, DispoReal y DispoCome y la descripcion oficial corresponde a potencia neta.",207.0
2026-06-05,Recurso,PLYS,,Hour22,207000.0,kWh,kW,True,"La magnitud y comportamiento horario coinciden con CapEfecNeta, DispoReal y DispoCome y la descripcion oficial corresponde a potencia neta.",207.0
2026-06-05,Recurso,PLYS,,Hour23,207000.0,kWh,kW,True,"La magnitud y comportamiento horario coinciden con CapEfecNeta, DispoReal y DispoCome y la descripcion oficial corresponde a potencia neta.",207.0
2026-06-05,Recurso,PLYS,,Hour24,207000.0,kWh,kW,True,"La magnitud y comportamiento horario coinciden con CapEfecNeta, DispoReal y DispoCome y la descripcion oficial corresponde a potencia neta.",207.0
2026-06-05,Recurso,PPA1,,Hour01,23000.0,kWh,kW,True,"La magnitud y comportamiento horario coinciden con CapEfecNeta, DispoReal y DispoCome y la descripcion oficial corresponde a potencia neta.",23.0
2026-06-05,Recurso,PPA1,,Hour02,23000.0,kWh,kW,True,"La magnitud y comportamiento horario coinciden con CapEfecNeta, DispoReal y DispoCome y la descripcion oficial corresponde a potencia neta.",23.0
2026-06-05,Recurso,PPA1,,Hour03,23000.0,kWh,kW,True,"La magnitud y comportamiento horario coinciden con CapEfecNeta, DispoReal y DispoCome y la descripcion oficial corresponde a potencia neta.",23.0
2026-06-05,Recurso,PPA1,,Hour04,23000.0,kWh,kW,True,"La magnitud y comportamiento horario coinciden con CapEfecNeta, DispoReal y DispoCome y la descripcion oficial corresponde a potencia neta.",23.0
2026-06-05,Recurso,PPA1,,Hour05,23000.0,kWh,kW,True,"La magnitud y comportamiento horario coinciden con CapEfecNeta, DispoReal y DispoCome y la descripcion oficial corresponde a potencia neta.",23.0
2026-06-05,Recurso,PPA1,,Hour06,23000.0,kWh,kW,True,"La magnitud y comportamiento horario coinciden con CapEfecNeta, DispoReal y DispoCome y la descripcion oficial corresponde a potencia neta.",23.0
2026-06-05,Recurso,PPA1,,Hour07,23000.0,kWh,kW,True,"La magnitud y comportamiento horario coinciden con CapEfecNeta, DispoReal y DispoCome y la descripcion oficial corresponde a potencia neta.",23.0
2026-06-05,Recurso,PPA1,,Hour08,23000.0,kWh,kW,True,"La magnitud y comportamiento horario coinciden con CapEfecNeta, DispoReal y DispoCome y la descripcion oficial corresponde a potencia neta.",23.0
2026-06-05,Recurso,PPA1,,Hour09,23000.0,kWh,kW,True,"La magnitud y comportamiento horario coinciden con CapEfecNeta, DispoReal y DispoCome y la descripcion oficial corresponde a potencia neta.",23.0
2026-06-05,Recurso,PPA1,,Hour10,23000.0,kWh,kW,True,"La magnitud y comportamiento horario coinciden con CapEfecNeta, DispoReal y DispoCome y la descripcion oficial corresponde a potencia neta.",23.0
2026-06-05,Recurso,PPA1,,Hour11,23000.0,kWh,kW,True,"La magnitud y comportamiento horario coinciden con CapEfecNeta, DispoReal y DispoCome y la descripcion oficial corresponde a potencia neta.",23.0
2026-06-05,Recurso,PPA1,,Hour12,23000.0,kWh,kW,True,"La magnitud y comportamiento horario coinciden con CapEfecNeta, DispoReal y DispoCome y la descripcion oficial corresponde a potencia neta.",23.0
2026-06-05,Recurso,PPA1,,Hour13,23000.0,kWh,kW,True,"La magnitud y comportamiento horario coinciden con CapEfecNeta, DispoReal y DispoCome y la descripcion oficial corresponde a potencia neta.",23.0
2026-06-05,Recurso,PPA1,,Hour14,23000.0,kWh,kW,True,"La magnitud y comportamiento horario coinciden con CapEfecNeta, DispoReal y DispoCome y la descripcion oficial corresponde a potencia neta.",23.0
2026-06-05,Recurso,PPA1,,Hour15,23000.0,kWh,kW,True,"La magnitud y comportamiento horario coinciden con CapEfecNeta, DispoReal y DispoCome y la descripcion oficial corresponde a potencia neta.",23.0
2026-06-05,Recurso,PPA1,,Hour16,23000.0,kWh,kW,True,"La magnitud y comportamiento horario coinciden con CapEfecNeta, DispoReal y DispoCome y la descripcion oficial corresponde a potencia neta.",23.0
2026-06-05,Recurso,PPA1,,Hour17,23000.0,kWh,kW,True,"La magnitud y comportamiento horario coinciden con CapEfecNeta, DispoReal y DispoCome y la descripcion oficial corresponde a potencia neta.",23.0
2026-06-05,Recurso,PPA1,,Hour18,23000.0,kWh,kW,True,"La magnitud y comportamiento horario coinciden con CapEfecNeta, DispoReal y DispoCome y la descripcion oficial corresponde a potencia neta.",23.0
2026-06-05,Recurso,PPA1,,Hour19,23000.0,kWh,kW,True,"La magnitud y comportamiento horario coinciden con CapEfecNeta, DispoReal y DispoCome y la descripcion oficial corresponde a potencia neta.",23.0
2026-06-05,Recurso,PPA1,,Hour20,23000.0,kWh,kW,True,"La magnitud y comportamiento horario coinciden con CapEfecNeta, DispoReal y DispoCome y la descripcion oficial corresponde a potencia neta.",23.0
2026-06-05,Recurso,PPA1,,Hour21,23000.0,kWh,kW,True,"La magnitud y comportamiento horario coinciden con CapEfecNeta, DispoReal y DispoCome y la descripcion oficial corresponde a potencia neta.",23.0
2026-06-05,Recurso,PPA1,,Hour22,23000.0,kWh,kW,True,"La magnitud y comportamiento horario coinciden con CapEfecNeta, DispoReal y DispoCome y la descripcion oficial corresponde a potencia neta.",23.0
2026-06-05,Recurso,PPA1,,Hour23,23000.0,kWh,kW,True,"La magnitud y comportamiento horario coinciden con CapEfecNeta, DispoReal y DispoCome y la descripcion oficial corresponde a potencia neta.",23.0
2026-06-05,Recurso,PPA1,,Hour24,23000.0,kWh,kW,True,"La magnitud y comportamiento horario coinciden con CapEfecNeta, DispoReal y DispoCome y la descripcion oficial corresponde a potencia neta.",23.0
2026-06-06,Recurso,HMIN,,Hour01,55000.0,kWh,kW,True,"La magnitud y comportamiento horario coinciden con CapEfecNeta, DispoReal y DispoCome y la descripcion oficial corresponde a potencia neta.",55.0
2026-06-06,Recurso,HMIN,,Hour02,55000.0,kWh,kW,True,"La magnitud y comportamiento horario coinciden con CapEfecNeta, DispoReal y DispoCome y la descripcion oficial corresponde a potencia neta.",55.0
2026-06-06,Recurso,HMIN,,Hour03,55000.0,kWh,kW,True,"La magnitud y comportamiento horario coinciden con CapEfecNeta, DispoReal y DispoCome y la descripcion oficial corresponde a potencia neta.",55.0
2026-06-06,Recurso,HMIN,,Hour04,55000.0,kWh,kW,True,"La magnitud y comportamiento horario coinciden con CapEfecNeta, DispoReal y DispoCome y la descripcion oficial corresponde a potencia neta.",55.0
2026-06-06,Recurso,HMIN,,Hour05,55000.0,kWh,kW,True,"La magnitud y comportamiento horario coinciden con CapEfecNeta, DispoReal y DispoCome y la descripcion oficial corresponde a potencia neta.",55.0
2026-06-06,Recurso,HMIN,,Hour06,55000.0,kWh,kW,True,"La magnitud y comportamiento horario coinciden con CapEfecNeta, DispoReal y DispoCome y la descripcion oficial corresponde a potencia neta.",55.0
2026-06-06,Recurso,HMIN,,Hour07,55000.0,kWh,kW,True,"La magnitud y comportamiento horario coinciden con CapEfecNeta, DispoReal y DispoCome y la descripcion oficial corresponde a potencia neta.",55.0
2026-06-06,Recurso,HMIN,,Hour08,55000.0,kWh,kW,True,"La magnitud y comportamiento horario coinciden con CapEfecNeta, DispoReal y DispoCome y la descripcion oficial corresponde a potencia neta.",55.0
2026-06-06,Recurso,HMIN,,Hour09,55000.0,kWh,kW,True,"La magnitud y comportamiento horario coinciden con CapEfecNeta, DispoReal y DispoCome y la descripcion oficial corresponde a potencia neta.",55.0
2026-06-06,Recurso,HMIN,,Hour10,55000.0,kWh,kW,True,"La magnitud y comportamiento horario coinciden con CapEfecNeta, DispoReal y DispoCome y la descripcion oficial corresponde a potencia neta.",55.0
2026-06-06,Recurso,HMIN,,Hour11,55000.0,kWh,kW,True,"La magnitud y comportamiento horario coinciden con CapEfecNeta, DispoReal y DispoCome y la descripcion oficial corresponde a potencia neta.",55.0
2026-06-06,Recurso,HMIN,,Hour12,55000.0,kWh,kW,True,"La magnitud y comportamiento horario coinciden con CapEfecNeta, DispoReal y DispoCome y la descripcion oficial corresponde a potencia neta.",55.0
2026-06-06,Recurso,HMIN,,Hour13,55000.0,kWh,kW,True,"La magnitud y comportamiento horario coinciden con CapEfecNeta, DispoReal y DispoCome y la descripcion oficial corresponde a potencia neta.",55.0
2026-06-06,Recurso,HMIN,,Hour14,55000.0,kWh,kW,True,"La magnitud y comportamiento horario coinciden con CapEfecNeta, DispoReal y DispoCome y la descripcion oficial corresponde a potencia neta.",55.0
2026-06-06,Recurso,HMIN,,Hour15,55000.0,kWh,kW,True,"La magnitud y comportamiento horario coinciden con CapEfecNeta, DispoReal y DispoCome y la descripcion oficial corresponde a potencia neta.",55.0
2026-06-06,Recurso,HMIN,,Hour16,55000.0,kWh,kW,True,"La magnitud y comportamiento horario coinciden con CapEfecNeta, DispoReal y DispoCome y la descripcion oficial corresponde a potencia neta.",55.0
2026-06-06,Recurso,HMIN,,Hour17,55000.0,kWh,kW,True,"La magnitud y comportamiento horario coinciden con CapEfecNeta, DispoReal y DispoCome y la descripcion oficial corresponde a potencia neta.",55.0
2026-06-06,Recurso,HMIN,,Hour18,55000.0,kWh,kW,True,"La magnitud y comportamiento horario coinciden con CapEfecNeta, DispoReal y DispoCome y la descripcion oficial corresponde a potencia neta.",55.0
2026-06-06,Recurso,HMIN,,Hour19,55000.0,kWh,kW,True,"La magnitud y comportamiento horario coinciden con CapEfecNeta, DispoReal y DispoCome y la descripcion oficial corresponde a potencia neta.",55.0
2026-06-06,Recurso,HMIN,,Hour20,55000.0,kWh,kW,True,"La magnitud y comportamiento horario coinciden con CapEfecNeta, DispoReal y DispoCome y la descripcion oficial corresponde a potencia neta.",55.0
2026-06-06,Recurso,HMIN,,Hour21,55000.0,kWh,kW,True,"La magnitud y comportamiento horario coinciden con CapEfecNeta, DispoReal y DispoCome y la descripcion oficial corresponde a potencia neta.",55.0
2026-06-06,Recurso,HMIN,,Hour22,55000.0,kWh,kW,True,"La magnitud y comportamiento horario coinciden con CapEfecNeta, DispoReal y DispoCome y la descripcion oficial corresponde a potencia neta.",55.0
2026-06-06,Recurso,HMIN,,Hour23,55000.0,kWh,kW,True,"La magnitud y comportamiento horario coinciden con CapEfecNeta, DispoReal y DispoCome y la descripcion oficial corresponde a potencia neta.",55.0
2026-06-06,Recurso,HMIN,,Hour24,55000.0,kWh,kW,True,"La magnitud y comportamiento horario coinciden con CapEfecNeta, DispoReal y DispoCome y la descripcion oficial corresponde a potencia neta.",55.0
2026-06-06,Recurso,HMLG,,Hour01,390000.0,kWh,kW,True,"La magnitud y comportamiento horario coinciden con CapEfecNeta, DispoReal y DispoCome y la descripcion oficial corresponde a potencia neta.",390.0
2026-06-06,Recurso,HMLG,,Hour02,390000.0,kWh,kW,True,"La magnitud y comportamiento horario coinciden con CapEfecNeta, DispoReal y DispoCome y la descripcion oficial corresponde a potencia neta.",390.0
2026-06-06,Recurso,HMLG,,Hour03,390000.0,kWh,kW,True,"La magnitud y comportamiento horario coinciden con CapEfecNeta, DispoReal y DispoCome y la descripcion oficial corresponde a potencia neta.",390.0
2026-06-06,Recurso,HMLG,,Hour04,390000.0,kWh,kW,True,"La magnitud y comportamiento horario coinciden con CapEfecNeta, DispoReal y DispoCome y la descripcion oficial corresponde a potencia neta.",390.0
2026-06-06,Recurso,HMLG,,Hour05,390000.0,kWh,kW,True,"La magnitud y comportamiento horario coinciden con CapEfecNeta, DispoReal y DispoCome y la descripcion oficial corresponde a potencia neta.",390.0
2026-06-06,Recurso,HMLG,,Hour06,390000.0,kWh,kW,True,"La magnitud y comportamiento horario coinciden con CapEfecNeta, DispoReal y DispoCome y la descripcion oficial corresponde a potencia neta.",390.0
2026-06-06,Recurso,HMLG,,Hour07,390000.0,kWh,kW,True,"La magnitud y comportamiento horario coinciden con CapEfecNeta, DispoReal y DispoCome y la descripcion oficial corresponde a potencia neta.",390.0
2026-06-06,Recurso,HMLG,,Hour08,390000.0,kWh,kW,True,"La magnitud y comportamiento horario coinciden con CapEfecNeta, DispoReal y DispoCome y la descripcion oficial corresponde a potencia neta.",390.0
2026-06-06,Recurso,HMLG,,Hour09,390000.0,kWh,kW,True,"La magnitud y comportamiento horario coinciden con CapEfecNeta, DispoReal y DispoCome y la descripcion oficial corresponde a potencia neta.",390.0
2026-06-06,Recurso,HMLG,,Hour10,390000.0,kWh,kW,True,"La magnitud y comportamiento horario coinciden con CapEfecNeta, DispoReal y DispoCome y la descripcion oficial corresponde a potencia neta.",390.0
2026-06-06,Recurso,HMLG,,Hour11,390000.0,kWh,kW,True,"La magnitud y comportamiento horario coinciden con CapEfecNeta, DispoReal y DispoCome y la descripcion oficial corresponde a potencia neta.",390.0
2026-06-06,Recurso,HMLG,,Hour12,390000.0,kWh,kW,True,"La magnitud y comportamiento horario coinciden con CapEfecNeta, DispoReal y DispoCome y la descripcion oficial corresponde a potencia neta.",390.0
2026-06-06,Recurso,HMLG,,Hour13,390000.0,kWh,kW,True,"La magnitud y comportamiento horario coinciden con CapEfecNeta, DispoReal y DispoCome y la descripcion oficial corresponde a potencia neta.",390.0
2026-06-06,Recurso,HMLG,,Hour14,390000.0,kWh,kW,True,"La magnitud y comportamiento horario coinciden con CapEfecNeta, DispoReal y DispoCome y la descripcion oficial corresponde a potencia neta.",390.0
2026-06-06,Recurso,HMLG,,Hour15,390000.0,kWh,kW,True,"La magnitud y comportamiento horario coinciden con CapEfecNeta, DispoReal y DispoCome y la descripcion oficial corresponde a potencia neta.",390.0
2026-06-06,Recurso,HMLG,,Hour16,390000.0,kWh,kW,True,"La magnitud y comportamiento horario coinciden con CapEfecNeta, DispoReal y DispoCome y la descripcion oficial corresponde a potencia neta.",390.0
2026-06-06,Recurso,HMLG,,Hour17,390000.0,kWh,kW,True,"La magnitud y comportamiento horario coinciden con CapEfecNeta, DispoReal y DispoCome y la descripcion oficial corresponde a potencia neta.",390.0
2026-06-06,Recurso,HMLG,,Hour18,390000.0,kWh,kW,True,"La magnitud y comportamiento horario coinciden con CapEfecNeta, DispoReal y DispoCome y la descripcion oficial corresponde a potencia neta.",390.0
2026-06-06,Recurso,HMLG,,Hour19,390000.0,kWh,kW,True,"La magnitud y comportamiento horario coinciden con CapEfecNeta, DispoReal y DispoCome y la descripcion oficial corresponde a potencia neta.",390.0
2026-06-06,Recurso,HMLG,,Hour20,390000.0,kWh,kW,True,"La magnitud y comportamiento horario coinciden con CapEfecNeta, DispoReal y DispoCome y la descripcion oficial corresponde a potencia neta.",390.0
2026-06-06,Recurso,HMLG,,Hour21,390000.0,kWh,kW,True,"La magnitud y comportamiento horario coinciden con CapEfecNeta, DispoReal y DispoCome y la descripcion oficial corresponde a potencia neta.",390.0
2026-06-06,Recurso,HMLG,,Hour22,390000.0,kWh,kW,True,"La magnitud y comportamiento horario coinciden con CapEfecNeta, DispoReal y DispoCome y la descripcion oficial corresponde a potencia neta.",390.0
2026-06-06,Recurso,HMLG,,Hour23,390000.0,kWh,kW,True,"La magnitud y comportamiento horario coinciden con CapEfecNeta, DispoReal y DispoCome y la descripcion oficial corresponde a potencia neta.",390.0
2026-06-06,Recurso,HMLG,,Hour24,390000.0,kWh,kW,True,"La magnitud y comportamiento horario coinciden con CapEfecNeta, DispoReal y DispoCome y la descripcion oficial corresponde a potencia neta.",390.0
2026-06-06,Recurso,JAGS,,Hour01,170000.0,kWh,kW,True,"La magnitud y comportamiento horario coinciden con CapEfecNeta, DispoReal y DispoCome y la descripcion oficial corresponde a potencia neta.",170.0
2026-06-06,Recurso,JAGS,,Hour02,170000.0,kWh,kW,True,"La magnitud y comportamiento horario coinciden con CapEfecNeta, DispoReal y DispoCome y la descripcion oficial corresponde a potencia neta.",170.0
2026-06-06,Recurso,JAGS,,Hour03,170000.0,kWh,kW,True,"La magnitud y comportamiento horario coinciden con CapEfecNeta, DispoReal y DispoCome y la descripcion oficial corresponde a potencia neta.",170.0
2026-06-06,Recurso,JAGS,,Hour04,170000.0,kWh,kW,True,"La magnitud y comportamiento horario coinciden con CapEfecNeta, DispoReal y DispoCome y la descripcion oficial corresponde a potencia neta.",170.0
2026-06-06,Recurso,JAGS,,Hour05,170000.0,kWh,kW,True,"La magnitud y comportamiento horario coinciden con CapEfecNeta, DispoReal y DispoCome y la descripcion oficial corresponde a potencia neta.",170.0
2026-06-06,Recurso,JAGS,,Hour06,170000.0,kWh,kW,True,"La magnitud y comportamiento horario coinciden con CapEfecNeta, DispoReal y DispoCome y la descripcion oficial corresponde a potencia neta.",170.0
2026-06-06,Recurso,JAGS,,Hour07,170000.0,kWh,kW,True,"La magnitud y comportamiento horario coinciden con CapEfecNeta, DispoReal y DispoCome y la descripcion oficial corresponde a potencia neta.",170.0
2026-06-06,Recurso,JAGS,,Hour08,170000.0,kWh,kW,True,"La magnitud y comportamiento horario coinciden con CapEfecNeta, DispoReal y DispoCome y la descripcion oficial corresponde a potencia neta.",170.0
2026-06-06,Recurso,JAGS,,Hour09,170000.0,kWh,kW,True,"La magnitud y comportamiento horario coinciden con CapEfecNeta, DispoReal y DispoCome y la descripcion oficial corresponde a potencia neta.",170.0
2026-06-06,Recurso,JAGS,,Hour10,170000.0,kWh,kW,True,"La magnitud y comportamiento horario coinciden con CapEfecNeta, DispoReal y DispoCome y la descripcion oficial corresponde a potencia neta.",170.0
2026-06-06,Recurso,JAGS,,Hour11,170000.0,kWh,kW,True,"La magnitud y comportamiento horario coinciden con CapEfecNeta, DispoReal y DispoCome y la descripcion oficial corresponde a potencia neta.",170.0
2026-06-06,Recurso,JAGS,,Hour12,170000.0,kWh,kW,True,"La magnitud y comportamiento horario coinciden con CapEfecNeta, DispoReal y DispoCome y la descripcion oficial corresponde a potencia neta.",170.0
2026-06-06,Recurso,JAGS,,Hour13,170000.0,kWh,kW,True,"La magnitud y comportamiento horario coinciden con CapEfecNeta, DispoReal y DispoCome y la descripcion oficial corresponde a potencia neta.",170.0
2026-06-06,Recurso,JAGS,,Hour14,170000.0,kWh,kW,True,"La magnitud y comportamiento horario coinciden con CapEfecNeta, DispoReal y DispoCome y la descripcion oficial corresponde a potencia neta.",170.0
2026-06-06,Recurso,JAGS,,Hour15,170000.0,kWh,kW,True,"La magnitud y comportamiento horario coinciden con CapEfecNeta, DispoReal y DispoCome y la descripcion oficial corresponde a potencia neta.",170.0
2026-06-06,Recurso,JAGS,,Hour16,170000.0,kWh,kW,True,"La magnitud y comportamiento horario coinciden con CapEfecNeta, DispoReal y DispoCome y la descripcion oficial corresponde a potencia neta.",170.0
2026-06-06,Recurso,JAGS,,Hour17,170000.0,kWh,kW,True,"La magnitud y comportamiento horario coinciden con CapEfecNeta, DispoReal y DispoCome y la descripcion oficial corresponde a potencia neta.",170.0
2026-06-06,Recurso,JAGS,,Hour18,170000.0,kWh,kW,True,"La magnitud y comportamiento horario coinciden con CapEfecNeta, DispoReal y DispoCome y la descripcion oficial corresponde a potencia neta.",170.0
2026-06-06,Recurso,JAGS,,Hour19,170000.0,kWh,kW,True,"La magnitud y comportamiento horario coinciden con CapEfecNeta, DispoReal y DispoCome y la descripcion oficial corresponde a potencia neta.",170.0
2026-06-06,Recurso,JAGS,,Hour20,170000.0,kWh,kW,True,"La magnitud y comportamiento horario coinciden con CapEfecNeta, DispoReal y DispoCome y la descripcion oficial corresponde a potencia neta.",170.0
2026-06-06,Recurso,JAGS,,Hour21,170000.0,kWh,kW,True,"La magnitud y comportamiento horario coinciden con CapEfecNeta, DispoReal y DispoCome y la descripcion oficial corresponde a potencia neta.",170.0
2026-06-06,Recurso,JAGS,,Hour22,170000.0,kWh,kW,True,"La magnitud y comportamiento horario coinciden con CapEfecNeta, DispoReal y DispoCome y la descripcion oficial corresponde a potencia neta.",170.0
2026-06-06,Recurso,JAGS,,Hour23,170000.0,kWh,kW,True,"La magnitud y comportamiento horario coinciden con CapEfecNeta, DispoReal y DispoCome y la descripcion oficial corresponde a potencia neta.",170.0
2026-06-06,Recurso,JAGS,,Hour24,170000.0,kWh,kW,True,"La magnitud y comportamiento horario coinciden con CapEfecNeta, DispoReal y DispoCome y la descripcion oficial corresponde a potencia neta.",170.0
2026-06-06,Recurso,LTSJ,,Hour01,306000.0,kWh,kW,True,"La magnitud y comportamiento horario coinciden con CapEfecNeta, DispoReal y DispoCome y la descripcion oficial corresponde a potencia neta.",306.0
2026-06-06,Recurso,LTSJ,,Hour02,306000.0,kWh,kW,True,"La magnitud y comportamiento horario coinciden con CapEfecNeta, DispoReal y DispoCome y la descripcion oficial corresponde a potencia neta.",306.0
2026-06-06,Recurso,LTSJ,,Hour03,306000.0,kWh,kW,True,"La magnitud y comportamiento horario coinciden con CapEfecNeta, DispoReal y DispoCome y la descripcion oficial corresponde a potencia neta.",306.0
2026-06-06,Recurso,LTSJ,,Hour04,306000.0,kWh,kW,True,"La magnitud y comportamiento horario coinciden con CapEfecNeta, DispoReal y DispoCome y la descripcion oficial corresponde a potencia neta.",306.0
2026-06-06,Recurso,LTSJ,,Hour05,306000.0,kWh,kW,True,"La magnitud y comportamiento horario coinciden con CapEfecNeta, DispoReal y DispoCome y la descripcion oficial corresponde a potencia neta.",306.0
2026-06-06,Recurso,LTSJ,,Hour06,306000.0,kWh,kW,True,"La magnitud y comportamiento horario coinciden con CapEfecNeta, DispoReal y DispoCome y la descripcion oficial corresponde a potencia neta.",306.0
2026-06-06,Recurso,LTSJ,,Hour07,306000.0,kWh,kW,True,"La magnitud y comportamiento horario coinciden con CapEfecNeta, DispoReal y DispoCome y la descripcion oficial corresponde a potencia neta.",306.0
2026-06-06,Recurso,LTSJ,,Hour08,306000.0,kWh,kW,True,"La magnitud y comportamiento horario coinciden con CapEfecNeta, DispoReal y DispoCome y la descripcion oficial corresponde a potencia neta.",306.0
2026-06-06,Recurso,LTSJ,,Hour09,306000.0,kWh,kW,True,"La magnitud y comportamiento horario coinciden con CapEfecNeta, DispoReal y DispoCome y la descripcion oficial corresponde a potencia neta.",306.0
2026-06-06,Recurso,LTSJ,,Hour10,306000.0,kWh,kW,True,"La magnitud y comportamiento horario coinciden con CapEfecNeta, DispoReal y DispoCome y la descripcion oficial corresponde a potencia neta.",306.0
2026-06-06,Recurso,LTSJ,,Hour11,306000.0,kWh,kW,True,"La magnitud y comportamiento horario coinciden con CapEfecNeta, DispoReal y DispoCome y la descripcion oficial corresponde a potencia neta.",306.0
2026-06-06,Recurso,LTSJ,,Hour12,306000.0,kWh,kW,True,"La magnitud y comportamiento horario coinciden con CapEfecNeta, DispoReal y DispoCome y la descripcion oficial corresponde a potencia neta.",306.0
2026-06-06,Recurso,LTSJ,,Hour13,306000.0,kWh,kW,True,"La magnitud y comportamiento horario coinciden con CapEfecNeta, DispoReal y DispoCome y la descripcion oficial corresponde a potencia neta.",306.0
2026-06-06,Recurso,LTSJ,,Hour14,306000.0,kWh,kW,True,"La magnitud y comportamiento horario coinciden con CapEfecNeta, DispoReal y DispoCome y la descripcion oficial corresponde a potencia neta.",306.0
2026-06-06,Recurso,LTSJ,,Hour15,306000.0,kWh,kW,True,"La magnitud y comportamiento horario coinciden con CapEfecNeta, DispoReal y DispoCome y la descripcion oficial corresponde a potencia neta.",306.0
2026-06-06,Recurso,LTSJ,,Hour16,306000.0,kWh,kW,True,"La magnitud y comportamiento horario coinciden con CapEfecNeta, DispoReal y DispoCome y la descripcion oficial corresponde a potencia neta.",306.0
2026-06-06,Recurso,LTSJ,,Hour17,306000.0,kWh,kW,True,"La magnitud y comportamiento horario coinciden con CapEfecNeta, DispoReal y DispoCome y la descripcion oficial corresponde a potencia neta.",306.0
2026-06-06,Recurso,LTSJ,,Hour18,306000.0,kWh,kW,True,"La magnitud y comportamiento horario coinciden con CapEfecNeta, DispoReal y DispoCome y la descripcion oficial corresponde a potencia neta.",306.0
2026-06-06,Recurso,LTSJ,,Hour19,306000.0,kWh,kW,True,"La magnitud y comportamiento horario coinciden con CapEfecNeta, DispoReal y DispoCome y la descripcion oficial corresponde a potencia neta.",306.0
2026-06-06,Recurso,LTSJ,,Hour20,306000.0,kWh,kW,True,"La magnitud y comportamiento horario coinciden con CapEfecNeta, DispoReal y DispoCome y la descripcion oficial corresponde a potencia neta.",306.0
2026-06-06,Recurso,LTSJ,,Hour21,306000.0,kWh,kW,True,"La magnitud y comportamiento horario coinciden con CapEfecNeta, DispoReal y DispoCome y la descripcion oficial corresponde a potencia neta.",306.0
2026-06-06,Recurso,LTSJ,,Hour22,306000.0,kWh,kW,True,"La magnitud y comportamiento horario coinciden con CapEfecNeta, DispoReal y DispoCome y la descripcion oficial corresponde a potencia neta.",306.0
2026-06-06,Recurso,LTSJ,,Hour23,306000.0,kWh,kW,True,"La magnitud y comportamiento horario coinciden con CapEfecNeta, DispoReal y DispoCome y la descripcion oficial corresponde a potencia neta.",306.0
2026-06-06,Recurso,LTSJ,,Hour24,306000.0,kWh,kW,True,"La magnitud y comportamiento horario coinciden con CapEfecNeta, DispoReal y DispoCome y la descripcion oficial corresponde a potencia neta.",306.0
2026-06-06,Recurso,MOY1,,Hour01,75000.0,kWh,kW,True,"La magnitud y comportamiento horario coinciden con CapEfecNeta, DispoReal y DispoCome y la descripcion oficial corresponde a potencia neta.",75.0
2026-06-06,Recurso,MOY1,,Hour02,75000.0,kWh,kW,True,"La magnitud y comportamiento horario coinciden con CapEfecNeta, DispoReal y DispoCome y la descripcion oficial corresponde a potencia neta.",75.0
2026-06-06,Recurso,MOY1,,Hour03,75000.0,kWh,kW,True,"La magnitud y comportamiento horario coinciden con CapEfecNeta, DispoReal y DispoCome y la descripcion oficial corresponde a potencia neta.",75.0
2026-06-06,Recurso,MOY1,,Hour04,75000.0,kWh,kW,True,"La magnitud y comportamiento horario coinciden con CapEfecNeta, DispoReal y DispoCome y la descripcion oficial corresponde a potencia neta.",75.0
2026-06-06,Recurso,MOY1,,Hour05,75000.0,kWh,kW,True,"La magnitud y comportamiento horario coinciden con CapEfecNeta, DispoReal y DispoCome y la descripcion oficial corresponde a potencia neta.",75.0
2026-06-06,Recurso,MOY1,,Hour06,75000.0,kWh,kW,True,"La magnitud y comportamiento horario coinciden con CapEfecNeta, DispoReal y DispoCome y la descripcion oficial corresponde a potencia neta.",75.0
2026-06-06,Recurso,MOY1,,Hour07,75000.0,kWh,kW,True,"La magnitud y comportamiento horario coinciden con CapEfecNeta, DispoReal y DispoCome y la descripcion oficial corresponde a potencia neta.",75.0
2026-06-06,Recurso,MOY1,,Hour08,75000.0,kWh,kW,True,"La magnitud y comportamiento horario coinciden con CapEfecNeta, DispoReal y DispoCome y la descripcion oficial corresponde a potencia neta.",75.0
2026-06-06,Recurso,MOY1,,Hour09,75000.0,kWh,kW,True,"La magnitud y comportamiento horario coinciden con CapEfecNeta, DispoReal y DispoCome y la descripcion oficial corresponde a potencia neta.",75.0
2026-06-06,Recurso,MOY1,,Hour10,75000.0,kWh,kW,True,"La magnitud y comportamiento horario coinciden con CapEfecNeta, DispoReal y DispoCome y la descripcion oficial corresponde a potencia neta.",75.0
2026-06-06,Recurso,MOY1,,Hour11,75000.0,kWh,kW,True,"La magnitud y comportamiento horario coinciden con CapEfecNeta, DispoReal y DispoCome y la descripcion oficial corresponde a potencia neta.",75.0
2026-06-06,Recurso,MOY1,,Hour12,75000.0,kWh,kW,True,"La magnitud y comportamiento horario coinciden con CapEfecNeta, DispoReal y DispoCome y la descripcion oficial corresponde a potencia neta.",75.0
2026-06-06,Recurso,MOY1,,Hour13,75000.0,kWh,kW,True,"La magnitud y comportamiento horario coinciden con CapEfecNeta, DispoReal y DispoCome y la descripcion oficial corresponde a potencia neta.",75.0
2026-06-06,Recurso,MOY1,,Hour14,75000.0,kWh,kW,True,"La magnitud y comportamiento horario coinciden con CapEfecNeta, DispoReal y DispoCome y la descripcion oficial corresponde a potencia neta.",75.0
2026-06-06,Recurso,MOY1,,Hour15,75000.0,kWh,kW,True,"La magnitud y comportamiento horario coinciden con CapEfecNeta, DispoReal y DispoCome y la descripcion oficial corresponde a potencia neta.",75.0
2026-06-06,Recurso,MOY1,,Hour16,75000.0,kWh,kW,True,"La magnitud y comportamiento horario coinciden con CapEfecNeta, DispoReal y DispoCome y la descripcion oficial corresponde a potencia neta.",75.0
2026-06-06,Recurso,MOY1,,Hour17,75000.0,kWh,kW,True,"La magnitud y comportamiento horario coinciden con CapEfecNeta, DispoReal y DispoCome y la descripcion oficial corresponde a potencia neta.",75.0
2026-06-06,Recurso,MOY1,,Hour18,75000.0,kWh,kW,True,"La magnitud y comportamiento horario coinciden con CapEfecNeta, DispoReal y DispoCome y la descripcion oficial corresponde a potencia neta.",75.0
2026-06-06,Recurso,MOY1,,Hour19,75000.0,kWh,kW,True,"La magnitud y comportamiento horario coinciden con CapEfecNeta, DispoReal y DispoCome y la descripcion oficial corresponde a potencia neta.",75.0
2026-06-06,Recurso,MOY1,,Hour20,75000.0,kWh,kW,True,"La magnitud y comportamiento horario coinciden con CapEfecNeta, DispoReal y DispoCome y la descripcion oficial corresponde a potencia neta.",75.0
2026-06-06,Recurso,MOY1,,Hour21,75000.0,kWh,kW,True,"La magnitud y comportamiento horario coinciden con CapEfecNeta, DispoReal y DispoCome y la descripcion oficial corresponde a potencia neta.",75.0
2026-06-06,Recurso,MOY1,,Hour22,75000.0,kWh,kW,True,"La magnitud y comportamiento horario coinciden con CapEfecNeta, DispoReal y DispoCome y la descripcion oficial corresponde a potencia neta.",75.0
2026-06-06,Recurso,MOY1,,Hour23,75000.0,kWh,kW,True,"La magnitud y comportamiento horario coinciden con CapEfecNeta, DispoReal y DispoCome y la descripcion oficial corresponde a potencia neta.",75.0
2026-06-06,Recurso,MOY1,,Hour24,75000.0,kWh,kW,True,"La magnitud y comportamiento horario coinciden con CapEfecNeta, DispoReal y DispoCome y la descripcion oficial corresponde a potencia neta.",75.0
2026-06-06,Recurso,MRL1,,Hour01,164000.0,kWh,kW,True,"La magnitud y comportamiento horario coinciden con CapEfecNeta, DispoReal y DispoCome y la descripcion oficial corresponde a potencia neta.",164.0
2026-06-06,Recurso,MRL1,,Hour02,164000.0,kWh,kW,True,"La magnitud y comportamiento horario coinciden con CapEfecNeta, DispoReal y DispoCome y la descripcion oficial corresponde a potencia neta.",164.0
2026-06-06,Recurso,MRL1,,Hour03,164000.0,kWh,kW,True,"La magnitud y comportamiento horario coinciden con CapEfecNeta, DispoReal y DispoCome y la descripcion oficial corresponde a potencia neta.",164.0
2026-06-06,Recurso,MRL1,,Hour04,164000.0,kWh,kW,True,"La magnitud y comportamiento horario coinciden con CapEfecNeta, DispoReal y DispoCome y la descripcion oficial corresponde a potencia neta.",164.0
2026-06-06,Recurso,MRL1,,Hour05,164000.0,kWh,kW,True,"La magnitud y comportamiento horario coinciden con CapEfecNeta, DispoReal y DispoCome y la descripcion oficial corresponde a potencia neta.",164.0
2026-06-06,Recurso,MRL1,,Hour06,164000.0,kWh,kW,True,"La magnitud y comportamiento horario coinciden con CapEfecNeta, DispoReal y DispoCome y la descripcion oficial corresponde a potencia neta.",164.0
2026-06-06,Recurso,MRL1,,Hour07,164000.0,kWh,kW,True,"La magnitud y comportamiento horario coinciden con CapEfecNeta, DispoReal y DispoCome y la descripcion oficial corresponde a potencia neta.",164.0
2026-06-06,Recurso,MRL1,,Hour08,164000.0,kWh,kW,True,"La magnitud y comportamiento horario coinciden con CapEfecNeta, DispoReal y DispoCome y la descripcion oficial corresponde a potencia neta.",164.0
2026-06-06,Recurso,MRL1,,Hour09,164000.0,kWh,kW,True,"La magnitud y comportamiento horario coinciden con CapEfecNeta, DispoReal y DispoCome y la descripcion oficial corresponde a potencia neta.",164.0
2026-06-06,Recurso,MRL1,,Hour10,164000.0,kWh,kW,True,"La magnitud y comportamiento horario coinciden con CapEfecNeta, DispoReal y DispoCome y la descripcion oficial corresponde a potencia neta.",164.0
2026-06-06,Recurso,MRL1,,Hour11,164000.0,kWh,kW,True,"La magnitud y comportamiento horario coinciden con CapEfecNeta, DispoReal y DispoCome y la descripcion oficial corresponde a potencia neta.",164.0
2026-06-06,Recurso,MRL1,,Hour12,164000.0,kWh,kW,True,"La magnitud y comportamiento horario coinciden con CapEfecNeta, DispoReal y DispoCome y la descripcion oficial corresponde a potencia neta.",164.0
2026-06-06,Recurso,MRL1,,Hour13,164000.0,kWh,kW,True,"La magnitud y comportamiento horario coinciden con CapEfecNeta, DispoReal y DispoCome y la descripcion oficial corresponde a potencia neta.",164.0
2026-06-06,Recurso,MRL1,,Hour14,164000.0,kWh,kW,True,"La magnitud y comportamiento horario coinciden con CapEfecNeta, DispoReal y DispoCome y la descripcion oficial corresponde a potencia neta.",164.0
2026-06-06,Recurso,MRL1,,Hour15,164000.0,kWh,kW,True,"La magnitud y comportamiento horario coinciden con CapEfecNeta, DispoReal y DispoCome y la descripcion oficial corresponde a potencia neta.",164.0
2026-06-06,Recurso,MRL1,,Hour16,164000.0,kWh,kW,True,"La magnitud y comportamiento horario coinciden con CapEfecNeta, DispoReal y DispoCome y la descripcion oficial corresponde a potencia neta.",164.0
2026-06-06,Recurso,MRL1,,Hour17,164000.0,kWh,kW,True,"La magnitud y comportamiento horario coinciden con CapEfecNeta, DispoReal y DispoCome y la descripcion oficial corresponde a potencia neta.",164.0
2026-06-06,Recurso,MRL1,,Hour18,164000.0,kWh,kW,True,"La magnitud y comportamiento horario coinciden con CapEfecNeta, DispoReal y DispoCome y la descripcion oficial corresponde a potencia neta.",164.0
2026-06-06,Recurso,MRL1,,Hour19,164000.0,kWh,kW,True,"La magnitud y comportamiento horario coinciden con CapEfecNeta, DispoReal y DispoCome y la descripcion oficial corresponde a potencia neta.",164.0
2026-06-06,Recurso,MRL1,,Hour20,164000.0,kWh,kW,True,"La magnitud y comportamiento horario coinciden con CapEfecNeta, DispoReal y DispoCome y la descripcion oficial corresponde a potencia neta.",164.0
2026-06-06,Recurso,MRL1,,Hour21,164000.0,kWh,kW,True,"La magnitud y comportamiento horario coinciden con CapEfecNeta, DispoReal y DispoCome y la descripcion oficial corresponde a potencia neta.",164.0
2026-06-06,Recurso,MRL1,,Hour22,164000.0,kWh,kW,True,"La magnitud y comportamiento horario coinciden con CapEfecNeta, DispoReal y DispoCome y la descripcion oficial corresponde a potencia neta.",164.0
2026-06-06,Recurso,MRL1,,Hour23,164000.0,kWh,kW,True,"La magnitud y comportamiento horario coinciden con CapEfecNeta, DispoReal y DispoCome y la descripcion oficial corresponde a potencia neta.",164.0
2026-06-06,Recurso,MRL1,,Hour24,164000.0,kWh,kW,True,"La magnitud y comportamiento horario coinciden con CapEfecNeta, DispoReal y DispoCome y la descripcion oficial corresponde a potencia neta.",164.0
2026-06-06,Recurso,PES1,,Hour01,1200000.0,kWh,kW,True,"La magnitud y comportamiento horario coinciden con CapEfecNeta, DispoReal y DispoCome y la descripcion oficial corresponde a potencia neta.",1200.0
2026-06-06,Recurso,PES1,,Hour02,1200000.0,kWh,kW,True,"La magnitud y comportamiento horario coinciden con CapEfecNeta, DispoReal y DispoCome y la descripcion oficial corresponde a potencia neta.",1200.0
2026-06-06,Recurso,PES1,,Hour03,1200000.0,kWh,kW,True,"La magnitud y comportamiento horario coinciden con CapEfecNeta, DispoReal y DispoCome y la descripcion oficial corresponde a potencia neta.",1200.0
2026-06-06,Recurso,PES1,,Hour04,1200000.0,kWh,kW,True,"La magnitud y comportamiento horario coinciden con CapEfecNeta, DispoReal y DispoCome y la descripcion oficial corresponde a potencia neta.",1200.0
2026-06-06,Recurso,PES1,,Hour05,1200000.0,kWh,kW,True,"La magnitud y comportamiento horario coinciden con CapEfecNeta, DispoReal y DispoCome y la descripcion oficial corresponde a potencia neta.",1200.0
2026-06-06,Recurso,PES1,,Hour06,1200000.0,kWh,kW,True,"La magnitud y comportamiento horario coinciden con CapEfecNeta, DispoReal y DispoCome y la descripcion oficial corresponde a potencia neta.",1200.0
2026-06-06,Recurso,PES1,,Hour07,1200000.0,kWh,kW,True,"La magnitud y comportamiento horario coinciden con CapEfecNeta, DispoReal y DispoCome y la descripcion oficial corresponde a potencia neta.",1200.0
2026-06-06,Recurso,PES1,,Hour08,1200000.0,kWh,kW,True,"La magnitud y comportamiento horario coinciden con CapEfecNeta, DispoReal y DispoCome y la descripcion oficial corresponde a potencia neta.",1200.0
2026-06-06,Recurso,PES1,,Hour09,1200000.0,kWh,kW,True,"La magnitud y comportamiento horario coinciden con CapEfecNeta, DispoReal y DispoCome y la descripcion oficial corresponde a potencia neta.",1200.0
2026-06-06,Recurso,PES1,,Hour10,1200000.0,kWh,kW,True,"La magnitud y comportamiento horario coinciden con CapEfecNeta, DispoReal y DispoCome y la descripcion oficial corresponde a potencia neta.",1200.0
2026-06-06,Recurso,PES1,,Hour11,1200000.0,kWh,kW,True,"La magnitud y comportamiento horario coinciden con CapEfecNeta, DispoReal y DispoCome y la descripcion oficial corresponde a potencia neta.",1200.0
2026-06-06,Recurso,PES1,,Hour12,1200000.0,kWh,kW,True,"La magnitud y comportamiento horario coinciden con CapEfecNeta, DispoReal y DispoCome y la descripcion oficial corresponde a potencia neta.",1200.0
2026-06-06,Recurso,PES1,,Hour13,1200000.0,kWh,kW,True,"La magnitud y comportamiento horario coinciden con CapEfecNeta, DispoReal y DispoCome y la descripcion oficial corresponde a potencia neta.",1200.0
2026-06-06,Recurso,PES1,,Hour14,1200000.0,kWh,kW,True,"La magnitud y comportamiento horario coinciden con CapEfecNeta, DispoReal y DispoCome y la descripcion oficial corresponde a potencia neta.",1200.0
2026-06-06,Recurso,PES1,,Hour15,1200000.0,kWh,kW,True,"La magnitud y comportamiento horario coinciden con CapEfecNeta, DispoReal y DispoCome y la descripcion oficial corresponde a potencia neta.",1200.0
2026-06-06,Recurso,PES1,,Hour16,1200000.0,kWh,kW,True,"La magnitud y comportamiento horario coinciden con CapEfecNeta, DispoReal y DispoCome y la descripcion oficial corresponde a potencia neta.",1200.0
2026-06-06,Recurso,PES1,,Hour17,1200000.0,kWh,kW,True,"La magnitud y comportamiento horario coinciden con CapEfecNeta, DispoReal y DispoCome y la descripcion oficial corresponde a potencia neta.",1200.0
2026-06-06,Recurso,PES1,,Hour18,1200000.0,kWh,kW,True,"La magnitud y comportamiento horario coinciden con CapEfecNeta, DispoReal y DispoCome y la descripcion oficial corresponde a potencia neta.",1200.0
2026-06-06,Recurso,PES1,,Hour19,1200000.0,kWh,kW,True,"La magnitud y comportamiento horario coinciden con CapEfecNeta, DispoReal y DispoCome y la descripcion oficial corresponde a potencia neta.",1200.0
2026-06-06,Recurso,PES1,,Hour20,1200000.0,kWh,kW,True,"La magnitud y comportamiento horario coinciden con CapEfecNeta, DispoReal y DispoCome y la descripcion oficial corresponde a potencia neta.",1200.0
2026-06-06,Recurso,PES1,,Hour21,1200000.0,kWh,kW,True,"La magnitud y comportamiento horario coinciden con CapEfecNeta, DispoReal y DispoCome y la descripcion oficial corresponde a potencia neta.",1200.0
2026-06-06,Recurso,PES1,,Hour22,1200000.0,kWh,kW,True,"La magnitud y comportamiento horario coinciden con CapEfecNeta, DispoReal y DispoCome y la descripcion oficial corresponde a potencia neta.",1200.0
2026-06-06,Recurso,PES1,,Hour23,1200000.0,kWh,kW,True,"La magnitud y comportamiento horario coinciden con CapEfecNeta, DispoReal y DispoCome y la descripcion oficial corresponde a potencia neta.",1200.0
2026-06-06,Recurso,PES1,,Hour24,1200000.0,kWh,kW,True,"La magnitud y comportamiento horario coinciden con CapEfecNeta, DispoReal y DispoCome y la descripcion oficial corresponde a potencia neta.",1200.0
2026-06-06,Recurso,PGUG,,Hour01,600000.0,kWh,kW,True,"La magnitud y comportamiento horario coinciden con CapEfecNeta, DispoReal y DispoCome y la descripcion oficial corresponde a potencia neta.",600.0
2026-06-06,Recurso,PGUG,,Hour02,600000.0,kWh,kW,True,"La magnitud y comportamiento horario coinciden con CapEfecNeta, DispoReal y DispoCome y la descripcion oficial corresponde a potencia neta.",600.0
2026-06-06,Recurso,PGUG,,Hour03,600000.0,kWh,kW,True,"La magnitud y comportamiento horario coinciden con CapEfecNeta, DispoReal y DispoCome y la descripcion oficial corresponde a potencia neta.",600.0
2026-06-06,Recurso,PGUG,,Hour04,600000.0,kWh,kW,True,"La magnitud y comportamiento horario coinciden con CapEfecNeta, DispoReal y DispoCome y la descripcion oficial corresponde a potencia neta.",600.0
2026-06-06,Recurso,PGUG,,Hour05,600000.0,kWh,kW,True,"La magnitud y comportamiento horario coinciden con CapEfecNeta, DispoReal y DispoCome y la descripcion oficial corresponde a potencia neta.",600.0
2026-06-06,Recurso,PGUG,,Hour06,600000.0,kWh,kW,True,"La magnitud y comportamiento horario coinciden con CapEfecNeta, DispoReal y DispoCome y la descripcion oficial corresponde a potencia neta.",600.0
2026-06-06,Recurso,PGUG,,Hour07,600000.0,kWh,kW,True,"La magnitud y comportamiento horario coinciden con CapEfecNeta, DispoReal y DispoCome y la descripcion oficial corresponde a potencia neta.",600.0
2026-06-06,Recurso,PGUG,,Hour08,600000.0,kWh,kW,True,"La magnitud y comportamiento horario coinciden con CapEfecNeta, DispoReal y DispoCome y la descripcion oficial corresponde a potencia neta.",600.0
2026-06-06,Recurso,PGUG,,Hour09,600000.0,kWh,kW,True,"La magnitud y comportamiento horario coinciden con CapEfecNeta, DispoReal y DispoCome y la descripcion oficial corresponde a potencia neta.",600.0
2026-06-06,Recurso,PGUG,,Hour10,600000.0,kWh,kW,True,"La magnitud y comportamiento horario coinciden con CapEfecNeta, DispoReal y DispoCome y la descripcion oficial corresponde a potencia neta.",600.0
2026-06-06,Recurso,PGUG,,Hour11,600000.0,kWh,kW,True,"La magnitud y comportamiento horario coinciden con CapEfecNeta, DispoReal y DispoCome y la descripcion oficial corresponde a potencia neta.",600.0
2026-06-06,Recurso,PGUG,,Hour12,600000.0,kWh,kW,True,"La magnitud y comportamiento horario coinciden con CapEfecNeta, DispoReal y DispoCome y la descripcion oficial corresponde a potencia neta.",600.0
2026-06-06,Recurso,PGUG,,Hour13,600000.0,kWh,kW,True,"La magnitud y comportamiento horario coinciden con CapEfecNeta, DispoReal y DispoCome y la descripcion oficial corresponde a potencia neta.",600.0
2026-06-06,Recurso,PGUG,,Hour14,600000.0,kWh,kW,True,"La magnitud y comportamiento horario coinciden con CapEfecNeta, DispoReal y DispoCome y la descripcion oficial corresponde a potencia neta.",600.0
2026-06-06,Recurso,PGUG,,Hour15,600000.0,kWh,kW,True,"La magnitud y comportamiento horario coinciden con CapEfecNeta, DispoReal y DispoCome y la descripcion oficial corresponde a potencia neta.",600.0
2026-06-06,Recurso,PGUG,,Hour16,600000.0,kWh,kW,True,"La magnitud y comportamiento horario coinciden con CapEfecNeta, DispoReal y DispoCome y la descripcion oficial corresponde a potencia neta.",600.0
2026-06-06,Recurso,PGUG,,Hour17,600000.0,kWh,kW,True,"La magnitud y comportamiento horario coinciden con CapEfecNeta, DispoReal y DispoCome y la descripcion oficial corresponde a potencia neta.",600.0
2026-06-06,Recurso,PGUG,,Hour18,600000.0,kWh,kW,True,"La magnitud y comportamiento horario coinciden con CapEfecNeta, DispoReal y DispoCome y la descripcion oficial corresponde a potencia neta.",600.0
2026-06-06,Recurso,PGUG,,Hour19,600000.0,kWh,kW,True,"La magnitud y comportamiento horario coinciden con CapEfecNeta, DispoReal y DispoCome y la descripcion oficial corresponde a potencia neta.",600.0
2026-06-06,Recurso,PGUG,,Hour20,600000.0,kWh,kW,True,"La magnitud y comportamiento horario coinciden con CapEfecNeta, DispoReal y DispoCome y la descripcion oficial corresponde a potencia neta.",600.0
2026-06-06,Recurso,PGUG,,Hour21,600000.0,kWh,kW,True,"La magnitud y comportamiento horario coinciden con CapEfecNeta, DispoReal y DispoCome y la descripcion oficial corresponde a potencia neta.",600.0
2026-06-06,Recurso,PGUG,,Hour22,600000.0,kWh,kW,True,"La magnitud y comportamiento horario coinciden con CapEfecNeta, DispoReal y DispoCome y la descripcion oficial corresponde a potencia neta.",600.0
2026-06-06,Recurso,PGUG,,Hour23,600000.0,kWh,kW,True,"La magnitud y comportamiento horario coinciden con CapEfecNeta, DispoReal y DispoCome y la descripcion oficial corresponde a potencia neta.",600.0
2026-06-06,Recurso,PGUG,,Hour24,600000.0,kWh,kW,True,"La magnitud y comportamiento horario coinciden con CapEfecNeta, DispoReal y DispoCome y la descripcion oficial corresponde a potencia neta.",600.0
2026-06-06,Recurso,PLYS,,Hour01,207000.0,kWh,kW,True,"La magnitud y comportamiento horario coinciden con CapEfecNeta, DispoReal y DispoCome y la descripcion oficial corresponde a potencia neta.",207.0
2026-06-06,Recurso,PLYS,,Hour02,207000.0,kWh,kW,True,"La magnitud y comportamiento horario coinciden con CapEfecNeta, DispoReal y DispoCome y la descripcion oficial corresponde a potencia neta.",207.0
2026-06-06,Recurso,PLYS,,Hour03,207000.0,kWh,kW,True,"La magnitud y comportamiento horario coinciden con CapEfecNeta, DispoReal y DispoCome y la descripcion oficial corresponde a potencia neta.",207.0
2026-06-06,Recurso,PLYS,,Hour04,207000.0,kWh,kW,True,"La magnitud y comportamiento horario coinciden con CapEfecNeta, DispoReal y DispoCome y la descripcion oficial corresponde a potencia neta.",207.0
2026-06-06,Recurso,PLYS,,Hour05,207000.0,kWh,kW,True,"La magnitud y comportamiento horario coinciden con CapEfecNeta, DispoReal y DispoCome y la descripcion oficial corresponde a potencia neta.",207.0
2026-06-06,Recurso,PLYS,,Hour06,207000.0,kWh,kW,True,"La magnitud y comportamiento horario coinciden con CapEfecNeta, DispoReal y DispoCome y la descripcion oficial corresponde a potencia neta.",207.0
2026-06-06,Recurso,PLYS,,Hour07,207000.0,kWh,kW,True,"La magnitud y comportamiento horario coinciden con CapEfecNeta, DispoReal y DispoCome y la descripcion oficial corresponde a potencia neta.",207.0
2026-06-06,Recurso,PLYS,,Hour08,207000.0,kWh,kW,True,"La magnitud y comportamiento horario coinciden con CapEfecNeta, DispoReal y DispoCome y la descripcion oficial corresponde a potencia neta.",207.0
2026-06-06,Recurso,PLYS,,Hour09,207000.0,kWh,kW,True,"La magnitud y comportamiento horario coinciden con CapEfecNeta, DispoReal y DispoCome y la descripcion oficial corresponde a potencia neta.",207.0
2026-06-06,Recurso,PLYS,,Hour10,207000.0,kWh,kW,True,"La magnitud y comportamiento horario coinciden con CapEfecNeta, DispoReal y DispoCome y la descripcion oficial corresponde a potencia neta.",207.0
2026-06-06,Recurso,PLYS,,Hour11,207000.0,kWh,kW,True,"La magnitud y comportamiento horario coinciden con CapEfecNeta, DispoReal y DispoCome y la descripcion oficial corresponde a potencia neta.",207.0
2026-06-06,Recurso,PLYS,,Hour12,207000.0,kWh,kW,True,"La magnitud y comportamiento horario coinciden con CapEfecNeta, DispoReal y DispoCome y la descripcion oficial corresponde a potencia neta.",207.0
2026-06-06,Recurso,PLYS,,Hour13,207000.0,kWh,kW,True,"La magnitud y comportamiento horario coinciden con CapEfecNeta, DispoReal y DispoCome y la descripcion oficial corresponde a potencia neta.",207.0
2026-06-06,Recurso,PLYS,,Hour14,207000.0,kWh,kW,True,"La magnitud y comportamiento horario coinciden con CapEfecNeta, DispoReal y DispoCome y la descripcion oficial corresponde a potencia neta.",207.0
2026-06-06,Recurso,PLYS,,Hour15,207000.0,kWh,kW,True,"La magnitud y comportamiento horario coinciden con CapEfecNeta, DispoReal y DispoCome y la descripcion oficial corresponde a potencia neta.",207.0
2026-06-06,Recurso,PLYS,,Hour16,207000.0,kWh,kW,True,"La magnitud y comportamiento horario coinciden con CapEfecNeta, DispoReal y DispoCome y la descripcion oficial corresponde a potencia neta.",207.0
2026-06-06,Recurso,PLYS,,Hour17,207000.0,kWh,kW,True,"La magnitud y comportamiento horario coinciden con CapEfecNeta, DispoReal y DispoCome y la descripcion oficial corresponde a potencia neta.",207.0
2026-06-06,Recurso,PLYS,,Hour18,207000.0,kWh,kW,True,"La magnitud y comportamiento horario coinciden con CapEfecNeta, DispoReal y DispoCome y la descripcion oficial corresponde a potencia neta.",207.0
2026-06-06,Recurso,PLYS,,Hour19,207000.0,kWh,kW,True,"La magnitud y comportamiento horario coinciden con CapEfecNeta, DispoReal y DispoCome y la descripcion oficial corresponde a potencia neta.",207.0
2026-06-06,Recurso,PLYS,,Hour20,207000.0,kWh,kW,True,"La magnitud y comportamiento horario coinciden con CapEfecNeta, DispoReal y DispoCome y la descripcion oficial corresponde a potencia neta.",207.0
2026-06-06,Recurso,PLYS,,Hour21,207000.0,kWh,kW,True,"La magnitud y comportamiento horario coinciden con CapEfecNeta, DispoReal y DispoCome y la descripcion oficial corresponde a potencia neta.",207.0
2026-06-06,Recurso,PLYS,,Hour22,207000.0,kWh,kW,True,"La magnitud y comportamiento horario coinciden con CapEfecNeta, DispoReal y DispoCome y la descripcion oficial corresponde a potencia neta.",207.0
2026-06-06,Recurso,PLYS,,Hour23,207000.0,kWh,kW,True,"La magnitud y comportamiento horario coinciden con CapEfecNeta, DispoReal y DispoCome y la descripcion oficial corresponde a potencia neta.",207.0
2026-06-06,Recurso,PLYS,,Hour24,207000.0,kWh,kW,True,"La magnitud y comportamiento horario coinciden con CapEfecNeta, DispoReal y DispoCome y la descripcion oficial corresponde a potencia neta.",207.0
2026-06-06,Recurso,PPA1,,Hour01,23000.0,kWh,kW,True,"La magnitud y comportamiento horario coinciden con CapEfecNeta, DispoReal y DispoCome y la descripcion oficial corresponde a potencia neta.",23.0
2026-06-06,Recurso,PPA1,,Hour02,23000.0,kWh,kW,True,"La magnitud y comportamiento horario coinciden con CapEfecNeta, DispoReal y DispoCome y la descripcion oficial corresponde a potencia neta.",23.0
2026-06-06,Recurso,PPA1,,Hour03,23000.0,kWh,kW,True,"La magnitud y comportamiento horario coinciden con CapEfecNeta, DispoReal y DispoCome y la descripcion oficial corresponde a potencia neta.",23.0
2026-06-06,Recurso,PPA1,,Hour04,23000.0,kWh,kW,True,"La magnitud y comportamiento horario coinciden con CapEfecNeta, DispoReal y DispoCome y la descripcion oficial corresponde a potencia neta.",23.0
2026-06-06,Recurso,PPA1,,Hour05,23000.0,kWh,kW,True,"La magnitud y comportamiento horario coinciden con CapEfecNeta, DispoReal y DispoCome y la descripcion oficial corresponde a potencia neta.",23.0
2026-06-06,Recurso,PPA1,,Hour06,23000.0,kWh,kW,True,"La magnitud y comportamiento horario coinciden con CapEfecNeta, DispoReal y DispoCome y la descripcion oficial corresponde a potencia neta.",23.0
2026-06-06,Recurso,PPA1,,Hour07,23000.0,kWh,kW,True,"La magnitud y comportamiento horario coinciden con CapEfecNeta, DispoReal y DispoCome y la descripcion oficial corresponde a potencia neta.",23.0
2026-06-06,Recurso,PPA1,,Hour08,23000.0,kWh,kW,True,"La magnitud y comportamiento horario coinciden con CapEfecNeta, DispoReal y DispoCome y la descripcion oficial corresponde a potencia neta.",23.0
2026-06-06,Recurso,PPA1,,Hour09,23000.0,kWh,kW,True,"La magnitud y comportamiento horario coinciden con CapEfecNeta, DispoReal y DispoCome y la descripcion oficial corresponde a potencia neta.",23.0
2026-06-06,Recurso,PPA1,,Hour10,23000.0,kWh,kW,True,"La magnitud y comportamiento horario coinciden con CapEfecNeta, DispoReal y DispoCome y la descripcion oficial corresponde a potencia neta.",23.0
2026-06-06,Recurso,PPA1,,Hour11,23000.0,kWh,kW,True,"La magnitud y comportamiento horario coinciden con CapEfecNeta, DispoReal y DispoCome y la descripcion oficial corresponde a potencia neta.",23.0
2026-06-06,Recurso,PPA1,,Hour12,23000.0,kWh,kW,True,"La magnitud y comportamiento horario coinciden con CapEfecNeta, DispoReal y DispoCome y la descripcion oficial corresponde a potencia neta.",23.0
2026-06-06,Recurso,PPA1,,Hour13,23000.0,kWh,kW,True,"La magnitud y comportamiento horario coinciden con CapEfecNeta, DispoReal y DispoCome y la descripcion oficial corresponde a potencia neta.",23.0
2026-06-06,Recurso,PPA1,,Hour14,23000.0,kWh,kW,True,"La magnitud y comportamiento horario coinciden con CapEfecNeta, DispoReal y DispoCome y la descripcion oficial corresponde a potencia neta.",23.0
2026-06-06,Recurso,PPA1,,Hour15,23000.0,kWh,kW,True,"La magnitud y comportamiento horario coinciden con CapEfecNeta, DispoReal y DispoCome y la descripcion oficial corresponde a potencia neta.",23.0
2026-06-06,Recurso,PPA1,,Hour16,23000.0,kWh,kW,True,"La magnitud y comportamiento horario coinciden con CapEfecNeta, DispoReal y DispoCome y la descripcion oficial corresponde a potencia neta.",23.0
2026-06-06,Recurso,PPA1,,Hour17,23000.0,kWh,kW,True,"La magnitud y comportamiento horario coinciden con CapEfecNeta, DispoReal y DispoCome y la descripcion oficial corresponde a potencia neta.",23.0
2026-06-06,Recurso,PPA1,,Hour18,23000.0,kWh,kW,True,"La magnitud y comportamiento horario coinciden con CapEfecNeta, DispoReal y DispoCome y la descripcion oficial corresponde a potencia neta.",23.0
2026-06-06,Recurso,PPA1,,Hour19,23000.0,kWh,kW,True,"La magnitud y comportamiento horario coinciden con CapEfecNeta, DispoReal y DispoCome y la descripcion oficial corresponde a potencia neta.",23.0
2026-06-06,Recurso,PPA1,,Hour20,23000.0,kWh,kW,True,"La magnitud y comportamiento horario coinciden con CapEfecNeta, DispoReal y DispoCome y la descripcion oficial corresponde a potencia neta.",23.0
2026-06-06,Recurso,PPA1,,Hour21,23000.0,kWh,kW,True,"La magnitud y comportamiento horario coinciden con CapEfecNeta, DispoReal y DispoCome y la descripcion oficial corresponde a potencia neta.",23.0
2026-06-06,Recurso,PPA1,,Hour22,23000.0,kWh,kW,True,"La magnitud y comportamiento horario coinciden con CapEfecNeta, DispoReal y DispoCome y la descripcion oficial corresponde a potencia neta.",23.0
2026-06-06,Recurso,PPA1,,Hour23,23000.0,kWh,kW,True,"La magnitud y comportamiento horario coinciden con CapEfecNeta, DispoReal y DispoCome y la descripcion oficial corresponde a potencia neta.",23.0
2026-06-06,Recurso,PPA1,,Hour24,23000.0,kWh,kW,True,"La magnitud y comportamiento horario coinciden con CapEfecNeta, DispoReal y DispoCome y la descripcion oficial corresponde a potencia neta.",23.0
2026-06-07,Recurso,HMIN,,Hour01,55000.0,kWh,kW,True,"La magnitud y comportamiento horario coinciden con CapEfecNeta, DispoReal y DispoCome y la descripcion oficial corresponde a potencia neta.",55.0
2026-06-07,Recurso,HMIN,,Hour02,55000.0,kWh,kW,True,"La magnitud y comportamiento horario coinciden con CapEfecNeta, DispoReal y DispoCome y la descripcion oficial corresponde a potencia neta.",55.0
2026-06-07,Recurso,HMIN,,Hour03,55000.0,kWh,kW,True,"La magnitud y comportamiento horario coinciden con CapEfecNeta, DispoReal y DispoCome y la descripcion oficial corresponde a potencia neta.",55.0
2026-06-07,Recurso,HMIN,,Hour04,55000.0,kWh,kW,True,"La magnitud y comportamiento horario coinciden con CapEfecNeta, DispoReal y DispoCome y la descripcion oficial corresponde a potencia neta.",55.0
2026-06-07,Recurso,HMIN,,Hour05,55000.0,kWh,kW,True,"La magnitud y comportamiento horario coinciden con CapEfecNeta, DispoReal y DispoCome y la descripcion oficial corresponde a potencia neta.",55.0
2026-06-07,Recurso,HMIN,,Hour06,55000.0,kWh,kW,True,"La magnitud y comportamiento horario coinciden con CapEfecNeta, DispoReal y DispoCome y la descripcion oficial corresponde a potencia neta.",55.0
2026-06-07,Recurso,HMIN,,Hour07,55000.0,kWh,kW,True,"La magnitud y comportamiento horario coinciden con CapEfecNeta, DispoReal y DispoCome y la descripcion oficial corresponde a potencia neta.",55.0
2026-06-07,Recurso,HMIN,,Hour08,55000.0,kWh,kW,True,"La magnitud y comportamiento horario coinciden con CapEfecNeta, DispoReal y DispoCome y la descripcion oficial corresponde a potencia neta.",55.0
2026-06-07,Recurso,HMIN,,Hour09,55000.0,kWh,kW,True,"La magnitud y comportamiento horario coinciden con CapEfecNeta, DispoReal y DispoCome y la descripcion oficial corresponde a potencia neta.",55.0
2026-06-07,Recurso,HMIN,,Hour10,55000.0,kWh,kW,True,"La magnitud y comportamiento horario coinciden con CapEfecNeta, DispoReal y DispoCome y la descripcion oficial corresponde a potencia neta.",55.0
2026-06-07,Recurso,HMIN,,Hour11,55000.0,kWh,kW,True,"La magnitud y comportamiento horario coinciden con CapEfecNeta, DispoReal y DispoCome y la descripcion oficial corresponde a potencia neta.",55.0
2026-06-07,Recurso,HMIN,,Hour12,55000.0,kWh,kW,True,"La magnitud y comportamiento horario coinciden con CapEfecNeta, DispoReal y DispoCome y la descripcion oficial corresponde a potencia neta.",55.0
2026-06-07,Recurso,HMIN,,Hour13,55000.0,kWh,kW,True,"La magnitud y comportamiento horario coinciden con CapEfecNeta, DispoReal y DispoCome y la descripcion oficial corresponde a potencia neta.",55.0
2026-06-07,Recurso,HMIN,,Hour14,55000.0,kWh,kW,True,"La magnitud y comportamiento horario coinciden con CapEfecNeta, DispoReal y DispoCome y la descripcion oficial corresponde a potencia neta.",55.0
2026-06-07,Recurso,HMIN,,Hour15,55000.0,kWh,kW,True,"La magnitud y comportamiento horario coinciden con CapEfecNeta, DispoReal y DispoCome y la descripcion oficial corresponde a potencia neta.",55.0
2026-06-07,Recurso,HMIN,,Hour16,55000.0,kWh,kW,True,"La magnitud y comportamiento horario coinciden con CapEfecNeta, DispoReal y DispoCome y la descripcion oficial corresponde a potencia neta.",55.0
2026-06-07,Recurso,HMIN,,Hour17,55000.0,kWh,kW,True,"La magnitud y comportamiento horario coinciden con CapEfecNeta, DispoReal y DispoCome y la descripcion oficial corresponde a potencia neta.",55.0
2026-06-07,Recurso,HMIN,,Hour18,55000.0,kWh,kW,True,"La magnitud y comportamiento horario coinciden con CapEfecNeta, DispoReal y DispoCome y la descripcion oficial corresponde a potencia neta.",55.0
2026-06-07,Recurso,HMIN,,Hour19,55000.0,kWh,kW,True,"La magnitud y comportamiento horario coinciden con CapEfecNeta, DispoReal y DispoCome y la descripcion oficial corresponde a potencia neta.",55.0
2026-06-07,Recurso,HMIN,,Hour20,55000.0,kWh,kW,True,"La magnitud y comportamiento horario coinciden con CapEfecNeta, DispoReal y DispoCome y la descripcion oficial corresponde a potencia neta.",55.0
2026-06-07,Recurso,HMIN,,Hour21,55000.0,kWh,kW,True,"La magnitud y comportamiento horario coinciden con CapEfecNeta, DispoReal y DispoCome y la descripcion oficial corresponde a potencia neta.",55.0
2026-06-07,Recurso,HMIN,,Hour22,55000.0,kWh,kW,True,"La magnitud y comportamiento horario coinciden con CapEfecNeta, DispoReal y DispoCome y la descripcion oficial corresponde a potencia neta.",55.0
2026-06-07,Recurso,HMIN,,Hour23,55000.0,kWh,kW,True,"La magnitud y comportamiento horario coinciden con CapEfecNeta, DispoReal y DispoCome y la descripcion oficial corresponde a potencia neta.",55.0
2026-06-07,Recurso,HMIN,,Hour24,55000.0,kWh,kW,True,"La magnitud y comportamiento horario coinciden con CapEfecNeta, DispoReal y DispoCome y la descripcion oficial corresponde a potencia neta.",55.0
2026-06-07,Recurso,HMLG,,Hour01,393000.0,kWh,kW,True,"La magnitud y comportamiento horario coinciden con CapEfecNeta, DispoReal y DispoCome y la descripcion oficial corresponde a potencia neta.",393.0
2026-06-07,Recurso,HMLG,,Hour02,393000.0,kWh,kW,True,"La magnitud y comportamiento horario coinciden con CapEfecNeta, DispoReal y DispoCome y la descripcion oficial corresponde a potencia neta.",393.0
2026-06-07,Recurso,HMLG,,Hour03,393000.0,kWh,kW,True,"La magnitud y comportamiento horario coinciden con CapEfecNeta, DispoReal y DispoCome y la descripcion oficial corresponde a potencia neta.",393.0
2026-06-07,Recurso,HMLG,,Hour04,393000.0,kWh,kW,True,"La magnitud y comportamiento horario coinciden con CapEfecNeta, DispoReal y DispoCome y la descripcion oficial corresponde a potencia neta.",393.0
2026-06-07,Recurso,HMLG,,Hour05,393000.0,kWh,kW,True,"La magnitud y comportamiento horario coinciden con CapEfecNeta, DispoReal y DispoCome y la descripcion oficial corresponde a potencia neta.",393.0
2026-06-07,Recurso,HMLG,,Hour06,393000.0,kWh,kW,True,"La magnitud y comportamiento horario coinciden con CapEfecNeta, DispoReal y DispoCome y la descripcion oficial corresponde a potencia neta.",393.0
2026-06-07,Recurso,HMLG,,Hour07,393000.0,kWh,kW,True,"La magnitud y comportamiento horario coinciden con CapEfecNeta, DispoReal y DispoCome y la descripcion oficial corresponde a potencia neta.",393.0
2026-06-07,Recurso,HMLG,,Hour08,393000.0,kWh,kW,True,"La magnitud y comportamiento horario coinciden con CapEfecNeta, DispoReal y DispoCome y la descripcion oficial corresponde a potencia neta.",393.0
2026-06-07,Recurso,HMLG,,Hour09,393000.0,kWh,kW,True,"La magnitud y comportamiento horario coinciden con CapEfecNeta, DispoReal y DispoCome y la descripcion oficial corresponde a potencia neta.",393.0
2026-06-07,Recurso,HMLG,,Hour10,393000.0,kWh,kW,True,"La magnitud y comportamiento horario coinciden con CapEfecNeta, DispoReal y DispoCome y la descripcion oficial corresponde a potencia neta.",393.0
2026-06-07,Recurso,HMLG,,Hour11,393000.0,kWh,kW,True,"La magnitud y comportamiento horario coinciden con CapEfecNeta, DispoReal y DispoCome y la descripcion oficial corresponde a potencia neta.",393.0
2026-06-07,Recurso,HMLG,,Hour12,393000.0,kWh,kW,True,"La magnitud y comportamiento horario coinciden con CapEfecNeta, DispoReal y DispoCome y la descripcion oficial corresponde a potencia neta.",393.0
2026-06-07,Recurso,HMLG,,Hour13,393000.0,kWh,kW,True,"La magnitud y comportamiento horario coinciden con CapEfecNeta, DispoReal y DispoCome y la descripcion oficial corresponde a potencia neta.",393.0
2026-06-07,Recurso,HMLG,,Hour14,393000.0,kWh,kW,True,"La magnitud y comportamiento horario coinciden con CapEfecNeta, DispoReal y DispoCome y la descripcion oficial corresponde a potencia neta.",393.0
2026-06-07,Recurso,HMLG,,Hour15,393000.0,kWh,kW,True,"La magnitud y comportamiento horario coinciden con CapEfecNeta, DispoReal y DispoCome y la descripcion oficial corresponde a potencia neta.",393.0
2026-06-07,Recurso,HMLG,,Hour16,393000.0,kWh,kW,True,"La magnitud y comportamiento horario coinciden con CapEfecNeta, DispoReal y DispoCome y la descripcion oficial corresponde a potencia neta.",393.0
2026-06-07,Recurso,HMLG,,Hour17,393000.0,kWh,kW,True,"La magnitud y comportamiento horario coinciden con CapEfecNeta, DispoReal y DispoCome y la descripcion oficial corresponde a potencia neta.",393.0
2026-06-07,Recurso,HMLG,,Hour18,393000.0,kWh,kW,True,"La magnitud y comportamiento horario coinciden con CapEfecNeta, DispoReal y DispoCome y la descripcion oficial corresponde a potencia neta.",393.0
2026-06-07,Recurso,HMLG,,Hour19,393000.0,kWh,kW,True,"La magnitud y comportamiento horario coinciden con CapEfecNeta, DispoReal y DispoCome y la descripcion oficial corresponde a potencia neta.",393.0
2026-06-07,Recurso,HMLG,,Hour20,393000.0,kWh,kW,True,"La magnitud y comportamiento horario coinciden con CapEfecNeta, DispoReal y DispoCome y la descripcion oficial corresponde a potencia neta.",393.0
2026-06-07,Recurso,HMLG,,Hour21,393000.0,kWh,kW,True,"La magnitud y comportamiento horario coinciden con CapEfecNeta, DispoReal y DispoCome y la descripcion oficial corresponde a potencia neta.",393.0
2026-06-07,Recurso,HMLG,,Hour22,393000.0,kWh,kW,True,"La magnitud y comportamiento horario coinciden con CapEfecNeta, DispoReal y DispoCome y la descripcion oficial corresponde a potencia neta.",393.0
2026-06-07,Recurso,HMLG,,Hour23,393000.0,kWh,kW,True,"La magnitud y comportamiento horario coinciden con CapEfecNeta, DispoReal y DispoCome y la descripcion oficial corresponde a potencia neta.",393.0
2026-06-07,Recurso,HMLG,,Hour24,393000.0,kWh,kW,True,"La magnitud y comportamiento horario coinciden con CapEfecNeta, DispoReal y DispoCome y la descripcion oficial corresponde a potencia neta.",393.0
2026-06-07,Recurso,JAGS,,Hour01,170000.0,kWh,kW,True,"La magnitud y comportamiento horario coinciden con CapEfecNeta, DispoReal y DispoCome y la descripcion oficial corresponde a potencia neta.",170.0
2026-06-07,Recurso,JAGS,,Hour02,170000.0,kWh,kW,True,"La magnitud y comportamiento horario coinciden con CapEfecNeta, DispoReal y DispoCome y la descripcion oficial corresponde a potencia neta.",170.0
2026-06-07,Recurso,JAGS,,Hour03,170000.0,kWh,kW,True,"La magnitud y comportamiento horario coinciden con CapEfecNeta, DispoReal y DispoCome y la descripcion oficial corresponde a potencia neta.",170.0
2026-06-07,Recurso,JAGS,,Hour04,170000.0,kWh,kW,True,"La magnitud y comportamiento horario coinciden con CapEfecNeta, DispoReal y DispoCome y la descripcion oficial corresponde a potencia neta.",170.0
2026-06-07,Recurso,JAGS,,Hour05,170000.0,kWh,kW,True,"La magnitud y comportamiento horario coinciden con CapEfecNeta, DispoReal y DispoCome y la descripcion oficial corresponde a potencia neta.",170.0
2026-06-07,Recurso,JAGS,,Hour06,170000.0,kWh,kW,True,"La magnitud y comportamiento horario coinciden con CapEfecNeta, DispoReal y DispoCome y la descripcion oficial corresponde a potencia neta.",170.0
2026-06-07,Recurso,JAGS,,Hour07,170000.0,kWh,kW,True,"La magnitud y comportamiento horario coinciden con CapEfecNeta, DispoReal y DispoCome y la descripcion oficial corresponde a potencia neta.",170.0
2026-06-07,Recurso,JAGS,,Hour08,170000.0,kWh,kW,True,"La magnitud y comportamiento horario coinciden con CapEfecNeta, DispoReal y DispoCome y la descripcion oficial corresponde a potencia neta.",170.0
2026-06-07,Recurso,JAGS,,Hour09,170000.0,kWh,kW,True,"La magnitud y comportamiento horario coinciden con CapEfecNeta, DispoReal y DispoCome y la descripcion oficial corresponde a potencia neta.",170.0
2026-06-07,Recurso,JAGS,,Hour10,170000.0,kWh,kW,True,"La magnitud y comportamiento horario coinciden con CapEfecNeta, DispoReal y DispoCome y la descripcion oficial corresponde a potencia neta.",170.0
2026-06-07,Recurso,JAGS,,Hour11,170000.0,kWh,kW,True,"La magnitud y comportamiento horario coinciden con CapEfecNeta, DispoReal y DispoCome y la descripcion oficial corresponde a potencia neta.",170.0
2026-06-07,Recurso,JAGS,,Hour12,170000.0,kWh,kW,True,"La magnitud y comportamiento horario coinciden con CapEfecNeta, DispoReal y DispoCome y la descripcion oficial corresponde a potencia neta.",170.0
2026-06-07,Recurso,JAGS,,Hour13,170000.0,kWh,kW,True,"La magnitud y comportamiento horario coinciden con CapEfecNeta, DispoReal y DispoCome y la descripcion oficial corresponde a potencia neta.",170.0
2026-06-07,Recurso,JAGS,,Hour14,170000.0,kWh,kW,True,"La magnitud y comportamiento horario coinciden con CapEfecNeta, DispoReal y DispoCome y la descripcion oficial corresponde a potencia neta.",170.0
2026-06-07,Recurso,JAGS,,Hour15,170000.0,kWh,kW,True,"La magnitud y comportamiento horario coinciden con CapEfecNeta, DispoReal y DispoCome y la descripcion oficial corresponde a potencia neta.",170.0
2026-06-07,Recurso,JAGS,,Hour16,170000.0,kWh,kW,True,"La magnitud y comportamiento horario coinciden con CapEfecNeta, DispoReal y DispoCome y la descripcion oficial corresponde a potencia neta.",170.0
2026-06-07,Recurso,JAGS,,Hour17,170000.0,kWh,kW,True,"La magnitud y comportamiento horario coinciden con CapEfecNeta, DispoReal y DispoCome y la descripcion oficial corresponde a potencia neta.",170.0
2026-06-07,Recurso,JAGS,,Hour18,170000.0,kWh,kW,True,"La magnitud y comportamiento horario coinciden con CapEfecNeta, DispoReal y DispoCome y la descripcion oficial corresponde a potencia neta.",170.0
2026-06-07,Recurso,JAGS,,Hour19,170000.0,kWh,kW,True,"La magnitud y comportamiento horario coinciden con CapEfecNeta, DispoReal y DispoCome y la descripcion oficial corresponde a potencia neta.",170.0
2026-06-07,Recurso,JAGS,,Hour20,170000.0,kWh,kW,True,"La magnitud y comportamiento horario coinciden con CapEfecNeta, DispoReal y DispoCome y la descripcion oficial corresponde a potencia neta.",170.0
2026-06-07,Recurso,JAGS,,Hour21,170000.0,kWh,kW,True,"La magnitud y comportamiento horario coinciden con CapEfecNeta, DispoReal y DispoCome y la descripcion oficial corresponde a potencia neta.",170.0
2026-06-07,Recurso,JAGS,,Hour22,170000.0,kWh,kW,True,"La magnitud y comportamiento horario coinciden con CapEfecNeta, DispoReal y DispoCome y la descripcion oficial corresponde a potencia neta.",170.0
2026-06-07,Recurso,JAGS,,Hour23,170000.0,kWh,kW,True,"La magnitud y comportamiento horario coinciden con CapEfecNeta, DispoReal y DispoCome y la descripcion oficial corresponde a potencia neta.",170.0
2026-06-07,Recurso,JAGS,,Hour24,170000.0,kWh,kW,True,"La magnitud y comportamiento horario coinciden con CapEfecNeta, DispoReal y DispoCome y la descripcion oficial corresponde a potencia neta.",170.0
2026-06-07,Recurso,LTSJ,,Hour01,306000.0,kWh,kW,True,"La magnitud y comportamiento horario coinciden con CapEfecNeta, DispoReal y DispoCome y la descripcion oficial corresponde a potencia neta.",306.0
2026-06-07,Recurso,LTSJ,,Hour02,306000.0,kWh,kW,True,"La magnitud y comportamiento horario coinciden con CapEfecNeta, DispoReal y DispoCome y la descripcion oficial corresponde a potencia neta.",306.0
2026-06-07,Recurso,LTSJ,,Hour03,306000.0,kWh,kW,True,"La magnitud y comportamiento horario coinciden con CapEfecNeta, DispoReal y DispoCome y la descripcion oficial corresponde a potencia neta.",306.0
2026-06-07,Recurso,LTSJ,,Hour04,306000.0,kWh,kW,True,"La magnitud y comportamiento horario coinciden con CapEfecNeta, DispoReal y DispoCome y la descripcion oficial corresponde a potencia neta.",306.0
2026-06-07,Recurso,LTSJ,,Hour05,306000.0,kWh,kW,True,"La magnitud y comportamiento horario coinciden con CapEfecNeta, DispoReal y DispoCome y la descripcion oficial corresponde a potencia neta.",306.0
2026-06-07,Recurso,LTSJ,,Hour06,306000.0,kWh,kW,True,"La magnitud y comportamiento horario coinciden con CapEfecNeta, DispoReal y DispoCome y la descripcion oficial corresponde a potencia neta.",306.0
2026-06-07,Recurso,LTSJ,,Hour07,306000.0,kWh,kW,True,"La magnitud y comportamiento horario coinciden con CapEfecNeta, DispoReal y DispoCome y la descripcion oficial corresponde a potencia neta.",306.0
2026-06-07,Recurso,LTSJ,,Hour08,306000.0,kWh,kW,True,"La magnitud y comportamiento horario coinciden con CapEfecNeta, DispoReal y DispoCome y la descripcion oficial corresponde a potencia neta.",306.0
2026-06-07,Recurso,LTSJ,,Hour09,306000.0,kWh,kW,True,"La magnitud y comportamiento horario coinciden con CapEfecNeta, DispoReal y DispoCome y la descripcion oficial corresponde a potencia neta.",306.0
2026-06-07,Recurso,LTSJ,,Hour10,306000.0,kWh,kW,True,"La magnitud y comportamiento horario coinciden con CapEfecNeta, DispoReal y DispoCome y la descripcion oficial corresponde a potencia neta.",306.0
2026-06-07,Recurso,LTSJ,,Hour11,306000.0,kWh,kW,True,"La magnitud y comportamiento horario coinciden con CapEfecNeta, DispoReal y DispoCome y la descripcion oficial corresponde a potencia neta.",306.0
2026-06-07,Recurso,LTSJ,,Hour12,306000.0,kWh,kW,True,"La magnitud y comportamiento horario coinciden con CapEfecNeta, DispoReal y DispoCome y la descripcion oficial corresponde a potencia neta.",306.0
2026-06-07,Recurso,LTSJ,,Hour13,306000.0,kWh,kW,True,"La magnitud y comportamiento horario coinciden con CapEfecNeta, DispoReal y DispoCome y la descripcion oficial corresponde a potencia neta.",306.0
2026-06-07,Recurso,LTSJ,,Hour14,306000.0,kWh,kW,True,"La magnitud y comportamiento horario coinciden con CapEfecNeta, DispoReal y DispoCome y la descripcion oficial corresponde a potencia neta.",306.0
2026-06-07,Recurso,LTSJ,,Hour15,306000.0,kWh,kW,True,"La magnitud y comportamiento horario coinciden con CapEfecNeta, DispoReal y DispoCome y la descripcion oficial corresponde a potencia neta.",306.0
2026-06-07,Recurso,LTSJ,,Hour16,306000.0,kWh,kW,True,"La magnitud y comportamiento horario coinciden con CapEfecNeta, DispoReal y DispoCome y la descripcion oficial corresponde a potencia neta.",306.0
2026-06-07,Recurso,LTSJ,,Hour17,306000.0,kWh,kW,True,"La magnitud y comportamiento horario coinciden con CapEfecNeta, DispoReal y DispoCome y la descripcion oficial corresponde a potencia neta.",306.0
2026-06-07,Recurso,LTSJ,,Hour18,306000.0,kWh,kW,True,"La magnitud y comportamiento horario coinciden con CapEfecNeta, DispoReal y DispoCome y la descripcion oficial corresponde a potencia neta.",306.0
2026-06-07,Recurso,LTSJ,,Hour19,306000.0,kWh,kW,True,"La magnitud y comportamiento horario coinciden con CapEfecNeta, DispoReal y DispoCome y la descripcion oficial corresponde a potencia neta.",306.0
2026-06-07,Recurso,LTSJ,,Hour20,306000.0,kWh,kW,True,"La magnitud y comportamiento horario coinciden con CapEfecNeta, DispoReal y DispoCome y la descripcion oficial corresponde a potencia neta.",306.0
2026-06-07,Recurso,LTSJ,,Hour21,306000.0,kWh,kW,True,"La magnitud y comportamiento horario coinciden con CapEfecNeta, DispoReal y DispoCome y la descripcion oficial corresponde a potencia neta.",306.0
2026-06-07,Recurso,LTSJ,,Hour22,306000.0,kWh,kW,True,"La magnitud y comportamiento horario coinciden con CapEfecNeta, DispoReal y DispoCome y la descripcion oficial corresponde a potencia neta.",306.0
2026-06-07,Recurso,LTSJ,,Hour23,306000.0,kWh,kW,True,"La magnitud y comportamiento horario coinciden con CapEfecNeta, DispoReal y DispoCome y la descripcion oficial corresponde a potencia neta.",306.0
2026-06-07,Recurso,LTSJ,,Hour24,306000.0,kWh,kW,True,"La magnitud y comportamiento horario coinciden con CapEfecNeta, DispoReal y DispoCome y la descripcion oficial corresponde a potencia neta.",306.0
2026-06-07,Recurso,MOY1,,Hour01,75000.0,kWh,kW,True,"La magnitud y comportamiento horario coinciden con CapEfecNeta, DispoReal y DispoCome y la descripcion oficial corresponde a potencia neta.",75.0
2026-06-07,Recurso,MOY1,,Hour02,75000.0,kWh,kW,True,"La magnitud y comportamiento horario coinciden con CapEfecNeta, DispoReal y DispoCome y la descripcion oficial corresponde a potencia neta.",75.0
2026-06-07,Recurso,MOY1,,Hour03,75000.0,kWh,kW,True,"La magnitud y comportamiento horario coinciden con CapEfecNeta, DispoReal y DispoCome y la descripcion oficial corresponde a potencia neta.",75.0
2026-06-07,Recurso,MOY1,,Hour04,75000.0,kWh,kW,True,"La magnitud y comportamiento horario coinciden con CapEfecNeta, DispoReal y DispoCome y la descripcion oficial corresponde a potencia neta.",75.0
2026-06-07,Recurso,MOY1,,Hour05,75000.0,kWh,kW,True,"La magnitud y comportamiento horario coinciden con CapEfecNeta, DispoReal y DispoCome y la descripcion oficial corresponde a potencia neta.",75.0
2026-06-07,Recurso,MOY1,,Hour06,75000.0,kWh,kW,True,"La magnitud y comportamiento horario coinciden con CapEfecNeta, DispoReal y DispoCome y la descripcion oficial corresponde a potencia neta.",75.0
2026-06-07,Recurso,MOY1,,Hour07,75000.0,kWh,kW,True,"La magnitud y comportamiento horario coinciden con CapEfecNeta, DispoReal y DispoCome y la descripcion oficial corresponde a potencia neta.",75.0
2026-06-07,Recurso,MOY1,,Hour08,75000.0,kWh,kW,True,"La magnitud y comportamiento horario coinciden con CapEfecNeta, DispoReal y DispoCome y la descripcion oficial corresponde a potencia neta.",75.0
2026-06-07,Recurso,MOY1,,Hour09,75000.0,kWh,kW,True,"La magnitud y comportamiento horario coinciden con CapEfecNeta, DispoReal y DispoCome y la descripcion oficial corresponde a potencia neta.",75.0
2026-06-07,Recurso,MOY1,,Hour10,75000.0,kWh,kW,True,"La magnitud y comportamiento horario coinciden con CapEfecNeta, DispoReal y DispoCome y la descripcion oficial corresponde a potencia neta.",75.0
2026-06-07,Recurso,MOY1,,Hour11,75000.0,kWh,kW,True,"La magnitud y comportamiento horario coinciden con CapEfecNeta, DispoReal y DispoCome y la descripcion oficial corresponde a potencia neta.",75.0
2026-06-07,Recurso,MOY1,,Hour12,75000.0,kWh,kW,True,"La magnitud y comportamiento horario coinciden con CapEfecNeta, DispoReal y DispoCome y la descripcion oficial corresponde a potencia neta.",75.0
2026-06-07,Recurso,MOY1,,Hour13,75000.0,kWh,kW,True,"La magnitud y comportamiento horario coinciden con CapEfecNeta, DispoReal y DispoCome y la descripcion oficial corresponde a potencia neta.",75.0
2026-06-07,Recurso,MOY1,,Hour14,75000.0,kWh,kW,True,"La magnitud y comportamiento horario coinciden con CapEfecNeta, DispoReal y DispoCome y la descripcion oficial corresponde a potencia neta.",75.0
2026-06-07,Recurso,MOY1,,Hour15,75000.0,kWh,kW,True,"La magnitud y comportamiento horario coinciden con CapEfecNeta, DispoReal y DispoCome y la descripcion oficial corresponde a potencia neta.",75.0
2026-06-07,Recurso,MOY1,,Hour16,75000.0,kWh,kW,True,"La magnitud y comportamiento horario coinciden con CapEfecNeta, DispoReal y DispoCome y la descripcion oficial corresponde a potencia neta.",75.0
2026-06-07,Recurso,MOY1,,Hour17,75000.0,kWh,kW,True,"La magnitud y comportamiento horario coinciden con CapEfecNeta, DispoReal y DispoCome y la descripcion oficial corresponde a potencia neta.",75.0
2026-06-07,Recurso,MOY1,,Hour18,75000.0,kWh,kW,True,"La magnitud y comportamiento horario coinciden con CapEfecNeta, DispoReal y DispoCome y la descripcion oficial corresponde a potencia neta.",75.0
2026-06-07,Recurso,MOY1,,Hour19,75000.0,kWh,kW,True,"La magnitud y comportamiento horario coinciden con CapEfecNeta, DispoReal y DispoCome y la descripcion oficial corresponde a potencia neta.",75.0
2026-06-07,Recurso,MOY1,,Hour20,75000.0,kWh,kW,True,"La magnitud y comportamiento horario coinciden con CapEfecNeta, DispoReal y DispoCome y la descripcion oficial corresponde a potencia neta.",75.0
2026-06-07,Recurso,MOY1,,Hour21,75000.0,kWh,kW,True,"La magnitud y comportamiento horario coinciden con CapEfecNeta, DispoReal y DispoCome y la descripcion oficial corresponde a potencia neta.",75.0
2026-06-07,Recurso,MOY1,,Hour22,75000.0,kWh,kW,True,"La magnitud y comportamiento horario coinciden con CapEfecNeta, DispoReal y DispoCome y la descripcion oficial corresponde a potencia neta.",75.0
2026-06-07,Recurso,MOY1,,Hour23,75000.0,kWh,kW,True,"La magnitud y comportamiento horario coinciden con CapEfecNeta, DispoReal y DispoCome y la descripcion oficial corresponde a potencia neta.",75.0
2026-06-07,Recurso,MOY1,,Hour24,75000.0,kWh,kW,True,"La magnitud y comportamiento horario coinciden con CapEfecNeta, DispoReal y DispoCome y la descripcion oficial corresponde a potencia neta.",75.0
2026-06-07,Recurso,MRL1,,Hour01,164000.0,kWh,kW,True,"La magnitud y comportamiento horario coinciden con CapEfecNeta, DispoReal y DispoCome y la descripcion oficial corresponde a potencia neta.",164.0
2026-06-07,Recurso,MRL1,,Hour02,164000.0,kWh,kW,True,"La magnitud y comportamiento horario coinciden con CapEfecNeta, DispoReal y DispoCome y la descripcion oficial corresponde a potencia neta.",164.0
2026-06-07,Recurso,MRL1,,Hour03,164000.0,kWh,kW,True,"La magnitud y comportamiento horario coinciden con CapEfecNeta, DispoReal y DispoCome y la descripcion oficial corresponde a potencia neta.",164.0
2026-06-07,Recurso,MRL1,,Hour04,164000.0,kWh,kW,True,"La magnitud y comportamiento horario coinciden con CapEfecNeta, DispoReal y DispoCome y la descripcion oficial corresponde a potencia neta.",164.0
2026-06-07,Recurso,MRL1,,Hour05,164000.0,kWh,kW,True,"La magnitud y comportamiento horario coinciden con CapEfecNeta, DispoReal y DispoCome y la descripcion oficial corresponde a potencia neta.",164.0
2026-06-07,Recurso,MRL1,,Hour06,164000.0,kWh,kW,True,"La magnitud y comportamiento horario coinciden con CapEfecNeta, DispoReal y DispoCome y la descripcion oficial corresponde a potencia neta.",164.0
2026-06-07,Recurso,MRL1,,Hour07,164000.0,kWh,kW,True,"La magnitud y comportamiento horario coinciden con CapEfecNeta, DispoReal y DispoCome y la descripcion oficial corresponde a potencia neta.",164.0
2026-06-07,Recurso,MRL1,,Hour08,164000.0,kWh,kW,True,"La magnitud y comportamiento horario coinciden con CapEfecNeta, DispoReal y DispoCome y la descripcion oficial corresponde a potencia neta.",164.0
2026-06-07,Recurso,MRL1,,Hour09,164000.0,kWh,kW,True,"La magnitud y comportamiento horario coinciden con CapEfecNeta, DispoReal y DispoCome y la descripcion oficial corresponde a potencia neta.",164.0
2026-06-07,Recurso,MRL1,,Hour10,164000.0,kWh,kW,True,"La magnitud y comportamiento horario coinciden con CapEfecNeta, DispoReal y DispoCome y la descripcion oficial corresponde a potencia neta.",164.0
2026-06-07,Recurso,MRL1,,Hour11,164000.0,kWh,kW,True,"La magnitud y comportamiento horario coinciden con CapEfecNeta, DispoReal y DispoCome y la descripcion oficial corresponde a potencia neta.",164.0
2026-06-07,Recurso,MRL1,,Hour12,164000.0,kWh,kW,True,"La magnitud y comportamiento horario coinciden con CapEfecNeta, DispoReal y DispoCome y la descripcion oficial corresponde a potencia neta.",164.0
2026-06-07,Recurso,MRL1,,Hour13,164000.0,kWh,kW,True,"La magnitud y comportamiento horario coinciden con CapEfecNeta, DispoReal y DispoCome y la descripcion oficial corresponde a potencia neta.",164.0
2026-06-07,Recurso,MRL1,,Hour14,164000.0,kWh,kW,True,"La magnitud y comportamiento horario coinciden con CapEfecNeta, DispoReal y DispoCome y la descripcion oficial corresponde a potencia neta.",164.0
2026-06-07,Recurso,MRL1,,Hour15,164000.0,kWh,kW,True,"La magnitud y comportamiento horario coinciden con CapEfecNeta, DispoReal y DispoCome y la descripcion oficial corresponde a potencia neta.",164.0
2026-06-07,Recurso,MRL1,,Hour16,164000.0,kWh,kW,True,"La magnitud y comportamiento horario coinciden con CapEfecNeta, DispoReal y DispoCome y la descripcion oficial corresponde a potencia neta.",164.0
2026-06-07,Recurso,MRL1,,Hour17,164000.0,kWh,kW,True,"La magnitud y comportamiento horario coinciden con CapEfecNeta, DispoReal y DispoCome y la descripcion oficial corresponde a potencia neta.",164.0
2026-06-07,Recurso,MRL1,,Hour18,164000.0,kWh,kW,True,"La magnitud y comportamiento horario coinciden con CapEfecNeta, DispoReal y DispoCome y la descripcion oficial corresponde a potencia neta.",164.0
2026-06-07,Recurso,MRL1,,Hour19,164000.0,kWh,kW,True,"La magnitud y comportamiento horario coinciden con CapEfecNeta, DispoReal y DispoCome y la descripcion oficial corresponde a potencia neta.",164.0
2026-06-07,Recurso,MRL1,,Hour20,164000.0,kWh,kW,True,"La magnitud y comportamiento horario coinciden con CapEfecNeta, DispoReal y DispoCome y la descripcion oficial corresponde a potencia neta.",164.0
2026-06-07,Recurso,MRL1,,Hour21,164000.0,kWh,kW,True,"La magnitud y comportamiento horario coinciden con CapEfecNeta, DispoReal y DispoCome y la descripcion oficial corresponde a potencia neta.",164.0
2026-06-07,Recurso,MRL1,,Hour22,164000.0,kWh,kW,True,"La magnitud y comportamiento horario coinciden con CapEfecNeta, DispoReal y DispoCome y la descripcion oficial corresponde a potencia neta.",164.0
2026-06-07,Recurso,MRL1,,Hour23,164000.0,kWh,kW,True,"La magnitud y comportamiento horario coinciden con CapEfecNeta, DispoReal y DispoCome y la descripcion oficial corresponde a potencia neta.",164.0
2026-06-07,Recurso,MRL1,,Hour24,164000.0,kWh,kW,True,"La magnitud y comportamiento horario coinciden con CapEfecNeta, DispoReal y DispoCome y la descripcion oficial corresponde a potencia neta.",164.0
2026-06-07,Recurso,PES1,,Hour01,1200000.0,kWh,kW,True,"La magnitud y comportamiento horario coinciden con CapEfecNeta, DispoReal y DispoCome y la descripcion oficial corresponde a potencia neta.",1200.0
2026-06-07,Recurso,PES1,,Hour02,1200000.0,kWh,kW,True,"La magnitud y comportamiento horario coinciden con CapEfecNeta, DispoReal y DispoCome y la descripcion oficial corresponde a potencia neta.",1200.0
2026-06-07,Recurso,PES1,,Hour03,1200000.0,kWh,kW,True,"La magnitud y comportamiento horario coinciden con CapEfecNeta, DispoReal y DispoCome y la descripcion oficial corresponde a potencia neta.",1200.0
2026-06-07,Recurso,PES1,,Hour04,1200000.0,kWh,kW,True,"La magnitud y comportamiento horario coinciden con CapEfecNeta, DispoReal y DispoCome y la descripcion oficial corresponde a potencia neta.",1200.0
2026-06-07,Recurso,PES1,,Hour05,1200000.0,kWh,kW,True,"La magnitud y comportamiento horario coinciden con CapEfecNeta, DispoReal y DispoCome y la descripcion oficial corresponde a potencia neta.",1200.0
2026-06-07,Recurso,PES1,,Hour06,1200000.0,kWh,kW,True,"La magnitud y comportamiento horario coinciden con CapEfecNeta, DispoReal y DispoCome y la descripcion oficial corresponde a potencia neta.",1200.0
2026-06-07,Recurso,PES1,,Hour07,1200000.0,kWh,kW,True,"La magnitud y comportamiento horario coinciden con CapEfecNeta, DispoReal y DispoCome y la descripcion oficial corresponde a potencia neta.",1200.0
2026-06-07,Recurso,PES1,,Hour08,1200000.0,kWh,kW,True,"La magnitud y comportamiento horario coinciden con CapEfecNeta, DispoReal y DispoCome y la descripcion oficial corresponde a potencia neta.",1200.0
2026-06-07,Recurso,PES1,,Hour09,1200000.0,kWh,kW,True,"La magnitud y comportamiento horario coinciden con CapEfecNeta, DispoReal y DispoCome y la descripcion oficial corresponde a potencia neta.",1200.0
2026-06-07,Recurso,PES1,,Hour10,1200000.0,kWh,kW,True,"La magnitud y comportamiento horario coinciden con CapEfecNeta, DispoReal y DispoCome y la descripcion oficial corresponde a potencia neta.",1200.0
2026-06-07,Recurso,PES1,,Hour11,1200000.0,kWh,kW,True,"La magnitud y comportamiento horario coinciden con CapEfecNeta, DispoReal y DispoCome y la descripcion oficial corresponde a potencia neta.",1200.0
2026-06-07,Recurso,PES1,,Hour12,1200000.0,kWh,kW,True,"La magnitud y comportamiento horario coinciden con CapEfecNeta, DispoReal y DispoCome y la descripcion oficial corresponde a potencia neta.",1200.0
2026-06-07,Recurso,PES1,,Hour13,1200000.0,kWh,kW,True,"La magnitud y comportamiento horario coinciden con CapEfecNeta, DispoReal y DispoCome y la descripcion oficial corresponde a potencia neta.",1200.0
2026-06-07,Recurso,PES1,,Hour14,1200000.0,kWh,kW,True,"La magnitud y comportamiento horario coinciden con CapEfecNeta, DispoReal y DispoCome y la descripcion oficial corresponde a potencia neta.",1200.0
2026-06-07,Recurso,PES1,,Hour15,1200000.0,kWh,kW,True,"La magnitud y comportamiento horario coinciden con CapEfecNeta, DispoReal y DispoCome y la descripcion oficial corresponde a potencia neta.",1200.0
2026-06-07,Recurso,PES1,,Hour16,1200000.0,kWh,kW,True,"La magnitud y comportamiento horario coinciden con CapEfecNeta, DispoReal y DispoCome y la descripcion oficial corresponde a potencia neta.",1200.0
2026-06-07,Recurso,PES1,,Hour17,1200000.0,kWh,kW,True,"La magnitud y comportamiento horario coinciden con CapEfecNeta, DispoReal y DispoCome y la descripcion oficial corresponde a potencia neta.",1200.0
2026-06-07,Recurso,PES1,,Hour18,1200000.0,kWh,kW,True,"La magnitud y comportamiento horario coinciden con CapEfecNeta, DispoReal y DispoCome y la descripcion oficial corresponde a potencia neta.",1200.0
2026-06-07,Recurso,PES1,,Hour19,1200000.0,kWh,kW,True,"La magnitud y comportamiento horario coinciden con CapEfecNeta, DispoReal y DispoCome y la descripcion oficial corresponde a potencia neta.",1200.0
2026-06-07,Recurso,PES1,,Hour20,1200000.0,kWh,kW,True,"La magnitud y comportamiento horario coinciden con CapEfecNeta, DispoReal y DispoCome y la descripcion oficial corresponde a potencia neta.",1200.0
2026-06-07,Recurso,PES1,,Hour21,1200000.0,kWh,kW,True,"La magnitud y comportamiento horario coinciden con CapEfecNeta, DispoReal y DispoCome y la descripcion oficial corresponde a potencia neta.",1200.0
2026-06-07,Recurso,PES1,,Hour22,1200000.0,kWh,kW,True,"La magnitud y comportamiento horario coinciden con CapEfecNeta, DispoReal y DispoCome y la descripcion oficial corresponde a potencia neta.",1200.0
2026-06-07,Recurso,PES1,,Hour23,1200000.0,kWh,kW,True,"La magnitud y comportamiento horario coinciden con CapEfecNeta, DispoReal y DispoCome y la descripcion oficial corresponde a potencia neta.",1200.0
2026-06-07,Recurso,PES1,,Hour24,1200000.0,kWh,kW,True,"La magnitud y comportamiento horario coinciden con CapEfecNeta, DispoReal y DispoCome y la descripcion oficial corresponde a potencia neta.",1200.0
2026-06-07,Recurso,PGUG,,Hour01,600000.0,kWh,kW,True,"La magnitud y comportamiento horario coinciden con CapEfecNeta, DispoReal y DispoCome y la descripcion oficial corresponde a potencia neta.",600.0
2026-06-07,Recurso,PGUG,,Hour02,600000.0,kWh,kW,True,"La magnitud y comportamiento horario coinciden con CapEfecNeta, DispoReal y DispoCome y la descripcion oficial corresponde a potencia neta.",600.0
2026-06-07,Recurso,PGUG,,Hour03,600000.0,kWh,kW,True,"La magnitud y comportamiento horario coinciden con CapEfecNeta, DispoReal y DispoCome y la descripcion oficial corresponde a potencia neta.",600.0
2026-06-07,Recurso,PGUG,,Hour04,600000.0,kWh,kW,True,"La magnitud y comportamiento horario coinciden con CapEfecNeta, DispoReal y DispoCome y la descripcion oficial corresponde a potencia neta.",600.0
2026-06-07,Recurso,PGUG,,Hour05,600000.0,kWh,kW,True,"La magnitud y comportamiento horario coinciden con CapEfecNeta, DispoReal y DispoCome y la descripcion oficial corresponde a potencia neta.",600.0
2026-06-07,Recurso,PGUG,,Hour06,600000.0,kWh,kW,True,"La magnitud y comportamiento horario coinciden con CapEfecNeta, DispoReal y DispoCome y la descripcion oficial corresponde a potencia neta.",600.0
2026-06-07,Recurso,PGUG,,Hour07,600000.0,kWh,kW,True,"La magnitud y comportamiento horario coinciden con CapEfecNeta, DispoReal y DispoCome y la descripcion oficial corresponde a potencia neta.",600.0
2026-06-07,Recurso,PGUG,,Hour08,600000.0,kWh,kW,True,"La magnitud y comportamiento horario coinciden con CapEfecNeta, DispoReal y DispoCome y la descripcion oficial corresponde a potencia neta.",600.0
2026-06-07,Recurso,PGUG,,Hour09,600000.0,kWh,kW,True,"La magnitud y comportamiento horario coinciden con CapEfecNeta, DispoReal y DispoCome y la descripcion oficial corresponde a potencia neta.",600.0
2026-06-07,Recurso,PGUG,,Hour10,600000.0,kWh,kW,True,"La magnitud y comportamiento horario coinciden con CapEfecNeta, DispoReal y DispoCome y la descripcion oficial corresponde a potencia neta.",600.0
2026-06-07,Recurso,PGUG,,Hour11,600000.0,kWh,kW,True,"La magnitud y comportamiento horario coinciden con CapEfecNeta, DispoReal y DispoCome y la descripcion oficial corresponde a potencia neta.",600.0
2026-06-07,Recurso,PGUG,,Hour12,600000.0,kWh,kW,True,"La magnitud y comportamiento horario coinciden con CapEfecNeta, DispoReal y DispoCome y la descripcion oficial corresponde a potencia neta.",600.0
2026-06-07,Recurso,PGUG,,Hour13,600000.0,kWh,kW,True,"La magnitud y comportamiento horario coinciden con CapEfecNeta, DispoReal y DispoCome y la descripcion oficial corresponde a potencia neta.",600.0
2026-06-07,Recurso,PGUG,,Hour14,600000.0,kWh,kW,True,"La magnitud y comportamiento horario coinciden con CapEfecNeta, DispoReal y DispoCome y la descripcion oficial corresponde a potencia neta.",600.0
2026-06-07,Recurso,PGUG,,Hour15,600000.0,kWh,kW,True,"La magnitud y comportamiento horario coinciden con CapEfecNeta, DispoReal y DispoCome y la descripcion oficial corresponde a potencia neta.",600.0
2026-06-07,Recurso,PGUG,,Hour16,600000.0,kWh,kW,True,"La magnitud y comportamiento horario coinciden con CapEfecNeta, DispoReal y DispoCome y la descripcion oficial corresponde a potencia neta.",600.0
2026-06-07,Recurso,PGUG,,Hour17,600000.0,kWh,kW,True,"La magnitud y comportamiento horario coinciden con CapEfecNeta, DispoReal y DispoCome y la descripcion oficial corresponde a potencia neta.",600.0
2026-06-07,Recurso,PGUG,,Hour18,600000.0,kWh,kW,True,"La magnitud y comportamiento horario coinciden con CapEfecNeta, DispoReal y DispoCome y la descripcion oficial corresponde a potencia neta.",600.0
2026-06-07,Recurso,PGUG,,Hour19,600000.0,kWh,kW,True,"La magnitud y comportamiento horario coinciden con CapEfecNeta, DispoReal y DispoCome y la descripcion oficial corresponde a potencia neta.",600.0
2026-06-07,Recurso,PGUG,,Hour20,600000.0,kWh,kW,True,"La magnitud y comportamiento horario coinciden con CapEfecNeta, DispoReal y DispoCome y la descripcion oficial corresponde a potencia neta.",600.0
2026-06-07,Recurso,PGUG,,Hour21,600000.0,kWh,kW,True,"La magnitud y comportamiento horario coinciden con CapEfecNeta, DispoReal y DispoCome y la descripcion oficial corresponde a potencia neta.",600.0
2026-06-07,Recurso,PGUG,,Hour22,600000.0,kWh,kW,True,"La magnitud y comportamiento horario coinciden con CapEfecNeta, DispoReal y DispoCome y la descripcion oficial corresponde a potencia neta.",600.0
2026-06-07,Recurso,PGUG,,Hour23,600000.0,kWh,kW,True,"La magnitud y comportamiento horario coinciden con CapEfecNeta, DispoReal y DispoCome y la descripcion oficial corresponde a potencia neta.",600.0
2026-06-07,Recurso,PGUG,,Hour24,600000.0,kWh,kW,True,"La magnitud y comportamiento horario coinciden con CapEfecNeta, DispoReal y DispoCome y la descripcion oficial corresponde a potencia neta.",600.0
2026-06-07,Recurso,PLYS,,Hour01,207000.0,kWh,kW,True,"La magnitud y comportamiento horario coinciden con CapEfecNeta, DispoReal y DispoCome y la descripcion oficial corresponde a potencia neta.",207.0
2026-06-07,Recurso,PLYS,,Hour02,207000.0,kWh,kW,True,"La magnitud y comportamiento horario coinciden con CapEfecNeta, DispoReal y DispoCome y la descripcion oficial corresponde a potencia neta.",207.0
2026-06-07,Recurso,PLYS,,Hour03,207000.0,kWh,kW,True,"La magnitud y comportamiento horario coinciden con CapEfecNeta, DispoReal y DispoCome y la descripcion oficial corresponde a potencia neta.",207.0
2026-06-07,Recurso,PLYS,,Hour04,207000.0,kWh,kW,True,"La magnitud y comportamiento horario coinciden con CapEfecNeta, DispoReal y DispoCome y la descripcion oficial corresponde a potencia neta.",207.0
2026-06-07,Recurso,PLYS,,Hour05,207000.0,kWh,kW,True,"La magnitud y comportamiento horario coinciden con CapEfecNeta, DispoReal y DispoCome y la descripcion oficial corresponde a potencia neta.",207.0
2026-06-07,Recurso,PLYS,,Hour06,207000.0,kWh,kW,True,"La magnitud y comportamiento horario coinciden con CapEfecNeta, DispoReal y DispoCome y la descripcion oficial corresponde a potencia neta.",207.0
2026-06-07,Recurso,PLYS,,Hour07,207000.0,kWh,kW,True,"La magnitud y comportamiento horario coinciden con CapEfecNeta, DispoReal y DispoCome y la descripcion oficial corresponde a potencia neta.",207.0
2026-06-07,Recurso,PLYS,,Hour08,207000.0,kWh,kW,True,"La magnitud y comportamiento horario coinciden con CapEfecNeta, DispoReal y DispoCome y la descripcion oficial corresponde a potencia neta.",207.0
2026-06-07,Recurso,PLYS,,Hour09,207000.0,kWh,kW,True,"La magnitud y comportamiento horario coinciden con CapEfecNeta, DispoReal y DispoCome y la descripcion oficial corresponde a potencia neta.",207.0
2026-06-07,Recurso,PLYS,,Hour10,207000.0,kWh,kW,True,"La magnitud y comportamiento horario coinciden con CapEfecNeta, DispoReal y DispoCome y la descripcion oficial corresponde a potencia neta.",207.0
2026-06-07,Recurso,PLYS,,Hour11,207000.0,kWh,kW,True,"La magnitud y comportamiento horario coinciden con CapEfecNeta, DispoReal y DispoCome y la descripcion oficial corresponde a potencia neta.",207.0
2026-06-07,Recurso,PLYS,,Hour12,207000.0,kWh,kW,True,"La magnitud y comportamiento horario coinciden con CapEfecNeta, DispoReal y DispoCome y la descripcion oficial corresponde a potencia neta.",207.0
2026-06-07,Recurso,PLYS,,Hour13,207000.0,kWh,kW,True,"La magnitud y comportamiento horario coinciden con CapEfecNeta, DispoReal y DispoCome y la descripcion oficial corresponde a potencia neta.",207.0
2026-06-07,Recurso,PLYS,,Hour14,207000.0,kWh,kW,True,"La magnitud y comportamiento horario coinciden con CapEfecNeta, DispoReal y DispoCome y la descripcion oficial corresponde a potencia neta.",207.0
2026-06-07,Recurso,PLYS,,Hour15,207000.0,kWh,kW,True,"La magnitud y comportamiento horario coinciden con CapEfecNeta, DispoReal y DispoCome y la descripcion oficial corresponde a potencia neta.",207.0
2026-06-07,Recurso,PLYS,,Hour16,207000.0,kWh,kW,True,"La magnitud y comportamiento horario coinciden con CapEfecNeta, DispoReal y DispoCome y la descripcion oficial corresponde a potencia neta.",207.0
2026-06-07,Recurso,PLYS,,Hour17,207000.0,kWh,kW,True,"La magnitud y comportamiento horario coinciden con CapEfecNeta, DispoReal y DispoCome y la descripcion oficial corresponde a potencia neta.",207.0
2026-06-07,Recurso,PLYS,,Hour18,207000.0,kWh,kW,True,"La magnitud y comportamiento horario coinciden con CapEfecNeta, DispoReal y DispoCome y la descripcion oficial corresponde a potencia neta.",207.0
2026-06-07,Recurso,PLYS,,Hour19,207000.0,kWh,kW,True,"La magnitud y comportamiento horario coinciden con CapEfecNeta, DispoReal y DispoCome y la descripcion oficial corresponde a potencia neta.",207.0
2026-06-07,Recurso,PLYS,,Hour20,207000.0,kWh,kW,True,"La magnitud y comportamiento horario coinciden con CapEfecNeta, DispoReal y DispoCome y la descripcion oficial corresponde a potencia neta.",207.0
2026-06-07,Recurso,PLYS,,Hour21,207000.0,kWh,kW,True,"La magnitud y comportamiento horario coinciden con CapEfecNeta, DispoReal y DispoCome y la descripcion oficial corresponde a potencia neta.",207.0
2026-06-07,Recurso,PLYS,,Hour22,207000.0,kWh,kW,True,"La magnitud y comportamiento horario coinciden con CapEfecNeta, DispoReal y DispoCome y la descripcion oficial corresponde a potencia neta.",207.0
2026-06-07,Recurso,PLYS,,Hour23,207000.0,kWh,kW,True,"La magnitud y comportamiento horario coinciden con CapEfecNeta, DispoReal y DispoCome y la descripcion oficial corresponde a potencia neta.",207.0
2026-06-07,Recurso,PLYS,,Hour24,207000.0,kWh,kW,True,"La magnitud y comportamiento horario coinciden con CapEfecNeta, DispoReal y DispoCome y la descripcion oficial corresponde a potencia neta.",207.0
2026-06-07,Recurso,PPA1,,Hour01,23000.0,kWh,kW,True,"La magnitud y comportamiento horario coinciden con CapEfecNeta, DispoReal y DispoCome y la descripcion oficial corresponde a potencia neta.",23.0
2026-06-07,Recurso,PPA1,,Hour02,23000.0,kWh,kW,True,"La magnitud y comportamiento horario coinciden con CapEfecNeta, DispoReal y DispoCome y la descripcion oficial corresponde a potencia neta.",23.0
2026-06-07,Recurso,PPA1,,Hour03,23000.0,kWh,kW,True,"La magnitud y comportamiento horario coinciden con CapEfecNeta, DispoReal y DispoCome y la descripcion oficial corresponde a potencia neta.",23.0
2026-06-07,Recurso,PPA1,,Hour04,23000.0,kWh,kW,True,"La magnitud y comportamiento horario coinciden con CapEfecNeta, DispoReal y DispoCome y la descripcion oficial corresponde a potencia neta.",23.0
2026-06-07,Recurso,PPA1,,Hour05,23000.0,kWh,kW,True,"La magnitud y comportamiento horario coinciden con CapEfecNeta, DispoReal y DispoCome y la descripcion oficial corresponde a potencia neta.",23.0
2026-06-07,Recurso,PPA1,,Hour06,23000.0,kWh,kW,True,"La magnitud y comportamiento horario coinciden con CapEfecNeta, DispoReal y DispoCome y la descripcion oficial corresponde a potencia neta.",23.0
2026-06-07,Recurso,PPA1,,Hour07,23000.0,kWh,kW,True,"La magnitud y comportamiento horario coinciden con CapEfecNeta, DispoReal y DispoCome y la descripcion oficial corresponde a potencia neta.",23.0
2026-06-07,Recurso,PPA1,,Hour08,23000.0,kWh,kW,True,"La magnitud y comportamiento horario coinciden con CapEfecNeta, DispoReal y DispoCome y la descripcion oficial corresponde a potencia neta.",23.0
2026-06-07,Recurso,PPA1,,Hour09,23000.0,kWh,kW,True,"La magnitud y comportamiento horario coinciden con CapEfecNeta, DispoReal y DispoCome y la descripcion oficial corresponde a potencia neta.",23.0
2026-06-07,Recurso,PPA1,,Hour10,23000.0,kWh,kW,True,"La magnitud y comportamiento horario coinciden con CapEfecNeta, DispoReal y DispoCome y la descripcion oficial corresponde a potencia neta.",23.0
2026-06-07,Recurso,PPA1,,Hour11,23000.0,kWh,kW,True,"La magnitud y comportamiento horario coinciden con CapEfecNeta, DispoReal y DispoCome y la descripcion oficial corresponde a potencia neta.",23.0
2026-06-07,Recurso,PPA1,,Hour12,23000.0,kWh,kW,True,"La magnitud y comportamiento horario coinciden con CapEfecNeta, DispoReal y DispoCome y la descripcion oficial corresponde a potencia neta.",23.0
2026-06-07,Recurso,PPA1,,Hour13,23000.0,kWh,kW,True,"La magnitud y comportamiento horario coinciden con CapEfecNeta, DispoReal y DispoCome y la descripcion oficial corresponde a potencia neta.",23.0
2026-06-07,Recurso,PPA1,,Hour14,23000.0,kWh,kW,True,"La magnitud y comportamiento horario coinciden con CapEfecNeta, DispoReal y DispoCome y la descripcion oficial corresponde a potencia neta.",23.0
2026-06-07,Recurso,PPA1,,Hour15,23000.0,kWh,kW,True,"La magnitud y comportamiento horario coinciden con CapEfecNeta, DispoReal y DispoCome y la descripcion oficial corresponde a potencia neta.",23.0
2026-06-07,Recurso,PPA1,,Hour16,23000.0,kWh,kW,True,"La magnitud y comportamiento horario coinciden con CapEfecNeta, DispoReal y DispoCome y la descripcion oficial corresponde a potencia neta.",23.0
2026-06-07,Recurso,PPA1,,Hour17,23000.0,kWh,kW,True,"La magnitud y comportamiento horario coinciden con CapEfecNeta, DispoReal y DispoCome y la descripcion oficial corresponde a potencia neta.",23.0
2026-06-07,Recurso,PPA1,,Hour18,23000.0,kWh,kW,True,"La magnitud y comportamiento horario coinciden con CapEfecNeta, DispoReal y DispoCome y la descripcion oficial corresponde a potencia neta.",23.0
2026-06-07,Recurso,PPA1,,Hour19,23000.0,kWh,kW,True,"La magnitud y comportamiento horario coinciden con CapEfecNeta, DispoReal y DispoCome y la descripcion oficial corresponde a potencia neta.",23.0
2026-06-07,Recurso,PPA1,,Hour20,23000.0,kWh,kW,True,"La magnitud y comportamiento horario coinciden con CapEfecNeta, DispoReal y DispoCome y la descripcion oficial corresponde a potencia neta.",23.0
2026-06-07,Recurso,PPA1,,Hour21,23000.0,kWh,kW,True,"La magnitud y comportamiento horario coinciden con CapEfecNeta, DispoReal y DispoCome y la descripcion oficial corresponde a potencia neta.",23.0
2026-06-07,Recurso,PPA1,,Hour22,23000.0,kWh,kW,True,"La magnitud y comportamiento horario coinciden con CapEfecNeta, DispoReal y DispoCome y la descripcion oficial corresponde a potencia neta.",23.0
2026-06-07,Recurso,PPA1,,Hour23,23000.0,kWh,kW,True,"La magnitud y comportamiento horario coinciden con CapEfecNeta, DispoReal y DispoCome y la descripcion oficial corresponde a potencia neta.",23.0
2026-06-07,Recurso,PPA1,,Hour24,23000.0,kWh,kW,True,"La magnitud y comportamiento horario coinciden con CapEfecNeta, DispoReal y DispoCome y la descripcion oficial corresponde a potencia neta.",23.0
