Date,Id,code,name,Hour,Value,unit_catalog,unit_effective,unit_override_applied,override_reason,Value_MW
2026-06-01,Recurso,CTG2,,Hour01,39000.0,kWh,kW,True,"La magnitud y comportamiento horario coinciden con CapEfecNeta, DispoReal y DispoCome y la descripcion oficial corresponde a potencia neta.",39.0
2026-06-01,Recurso,CTG2,,Hour02,39000.0,kWh,kW,True,"La magnitud y comportamiento horario coinciden con CapEfecNeta, DispoReal y DispoCome y la descripcion oficial corresponde a potencia neta.",39.0
2026-06-01,Recurso,CTG2,,Hour03,39000.0,kWh,kW,True,"La magnitud y comportamiento horario coinciden con CapEfecNeta, DispoReal y DispoCome y la descripcion oficial corresponde a potencia neta.",39.0
2026-06-01,Recurso,CTG2,,Hour04,39000.0,kWh,kW,True,"La magnitud y comportamiento horario coinciden con CapEfecNeta, DispoReal y DispoCome y la descripcion oficial corresponde a potencia neta.",39.0
2026-06-01,Recurso,CTG2,,Hour05,39000.0,kWh,kW,True,"La magnitud y comportamiento horario coinciden con CapEfecNeta, DispoReal y DispoCome y la descripcion oficial corresponde a potencia neta.",39.0
2026-06-01,Recurso,CTG2,,Hour06,39000.0,kWh,kW,True,"La magnitud y comportamiento horario coinciden con CapEfecNeta, DispoReal y DispoCome y la descripcion oficial corresponde a potencia neta.",39.0
2026-06-01,Recurso,CTG2,,Hour07,0.0,kWh,kW,True,"La magnitud y comportamiento horario coinciden con CapEfecNeta, DispoReal y DispoCome y la descripcion oficial corresponde a potencia neta.",0.0
2026-06-01,Recurso,CTG2,,Hour08,0.0,kWh,kW,True,"La magnitud y comportamiento horario coinciden con CapEfecNeta, DispoReal y DispoCome y la descripcion oficial corresponde a potencia neta.",0.0
2026-06-01,Recurso,CTG2,,Hour09,0.0,kWh,kW,True,"La magnitud y comportamiento horario coinciden con CapEfecNeta, DispoReal y DispoCome y la descripcion oficial corresponde a potencia neta.",0.0
2026-06-01,Recurso,CTG2,,Hour10,0.0,kWh,kW,True,"La magnitud y comportamiento horario coinciden con CapEfecNeta, DispoReal y DispoCome y la descripcion oficial corresponde a potencia neta.",0.0
2026-06-01,Recurso,CTG2,,Hour11,0.0,kWh,kW,True,"La magnitud y comportamiento horario coinciden con CapEfecNeta, DispoReal y DispoCome y la descripcion oficial corresponde a potencia neta.",0.0
2026-06-01,Recurso,CTG2,,Hour12,0.0,kWh,kW,True,"La magnitud y comportamiento horario coinciden con CapEfecNeta, DispoReal y DispoCome y la descripcion oficial corresponde a potencia neta.",0.0
2026-06-01,Recurso,CTG2,,Hour13,0.0,kWh,kW,True,"La magnitud y comportamiento horario coinciden con CapEfecNeta, DispoReal y DispoCome y la descripcion oficial corresponde a potencia neta.",0.0
2026-06-01,Recurso,CTG2,,Hour14,0.0,kWh,kW,True,"La magnitud y comportamiento horario coinciden con CapEfecNeta, DispoReal y DispoCome y la descripcion oficial corresponde a potencia neta.",0.0
2026-06-01,Recurso,CTG2,,Hour15,0.0,kWh,kW,True,"La magnitud y comportamiento horario coinciden con CapEfecNeta, DispoReal y DispoCome y la descripcion oficial corresponde a potencia neta.",0.0
2026-06-01,Recurso,CTG2,,Hour16,0.0,kWh,kW,True,"La magnitud y comportamiento horario coinciden con CapEfecNeta, DispoReal y DispoCome y la descripcion oficial corresponde a potencia neta.",0.0
2026-06-01,Recurso,CTG2,,Hour17,0.0,kWh,kW,True,"La magnitud y comportamiento horario coinciden con CapEfecNeta, DispoReal y DispoCome y la descripcion oficial corresponde a potencia neta.",0.0
2026-06-01,Recurso,CTG2,,Hour18,0.0,kWh,kW,True,"La magnitud y comportamiento horario coinciden con CapEfecNeta, DispoReal y DispoCome y la descripcion oficial corresponde a potencia neta.",0.0
2026-06-01,Recurso,CTG2,,Hour19,0.0,kWh,kW,True,"La magnitud y comportamiento horario coinciden con CapEfecNeta, DispoReal y DispoCome y la descripcion oficial corresponde a potencia neta.",0.0
2026-06-01,Recurso,CTG2,,Hour20,0.0,kWh,kW,True,"La magnitud y comportamiento horario coinciden con CapEfecNeta, DispoReal y DispoCome y la descripcion oficial corresponde a potencia neta.",0.0
2026-06-01,Recurso,CTG2,,Hour21,0.0,kWh,kW,True,"La magnitud y comportamiento horario coinciden con CapEfecNeta, DispoReal y DispoCome y la descripcion oficial corresponde a potencia neta.",0.0
2026-06-01,Recurso,CTG2,,Hour22,0.0,kWh,kW,True,"La magnitud y comportamiento horario coinciden con CapEfecNeta, DispoReal y DispoCome y la descripcion oficial corresponde a potencia neta.",0.0
2026-06-01,Recurso,CTG2,,Hour23,0.0,kWh,kW,True,"La magnitud y comportamiento horario coinciden con CapEfecNeta, DispoReal y DispoCome y la descripcion oficial corresponde a potencia neta.",0.0
2026-06-01,Recurso,CTG2,,Hour24,0.0,kWh,kW,True,"La magnitud y comportamiento horario coinciden con CapEfecNeta, DispoReal y DispoCome y la descripcion oficial corresponde a potencia neta.",0.0
2026-06-01,Recurso,CTG3,,Hour01,0.0,kWh,kW,True,"La magnitud y comportamiento horario coinciden con CapEfecNeta, DispoReal y DispoCome y la descripcion oficial corresponde a potencia neta.",0.0
2026-06-01,Recurso,CTG3,,Hour02,0.0,kWh,kW,True,"La magnitud y comportamiento horario coinciden con CapEfecNeta, DispoReal y DispoCome y la descripcion oficial corresponde a potencia neta.",0.0
2026-06-01,Recurso,CTG3,,Hour03,0.0,kWh,kW,True,"La magnitud y comportamiento horario coinciden con CapEfecNeta, DispoReal y DispoCome y la descripcion oficial corresponde a potencia neta.",0.0
2026-06-01,Recurso,CTG3,,Hour04,0.0,kWh,kW,True,"La magnitud y comportamiento horario coinciden con CapEfecNeta, DispoReal y DispoCome y la descripcion oficial corresponde a potencia neta.",0.0
2026-06-01,Recurso,CTG3,,Hour05,0.0,kWh,kW,True,"La magnitud y comportamiento horario coinciden con CapEfecNeta, DispoReal y DispoCome y la descripcion oficial corresponde a potencia neta.",0.0
2026-06-01,Recurso,CTG3,,Hour06,0.0,kWh,kW,True,"La magnitud y comportamiento horario coinciden con CapEfecNeta, DispoReal y DispoCome y la descripcion oficial corresponde a potencia neta.",0.0
2026-06-01,Recurso,CTG3,,Hour07,0.0,kWh,kW,True,"La magnitud y comportamiento horario coinciden con CapEfecNeta, DispoReal y DispoCome y la descripcion oficial corresponde a potencia neta.",0.0
2026-06-01,Recurso,CTG3,,Hour08,0.0,kWh,kW,True,"La magnitud y comportamiento horario coinciden con CapEfecNeta, DispoReal y DispoCome y la descripcion oficial corresponde a potencia neta.",0.0
2026-06-01,Recurso,CTG3,,Hour09,0.0,kWh,kW,True,"La magnitud y comportamiento horario coinciden con CapEfecNeta, DispoReal y DispoCome y la descripcion oficial corresponde a potencia neta.",0.0
2026-06-01,Recurso,CTG3,,Hour10,0.0,kWh,kW,True,"La magnitud y comportamiento horario coinciden con CapEfecNeta, DispoReal y DispoCome y la descripcion oficial corresponde a potencia neta.",0.0
2026-06-01,Recurso,CTG3,,Hour11,0.0,kWh,kW,True,"La magnitud y comportamiento horario coinciden con CapEfecNeta, DispoReal y DispoCome y la descripcion oficial corresponde a potencia neta.",0.0
2026-06-01,Recurso,CTG3,,Hour12,0.0,kWh,kW,True,"La magnitud y comportamiento horario coinciden con CapEfecNeta, DispoReal y DispoCome y la descripcion oficial corresponde a potencia neta.",0.0
2026-06-01,Recurso,CTG3,,Hour13,0.0,kWh,kW,True,"La magnitud y comportamiento horario coinciden con CapEfecNeta, DispoReal y DispoCome y la descripcion oficial corresponde a potencia neta.",0.0
2026-06-01,Recurso,CTG3,,Hour14,0.0,kWh,kW,True,"La magnitud y comportamiento horario coinciden con CapEfecNeta, DispoReal y DispoCome y la descripcion oficial corresponde a potencia neta.",0.0
2026-06-01,Recurso,CTG3,,Hour15,0.0,kWh,kW,True,"La magnitud y comportamiento horario coinciden con CapEfecNeta, DispoReal y DispoCome y la descripcion oficial corresponde a potencia neta.",0.0
2026-06-01,Recurso,CTG3,,Hour16,0.0,kWh,kW,True,"La magnitud y comportamiento horario coinciden con CapEfecNeta, DispoReal y DispoCome y la descripcion oficial corresponde a potencia neta.",0.0
2026-06-01,Recurso,CTG3,,Hour17,0.0,kWh,kW,True,"La magnitud y comportamiento horario coinciden con CapEfecNeta, DispoReal y DispoCome y la descripcion oficial corresponde a potencia neta.",0.0
2026-06-01,Recurso,CTG3,,Hour18,0.0,kWh,kW,True,"La magnitud y comportamiento horario coinciden con CapEfecNeta, DispoReal y DispoCome y la descripcion oficial corresponde a potencia neta.",0.0
2026-06-01,Recurso,CTG3,,Hour19,0.0,kWh,kW,True,"La magnitud y comportamiento horario coinciden con CapEfecNeta, DispoReal y DispoCome y la descripcion oficial corresponde a potencia neta.",0.0
2026-06-01,Recurso,CTG3,,Hour20,0.0,kWh,kW,True,"La magnitud y comportamiento horario coinciden con CapEfecNeta, DispoReal y DispoCome y la descripcion oficial corresponde a potencia neta.",0.0
2026-06-01,Recurso,CTG3,,Hour21,0.0,kWh,kW,True,"La magnitud y comportamiento horario coinciden con CapEfecNeta, DispoReal y DispoCome y la descripcion oficial corresponde a potencia neta.",0.0
2026-06-01,Recurso,CTG3,,Hour22,0.0,kWh,kW,True,"La magnitud y comportamiento horario coinciden con CapEfecNeta, DispoReal y DispoCome y la descripcion oficial corresponde a potencia neta.",0.0
2026-06-01,Recurso,CTG3,,Hour23,0.0,kWh,kW,True,"La magnitud y comportamiento horario coinciden con CapEfecNeta, DispoReal y DispoCome y la descripcion oficial corresponde a potencia neta.",0.0
2026-06-01,Recurso,CTG3,,Hour24,0.0,kWh,kW,True,"La magnitud y comportamiento horario coinciden con CapEfecNeta, DispoReal y DispoCome y la descripcion oficial corresponde a potencia neta.",0.0
2026-06-01,Recurso,CUC1,,Hour01,54000.0,kWh,kW,True,"La magnitud y comportamiento horario coinciden con CapEfecNeta, DispoReal y DispoCome y la descripcion oficial corresponde a potencia neta.",54.0
2026-06-01,Recurso,CUC1,,Hour02,54000.0,kWh,kW,True,"La magnitud y comportamiento horario coinciden con CapEfecNeta, DispoReal y DispoCome y la descripcion oficial corresponde a potencia neta.",54.0
2026-06-01,Recurso,CUC1,,Hour03,54000.0,kWh,kW,True,"La magnitud y comportamiento horario coinciden con CapEfecNeta, DispoReal y DispoCome y la descripcion oficial corresponde a potencia neta.",54.0
2026-06-01,Recurso,CUC1,,Hour04,54000.0,kWh,kW,True,"La magnitud y comportamiento horario coinciden con CapEfecNeta, DispoReal y DispoCome y la descripcion oficial corresponde a potencia neta.",54.0
2026-06-01,Recurso,CUC1,,Hour05,54000.0,kWh,kW,True,"La magnitud y comportamiento horario coinciden con CapEfecNeta, DispoReal y DispoCome y la descripcion oficial corresponde a potencia neta.",54.0
2026-06-01,Recurso,CUC1,,Hour06,52000.0,kWh,kW,True,"La magnitud y comportamiento horario coinciden con CapEfecNeta, DispoReal y DispoCome y la descripcion oficial corresponde a potencia neta.",52.0
2026-06-01,Recurso,CUC1,,Hour07,50000.0,kWh,kW,True,"La magnitud y comportamiento horario coinciden con CapEfecNeta, DispoReal y DispoCome y la descripcion oficial corresponde a potencia neta.",50.0
2026-06-01,Recurso,CUC1,,Hour08,50000.0,kWh,kW,True,"La magnitud y comportamiento horario coinciden con CapEfecNeta, DispoReal y DispoCome y la descripcion oficial corresponde a potencia neta.",50.0
2026-06-01,Recurso,CUC1,,Hour09,38000.0,kWh,kW,True,"La magnitud y comportamiento horario coinciden con CapEfecNeta, DispoReal y DispoCome y la descripcion oficial corresponde a potencia neta.",38.0
2026-06-01,Recurso,CUC1,,Hour10,54000.0,kWh,kW,True,"La magnitud y comportamiento horario coinciden con CapEfecNeta, DispoReal y DispoCome y la descripcion oficial corresponde a potencia neta.",54.0
2026-06-01,Recurso,CUC1,,Hour11,54000.0,kWh,kW,True,"La magnitud y comportamiento horario coinciden con CapEfecNeta, DispoReal y DispoCome y la descripcion oficial corresponde a potencia neta.",54.0
2026-06-01,Recurso,CUC1,,Hour12,54000.0,kWh,kW,True,"La magnitud y comportamiento horario coinciden con CapEfecNeta, DispoReal y DispoCome y la descripcion oficial corresponde a potencia neta.",54.0
2026-06-01,Recurso,CUC1,,Hour13,48000.0,kWh,kW,True,"La magnitud y comportamiento horario coinciden con CapEfecNeta, DispoReal y DispoCome y la descripcion oficial corresponde a potencia neta.",48.0
2026-06-01,Recurso,CUC1,,Hour14,44000.0,kWh,kW,True,"La magnitud y comportamiento horario coinciden con CapEfecNeta, DispoReal y DispoCome y la descripcion oficial corresponde a potencia neta.",44.0
2026-06-01,Recurso,CUC1,,Hour15,44000.0,kWh,kW,True,"La magnitud y comportamiento horario coinciden con CapEfecNeta, DispoReal y DispoCome y la descripcion oficial corresponde a potencia neta.",44.0
2026-06-01,Recurso,CUC1,,Hour16,42000.0,kWh,kW,True,"La magnitud y comportamiento horario coinciden con CapEfecNeta, DispoReal y DispoCome y la descripcion oficial corresponde a potencia neta.",42.0
2026-06-01,Recurso,CUC1,,Hour17,42000.0,kWh,kW,True,"La magnitud y comportamiento horario coinciden con CapEfecNeta, DispoReal y DispoCome y la descripcion oficial corresponde a potencia neta.",42.0
2026-06-01,Recurso,CUC1,,Hour18,40000.0,kWh,kW,True,"La magnitud y comportamiento horario coinciden con CapEfecNeta, DispoReal y DispoCome y la descripcion oficial corresponde a potencia neta.",40.0
2026-06-01,Recurso,CUC1,,Hour19,40000.0,kWh,kW,True,"La magnitud y comportamiento horario coinciden con CapEfecNeta, DispoReal y DispoCome y la descripcion oficial corresponde a potencia neta.",40.0
2026-06-01,Recurso,CUC1,,Hour20,38000.0,kWh,kW,True,"La magnitud y comportamiento horario coinciden con CapEfecNeta, DispoReal y DispoCome y la descripcion oficial corresponde a potencia neta.",38.0
2026-06-01,Recurso,CUC1,,Hour21,36000.0,kWh,kW,True,"La magnitud y comportamiento horario coinciden con CapEfecNeta, DispoReal y DispoCome y la descripcion oficial corresponde a potencia neta.",36.0
2026-06-01,Recurso,CUC1,,Hour22,36000.0,kWh,kW,True,"La magnitud y comportamiento horario coinciden con CapEfecNeta, DispoReal y DispoCome y la descripcion oficial corresponde a potencia neta.",36.0
2026-06-01,Recurso,CUC1,,Hour23,36000.0,kWh,kW,True,"La magnitud y comportamiento horario coinciden con CapEfecNeta, DispoReal y DispoCome y la descripcion oficial corresponde a potencia neta.",36.0
2026-06-01,Recurso,CUC1,,Hour24,34000.0,kWh,kW,True,"La magnitud y comportamiento horario coinciden con CapEfecNeta, DispoReal y DispoCome y la descripcion oficial corresponde a potencia neta.",34.0
2026-06-01,Recurso,DVS1,,Hour01,150000.0,kWh,kW,True,"La magnitud y comportamiento horario coinciden con CapEfecNeta, DispoReal y DispoCome y la descripcion oficial corresponde a potencia neta.",150.0
2026-06-01,Recurso,DVS1,,Hour02,150000.0,kWh,kW,True,"La magnitud y comportamiento horario coinciden con CapEfecNeta, DispoReal y DispoCome y la descripcion oficial corresponde a potencia neta.",150.0
2026-06-01,Recurso,DVS1,,Hour03,150000.0,kWh,kW,True,"La magnitud y comportamiento horario coinciden con CapEfecNeta, DispoReal y DispoCome y la descripcion oficial corresponde a potencia neta.",150.0
2026-06-01,Recurso,DVS1,,Hour04,150000.0,kWh,kW,True,"La magnitud y comportamiento horario coinciden con CapEfecNeta, DispoReal y DispoCome y la descripcion oficial corresponde a potencia neta.",150.0
2026-06-01,Recurso,DVS1,,Hour05,150000.0,kWh,kW,True,"La magnitud y comportamiento horario coinciden con CapEfecNeta, DispoReal y DispoCome y la descripcion oficial corresponde a potencia neta.",150.0
2026-06-01,Recurso,DVS1,,Hour06,150000.0,kWh,kW,True,"La magnitud y comportamiento horario coinciden con CapEfecNeta, DispoReal y DispoCome y la descripcion oficial corresponde a potencia neta.",150.0
2026-06-01,Recurso,DVS1,,Hour07,150000.0,kWh,kW,True,"La magnitud y comportamiento horario coinciden con CapEfecNeta, DispoReal y DispoCome y la descripcion oficial corresponde a potencia neta.",150.0
2026-06-01,Recurso,DVS1,,Hour08,150000.0,kWh,kW,True,"La magnitud y comportamiento horario coinciden con CapEfecNeta, DispoReal y DispoCome y la descripcion oficial corresponde a potencia neta.",150.0
2026-06-01,Recurso,DVS1,,Hour09,150000.0,kWh,kW,True,"La magnitud y comportamiento horario coinciden con CapEfecNeta, DispoReal y DispoCome y la descripcion oficial corresponde a potencia neta.",150.0
2026-06-01,Recurso,DVS1,,Hour10,150000.0,kWh,kW,True,"La magnitud y comportamiento horario coinciden con CapEfecNeta, DispoReal y DispoCome y la descripcion oficial corresponde a potencia neta.",150.0
2026-06-01,Recurso,DVS1,,Hour11,150000.0,kWh,kW,True,"La magnitud y comportamiento horario coinciden con CapEfecNeta, DispoReal y DispoCome y la descripcion oficial corresponde a potencia neta.",150.0
2026-06-01,Recurso,DVS1,,Hour12,150000.0,kWh,kW,True,"La magnitud y comportamiento horario coinciden con CapEfecNeta, DispoReal y DispoCome y la descripcion oficial corresponde a potencia neta.",150.0
2026-06-01,Recurso,DVS1,,Hour13,150000.0,kWh,kW,True,"La magnitud y comportamiento horario coinciden con CapEfecNeta, DispoReal y DispoCome y la descripcion oficial corresponde a potencia neta.",150.0
2026-06-01,Recurso,DVS1,,Hour14,150000.0,kWh,kW,True,"La magnitud y comportamiento horario coinciden con CapEfecNeta, DispoReal y DispoCome y la descripcion oficial corresponde a potencia neta.",150.0
2026-06-01,Recurso,DVS1,,Hour15,150000.0,kWh,kW,True,"La magnitud y comportamiento horario coinciden con CapEfecNeta, DispoReal y DispoCome y la descripcion oficial corresponde a potencia neta.",150.0
2026-06-01,Recurso,DVS1,,Hour16,150000.0,kWh,kW,True,"La magnitud y comportamiento horario coinciden con CapEfecNeta, DispoReal y DispoCome y la descripcion oficial corresponde a potencia neta.",150.0
2026-06-01,Recurso,DVS1,,Hour17,150000.0,kWh,kW,True,"La magnitud y comportamiento horario coinciden con CapEfecNeta, DispoReal y DispoCome y la descripcion oficial corresponde a potencia neta.",150.0
2026-06-01,Recurso,DVS1,,Hour18,150000.0,kWh,kW,True,"La magnitud y comportamiento horario coinciden con CapEfecNeta, DispoReal y DispoCome y la descripcion oficial corresponde a potencia neta.",150.0
2026-06-01,Recurso,DVS1,,Hour19,150000.0,kWh,kW,True,"La magnitud y comportamiento horario coinciden con CapEfecNeta, DispoReal y DispoCome y la descripcion oficial corresponde a potencia neta.",150.0
2026-06-01,Recurso,DVS1,,Hour20,150000.0,kWh,kW,True,"La magnitud y comportamiento horario coinciden con CapEfecNeta, DispoReal y DispoCome y la descripcion oficial corresponde a potencia neta.",150.0
2026-06-01,Recurso,DVS1,,Hour21,150000.0,kWh,kW,True,"La magnitud y comportamiento horario coinciden con CapEfecNeta, DispoReal y DispoCome y la descripcion oficial corresponde a potencia neta.",150.0
2026-06-01,Recurso,DVS1,,Hour22,150000.0,kWh,kW,True,"La magnitud y comportamiento horario coinciden con CapEfecNeta, DispoReal y DispoCome y la descripcion oficial corresponde a potencia neta.",150.0
2026-06-01,Recurso,DVS1,,Hour23,150000.0,kWh,kW,True,"La magnitud y comportamiento horario coinciden con CapEfecNeta, DispoReal y DispoCome y la descripcion oficial corresponde a potencia neta.",150.0
2026-06-01,Recurso,DVS1,,Hour24,150000.0,kWh,kW,True,"La magnitud y comportamiento horario coinciden con CapEfecNeta, DispoReal y DispoCome y la descripcion oficial corresponde a potencia neta.",150.0
2026-06-01,Recurso,ESMR,,Hour01,21000.0,kWh,kW,True,"La magnitud y comportamiento horario coinciden con CapEfecNeta, DispoReal y DispoCome y la descripcion oficial corresponde a potencia neta.",21.0
2026-06-01,Recurso,ESMR,,Hour02,21000.0,kWh,kW,True,"La magnitud y comportamiento horario coinciden con CapEfecNeta, DispoReal y DispoCome y la descripcion oficial corresponde a potencia neta.",21.0
2026-06-01,Recurso,ESMR,,Hour03,21000.0,kWh,kW,True,"La magnitud y comportamiento horario coinciden con CapEfecNeta, DispoReal y DispoCome y la descripcion oficial corresponde a potencia neta.",21.0
2026-06-01,Recurso,ESMR,,Hour04,21000.0,kWh,kW,True,"La magnitud y comportamiento horario coinciden con CapEfecNeta, DispoReal y DispoCome y la descripcion oficial corresponde a potencia neta.",21.0
2026-06-01,Recurso,ESMR,,Hour05,21000.0,kWh,kW,True,"La magnitud y comportamiento horario coinciden con CapEfecNeta, DispoReal y DispoCome y la descripcion oficial corresponde a potencia neta.",21.0
2026-06-01,Recurso,ESMR,,Hour06,21000.0,kWh,kW,True,"La magnitud y comportamiento horario coinciden con CapEfecNeta, DispoReal y DispoCome y la descripcion oficial corresponde a potencia neta.",21.0
2026-06-01,Recurso,ESMR,,Hour07,21000.0,kWh,kW,True,"La magnitud y comportamiento horario coinciden con CapEfecNeta, DispoReal y DispoCome y la descripcion oficial corresponde a potencia neta.",21.0
2026-06-01,Recurso,ESMR,,Hour08,21000.0,kWh,kW,True,"La magnitud y comportamiento horario coinciden con CapEfecNeta, DispoReal y DispoCome y la descripcion oficial corresponde a potencia neta.",21.0
2026-06-01,Recurso,ESMR,,Hour09,21000.0,kWh,kW,True,"La magnitud y comportamiento horario coinciden con CapEfecNeta, DispoReal y DispoCome y la descripcion oficial corresponde a potencia neta.",21.0
2026-06-01,Recurso,ESMR,,Hour10,21000.0,kWh,kW,True,"La magnitud y comportamiento horario coinciden con CapEfecNeta, DispoReal y DispoCome y la descripcion oficial corresponde a potencia neta.",21.0
2026-06-01,Recurso,ESMR,,Hour11,21000.0,kWh,kW,True,"La magnitud y comportamiento horario coinciden con CapEfecNeta, DispoReal y DispoCome y la descripcion oficial corresponde a potencia neta.",21.0
2026-06-01,Recurso,ESMR,,Hour12,21000.0,kWh,kW,True,"La magnitud y comportamiento horario coinciden con CapEfecNeta, DispoReal y DispoCome y la descripcion oficial corresponde a potencia neta.",21.0
2026-06-01,Recurso,ESMR,,Hour13,21000.0,kWh,kW,True,"La magnitud y comportamiento horario coinciden con CapEfecNeta, DispoReal y DispoCome y la descripcion oficial corresponde a potencia neta.",21.0
2026-06-01,Recurso,ESMR,,Hour14,21000.0,kWh,kW,True,"La magnitud y comportamiento horario coinciden con CapEfecNeta, DispoReal y DispoCome y la descripcion oficial corresponde a potencia neta.",21.0
2026-06-01,Recurso,ESMR,,Hour15,21000.0,kWh,kW,True,"La magnitud y comportamiento horario coinciden con CapEfecNeta, DispoReal y DispoCome y la descripcion oficial corresponde a potencia neta.",21.0
2026-06-01,Recurso,ESMR,,Hour16,21000.0,kWh,kW,True,"La magnitud y comportamiento horario coinciden con CapEfecNeta, DispoReal y DispoCome y la descripcion oficial corresponde a potencia neta.",21.0
2026-06-01,Recurso,ESMR,,Hour17,21000.0,kWh,kW,True,"La magnitud y comportamiento horario coinciden con CapEfecNeta, DispoReal y DispoCome y la descripcion oficial corresponde a potencia neta.",21.0
2026-06-01,Recurso,ESMR,,Hour18,21000.0,kWh,kW,True,"La magnitud y comportamiento horario coinciden con CapEfecNeta, DispoReal y DispoCome y la descripcion oficial corresponde a potencia neta.",21.0
2026-06-01,Recurso,ESMR,,Hour19,21000.0,kWh,kW,True,"La magnitud y comportamiento horario coinciden con CapEfecNeta, DispoReal y DispoCome y la descripcion oficial corresponde a potencia neta.",21.0
2026-06-01,Recurso,ESMR,,Hour20,21000.0,kWh,kW,True,"La magnitud y comportamiento horario coinciden con CapEfecNeta, DispoReal y DispoCome y la descripcion oficial corresponde a potencia neta.",21.0
2026-06-01,Recurso,ESMR,,Hour21,21000.0,kWh,kW,True,"La magnitud y comportamiento horario coinciden con CapEfecNeta, DispoReal y DispoCome y la descripcion oficial corresponde a potencia neta.",21.0
2026-06-01,Recurso,ESMR,,Hour22,21000.0,kWh,kW,True,"La magnitud y comportamiento horario coinciden con CapEfecNeta, DispoReal y DispoCome y la descripcion oficial corresponde a potencia neta.",21.0
2026-06-01,Recurso,ESMR,,Hour23,21000.0,kWh,kW,True,"La magnitud y comportamiento horario coinciden con CapEfecNeta, DispoReal y DispoCome y la descripcion oficial corresponde a potencia neta.",21.0
2026-06-01,Recurso,ESMR,,Hour24,21000.0,kWh,kW,True,"La magnitud y comportamiento horario coinciden con CapEfecNeta, DispoReal y DispoCome y la descripcion oficial corresponde a potencia neta.",21.0
2026-06-01,Recurso,GE32,,Hour01,260000.0,kWh,kW,True,"La magnitud y comportamiento horario coinciden con CapEfecNeta, DispoReal y DispoCome y la descripcion oficial corresponde a potencia neta.",260.0
2026-06-01,Recurso,GE32,,Hour02,260000.0,kWh,kW,True,"La magnitud y comportamiento horario coinciden con CapEfecNeta, DispoReal y DispoCome y la descripcion oficial corresponde a potencia neta.",260.0
2026-06-01,Recurso,GE32,,Hour03,260000.0,kWh,kW,True,"La magnitud y comportamiento horario coinciden con CapEfecNeta, DispoReal y DispoCome y la descripcion oficial corresponde a potencia neta.",260.0
2026-06-01,Recurso,GE32,,Hour04,260000.0,kWh,kW,True,"La magnitud y comportamiento horario coinciden con CapEfecNeta, DispoReal y DispoCome y la descripcion oficial corresponde a potencia neta.",260.0
2026-06-01,Recurso,GE32,,Hour05,260000.0,kWh,kW,True,"La magnitud y comportamiento horario coinciden con CapEfecNeta, DispoReal y DispoCome y la descripcion oficial corresponde a potencia neta.",260.0
2026-06-01,Recurso,GE32,,Hour06,260000.0,kWh,kW,True,"La magnitud y comportamiento horario coinciden con CapEfecNeta, DispoReal y DispoCome y la descripcion oficial corresponde a potencia neta.",260.0
2026-06-01,Recurso,GE32,,Hour07,260000.0,kWh,kW,True,"La magnitud y comportamiento horario coinciden con CapEfecNeta, DispoReal y DispoCome y la descripcion oficial corresponde a potencia neta.",260.0
2026-06-01,Recurso,GE32,,Hour08,260000.0,kWh,kW,True,"La magnitud y comportamiento horario coinciden con CapEfecNeta, DispoReal y DispoCome y la descripcion oficial corresponde a potencia neta.",260.0
2026-06-01,Recurso,GE32,,Hour09,260000.0,kWh,kW,True,"La magnitud y comportamiento horario coinciden con CapEfecNeta, DispoReal y DispoCome y la descripcion oficial corresponde a potencia neta.",260.0
2026-06-01,Recurso,GE32,,Hour10,260000.0,kWh,kW,True,"La magnitud y comportamiento horario coinciden con CapEfecNeta, DispoReal y DispoCome y la descripcion oficial corresponde a potencia neta.",260.0
2026-06-01,Recurso,GE32,,Hour11,260000.0,kWh,kW,True,"La magnitud y comportamiento horario coinciden con CapEfecNeta, DispoReal y DispoCome y la descripcion oficial corresponde a potencia neta.",260.0
2026-06-01,Recurso,GE32,,Hour12,260000.0,kWh,kW,True,"La magnitud y comportamiento horario coinciden con CapEfecNeta, DispoReal y DispoCome y la descripcion oficial corresponde a potencia neta.",260.0
2026-06-01,Recurso,GE32,,Hour13,260000.0,kWh,kW,True,"La magnitud y comportamiento horario coinciden con CapEfecNeta, DispoReal y DispoCome y la descripcion oficial corresponde a potencia neta.",260.0
2026-06-01,Recurso,GE32,,Hour14,260000.0,kWh,kW,True,"La magnitud y comportamiento horario coinciden con CapEfecNeta, DispoReal y DispoCome y la descripcion oficial corresponde a potencia neta.",260.0
2026-06-01,Recurso,GE32,,Hour15,260000.0,kWh,kW,True,"La magnitud y comportamiento horario coinciden con CapEfecNeta, DispoReal y DispoCome y la descripcion oficial corresponde a potencia neta.",260.0
2026-06-01,Recurso,GE32,,Hour16,260000.0,kWh,kW,True,"La magnitud y comportamiento horario coinciden con CapEfecNeta, DispoReal y DispoCome y la descripcion oficial corresponde a potencia neta.",260.0
2026-06-01,Recurso,GE32,,Hour17,260000.0,kWh,kW,True,"La magnitud y comportamiento horario coinciden con CapEfecNeta, DispoReal y DispoCome y la descripcion oficial corresponde a potencia neta.",260.0
2026-06-01,Recurso,GE32,,Hour18,260000.0,kWh,kW,True,"La magnitud y comportamiento horario coinciden con CapEfecNeta, DispoReal y DispoCome y la descripcion oficial corresponde a potencia neta.",260.0
2026-06-01,Recurso,GE32,,Hour19,260000.0,kWh,kW,True,"La magnitud y comportamiento horario coinciden con CapEfecNeta, DispoReal y DispoCome y la descripcion oficial corresponde a potencia neta.",260.0
2026-06-01,Recurso,GE32,,Hour20,260000.0,kWh,kW,True,"La magnitud y comportamiento horario coinciden con CapEfecNeta, DispoReal y DispoCome y la descripcion oficial corresponde a potencia neta.",260.0
2026-06-01,Recurso,GE32,,Hour21,260000.0,kWh,kW,True,"La magnitud y comportamiento horario coinciden con CapEfecNeta, DispoReal y DispoCome y la descripcion oficial corresponde a potencia neta.",260.0
2026-06-01,Recurso,GE32,,Hour22,260000.0,kWh,kW,True,"La magnitud y comportamiento horario coinciden con CapEfecNeta, DispoReal y DispoCome y la descripcion oficial corresponde a potencia neta.",260.0
2026-06-01,Recurso,GE32,,Hour23,260000.0,kWh,kW,True,"La magnitud y comportamiento horario coinciden con CapEfecNeta, DispoReal y DispoCome y la descripcion oficial corresponde a potencia neta.",260.0
2026-06-01,Recurso,GE32,,Hour24,260000.0,kWh,kW,True,"La magnitud y comportamiento horario coinciden con CapEfecNeta, DispoReal y DispoCome y la descripcion oficial corresponde a potencia neta.",260.0
2026-06-01,Recurso,GEC3,,Hour01,164000.0,kWh,kW,True,"La magnitud y comportamiento horario coinciden con CapEfecNeta, DispoReal y DispoCome y la descripcion oficial corresponde a potencia neta.",164.0
2026-06-01,Recurso,GEC3,,Hour02,164000.0,kWh,kW,True,"La magnitud y comportamiento horario coinciden con CapEfecNeta, DispoReal y DispoCome y la descripcion oficial corresponde a potencia neta.",164.0
2026-06-01,Recurso,GEC3,,Hour03,164000.0,kWh,kW,True,"La magnitud y comportamiento horario coinciden con CapEfecNeta, DispoReal y DispoCome y la descripcion oficial corresponde a potencia neta.",164.0
2026-06-01,Recurso,GEC3,,Hour04,164000.0,kWh,kW,True,"La magnitud y comportamiento horario coinciden con CapEfecNeta, DispoReal y DispoCome y la descripcion oficial corresponde a potencia neta.",164.0
2026-06-01,Recurso,GEC3,,Hour05,164000.0,kWh,kW,True,"La magnitud y comportamiento horario coinciden con CapEfecNeta, DispoReal y DispoCome y la descripcion oficial corresponde a potencia neta.",164.0
2026-06-01,Recurso,GEC3,,Hour06,164000.0,kWh,kW,True,"La magnitud y comportamiento horario coinciden con CapEfecNeta, DispoReal y DispoCome y la descripcion oficial corresponde a potencia neta.",164.0
2026-06-01,Recurso,GEC3,,Hour07,164000.0,kWh,kW,True,"La magnitud y comportamiento horario coinciden con CapEfecNeta, DispoReal y DispoCome y la descripcion oficial corresponde a potencia neta.",164.0
2026-06-01,Recurso,GEC3,,Hour08,164000.0,kWh,kW,True,"La magnitud y comportamiento horario coinciden con CapEfecNeta, DispoReal y DispoCome y la descripcion oficial corresponde a potencia neta.",164.0
2026-06-01,Recurso,GEC3,,Hour09,164000.0,kWh,kW,True,"La magnitud y comportamiento horario coinciden con CapEfecNeta, DispoReal y DispoCome y la descripcion oficial corresponde a potencia neta.",164.0
2026-06-01,Recurso,GEC3,,Hour10,164000.0,kWh,kW,True,"La magnitud y comportamiento horario coinciden con CapEfecNeta, DispoReal y DispoCome y la descripcion oficial corresponde a potencia neta.",164.0
2026-06-01,Recurso,GEC3,,Hour11,164000.0,kWh,kW,True,"La magnitud y comportamiento horario coinciden con CapEfecNeta, DispoReal y DispoCome y la descripcion oficial corresponde a potencia neta.",164.0
2026-06-01,Recurso,GEC3,,Hour12,164000.0,kWh,kW,True,"La magnitud y comportamiento horario coinciden con CapEfecNeta, DispoReal y DispoCome y la descripcion oficial corresponde a potencia neta.",164.0
2026-06-01,Recurso,GEC3,,Hour13,164000.0,kWh,kW,True,"La magnitud y comportamiento horario coinciden con CapEfecNeta, DispoReal y DispoCome y la descripcion oficial corresponde a potencia neta.",164.0
2026-06-01,Recurso,GEC3,,Hour14,164000.0,kWh,kW,True,"La magnitud y comportamiento horario coinciden con CapEfecNeta, DispoReal y DispoCome y la descripcion oficial corresponde a potencia neta.",164.0
2026-06-01,Recurso,GEC3,,Hour15,164000.0,kWh,kW,True,"La magnitud y comportamiento horario coinciden con CapEfecNeta, DispoReal y DispoCome y la descripcion oficial corresponde a potencia neta.",164.0
2026-06-01,Recurso,GEC3,,Hour16,164000.0,kWh,kW,True,"La magnitud y comportamiento horario coinciden con CapEfecNeta, DispoReal y DispoCome y la descripcion oficial corresponde a potencia neta.",164.0
2026-06-01,Recurso,GEC3,,Hour17,164000.0,kWh,kW,True,"La magnitud y comportamiento horario coinciden con CapEfecNeta, DispoReal y DispoCome y la descripcion oficial corresponde a potencia neta.",164.0
2026-06-01,Recurso,GEC3,,Hour18,164000.0,kWh,kW,True,"La magnitud y comportamiento horario coinciden con CapEfecNeta, DispoReal y DispoCome y la descripcion oficial corresponde a potencia neta.",164.0
2026-06-01,Recurso,GEC3,,Hour19,164000.0,kWh,kW,True,"La magnitud y comportamiento horario coinciden con CapEfecNeta, DispoReal y DispoCome y la descripcion oficial corresponde a potencia neta.",164.0
2026-06-01,Recurso,GEC3,,Hour20,164000.0,kWh,kW,True,"La magnitud y comportamiento horario coinciden con CapEfecNeta, DispoReal y DispoCome y la descripcion oficial corresponde a potencia neta.",164.0
2026-06-01,Recurso,GEC3,,Hour21,164000.0,kWh,kW,True,"La magnitud y comportamiento horario coinciden con CapEfecNeta, DispoReal y DispoCome y la descripcion oficial corresponde a potencia neta.",164.0
2026-06-01,Recurso,GEC3,,Hour22,164000.0,kWh,kW,True,"La magnitud y comportamiento horario coinciden con CapEfecNeta, DispoReal y DispoCome y la descripcion oficial corresponde a potencia neta.",164.0
2026-06-01,Recurso,GEC3,,Hour23,164000.0,kWh,kW,True,"La magnitud y comportamiento horario coinciden con CapEfecNeta, DispoReal y DispoCome y la descripcion oficial corresponde a potencia neta.",164.0
2026-06-01,Recurso,GEC3,,Hour24,164000.0,kWh,kW,True,"La magnitud y comportamiento horario coinciden con CapEfecNeta, DispoReal y DispoCome y la descripcion oficial corresponde a potencia neta.",164.0
2026-06-01,Recurso,GTPE,,Hour01,490000.0,kWh,kW,True,"La magnitud y comportamiento horario coinciden con CapEfecNeta, DispoReal y DispoCome y la descripcion oficial corresponde a potencia neta.",490.0
2026-06-01,Recurso,GTPE,,Hour02,490000.0,kWh,kW,True,"La magnitud y comportamiento horario coinciden con CapEfecNeta, DispoReal y DispoCome y la descripcion oficial corresponde a potencia neta.",490.0
2026-06-01,Recurso,GTPE,,Hour03,490000.0,kWh,kW,True,"La magnitud y comportamiento horario coinciden con CapEfecNeta, DispoReal y DispoCome y la descripcion oficial corresponde a potencia neta.",490.0
2026-06-01,Recurso,GTPE,,Hour04,490000.0,kWh,kW,True,"La magnitud y comportamiento horario coinciden con CapEfecNeta, DispoReal y DispoCome y la descripcion oficial corresponde a potencia neta.",490.0
2026-06-01,Recurso,GTPE,,Hour05,490000.0,kWh,kW,True,"La magnitud y comportamiento horario coinciden con CapEfecNeta, DispoReal y DispoCome y la descripcion oficial corresponde a potencia neta.",490.0
2026-06-01,Recurso,GTPE,,Hour06,490000.0,kWh,kW,True,"La magnitud y comportamiento horario coinciden con CapEfecNeta, DispoReal y DispoCome y la descripcion oficial corresponde a potencia neta.",490.0
2026-06-01,Recurso,GTPE,,Hour07,490000.0,kWh,kW,True,"La magnitud y comportamiento horario coinciden con CapEfecNeta, DispoReal y DispoCome y la descripcion oficial corresponde a potencia neta.",490.0
2026-06-01,Recurso,GTPE,,Hour08,420000.0,kWh,kW,True,"La magnitud y comportamiento horario coinciden con CapEfecNeta, DispoReal y DispoCome y la descripcion oficial corresponde a potencia neta.",420.0
2026-06-01,Recurso,GTPE,,Hour09,420000.0,kWh,kW,True,"La magnitud y comportamiento horario coinciden con CapEfecNeta, DispoReal y DispoCome y la descripcion oficial corresponde a potencia neta.",420.0
2026-06-01,Recurso,GTPE,,Hour10,420000.0,kWh,kW,True,"La magnitud y comportamiento horario coinciden con CapEfecNeta, DispoReal y DispoCome y la descripcion oficial corresponde a potencia neta.",420.0
2026-06-01,Recurso,GTPE,,Hour11,420000.0,kWh,kW,True,"La magnitud y comportamiento horario coinciden con CapEfecNeta, DispoReal y DispoCome y la descripcion oficial corresponde a potencia neta.",420.0
2026-06-01,Recurso,GTPE,,Hour12,420000.0,kWh,kW,True,"La magnitud y comportamiento horario coinciden con CapEfecNeta, DispoReal y DispoCome y la descripcion oficial corresponde a potencia neta.",420.0
2026-06-01,Recurso,GTPE,,Hour13,420000.0,kWh,kW,True,"La magnitud y comportamiento horario coinciden con CapEfecNeta, DispoReal y DispoCome y la descripcion oficial corresponde a potencia neta.",420.0
2026-06-01,Recurso,GTPE,,Hour14,420000.0,kWh,kW,True,"La magnitud y comportamiento horario coinciden con CapEfecNeta, DispoReal y DispoCome y la descripcion oficial corresponde a potencia neta.",420.0
2026-06-01,Recurso,GTPE,,Hour15,420000.0,kWh,kW,True,"La magnitud y comportamiento horario coinciden con CapEfecNeta, DispoReal y DispoCome y la descripcion oficial corresponde a potencia neta.",420.0
2026-06-01,Recurso,GTPE,,Hour16,420000.0,kWh,kW,True,"La magnitud y comportamiento horario coinciden con CapEfecNeta, DispoReal y DispoCome y la descripcion oficial corresponde a potencia neta.",420.0
2026-06-01,Recurso,GTPE,,Hour17,420000.0,kWh,kW,True,"La magnitud y comportamiento horario coinciden con CapEfecNeta, DispoReal y DispoCome y la descripcion oficial corresponde a potencia neta.",420.0
2026-06-01,Recurso,GTPE,,Hour18,420000.0,kWh,kW,True,"La magnitud y comportamiento horario coinciden con CapEfecNeta, DispoReal y DispoCome y la descripcion oficial corresponde a potencia neta.",420.0
2026-06-01,Recurso,GTPE,,Hour19,420000.0,kWh,kW,True,"La magnitud y comportamiento horario coinciden con CapEfecNeta, DispoReal y DispoCome y la descripcion oficial corresponde a potencia neta.",420.0
2026-06-01,Recurso,GTPE,,Hour20,420000.0,kWh,kW,True,"La magnitud y comportamiento horario coinciden con CapEfecNeta, DispoReal y DispoCome y la descripcion oficial corresponde a potencia neta.",420.0
2026-06-01,Recurso,GTPE,,Hour21,420000.0,kWh,kW,True,"La magnitud y comportamiento horario coinciden con CapEfecNeta, DispoReal y DispoCome y la descripcion oficial corresponde a potencia neta.",420.0
2026-06-01,Recurso,GTPE,,Hour22,420000.0,kWh,kW,True,"La magnitud y comportamiento horario coinciden con CapEfecNeta, DispoReal y DispoCome y la descripcion oficial corresponde a potencia neta.",420.0
2026-06-01,Recurso,GTPE,,Hour23,420000.0,kWh,kW,True,"La magnitud y comportamiento horario coinciden con CapEfecNeta, DispoReal y DispoCome y la descripcion oficial corresponde a potencia neta.",420.0
2026-06-01,Recurso,GTPE,,Hour24,420000.0,kWh,kW,True,"La magnitud y comportamiento horario coinciden con CapEfecNeta, DispoReal y DispoCome y la descripcion oficial corresponde a potencia neta.",420.0
2026-06-01,Recurso,GTRG,,Hour01,427000.0,kWh,kW,True,"La magnitud y comportamiento horario coinciden con CapEfecNeta, DispoReal y DispoCome y la descripcion oficial corresponde a potencia neta.",427.0
2026-06-01,Recurso,GTRG,,Hour02,427000.0,kWh,kW,True,"La magnitud y comportamiento horario coinciden con CapEfecNeta, DispoReal y DispoCome y la descripcion oficial corresponde a potencia neta.",427.0
2026-06-01,Recurso,GTRG,,Hour03,427000.0,kWh,kW,True,"La magnitud y comportamiento horario coinciden con CapEfecNeta, DispoReal y DispoCome y la descripcion oficial corresponde a potencia neta.",427.0
2026-06-01,Recurso,GTRG,,Hour04,427000.0,kWh,kW,True,"La magnitud y comportamiento horario coinciden con CapEfecNeta, DispoReal y DispoCome y la descripcion oficial corresponde a potencia neta.",427.0
2026-06-01,Recurso,GTRG,,Hour05,427000.0,kWh,kW,True,"La magnitud y comportamiento horario coinciden con CapEfecNeta, DispoReal y DispoCome y la descripcion oficial corresponde a potencia neta.",427.0
2026-06-01,Recurso,GTRG,,Hour06,427000.0,kWh,kW,True,"La magnitud y comportamiento horario coinciden con CapEfecNeta, DispoReal y DispoCome y la descripcion oficial corresponde a potencia neta.",427.0
2026-06-01,Recurso,GTRG,,Hour07,427000.0,kWh,kW,True,"La magnitud y comportamiento horario coinciden con CapEfecNeta, DispoReal y DispoCome y la descripcion oficial corresponde a potencia neta.",427.0
2026-06-01,Recurso,GTRG,,Hour08,427000.0,kWh,kW,True,"La magnitud y comportamiento horario coinciden con CapEfecNeta, DispoReal y DispoCome y la descripcion oficial corresponde a potencia neta.",427.0
2026-06-01,Recurso,GTRG,,Hour09,427000.0,kWh,kW,True,"La magnitud y comportamiento horario coinciden con CapEfecNeta, DispoReal y DispoCome y la descripcion oficial corresponde a potencia neta.",427.0
2026-06-01,Recurso,GTRG,,Hour10,427000.0,kWh,kW,True,"La magnitud y comportamiento horario coinciden con CapEfecNeta, DispoReal y DispoCome y la descripcion oficial corresponde a potencia neta.",427.0
2026-06-01,Recurso,GTRG,,Hour11,427000.0,kWh,kW,True,"La magnitud y comportamiento horario coinciden con CapEfecNeta, DispoReal y DispoCome y la descripcion oficial corresponde a potencia neta.",427.0
2026-06-01,Recurso,GTRG,,Hour12,427000.0,kWh,kW,True,"La magnitud y comportamiento horario coinciden con CapEfecNeta, DispoReal y DispoCome y la descripcion oficial corresponde a potencia neta.",427.0
2026-06-01,Recurso,GTRG,,Hour13,427000.0,kWh,kW,True,"La magnitud y comportamiento horario coinciden con CapEfecNeta, DispoReal y DispoCome y la descripcion oficial corresponde a potencia neta.",427.0
2026-06-01,Recurso,GTRG,,Hour14,427000.0,kWh,kW,True,"La magnitud y comportamiento horario coinciden con CapEfecNeta, DispoReal y DispoCome y la descripcion oficial corresponde a potencia neta.",427.0
2026-06-01,Recurso,GTRG,,Hour15,427000.0,kWh,kW,True,"La magnitud y comportamiento horario coinciden con CapEfecNeta, DispoReal y DispoCome y la descripcion oficial corresponde a potencia neta.",427.0
2026-06-01,Recurso,GTRG,,Hour16,427000.0,kWh,kW,True,"La magnitud y comportamiento horario coinciden con CapEfecNeta, DispoReal y DispoCome y la descripcion oficial corresponde a potencia neta.",427.0
2026-06-01,Recurso,GTRG,,Hour17,427000.0,kWh,kW,True,"La magnitud y comportamiento horario coinciden con CapEfecNeta, DispoReal y DispoCome y la descripcion oficial corresponde a potencia neta.",427.0
2026-06-01,Recurso,GTRG,,Hour18,427000.0,kWh,kW,True,"La magnitud y comportamiento horario coinciden con CapEfecNeta, DispoReal y DispoCome y la descripcion oficial corresponde a potencia neta.",427.0
2026-06-01,Recurso,GTRG,,Hour19,427000.0,kWh,kW,True,"La magnitud y comportamiento horario coinciden con CapEfecNeta, DispoReal y DispoCome y la descripcion oficial corresponde a potencia neta.",427.0
2026-06-01,Recurso,GTRG,,Hour20,427000.0,kWh,kW,True,"La magnitud y comportamiento horario coinciden con CapEfecNeta, DispoReal y DispoCome y la descripcion oficial corresponde a potencia neta.",427.0
2026-06-01,Recurso,GTRG,,Hour21,427000.0,kWh,kW,True,"La magnitud y comportamiento horario coinciden con CapEfecNeta, DispoReal y DispoCome y la descripcion oficial corresponde a potencia neta.",427.0
2026-06-01,Recurso,GTRG,,Hour22,427000.0,kWh,kW,True,"La magnitud y comportamiento horario coinciden con CapEfecNeta, DispoReal y DispoCome y la descripcion oficial corresponde a potencia neta.",427.0
2026-06-01,Recurso,GTRG,,Hour23,427000.0,kWh,kW,True,"La magnitud y comportamiento horario coinciden con CapEfecNeta, DispoReal y DispoCome y la descripcion oficial corresponde a potencia neta.",427.0
2026-06-01,Recurso,GTRG,,Hour24,427000.0,kWh,kW,True,"La magnitud y comportamiento horario coinciden con CapEfecNeta, DispoReal y DispoCome y la descripcion oficial corresponde a potencia neta.",427.0
2026-06-01,Recurso,GVIO,,Hour01,1215000.0,kWh,kW,True,"La magnitud y comportamiento horario coinciden con CapEfecNeta, DispoReal y DispoCome y la descripcion oficial corresponde a potencia neta.",1215.0
2026-06-01,Recurso,GVIO,,Hour02,1215000.0,kWh,kW,True,"La magnitud y comportamiento horario coinciden con CapEfecNeta, DispoReal y DispoCome y la descripcion oficial corresponde a potencia neta.",1215.0
2026-06-01,Recurso,GVIO,,Hour03,1215000.0,kWh,kW,True,"La magnitud y comportamiento horario coinciden con CapEfecNeta, DispoReal y DispoCome y la descripcion oficial corresponde a potencia neta.",1215.0
2026-06-01,Recurso,GVIO,,Hour04,1215000.0,kWh,kW,True,"La magnitud y comportamiento horario coinciden con CapEfecNeta, DispoReal y DispoCome y la descripcion oficial corresponde a potencia neta.",1215.0
2026-06-01,Recurso,GVIO,,Hour05,1215000.0,kWh,kW,True,"La magnitud y comportamiento horario coinciden con CapEfecNeta, DispoReal y DispoCome y la descripcion oficial corresponde a potencia neta.",1215.0
2026-06-01,Recurso,GVIO,,Hour06,1215000.0,kWh,kW,True,"La magnitud y comportamiento horario coinciden con CapEfecNeta, DispoReal y DispoCome y la descripcion oficial corresponde a potencia neta.",1215.0
2026-06-01,Recurso,GVIO,,Hour07,1215000.0,kWh,kW,True,"La magnitud y comportamiento horario coinciden con CapEfecNeta, DispoReal y DispoCome y la descripcion oficial corresponde a potencia neta.",1215.0
2026-06-01,Recurso,GVIO,,Hour08,1215000.0,kWh,kW,True,"La magnitud y comportamiento horario coinciden con CapEfecNeta, DispoReal y DispoCome y la descripcion oficial corresponde a potencia neta.",1215.0
2026-06-01,Recurso,GVIO,,Hour09,1215000.0,kWh,kW,True,"La magnitud y comportamiento horario coinciden con CapEfecNeta, DispoReal y DispoCome y la descripcion oficial corresponde a potencia neta.",1215.0
2026-06-01,Recurso,GVIO,,Hour10,1215000.0,kWh,kW,True,"La magnitud y comportamiento horario coinciden con CapEfecNeta, DispoReal y DispoCome y la descripcion oficial corresponde a potencia neta.",1215.0
2026-06-01,Recurso,GVIO,,Hour11,1215000.0,kWh,kW,True,"La magnitud y comportamiento horario coinciden con CapEfecNeta, DispoReal y DispoCome y la descripcion oficial corresponde a potencia neta.",1215.0
2026-06-01,Recurso,GVIO,,Hour12,1215000.0,kWh,kW,True,"La magnitud y comportamiento horario coinciden con CapEfecNeta, DispoReal y DispoCome y la descripcion oficial corresponde a potencia neta.",1215.0
2026-06-01,Recurso,GVIO,,Hour13,1215000.0,kWh,kW,True,"La magnitud y comportamiento horario coinciden con CapEfecNeta, DispoReal y DispoCome y la descripcion oficial corresponde a potencia neta.",1215.0
2026-06-01,Recurso,GVIO,,Hour14,1215000.0,kWh,kW,True,"La magnitud y comportamiento horario coinciden con CapEfecNeta, DispoReal y DispoCome y la descripcion oficial corresponde a potencia neta.",1215.0
2026-06-01,Recurso,GVIO,,Hour15,1215000.0,kWh,kW,True,"La magnitud y comportamiento horario coinciden con CapEfecNeta, DispoReal y DispoCome y la descripcion oficial corresponde a potencia neta.",1215.0
2026-06-01,Recurso,GVIO,,Hour16,1215000.0,kWh,kW,True,"La magnitud y comportamiento horario coinciden con CapEfecNeta, DispoReal y DispoCome y la descripcion oficial corresponde a potencia neta.",1215.0
2026-06-01,Recurso,GVIO,,Hour17,1215000.0,kWh,kW,True,"La magnitud y comportamiento horario coinciden con CapEfecNeta, DispoReal y DispoCome y la descripcion oficial corresponde a potencia neta.",1215.0
2026-06-01,Recurso,GVIO,,Hour18,1215000.0,kWh,kW,True,"La magnitud y comportamiento horario coinciden con CapEfecNeta, DispoReal y DispoCome y la descripcion oficial corresponde a potencia neta.",1215.0
2026-06-01,Recurso,GVIO,,Hour19,1215000.0,kWh,kW,True,"La magnitud y comportamiento horario coinciden con CapEfecNeta, DispoReal y DispoCome y la descripcion oficial corresponde a potencia neta.",1215.0
2026-06-01,Recurso,GVIO,,Hour20,1215000.0,kWh,kW,True,"La magnitud y comportamiento horario coinciden con CapEfecNeta, DispoReal y DispoCome y la descripcion oficial corresponde a potencia neta.",1215.0
2026-06-01,Recurso,GVIO,,Hour21,1215000.0,kWh,kW,True,"La magnitud y comportamiento horario coinciden con CapEfecNeta, DispoReal y DispoCome y la descripcion oficial corresponde a potencia neta.",1215.0
2026-06-01,Recurso,GVIO,,Hour22,1215000.0,kWh,kW,True,"La magnitud y comportamiento horario coinciden con CapEfecNeta, DispoReal y DispoCome y la descripcion oficial corresponde a potencia neta.",1215.0
2026-06-01,Recurso,GVIO,,Hour23,1215000.0,kWh,kW,True,"La magnitud y comportamiento horario coinciden con CapEfecNeta, DispoReal y DispoCome y la descripcion oficial corresponde a potencia neta.",1215.0
2026-06-01,Recurso,GVIO,,Hour24,1215000.0,kWh,kW,True,"La magnitud y comportamiento horario coinciden con CapEfecNeta, DispoReal y DispoCome y la descripcion oficial corresponde a potencia neta.",1215.0
2026-06-02,Recurso,CTG2,,Hour01,0.0,kWh,kW,True,"La magnitud y comportamiento horario coinciden con CapEfecNeta, DispoReal y DispoCome y la descripcion oficial corresponde a potencia neta.",0.0
2026-06-02,Recurso,CTG2,,Hour02,0.0,kWh,kW,True,"La magnitud y comportamiento horario coinciden con CapEfecNeta, DispoReal y DispoCome y la descripcion oficial corresponde a potencia neta.",0.0
2026-06-02,Recurso,CTG2,,Hour03,0.0,kWh,kW,True,"La magnitud y comportamiento horario coinciden con CapEfecNeta, DispoReal y DispoCome y la descripcion oficial corresponde a potencia neta.",0.0
2026-06-02,Recurso,CTG2,,Hour04,0.0,kWh,kW,True,"La magnitud y comportamiento horario coinciden con CapEfecNeta, DispoReal y DispoCome y la descripcion oficial corresponde a potencia neta.",0.0
2026-06-02,Recurso,CTG2,,Hour05,0.0,kWh,kW,True,"La magnitud y comportamiento horario coinciden con CapEfecNeta, DispoReal y DispoCome y la descripcion oficial corresponde a potencia neta.",0.0
2026-06-02,Recurso,CTG2,,Hour06,0.0,kWh,kW,True,"La magnitud y comportamiento horario coinciden con CapEfecNeta, DispoReal y DispoCome y la descripcion oficial corresponde a potencia neta.",0.0
2026-06-02,Recurso,CTG2,,Hour07,0.0,kWh,kW,True,"La magnitud y comportamiento horario coinciden con CapEfecNeta, DispoReal y DispoCome y la descripcion oficial corresponde a potencia neta.",0.0
2026-06-02,Recurso,CTG2,,Hour08,0.0,kWh,kW,True,"La magnitud y comportamiento horario coinciden con CapEfecNeta, DispoReal y DispoCome y la descripcion oficial corresponde a potencia neta.",0.0
2026-06-02,Recurso,CTG2,,Hour09,0.0,kWh,kW,True,"La magnitud y comportamiento horario coinciden con CapEfecNeta, DispoReal y DispoCome y la descripcion oficial corresponde a potencia neta.",0.0
2026-06-02,Recurso,CTG2,,Hour10,0.0,kWh,kW,True,"La magnitud y comportamiento horario coinciden con CapEfecNeta, DispoReal y DispoCome y la descripcion oficial corresponde a potencia neta.",0.0
2026-06-02,Recurso,CTG2,,Hour11,0.0,kWh,kW,True,"La magnitud y comportamiento horario coinciden con CapEfecNeta, DispoReal y DispoCome y la descripcion oficial corresponde a potencia neta.",0.0
2026-06-02,Recurso,CTG2,,Hour12,0.0,kWh,kW,True,"La magnitud y comportamiento horario coinciden con CapEfecNeta, DispoReal y DispoCome y la descripcion oficial corresponde a potencia neta.",0.0
2026-06-02,Recurso,CTG2,,Hour13,0.0,kWh,kW,True,"La magnitud y comportamiento horario coinciden con CapEfecNeta, DispoReal y DispoCome y la descripcion oficial corresponde a potencia neta.",0.0
2026-06-02,Recurso,CTG2,,Hour14,0.0,kWh,kW,True,"La magnitud y comportamiento horario coinciden con CapEfecNeta, DispoReal y DispoCome y la descripcion oficial corresponde a potencia neta.",0.0
2026-06-02,Recurso,CTG2,,Hour15,0.0,kWh,kW,True,"La magnitud y comportamiento horario coinciden con CapEfecNeta, DispoReal y DispoCome y la descripcion oficial corresponde a potencia neta.",0.0
2026-06-02,Recurso,CTG2,,Hour16,0.0,kWh,kW,True,"La magnitud y comportamiento horario coinciden con CapEfecNeta, DispoReal y DispoCome y la descripcion oficial corresponde a potencia neta.",0.0
2026-06-02,Recurso,CTG2,,Hour17,0.0,kWh,kW,True,"La magnitud y comportamiento horario coinciden con CapEfecNeta, DispoReal y DispoCome y la descripcion oficial corresponde a potencia neta.",0.0
2026-06-02,Recurso,CTG2,,Hour18,0.0,kWh,kW,True,"La magnitud y comportamiento horario coinciden con CapEfecNeta, DispoReal y DispoCome y la descripcion oficial corresponde a potencia neta.",0.0
2026-06-02,Recurso,CTG2,,Hour19,0.0,kWh,kW,True,"La magnitud y comportamiento horario coinciden con CapEfecNeta, DispoReal y DispoCome y la descripcion oficial corresponde a potencia neta.",0.0
2026-06-02,Recurso,CTG2,,Hour20,0.0,kWh,kW,True,"La magnitud y comportamiento horario coinciden con CapEfecNeta, DispoReal y DispoCome y la descripcion oficial corresponde a potencia neta.",0.0
2026-06-02,Recurso,CTG2,,Hour21,0.0,kWh,kW,True,"La magnitud y comportamiento horario coinciden con CapEfecNeta, DispoReal y DispoCome y la descripcion oficial corresponde a potencia neta.",0.0
2026-06-02,Recurso,CTG2,,Hour22,0.0,kWh,kW,True,"La magnitud y comportamiento horario coinciden con CapEfecNeta, DispoReal y DispoCome y la descripcion oficial corresponde a potencia neta.",0.0
2026-06-02,Recurso,CTG2,,Hour23,0.0,kWh,kW,True,"La magnitud y comportamiento horario coinciden con CapEfecNeta, DispoReal y DispoCome y la descripcion oficial corresponde a potencia neta.",0.0
2026-06-02,Recurso,CTG2,,Hour24,0.0,kWh,kW,True,"La magnitud y comportamiento horario coinciden con CapEfecNeta, DispoReal y DispoCome y la descripcion oficial corresponde a potencia neta.",0.0
2026-06-02,Recurso,CTG3,,Hour01,0.0,kWh,kW,True,"La magnitud y comportamiento horario coinciden con CapEfecNeta, DispoReal y DispoCome y la descripcion oficial corresponde a potencia neta.",0.0
2026-06-02,Recurso,CTG3,,Hour02,0.0,kWh,kW,True,"La magnitud y comportamiento horario coinciden con CapEfecNeta, DispoReal y DispoCome y la descripcion oficial corresponde a potencia neta.",0.0
2026-06-02,Recurso,CTG3,,Hour03,0.0,kWh,kW,True,"La magnitud y comportamiento horario coinciden con CapEfecNeta, DispoReal y DispoCome y la descripcion oficial corresponde a potencia neta.",0.0
2026-06-02,Recurso,CTG3,,Hour04,0.0,kWh,kW,True,"La magnitud y comportamiento horario coinciden con CapEfecNeta, DispoReal y DispoCome y la descripcion oficial corresponde a potencia neta.",0.0
2026-06-02,Recurso,CTG3,,Hour05,0.0,kWh,kW,True,"La magnitud y comportamiento horario coinciden con CapEfecNeta, DispoReal y DispoCome y la descripcion oficial corresponde a potencia neta.",0.0
2026-06-02,Recurso,CTG3,,Hour06,0.0,kWh,kW,True,"La magnitud y comportamiento horario coinciden con CapEfecNeta, DispoReal y DispoCome y la descripcion oficial corresponde a potencia neta.",0.0
2026-06-02,Recurso,CTG3,,Hour07,0.0,kWh,kW,True,"La magnitud y comportamiento horario coinciden con CapEfecNeta, DispoReal y DispoCome y la descripcion oficial corresponde a potencia neta.",0.0
2026-06-02,Recurso,CTG3,,Hour08,0.0,kWh,kW,True,"La magnitud y comportamiento horario coinciden con CapEfecNeta, DispoReal y DispoCome y la descripcion oficial corresponde a potencia neta.",0.0
2026-06-02,Recurso,CTG3,,Hour09,0.0,kWh,kW,True,"La magnitud y comportamiento horario coinciden con CapEfecNeta, DispoReal y DispoCome y la descripcion oficial corresponde a potencia neta.",0.0
2026-06-02,Recurso,CTG3,,Hour10,0.0,kWh,kW,True,"La magnitud y comportamiento horario coinciden con CapEfecNeta, DispoReal y DispoCome y la descripcion oficial corresponde a potencia neta.",0.0
2026-06-02,Recurso,CTG3,,Hour11,0.0,kWh,kW,True,"La magnitud y comportamiento horario coinciden con CapEfecNeta, DispoReal y DispoCome y la descripcion oficial corresponde a potencia neta.",0.0
2026-06-02,Recurso,CTG3,,Hour12,0.0,kWh,kW,True,"La magnitud y comportamiento horario coinciden con CapEfecNeta, DispoReal y DispoCome y la descripcion oficial corresponde a potencia neta.",0.0
2026-06-02,Recurso,CTG3,,Hour13,0.0,kWh,kW,True,"La magnitud y comportamiento horario coinciden con CapEfecNeta, DispoReal y DispoCome y la descripcion oficial corresponde a potencia neta.",0.0
2026-06-02,Recurso,CTG3,,Hour14,0.0,kWh,kW,True,"La magnitud y comportamiento horario coinciden con CapEfecNeta, DispoReal y DispoCome y la descripcion oficial corresponde a potencia neta.",0.0
2026-06-02,Recurso,CTG3,,Hour15,0.0,kWh,kW,True,"La magnitud y comportamiento horario coinciden con CapEfecNeta, DispoReal y DispoCome y la descripcion oficial corresponde a potencia neta.",0.0
2026-06-02,Recurso,CTG3,,Hour16,0.0,kWh,kW,True,"La magnitud y comportamiento horario coinciden con CapEfecNeta, DispoReal y DispoCome y la descripcion oficial corresponde a potencia neta.",0.0
2026-06-02,Recurso,CTG3,,Hour17,0.0,kWh,kW,True,"La magnitud y comportamiento horario coinciden con CapEfecNeta, DispoReal y DispoCome y la descripcion oficial corresponde a potencia neta.",0.0
2026-06-02,Recurso,CTG3,,Hour18,0.0,kWh,kW,True,"La magnitud y comportamiento horario coinciden con CapEfecNeta, DispoReal y DispoCome y la descripcion oficial corresponde a potencia neta.",0.0
2026-06-02,Recurso,CTG3,,Hour19,0.0,kWh,kW,True,"La magnitud y comportamiento horario coinciden con CapEfecNeta, DispoReal y DispoCome y la descripcion oficial corresponde a potencia neta.",0.0
2026-06-02,Recurso,CTG3,,Hour20,0.0,kWh,kW,True,"La magnitud y comportamiento horario coinciden con CapEfecNeta, DispoReal y DispoCome y la descripcion oficial corresponde a potencia neta.",0.0
2026-06-02,Recurso,CTG3,,Hour21,0.0,kWh,kW,True,"La magnitud y comportamiento horario coinciden con CapEfecNeta, DispoReal y DispoCome y la descripcion oficial corresponde a potencia neta.",0.0
2026-06-02,Recurso,CTG3,,Hour22,0.0,kWh,kW,True,"La magnitud y comportamiento horario coinciden con CapEfecNeta, DispoReal y DispoCome y la descripcion oficial corresponde a potencia neta.",0.0
2026-06-02,Recurso,CTG3,,Hour23,0.0,kWh,kW,True,"La magnitud y comportamiento horario coinciden con CapEfecNeta, DispoReal y DispoCome y la descripcion oficial corresponde a potencia neta.",0.0
2026-06-02,Recurso,CTG3,,Hour24,0.0,kWh,kW,True,"La magnitud y comportamiento horario coinciden con CapEfecNeta, DispoReal y DispoCome y la descripcion oficial corresponde a potencia neta.",0.0
2026-06-02,Recurso,CUC1,,Hour01,38000.0,kWh,kW,True,"La magnitud y comportamiento horario coinciden con CapEfecNeta, DispoReal y DispoCome y la descripcion oficial corresponde a potencia neta.",38.0
2026-06-02,Recurso,CUC1,,Hour02,38000.0,kWh,kW,True,"La magnitud y comportamiento horario coinciden con CapEfecNeta, DispoReal y DispoCome y la descripcion oficial corresponde a potencia neta.",38.0
2026-06-02,Recurso,CUC1,,Hour03,36000.0,kWh,kW,True,"La magnitud y comportamiento horario coinciden con CapEfecNeta, DispoReal y DispoCome y la descripcion oficial corresponde a potencia neta.",36.0
2026-06-02,Recurso,CUC1,,Hour04,36000.0,kWh,kW,True,"La magnitud y comportamiento horario coinciden con CapEfecNeta, DispoReal y DispoCome y la descripcion oficial corresponde a potencia neta.",36.0
2026-06-02,Recurso,CUC1,,Hour05,36000.0,kWh,kW,True,"La magnitud y comportamiento horario coinciden con CapEfecNeta, DispoReal y DispoCome y la descripcion oficial corresponde a potencia neta.",36.0
2026-06-02,Recurso,CUC1,,Hour06,36000.0,kWh,kW,True,"La magnitud y comportamiento horario coinciden con CapEfecNeta, DispoReal y DispoCome y la descripcion oficial corresponde a potencia neta.",36.0
2026-06-02,Recurso,CUC1,,Hour07,36000.0,kWh,kW,True,"La magnitud y comportamiento horario coinciden con CapEfecNeta, DispoReal y DispoCome y la descripcion oficial corresponde a potencia neta.",36.0
2026-06-02,Recurso,CUC1,,Hour08,38000.0,kWh,kW,True,"La magnitud y comportamiento horario coinciden con CapEfecNeta, DispoReal y DispoCome y la descripcion oficial corresponde a potencia neta.",38.0
2026-06-02,Recurso,CUC1,,Hour09,48000.0,kWh,kW,True,"La magnitud y comportamiento horario coinciden con CapEfecNeta, DispoReal y DispoCome y la descripcion oficial corresponde a potencia neta.",48.0
2026-06-02,Recurso,CUC1,,Hour10,48000.0,kWh,kW,True,"La magnitud y comportamiento horario coinciden con CapEfecNeta, DispoReal y DispoCome y la descripcion oficial corresponde a potencia neta.",48.0
2026-06-02,Recurso,CUC1,,Hour11,50000.0,kWh,kW,True,"La magnitud y comportamiento horario coinciden con CapEfecNeta, DispoReal y DispoCome y la descripcion oficial corresponde a potencia neta.",50.0
2026-06-02,Recurso,CUC1,,Hour12,50000.0,kWh,kW,True,"La magnitud y comportamiento horario coinciden con CapEfecNeta, DispoReal y DispoCome y la descripcion oficial corresponde a potencia neta.",50.0
2026-06-02,Recurso,CUC1,,Hour13,50000.0,kWh,kW,True,"La magnitud y comportamiento horario coinciden con CapEfecNeta, DispoReal y DispoCome y la descripcion oficial corresponde a potencia neta.",50.0
2026-06-02,Recurso,CUC1,,Hour14,48000.0,kWh,kW,True,"La magnitud y comportamiento horario coinciden con CapEfecNeta, DispoReal y DispoCome y la descripcion oficial corresponde a potencia neta.",48.0
2026-06-02,Recurso,CUC1,,Hour15,46000.0,kWh,kW,True,"La magnitud y comportamiento horario coinciden con CapEfecNeta, DispoReal y DispoCome y la descripcion oficial corresponde a potencia neta.",46.0
2026-06-02,Recurso,CUC1,,Hour16,44000.0,kWh,kW,True,"La magnitud y comportamiento horario coinciden con CapEfecNeta, DispoReal y DispoCome y la descripcion oficial corresponde a potencia neta.",44.0
2026-06-02,Recurso,CUC1,,Hour17,30000.0,kWh,kW,True,"La magnitud y comportamiento horario coinciden con CapEfecNeta, DispoReal y DispoCome y la descripcion oficial corresponde a potencia neta.",30.0
2026-06-02,Recurso,CUC1,,Hour18,46000.0,kWh,kW,True,"La magnitud y comportamiento horario coinciden con CapEfecNeta, DispoReal y DispoCome y la descripcion oficial corresponde a potencia neta.",46.0
2026-06-02,Recurso,CUC1,,Hour19,46000.0,kWh,kW,True,"La magnitud y comportamiento horario coinciden con CapEfecNeta, DispoReal y DispoCome y la descripcion oficial corresponde a potencia neta.",46.0
2026-06-02,Recurso,CUC1,,Hour20,44000.0,kWh,kW,True,"La magnitud y comportamiento horario coinciden con CapEfecNeta, DispoReal y DispoCome y la descripcion oficial corresponde a potencia neta.",44.0
2026-06-02,Recurso,CUC1,,Hour21,42000.0,kWh,kW,True,"La magnitud y comportamiento horario coinciden con CapEfecNeta, DispoReal y DispoCome y la descripcion oficial corresponde a potencia neta.",42.0
2026-06-02,Recurso,CUC1,,Hour22,40000.0,kWh,kW,True,"La magnitud y comportamiento horario coinciden con CapEfecNeta, DispoReal y DispoCome y la descripcion oficial corresponde a potencia neta.",40.0
2026-06-02,Recurso,CUC1,,Hour23,40000.0,kWh,kW,True,"La magnitud y comportamiento horario coinciden con CapEfecNeta, DispoReal y DispoCome y la descripcion oficial corresponde a potencia neta.",40.0
2026-06-02,Recurso,CUC1,,Hour24,38000.0,kWh,kW,True,"La magnitud y comportamiento horario coinciden con CapEfecNeta, DispoReal y DispoCome y la descripcion oficial corresponde a potencia neta.",38.0
2026-06-02,Recurso,DVS1,,Hour01,140000.0,kWh,kW,True,"La magnitud y comportamiento horario coinciden con CapEfecNeta, DispoReal y DispoCome y la descripcion oficial corresponde a potencia neta.",140.0
2026-06-02,Recurso,DVS1,,Hour02,140000.0,kWh,kW,True,"La magnitud y comportamiento horario coinciden con CapEfecNeta, DispoReal y DispoCome y la descripcion oficial corresponde a potencia neta.",140.0
2026-06-02,Recurso,DVS1,,Hour03,140000.0,kWh,kW,True,"La magnitud y comportamiento horario coinciden con CapEfecNeta, DispoReal y DispoCome y la descripcion oficial corresponde a potencia neta.",140.0
2026-06-02,Recurso,DVS1,,Hour04,140000.0,kWh,kW,True,"La magnitud y comportamiento horario coinciden con CapEfecNeta, DispoReal y DispoCome y la descripcion oficial corresponde a potencia neta.",140.0
2026-06-02,Recurso,DVS1,,Hour05,140000.0,kWh,kW,True,"La magnitud y comportamiento horario coinciden con CapEfecNeta, DispoReal y DispoCome y la descripcion oficial corresponde a potencia neta.",140.0
2026-06-02,Recurso,DVS1,,Hour06,140000.0,kWh,kW,True,"La magnitud y comportamiento horario coinciden con CapEfecNeta, DispoReal y DispoCome y la descripcion oficial corresponde a potencia neta.",140.0
2026-06-02,Recurso,DVS1,,Hour07,140000.0,kWh,kW,True,"La magnitud y comportamiento horario coinciden con CapEfecNeta, DispoReal y DispoCome y la descripcion oficial corresponde a potencia neta.",140.0
2026-06-02,Recurso,DVS1,,Hour08,140000.0,kWh,kW,True,"La magnitud y comportamiento horario coinciden con CapEfecNeta, DispoReal y DispoCome y la descripcion oficial corresponde a potencia neta.",140.0
2026-06-02,Recurso,DVS1,,Hour09,140000.0,kWh,kW,True,"La magnitud y comportamiento horario coinciden con CapEfecNeta, DispoReal y DispoCome y la descripcion oficial corresponde a potencia neta.",140.0
2026-06-02,Recurso,DVS1,,Hour10,140000.0,kWh,kW,True,"La magnitud y comportamiento horario coinciden con CapEfecNeta, DispoReal y DispoCome y la descripcion oficial corresponde a potencia neta.",140.0
2026-06-02,Recurso,DVS1,,Hour11,140000.0,kWh,kW,True,"La magnitud y comportamiento horario coinciden con CapEfecNeta, DispoReal y DispoCome y la descripcion oficial corresponde a potencia neta.",140.0
2026-06-02,Recurso,DVS1,,Hour12,140000.0,kWh,kW,True,"La magnitud y comportamiento horario coinciden con CapEfecNeta, DispoReal y DispoCome y la descripcion oficial corresponde a potencia neta.",140.0
2026-06-02,Recurso,DVS1,,Hour13,140000.0,kWh,kW,True,"La magnitud y comportamiento horario coinciden con CapEfecNeta, DispoReal y DispoCome y la descripcion oficial corresponde a potencia neta.",140.0
2026-06-02,Recurso,DVS1,,Hour14,140000.0,kWh,kW,True,"La magnitud y comportamiento horario coinciden con CapEfecNeta, DispoReal y DispoCome y la descripcion oficial corresponde a potencia neta.",140.0
2026-06-02,Recurso,DVS1,,Hour15,140000.0,kWh,kW,True,"La magnitud y comportamiento horario coinciden con CapEfecNeta, DispoReal y DispoCome y la descripcion oficial corresponde a potencia neta.",140.0
2026-06-02,Recurso,DVS1,,Hour16,140000.0,kWh,kW,True,"La magnitud y comportamiento horario coinciden con CapEfecNeta, DispoReal y DispoCome y la descripcion oficial corresponde a potencia neta.",140.0
2026-06-02,Recurso,DVS1,,Hour17,140000.0,kWh,kW,True,"La magnitud y comportamiento horario coinciden con CapEfecNeta, DispoReal y DispoCome y la descripcion oficial corresponde a potencia neta.",140.0
2026-06-02,Recurso,DVS1,,Hour18,140000.0,kWh,kW,True,"La magnitud y comportamiento horario coinciden con CapEfecNeta, DispoReal y DispoCome y la descripcion oficial corresponde a potencia neta.",140.0
2026-06-02,Recurso,DVS1,,Hour19,140000.0,kWh,kW,True,"La magnitud y comportamiento horario coinciden con CapEfecNeta, DispoReal y DispoCome y la descripcion oficial corresponde a potencia neta.",140.0
2026-06-02,Recurso,DVS1,,Hour20,140000.0,kWh,kW,True,"La magnitud y comportamiento horario coinciden con CapEfecNeta, DispoReal y DispoCome y la descripcion oficial corresponde a potencia neta.",140.0
2026-06-02,Recurso,DVS1,,Hour21,140000.0,kWh,kW,True,"La magnitud y comportamiento horario coinciden con CapEfecNeta, DispoReal y DispoCome y la descripcion oficial corresponde a potencia neta.",140.0
2026-06-02,Recurso,DVS1,,Hour22,140000.0,kWh,kW,True,"La magnitud y comportamiento horario coinciden con CapEfecNeta, DispoReal y DispoCome y la descripcion oficial corresponde a potencia neta.",140.0
2026-06-02,Recurso,DVS1,,Hour23,140000.0,kWh,kW,True,"La magnitud y comportamiento horario coinciden con CapEfecNeta, DispoReal y DispoCome y la descripcion oficial corresponde a potencia neta.",140.0
2026-06-02,Recurso,DVS1,,Hour24,140000.0,kWh,kW,True,"La magnitud y comportamiento horario coinciden con CapEfecNeta, DispoReal y DispoCome y la descripcion oficial corresponde a potencia neta.",140.0
2026-06-02,Recurso,ESMR,,Hour01,21000.0,kWh,kW,True,"La magnitud y comportamiento horario coinciden con CapEfecNeta, DispoReal y DispoCome y la descripcion oficial corresponde a potencia neta.",21.0
2026-06-02,Recurso,ESMR,,Hour02,21000.0,kWh,kW,True,"La magnitud y comportamiento horario coinciden con CapEfecNeta, DispoReal y DispoCome y la descripcion oficial corresponde a potencia neta.",21.0
2026-06-02,Recurso,ESMR,,Hour03,21000.0,kWh,kW,True,"La magnitud y comportamiento horario coinciden con CapEfecNeta, DispoReal y DispoCome y la descripcion oficial corresponde a potencia neta.",21.0
2026-06-02,Recurso,ESMR,,Hour04,21000.0,kWh,kW,True,"La magnitud y comportamiento horario coinciden con CapEfecNeta, DispoReal y DispoCome y la descripcion oficial corresponde a potencia neta.",21.0
2026-06-02,Recurso,ESMR,,Hour05,21000.0,kWh,kW,True,"La magnitud y comportamiento horario coinciden con CapEfecNeta, DispoReal y DispoCome y la descripcion oficial corresponde a potencia neta.",21.0
2026-06-02,Recurso,ESMR,,Hour06,21000.0,kWh,kW,True,"La magnitud y comportamiento horario coinciden con CapEfecNeta, DispoReal y DispoCome y la descripcion oficial corresponde a potencia neta.",21.0
2026-06-02,Recurso,ESMR,,Hour07,21000.0,kWh,kW,True,"La magnitud y comportamiento horario coinciden con CapEfecNeta, DispoReal y DispoCome y la descripcion oficial corresponde a potencia neta.",21.0
2026-06-02,Recurso,ESMR,,Hour08,21000.0,kWh,kW,True,"La magnitud y comportamiento horario coinciden con CapEfecNeta, DispoReal y DispoCome y la descripcion oficial corresponde a potencia neta.",21.0
2026-06-02,Recurso,ESMR,,Hour09,21000.0,kWh,kW,True,"La magnitud y comportamiento horario coinciden con CapEfecNeta, DispoReal y DispoCome y la descripcion oficial corresponde a potencia neta.",21.0
2026-06-02,Recurso,ESMR,,Hour10,21000.0,kWh,kW,True,"La magnitud y comportamiento horario coinciden con CapEfecNeta, DispoReal y DispoCome y la descripcion oficial corresponde a potencia neta.",21.0
2026-06-02,Recurso,ESMR,,Hour11,21000.0,kWh,kW,True,"La magnitud y comportamiento horario coinciden con CapEfecNeta, DispoReal y DispoCome y la descripcion oficial corresponde a potencia neta.",21.0
2026-06-02,Recurso,ESMR,,Hour12,21000.0,kWh,kW,True,"La magnitud y comportamiento horario coinciden con CapEfecNeta, DispoReal y DispoCome y la descripcion oficial corresponde a potencia neta.",21.0
2026-06-02,Recurso,ESMR,,Hour13,21000.0,kWh,kW,True,"La magnitud y comportamiento horario coinciden con CapEfecNeta, DispoReal y DispoCome y la descripcion oficial corresponde a potencia neta.",21.0
2026-06-02,Recurso,ESMR,,Hour14,21000.0,kWh,kW,True,"La magnitud y comportamiento horario coinciden con CapEfecNeta, DispoReal y DispoCome y la descripcion oficial corresponde a potencia neta.",21.0
2026-06-02,Recurso,ESMR,,Hour15,21000.0,kWh,kW,True,"La magnitud y comportamiento horario coinciden con CapEfecNeta, DispoReal y DispoCome y la descripcion oficial corresponde a potencia neta.",21.0
2026-06-02,Recurso,ESMR,,Hour16,21000.0,kWh,kW,True,"La magnitud y comportamiento horario coinciden con CapEfecNeta, DispoReal y DispoCome y la descripcion oficial corresponde a potencia neta.",21.0
2026-06-02,Recurso,ESMR,,Hour17,21000.0,kWh,kW,True,"La magnitud y comportamiento horario coinciden con CapEfecNeta, DispoReal y DispoCome y la descripcion oficial corresponde a potencia neta.",21.0
2026-06-02,Recurso,ESMR,,Hour18,21000.0,kWh,kW,True,"La magnitud y comportamiento horario coinciden con CapEfecNeta, DispoReal y DispoCome y la descripcion oficial corresponde a potencia neta.",21.0
2026-06-02,Recurso,ESMR,,Hour19,21000.0,kWh,kW,True,"La magnitud y comportamiento horario coinciden con CapEfecNeta, DispoReal y DispoCome y la descripcion oficial corresponde a potencia neta.",21.0
2026-06-02,Recurso,ESMR,,Hour20,21000.0,kWh,kW,True,"La magnitud y comportamiento horario coinciden con CapEfecNeta, DispoReal y DispoCome y la descripcion oficial corresponde a potencia neta.",21.0
2026-06-02,Recurso,ESMR,,Hour21,21000.0,kWh,kW,True,"La magnitud y comportamiento horario coinciden con CapEfecNeta, DispoReal y DispoCome y la descripcion oficial corresponde a potencia neta.",21.0
2026-06-02,Recurso,ESMR,,Hour22,21000.0,kWh,kW,True,"La magnitud y comportamiento horario coinciden con CapEfecNeta, DispoReal y DispoCome y la descripcion oficial corresponde a potencia neta.",21.0
2026-06-02,Recurso,ESMR,,Hour23,21000.0,kWh,kW,True,"La magnitud y comportamiento horario coinciden con CapEfecNeta, DispoReal y DispoCome y la descripcion oficial corresponde a potencia neta.",21.0
2026-06-02,Recurso,ESMR,,Hour24,21000.0,kWh,kW,True,"La magnitud y comportamiento horario coinciden con CapEfecNeta, DispoReal y DispoCome y la descripcion oficial corresponde a potencia neta.",21.0
2026-06-02,Recurso,GE32,,Hour01,260000.0,kWh,kW,True,"La magnitud y comportamiento horario coinciden con CapEfecNeta, DispoReal y DispoCome y la descripcion oficial corresponde a potencia neta.",260.0
2026-06-02,Recurso,GE32,,Hour02,260000.0,kWh,kW,True,"La magnitud y comportamiento horario coinciden con CapEfecNeta, DispoReal y DispoCome y la descripcion oficial corresponde a potencia neta.",260.0
2026-06-02,Recurso,GE32,,Hour03,260000.0,kWh,kW,True,"La magnitud y comportamiento horario coinciden con CapEfecNeta, DispoReal y DispoCome y la descripcion oficial corresponde a potencia neta.",260.0
2026-06-02,Recurso,GE32,,Hour04,260000.0,kWh,kW,True,"La magnitud y comportamiento horario coinciden con CapEfecNeta, DispoReal y DispoCome y la descripcion oficial corresponde a potencia neta.",260.0
2026-06-02,Recurso,GE32,,Hour05,260000.0,kWh,kW,True,"La magnitud y comportamiento horario coinciden con CapEfecNeta, DispoReal y DispoCome y la descripcion oficial corresponde a potencia neta.",260.0
2026-06-02,Recurso,GE32,,Hour06,260000.0,kWh,kW,True,"La magnitud y comportamiento horario coinciden con CapEfecNeta, DispoReal y DispoCome y la descripcion oficial corresponde a potencia neta.",260.0
2026-06-02,Recurso,GE32,,Hour07,260000.0,kWh,kW,True,"La magnitud y comportamiento horario coinciden con CapEfecNeta, DispoReal y DispoCome y la descripcion oficial corresponde a potencia neta.",260.0
2026-06-02,Recurso,GE32,,Hour08,260000.0,kWh,kW,True,"La magnitud y comportamiento horario coinciden con CapEfecNeta, DispoReal y DispoCome y la descripcion oficial corresponde a potencia neta.",260.0
2026-06-02,Recurso,GE32,,Hour09,260000.0,kWh,kW,True,"La magnitud y comportamiento horario coinciden con CapEfecNeta, DispoReal y DispoCome y la descripcion oficial corresponde a potencia neta.",260.0
2026-06-02,Recurso,GE32,,Hour10,260000.0,kWh,kW,True,"La magnitud y comportamiento horario coinciden con CapEfecNeta, DispoReal y DispoCome y la descripcion oficial corresponde a potencia neta.",260.0
2026-06-02,Recurso,GE32,,Hour11,260000.0,kWh,kW,True,"La magnitud y comportamiento horario coinciden con CapEfecNeta, DispoReal y DispoCome y la descripcion oficial corresponde a potencia neta.",260.0
2026-06-02,Recurso,GE32,,Hour12,260000.0,kWh,kW,True,"La magnitud y comportamiento horario coinciden con CapEfecNeta, DispoReal y DispoCome y la descripcion oficial corresponde a potencia neta.",260.0
2026-06-02,Recurso,GE32,,Hour13,260000.0,kWh,kW,True,"La magnitud y comportamiento horario coinciden con CapEfecNeta, DispoReal y DispoCome y la descripcion oficial corresponde a potencia neta.",260.0
2026-06-02,Recurso,GE32,,Hour14,260000.0,kWh,kW,True,"La magnitud y comportamiento horario coinciden con CapEfecNeta, DispoReal y DispoCome y la descripcion oficial corresponde a potencia neta.",260.0
2026-06-02,Recurso,GE32,,Hour15,260000.0,kWh,kW,True,"La magnitud y comportamiento horario coinciden con CapEfecNeta, DispoReal y DispoCome y la descripcion oficial corresponde a potencia neta.",260.0
2026-06-02,Recurso,GE32,,Hour16,260000.0,kWh,kW,True,"La magnitud y comportamiento horario coinciden con CapEfecNeta, DispoReal y DispoCome y la descripcion oficial corresponde a potencia neta.",260.0
2026-06-02,Recurso,GE32,,Hour17,260000.0,kWh,kW,True,"La magnitud y comportamiento horario coinciden con CapEfecNeta, DispoReal y DispoCome y la descripcion oficial corresponde a potencia neta.",260.0
2026-06-02,Recurso,GE32,,Hour18,260000.0,kWh,kW,True,"La magnitud y comportamiento horario coinciden con CapEfecNeta, DispoReal y DispoCome y la descripcion oficial corresponde a potencia neta.",260.0
2026-06-02,Recurso,GE32,,Hour19,260000.0,kWh,kW,True,"La magnitud y comportamiento horario coinciden con CapEfecNeta, DispoReal y DispoCome y la descripcion oficial corresponde a potencia neta.",260.0
2026-06-02,Recurso,GE32,,Hour20,260000.0,kWh,kW,True,"La magnitud y comportamiento horario coinciden con CapEfecNeta, DispoReal y DispoCome y la descripcion oficial corresponde a potencia neta.",260.0
2026-06-02,Recurso,GE32,,Hour21,260000.0,kWh,kW,True,"La magnitud y comportamiento horario coinciden con CapEfecNeta, DispoReal y DispoCome y la descripcion oficial corresponde a potencia neta.",260.0
2026-06-02,Recurso,GE32,,Hour22,260000.0,kWh,kW,True,"La magnitud y comportamiento horario coinciden con CapEfecNeta, DispoReal y DispoCome y la descripcion oficial corresponde a potencia neta.",260.0
2026-06-02,Recurso,GE32,,Hour23,260000.0,kWh,kW,True,"La magnitud y comportamiento horario coinciden con CapEfecNeta, DispoReal y DispoCome y la descripcion oficial corresponde a potencia neta.",260.0
2026-06-02,Recurso,GE32,,Hour24,260000.0,kWh,kW,True,"La magnitud y comportamiento horario coinciden con CapEfecNeta, DispoReal y DispoCome y la descripcion oficial corresponde a potencia neta.",260.0
2026-06-02,Recurso,GEC3,,Hour01,164000.0,kWh,kW,True,"La magnitud y comportamiento horario coinciden con CapEfecNeta, DispoReal y DispoCome y la descripcion oficial corresponde a potencia neta.",164.0
2026-06-02,Recurso,GEC3,,Hour02,164000.0,kWh,kW,True,"La magnitud y comportamiento horario coinciden con CapEfecNeta, DispoReal y DispoCome y la descripcion oficial corresponde a potencia neta.",164.0
2026-06-02,Recurso,GEC3,,Hour03,164000.0,kWh,kW,True,"La magnitud y comportamiento horario coinciden con CapEfecNeta, DispoReal y DispoCome y la descripcion oficial corresponde a potencia neta.",164.0
2026-06-02,Recurso,GEC3,,Hour04,164000.0,kWh,kW,True,"La magnitud y comportamiento horario coinciden con CapEfecNeta, DispoReal y DispoCome y la descripcion oficial corresponde a potencia neta.",164.0
2026-06-02,Recurso,GEC3,,Hour05,164000.0,kWh,kW,True,"La magnitud y comportamiento horario coinciden con CapEfecNeta, DispoReal y DispoCome y la descripcion oficial corresponde a potencia neta.",164.0
2026-06-02,Recurso,GEC3,,Hour06,164000.0,kWh,kW,True,"La magnitud y comportamiento horario coinciden con CapEfecNeta, DispoReal y DispoCome y la descripcion oficial corresponde a potencia neta.",164.0
2026-06-02,Recurso,GEC3,,Hour07,164000.0,kWh,kW,True,"La magnitud y comportamiento horario coinciden con CapEfecNeta, DispoReal y DispoCome y la descripcion oficial corresponde a potencia neta.",164.0
2026-06-02,Recurso,GEC3,,Hour08,164000.0,kWh,kW,True,"La magnitud y comportamiento horario coinciden con CapEfecNeta, DispoReal y DispoCome y la descripcion oficial corresponde a potencia neta.",164.0
2026-06-02,Recurso,GEC3,,Hour09,164000.0,kWh,kW,True,"La magnitud y comportamiento horario coinciden con CapEfecNeta, DispoReal y DispoCome y la descripcion oficial corresponde a potencia neta.",164.0
2026-06-02,Recurso,GEC3,,Hour10,164000.0,kWh,kW,True,"La magnitud y comportamiento horario coinciden con CapEfecNeta, DispoReal y DispoCome y la descripcion oficial corresponde a potencia neta.",164.0
2026-06-02,Recurso,GEC3,,Hour11,164000.0,kWh,kW,True,"La magnitud y comportamiento horario coinciden con CapEfecNeta, DispoReal y DispoCome y la descripcion oficial corresponde a potencia neta.",164.0
2026-06-02,Recurso,GEC3,,Hour12,164000.0,kWh,kW,True,"La magnitud y comportamiento horario coinciden con CapEfecNeta, DispoReal y DispoCome y la descripcion oficial corresponde a potencia neta.",164.0
2026-06-02,Recurso,GEC3,,Hour13,164000.0,kWh,kW,True,"La magnitud y comportamiento horario coinciden con CapEfecNeta, DispoReal y DispoCome y la descripcion oficial corresponde a potencia neta.",164.0
2026-06-02,Recurso,GEC3,,Hour14,164000.0,kWh,kW,True,"La magnitud y comportamiento horario coinciden con CapEfecNeta, DispoReal y DispoCome y la descripcion oficial corresponde a potencia neta.",164.0
2026-06-02,Recurso,GEC3,,Hour15,164000.0,kWh,kW,True,"La magnitud y comportamiento horario coinciden con CapEfecNeta, DispoReal y DispoCome y la descripcion oficial corresponde a potencia neta.",164.0
2026-06-02,Recurso,GEC3,,Hour16,164000.0,kWh,kW,True,"La magnitud y comportamiento horario coinciden con CapEfecNeta, DispoReal y DispoCome y la descripcion oficial corresponde a potencia neta.",164.0
2026-06-02,Recurso,GEC3,,Hour17,164000.0,kWh,kW,True,"La magnitud y comportamiento horario coinciden con CapEfecNeta, DispoReal y DispoCome y la descripcion oficial corresponde a potencia neta.",164.0
2026-06-02,Recurso,GEC3,,Hour18,164000.0,kWh,kW,True,"La magnitud y comportamiento horario coinciden con CapEfecNeta, DispoReal y DispoCome y la descripcion oficial corresponde a potencia neta.",164.0
2026-06-02,Recurso,GEC3,,Hour19,164000.0,kWh,kW,True,"La magnitud y comportamiento horario coinciden con CapEfecNeta, DispoReal y DispoCome y la descripcion oficial corresponde a potencia neta.",164.0
2026-06-02,Recurso,GEC3,,Hour20,164000.0,kWh,kW,True,"La magnitud y comportamiento horario coinciden con CapEfecNeta, DispoReal y DispoCome y la descripcion oficial corresponde a potencia neta.",164.0
2026-06-02,Recurso,GEC3,,Hour21,164000.0,kWh,kW,True,"La magnitud y comportamiento horario coinciden con CapEfecNeta, DispoReal y DispoCome y la descripcion oficial corresponde a potencia neta.",164.0
2026-06-02,Recurso,GEC3,,Hour22,164000.0,kWh,kW,True,"La magnitud y comportamiento horario coinciden con CapEfecNeta, DispoReal y DispoCome y la descripcion oficial corresponde a potencia neta.",164.0
2026-06-02,Recurso,GEC3,,Hour23,164000.0,kWh,kW,True,"La magnitud y comportamiento horario coinciden con CapEfecNeta, DispoReal y DispoCome y la descripcion oficial corresponde a potencia neta.",164.0
2026-06-02,Recurso,GEC3,,Hour24,164000.0,kWh,kW,True,"La magnitud y comportamiento horario coinciden con CapEfecNeta, DispoReal y DispoCome y la descripcion oficial corresponde a potencia neta.",164.0
2026-06-02,Recurso,GTPE,,Hour01,420000.0,kWh,kW,True,"La magnitud y comportamiento horario coinciden con CapEfecNeta, DispoReal y DispoCome y la descripcion oficial corresponde a potencia neta.",420.0
2026-06-02,Recurso,GTPE,,Hour02,420000.0,kWh,kW,True,"La magnitud y comportamiento horario coinciden con CapEfecNeta, DispoReal y DispoCome y la descripcion oficial corresponde a potencia neta.",420.0
2026-06-02,Recurso,GTPE,,Hour03,420000.0,kWh,kW,True,"La magnitud y comportamiento horario coinciden con CapEfecNeta, DispoReal y DispoCome y la descripcion oficial corresponde a potencia neta.",420.0
2026-06-02,Recurso,GTPE,,Hour04,420000.0,kWh,kW,True,"La magnitud y comportamiento horario coinciden con CapEfecNeta, DispoReal y DispoCome y la descripcion oficial corresponde a potencia neta.",420.0
2026-06-02,Recurso,GTPE,,Hour05,420000.0,kWh,kW,True,"La magnitud y comportamiento horario coinciden con CapEfecNeta, DispoReal y DispoCome y la descripcion oficial corresponde a potencia neta.",420.0
2026-06-02,Recurso,GTPE,,Hour06,420000.0,kWh,kW,True,"La magnitud y comportamiento horario coinciden con CapEfecNeta, DispoReal y DispoCome y la descripcion oficial corresponde a potencia neta.",420.0
2026-06-02,Recurso,GTPE,,Hour07,420000.0,kWh,kW,True,"La magnitud y comportamiento horario coinciden con CapEfecNeta, DispoReal y DispoCome y la descripcion oficial corresponde a potencia neta.",420.0
2026-06-02,Recurso,GTPE,,Hour08,420000.0,kWh,kW,True,"La magnitud y comportamiento horario coinciden con CapEfecNeta, DispoReal y DispoCome y la descripcion oficial corresponde a potencia neta.",420.0
2026-06-02,Recurso,GTPE,,Hour09,420000.0,kWh,kW,True,"La magnitud y comportamiento horario coinciden con CapEfecNeta, DispoReal y DispoCome y la descripcion oficial corresponde a potencia neta.",420.0
2026-06-02,Recurso,GTPE,,Hour10,420000.0,kWh,kW,True,"La magnitud y comportamiento horario coinciden con CapEfecNeta, DispoReal y DispoCome y la descripcion oficial corresponde a potencia neta.",420.0
2026-06-02,Recurso,GTPE,,Hour11,420000.0,kWh,kW,True,"La magnitud y comportamiento horario coinciden con CapEfecNeta, DispoReal y DispoCome y la descripcion oficial corresponde a potencia neta.",420.0
2026-06-02,Recurso,GTPE,,Hour12,420000.0,kWh,kW,True,"La magnitud y comportamiento horario coinciden con CapEfecNeta, DispoReal y DispoCome y la descripcion oficial corresponde a potencia neta.",420.0
2026-06-02,Recurso,GTPE,,Hour13,420000.0,kWh,kW,True,"La magnitud y comportamiento horario coinciden con CapEfecNeta, DispoReal y DispoCome y la descripcion oficial corresponde a potencia neta.",420.0
2026-06-02,Recurso,GTPE,,Hour14,420000.0,kWh,kW,True,"La magnitud y comportamiento horario coinciden con CapEfecNeta, DispoReal y DispoCome y la descripcion oficial corresponde a potencia neta.",420.0
2026-06-02,Recurso,GTPE,,Hour15,420000.0,kWh,kW,True,"La magnitud y comportamiento horario coinciden con CapEfecNeta, DispoReal y DispoCome y la descripcion oficial corresponde a potencia neta.",420.0
2026-06-02,Recurso,GTPE,,Hour16,420000.0,kWh,kW,True,"La magnitud y comportamiento horario coinciden con CapEfecNeta, DispoReal y DispoCome y la descripcion oficial corresponde a potencia neta.",420.0
2026-06-02,Recurso,GTPE,,Hour17,420000.0,kWh,kW,True,"La magnitud y comportamiento horario coinciden con CapEfecNeta, DispoReal y DispoCome y la descripcion oficial corresponde a potencia neta.",420.0
2026-06-02,Recurso,GTPE,,Hour18,420000.0,kWh,kW,True,"La magnitud y comportamiento horario coinciden con CapEfecNeta, DispoReal y DispoCome y la descripcion oficial corresponde a potencia neta.",420.0
2026-06-02,Recurso,GTPE,,Hour19,420000.0,kWh,kW,True,"La magnitud y comportamiento horario coinciden con CapEfecNeta, DispoReal y DispoCome y la descripcion oficial corresponde a potencia neta.",420.0
2026-06-02,Recurso,GTPE,,Hour20,420000.0,kWh,kW,True,"La magnitud y comportamiento horario coinciden con CapEfecNeta, DispoReal y DispoCome y la descripcion oficial corresponde a potencia neta.",420.0
2026-06-02,Recurso,GTPE,,Hour21,420000.0,kWh,kW,True,"La magnitud y comportamiento horario coinciden con CapEfecNeta, DispoReal y DispoCome y la descripcion oficial corresponde a potencia neta.",420.0
2026-06-02,Recurso,GTPE,,Hour22,420000.0,kWh,kW,True,"La magnitud y comportamiento horario coinciden con CapEfecNeta, DispoReal y DispoCome y la descripcion oficial corresponde a potencia neta.",420.0
2026-06-02,Recurso,GTPE,,Hour23,420000.0,kWh,kW,True,"La magnitud y comportamiento horario coinciden con CapEfecNeta, DispoReal y DispoCome y la descripcion oficial corresponde a potencia neta.",420.0
2026-06-02,Recurso,GTPE,,Hour24,420000.0,kWh,kW,True,"La magnitud y comportamiento horario coinciden con CapEfecNeta, DispoReal y DispoCome y la descripcion oficial corresponde a potencia neta.",420.0
2026-06-02,Recurso,GTRG,,Hour01,427000.0,kWh,kW,True,"La magnitud y comportamiento horario coinciden con CapEfecNeta, DispoReal y DispoCome y la descripcion oficial corresponde a potencia neta.",427.0
2026-06-02,Recurso,GTRG,,Hour02,427000.0,kWh,kW,True,"La magnitud y comportamiento horario coinciden con CapEfecNeta, DispoReal y DispoCome y la descripcion oficial corresponde a potencia neta.",427.0
2026-06-02,Recurso,GTRG,,Hour03,427000.0,kWh,kW,True,"La magnitud y comportamiento horario coinciden con CapEfecNeta, DispoReal y DispoCome y la descripcion oficial corresponde a potencia neta.",427.0
2026-06-02,Recurso,GTRG,,Hour04,427000.0,kWh,kW,True,"La magnitud y comportamiento horario coinciden con CapEfecNeta, DispoReal y DispoCome y la descripcion oficial corresponde a potencia neta.",427.0
2026-06-02,Recurso,GTRG,,Hour05,427000.0,kWh,kW,True,"La magnitud y comportamiento horario coinciden con CapEfecNeta, DispoReal y DispoCome y la descripcion oficial corresponde a potencia neta.",427.0
2026-06-02,Recurso,GTRG,,Hour06,427000.0,kWh,kW,True,"La magnitud y comportamiento horario coinciden con CapEfecNeta, DispoReal y DispoCome y la descripcion oficial corresponde a potencia neta.",427.0
2026-06-02,Recurso,GTRG,,Hour07,427000.0,kWh,kW,True,"La magnitud y comportamiento horario coinciden con CapEfecNeta, DispoReal y DispoCome y la descripcion oficial corresponde a potencia neta.",427.0
2026-06-02,Recurso,GTRG,,Hour08,427000.0,kWh,kW,True,"La magnitud y comportamiento horario coinciden con CapEfecNeta, DispoReal y DispoCome y la descripcion oficial corresponde a potencia neta.",427.0
2026-06-02,Recurso,GTRG,,Hour09,427000.0,kWh,kW,True,"La magnitud y comportamiento horario coinciden con CapEfecNeta, DispoReal y DispoCome y la descripcion oficial corresponde a potencia neta.",427.0
2026-06-02,Recurso,GTRG,,Hour10,427000.0,kWh,kW,True,"La magnitud y comportamiento horario coinciden con CapEfecNeta, DispoReal y DispoCome y la descripcion oficial corresponde a potencia neta.",427.0
2026-06-02,Recurso,GTRG,,Hour11,427000.0,kWh,kW,True,"La magnitud y comportamiento horario coinciden con CapEfecNeta, DispoReal y DispoCome y la descripcion oficial corresponde a potencia neta.",427.0
2026-06-02,Recurso,GTRG,,Hour12,427000.0,kWh,kW,True,"La magnitud y comportamiento horario coinciden con CapEfecNeta, DispoReal y DispoCome y la descripcion oficial corresponde a potencia neta.",427.0
2026-06-02,Recurso,GTRG,,Hour13,427000.0,kWh,kW,True,"La magnitud y comportamiento horario coinciden con CapEfecNeta, DispoReal y DispoCome y la descripcion oficial corresponde a potencia neta.",427.0
2026-06-02,Recurso,GTRG,,Hour14,427000.0,kWh,kW,True,"La magnitud y comportamiento horario coinciden con CapEfecNeta, DispoReal y DispoCome y la descripcion oficial corresponde a potencia neta.",427.0
2026-06-02,Recurso,GTRG,,Hour15,427000.0,kWh,kW,True,"La magnitud y comportamiento horario coinciden con CapEfecNeta, DispoReal y DispoCome y la descripcion oficial corresponde a potencia neta.",427.0
2026-06-02,Recurso,GTRG,,Hour16,427000.0,kWh,kW,True,"La magnitud y comportamiento horario coinciden con CapEfecNeta, DispoReal y DispoCome y la descripcion oficial corresponde a potencia neta.",427.0
2026-06-02,Recurso,GTRG,,Hour17,427000.0,kWh,kW,True,"La magnitud y comportamiento horario coinciden con CapEfecNeta, DispoReal y DispoCome y la descripcion oficial corresponde a potencia neta.",427.0
2026-06-02,Recurso,GTRG,,Hour18,427000.0,kWh,kW,True,"La magnitud y comportamiento horario coinciden con CapEfecNeta, DispoReal y DispoCome y la descripcion oficial corresponde a potencia neta.",427.0
2026-06-02,Recurso,GTRG,,Hour19,427000.0,kWh,kW,True,"La magnitud y comportamiento horario coinciden con CapEfecNeta, DispoReal y DispoCome y la descripcion oficial corresponde a potencia neta.",427.0
2026-06-02,Recurso,GTRG,,Hour20,427000.0,kWh,kW,True,"La magnitud y comportamiento horario coinciden con CapEfecNeta, DispoReal y DispoCome y la descripcion oficial corresponde a potencia neta.",427.0
2026-06-02,Recurso,GTRG,,Hour21,427000.0,kWh,kW,True,"La magnitud y comportamiento horario coinciden con CapEfecNeta, DispoReal y DispoCome y la descripcion oficial corresponde a potencia neta.",427.0
2026-06-02,Recurso,GTRG,,Hour22,427000.0,kWh,kW,True,"La magnitud y comportamiento horario coinciden con CapEfecNeta, DispoReal y DispoCome y la descripcion oficial corresponde a potencia neta.",427.0
2026-06-02,Recurso,GTRG,,Hour23,427000.0,kWh,kW,True,"La magnitud y comportamiento horario coinciden con CapEfecNeta, DispoReal y DispoCome y la descripcion oficial corresponde a potencia neta.",427.0
2026-06-02,Recurso,GTRG,,Hour24,427000.0,kWh,kW,True,"La magnitud y comportamiento horario coinciden con CapEfecNeta, DispoReal y DispoCome y la descripcion oficial corresponde a potencia neta.",427.0
2026-06-02,Recurso,GVIO,,Hour01,972000.0,kWh,kW,True,"La magnitud y comportamiento horario coinciden con CapEfecNeta, DispoReal y DispoCome y la descripcion oficial corresponde a potencia neta.",972.0
2026-06-02,Recurso,GVIO,,Hour02,972000.0,kWh,kW,True,"La magnitud y comportamiento horario coinciden con CapEfecNeta, DispoReal y DispoCome y la descripcion oficial corresponde a potencia neta.",972.0
2026-06-02,Recurso,GVIO,,Hour03,972000.0,kWh,kW,True,"La magnitud y comportamiento horario coinciden con CapEfecNeta, DispoReal y DispoCome y la descripcion oficial corresponde a potencia neta.",972.0
2026-06-02,Recurso,GVIO,,Hour04,972000.0,kWh,kW,True,"La magnitud y comportamiento horario coinciden con CapEfecNeta, DispoReal y DispoCome y la descripcion oficial corresponde a potencia neta.",972.0
2026-06-02,Recurso,GVIO,,Hour05,972000.0,kWh,kW,True,"La magnitud y comportamiento horario coinciden con CapEfecNeta, DispoReal y DispoCome y la descripcion oficial corresponde a potencia neta.",972.0
2026-06-02,Recurso,GVIO,,Hour06,972000.0,kWh,kW,True,"La magnitud y comportamiento horario coinciden con CapEfecNeta, DispoReal y DispoCome y la descripcion oficial corresponde a potencia neta.",972.0
2026-06-02,Recurso,GVIO,,Hour07,972000.0,kWh,kW,True,"La magnitud y comportamiento horario coinciden con CapEfecNeta, DispoReal y DispoCome y la descripcion oficial corresponde a potencia neta.",972.0
2026-06-02,Recurso,GVIO,,Hour08,972000.0,kWh,kW,True,"La magnitud y comportamiento horario coinciden con CapEfecNeta, DispoReal y DispoCome y la descripcion oficial corresponde a potencia neta.",972.0
2026-06-02,Recurso,GVIO,,Hour09,972000.0,kWh,kW,True,"La magnitud y comportamiento horario coinciden con CapEfecNeta, DispoReal y DispoCome y la descripcion oficial corresponde a potencia neta.",972.0
2026-06-02,Recurso,GVIO,,Hour10,972000.0,kWh,kW,True,"La magnitud y comportamiento horario coinciden con CapEfecNeta, DispoReal y DispoCome y la descripcion oficial corresponde a potencia neta.",972.0
2026-06-02,Recurso,GVIO,,Hour11,972000.0,kWh,kW,True,"La magnitud y comportamiento horario coinciden con CapEfecNeta, DispoReal y DispoCome y la descripcion oficial corresponde a potencia neta.",972.0
2026-06-02,Recurso,GVIO,,Hour12,972000.0,kWh,kW,True,"La magnitud y comportamiento horario coinciden con CapEfecNeta, DispoReal y DispoCome y la descripcion oficial corresponde a potencia neta.",972.0
2026-06-02,Recurso,GVIO,,Hour13,972000.0,kWh,kW,True,"La magnitud y comportamiento horario coinciden con CapEfecNeta, DispoReal y DispoCome y la descripcion oficial corresponde a potencia neta.",972.0
2026-06-02,Recurso,GVIO,,Hour14,972000.0,kWh,kW,True,"La magnitud y comportamiento horario coinciden con CapEfecNeta, DispoReal y DispoCome y la descripcion oficial corresponde a potencia neta.",972.0
2026-06-02,Recurso,GVIO,,Hour15,972000.0,kWh,kW,True,"La magnitud y comportamiento horario coinciden con CapEfecNeta, DispoReal y DispoCome y la descripcion oficial corresponde a potencia neta.",972.0
2026-06-02,Recurso,GVIO,,Hour16,972000.0,kWh,kW,True,"La magnitud y comportamiento horario coinciden con CapEfecNeta, DispoReal y DispoCome y la descripcion oficial corresponde a potencia neta.",972.0
2026-06-02,Recurso,GVIO,,Hour17,972000.0,kWh,kW,True,"La magnitud y comportamiento horario coinciden con CapEfecNeta, DispoReal y DispoCome y la descripcion oficial corresponde a potencia neta.",972.0
2026-06-02,Recurso,GVIO,,Hour18,972000.0,kWh,kW,True,"La magnitud y comportamiento horario coinciden con CapEfecNeta, DispoReal y DispoCome y la descripcion oficial corresponde a potencia neta.",972.0
2026-06-02,Recurso,GVIO,,Hour19,972000.0,kWh,kW,True,"La magnitud y comportamiento horario coinciden con CapEfecNeta, DispoReal y DispoCome y la descripcion oficial corresponde a potencia neta.",972.0
2026-06-02,Recurso,GVIO,,Hour20,972000.0,kWh,kW,True,"La magnitud y comportamiento horario coinciden con CapEfecNeta, DispoReal y DispoCome y la descripcion oficial corresponde a potencia neta.",972.0
2026-06-02,Recurso,GVIO,,Hour21,972000.0,kWh,kW,True,"La magnitud y comportamiento horario coinciden con CapEfecNeta, DispoReal y DispoCome y la descripcion oficial corresponde a potencia neta.",972.0
2026-06-02,Recurso,GVIO,,Hour22,972000.0,kWh,kW,True,"La magnitud y comportamiento horario coinciden con CapEfecNeta, DispoReal y DispoCome y la descripcion oficial corresponde a potencia neta.",972.0
2026-06-02,Recurso,GVIO,,Hour23,972000.0,kWh,kW,True,"La magnitud y comportamiento horario coinciden con CapEfecNeta, DispoReal y DispoCome y la descripcion oficial corresponde a potencia neta.",972.0
2026-06-02,Recurso,GVIO,,Hour24,972000.0,kWh,kW,True,"La magnitud y comportamiento horario coinciden con CapEfecNeta, DispoReal y DispoCome y la descripcion oficial corresponde a potencia neta.",972.0
2026-06-03,Recurso,CTG2,,Hour01,0.0,kWh,kW,True,"La magnitud y comportamiento horario coinciden con CapEfecNeta, DispoReal y DispoCome y la descripcion oficial corresponde a potencia neta.",0.0
2026-06-03,Recurso,CTG2,,Hour02,0.0,kWh,kW,True,"La magnitud y comportamiento horario coinciden con CapEfecNeta, DispoReal y DispoCome y la descripcion oficial corresponde a potencia neta.",0.0
2026-06-03,Recurso,CTG2,,Hour03,0.0,kWh,kW,True,"La magnitud y comportamiento horario coinciden con CapEfecNeta, DispoReal y DispoCome y la descripcion oficial corresponde a potencia neta.",0.0
2026-06-03,Recurso,CTG2,,Hour04,0.0,kWh,kW,True,"La magnitud y comportamiento horario coinciden con CapEfecNeta, DispoReal y DispoCome y la descripcion oficial corresponde a potencia neta.",0.0
2026-06-03,Recurso,CTG2,,Hour05,0.0,kWh,kW,True,"La magnitud y comportamiento horario coinciden con CapEfecNeta, DispoReal y DispoCome y la descripcion oficial corresponde a potencia neta.",0.0
2026-06-03,Recurso,CTG2,,Hour06,0.0,kWh,kW,True,"La magnitud y comportamiento horario coinciden con CapEfecNeta, DispoReal y DispoCome y la descripcion oficial corresponde a potencia neta.",0.0
2026-06-03,Recurso,CTG2,,Hour07,0.0,kWh,kW,True,"La magnitud y comportamiento horario coinciden con CapEfecNeta, DispoReal y DispoCome y la descripcion oficial corresponde a potencia neta.",0.0
2026-06-03,Recurso,CTG2,,Hour08,0.0,kWh,kW,True,"La magnitud y comportamiento horario coinciden con CapEfecNeta, DispoReal y DispoCome y la descripcion oficial corresponde a potencia neta.",0.0
2026-06-03,Recurso,CTG2,,Hour09,0.0,kWh,kW,True,"La magnitud y comportamiento horario coinciden con CapEfecNeta, DispoReal y DispoCome y la descripcion oficial corresponde a potencia neta.",0.0
2026-06-03,Recurso,CTG2,,Hour10,0.0,kWh,kW,True,"La magnitud y comportamiento horario coinciden con CapEfecNeta, DispoReal y DispoCome y la descripcion oficial corresponde a potencia neta.",0.0
2026-06-03,Recurso,CTG2,,Hour11,0.0,kWh,kW,True,"La magnitud y comportamiento horario coinciden con CapEfecNeta, DispoReal y DispoCome y la descripcion oficial corresponde a potencia neta.",0.0
2026-06-03,Recurso,CTG2,,Hour12,0.0,kWh,kW,True,"La magnitud y comportamiento horario coinciden con CapEfecNeta, DispoReal y DispoCome y la descripcion oficial corresponde a potencia neta.",0.0
2026-06-03,Recurso,CTG2,,Hour13,0.0,kWh,kW,True,"La magnitud y comportamiento horario coinciden con CapEfecNeta, DispoReal y DispoCome y la descripcion oficial corresponde a potencia neta.",0.0
2026-06-03,Recurso,CTG2,,Hour14,0.0,kWh,kW,True,"La magnitud y comportamiento horario coinciden con CapEfecNeta, DispoReal y DispoCome y la descripcion oficial corresponde a potencia neta.",0.0
2026-06-03,Recurso,CTG2,,Hour15,0.0,kWh,kW,True,"La magnitud y comportamiento horario coinciden con CapEfecNeta, DispoReal y DispoCome y la descripcion oficial corresponde a potencia neta.",0.0
2026-06-03,Recurso,CTG2,,Hour16,0.0,kWh,kW,True,"La magnitud y comportamiento horario coinciden con CapEfecNeta, DispoReal y DispoCome y la descripcion oficial corresponde a potencia neta.",0.0
2026-06-03,Recurso,CTG2,,Hour17,0.0,kWh,kW,True,"La magnitud y comportamiento horario coinciden con CapEfecNeta, DispoReal y DispoCome y la descripcion oficial corresponde a potencia neta.",0.0
2026-06-03,Recurso,CTG2,,Hour18,0.0,kWh,kW,True,"La magnitud y comportamiento horario coinciden con CapEfecNeta, DispoReal y DispoCome y la descripcion oficial corresponde a potencia neta.",0.0
2026-06-03,Recurso,CTG2,,Hour19,0.0,kWh,kW,True,"La magnitud y comportamiento horario coinciden con CapEfecNeta, DispoReal y DispoCome y la descripcion oficial corresponde a potencia neta.",0.0
2026-06-03,Recurso,CTG2,,Hour20,0.0,kWh,kW,True,"La magnitud y comportamiento horario coinciden con CapEfecNeta, DispoReal y DispoCome y la descripcion oficial corresponde a potencia neta.",0.0
2026-06-03,Recurso,CTG2,,Hour21,0.0,kWh,kW,True,"La magnitud y comportamiento horario coinciden con CapEfecNeta, DispoReal y DispoCome y la descripcion oficial corresponde a potencia neta.",0.0
2026-06-03,Recurso,CTG2,,Hour22,0.0,kWh,kW,True,"La magnitud y comportamiento horario coinciden con CapEfecNeta, DispoReal y DispoCome y la descripcion oficial corresponde a potencia neta.",0.0
2026-06-03,Recurso,CTG2,,Hour23,0.0,kWh,kW,True,"La magnitud y comportamiento horario coinciden con CapEfecNeta, DispoReal y DispoCome y la descripcion oficial corresponde a potencia neta.",0.0
2026-06-03,Recurso,CTG2,,Hour24,0.0,kWh,kW,True,"La magnitud y comportamiento horario coinciden con CapEfecNeta, DispoReal y DispoCome y la descripcion oficial corresponde a potencia neta.",0.0
2026-06-03,Recurso,CTG3,,Hour01,0.0,kWh,kW,True,"La magnitud y comportamiento horario coinciden con CapEfecNeta, DispoReal y DispoCome y la descripcion oficial corresponde a potencia neta.",0.0
2026-06-03,Recurso,CTG3,,Hour02,0.0,kWh,kW,True,"La magnitud y comportamiento horario coinciden con CapEfecNeta, DispoReal y DispoCome y la descripcion oficial corresponde a potencia neta.",0.0
2026-06-03,Recurso,CTG3,,Hour03,0.0,kWh,kW,True,"La magnitud y comportamiento horario coinciden con CapEfecNeta, DispoReal y DispoCome y la descripcion oficial corresponde a potencia neta.",0.0
2026-06-03,Recurso,CTG3,,Hour04,0.0,kWh,kW,True,"La magnitud y comportamiento horario coinciden con CapEfecNeta, DispoReal y DispoCome y la descripcion oficial corresponde a potencia neta.",0.0
2026-06-03,Recurso,CTG3,,Hour05,0.0,kWh,kW,True,"La magnitud y comportamiento horario coinciden con CapEfecNeta, DispoReal y DispoCome y la descripcion oficial corresponde a potencia neta.",0.0
2026-06-03,Recurso,CTG3,,Hour06,0.0,kWh,kW,True,"La magnitud y comportamiento horario coinciden con CapEfecNeta, DispoReal y DispoCome y la descripcion oficial corresponde a potencia neta.",0.0
2026-06-03,Recurso,CTG3,,Hour07,0.0,kWh,kW,True,"La magnitud y comportamiento horario coinciden con CapEfecNeta, DispoReal y DispoCome y la descripcion oficial corresponde a potencia neta.",0.0
2026-06-03,Recurso,CTG3,,Hour08,0.0,kWh,kW,True,"La magnitud y comportamiento horario coinciden con CapEfecNeta, DispoReal y DispoCome y la descripcion oficial corresponde a potencia neta.",0.0
2026-06-03,Recurso,CTG3,,Hour09,0.0,kWh,kW,True,"La magnitud y comportamiento horario coinciden con CapEfecNeta, DispoReal y DispoCome y la descripcion oficial corresponde a potencia neta.",0.0
2026-06-03,Recurso,CTG3,,Hour10,0.0,kWh,kW,True,"La magnitud y comportamiento horario coinciden con CapEfecNeta, DispoReal y DispoCome y la descripcion oficial corresponde a potencia neta.",0.0
2026-06-03,Recurso,CTG3,,Hour11,0.0,kWh,kW,True,"La magnitud y comportamiento horario coinciden con CapEfecNeta, DispoReal y DispoCome y la descripcion oficial corresponde a potencia neta.",0.0
2026-06-03,Recurso,CTG3,,Hour12,0.0,kWh,kW,True,"La magnitud y comportamiento horario coinciden con CapEfecNeta, DispoReal y DispoCome y la descripcion oficial corresponde a potencia neta.",0.0
2026-06-03,Recurso,CTG3,,Hour13,0.0,kWh,kW,True,"La magnitud y comportamiento horario coinciden con CapEfecNeta, DispoReal y DispoCome y la descripcion oficial corresponde a potencia neta.",0.0
2026-06-03,Recurso,CTG3,,Hour14,0.0,kWh,kW,True,"La magnitud y comportamiento horario coinciden con CapEfecNeta, DispoReal y DispoCome y la descripcion oficial corresponde a potencia neta.",0.0
2026-06-03,Recurso,CTG3,,Hour15,0.0,kWh,kW,True,"La magnitud y comportamiento horario coinciden con CapEfecNeta, DispoReal y DispoCome y la descripcion oficial corresponde a potencia neta.",0.0
2026-06-03,Recurso,CTG3,,Hour16,0.0,kWh,kW,True,"La magnitud y comportamiento horario coinciden con CapEfecNeta, DispoReal y DispoCome y la descripcion oficial corresponde a potencia neta.",0.0
2026-06-03,Recurso,CTG3,,Hour17,0.0,kWh,kW,True,"La magnitud y comportamiento horario coinciden con CapEfecNeta, DispoReal y DispoCome y la descripcion oficial corresponde a potencia neta.",0.0
2026-06-03,Recurso,CTG3,,Hour18,0.0,kWh,kW,True,"La magnitud y comportamiento horario coinciden con CapEfecNeta, DispoReal y DispoCome y la descripcion oficial corresponde a potencia neta.",0.0
2026-06-03,Recurso,CTG3,,Hour19,0.0,kWh,kW,True,"La magnitud y comportamiento horario coinciden con CapEfecNeta, DispoReal y DispoCome y la descripcion oficial corresponde a potencia neta.",0.0
2026-06-03,Recurso,CTG3,,Hour20,0.0,kWh,kW,True,"La magnitud y comportamiento horario coinciden con CapEfecNeta, DispoReal y DispoCome y la descripcion oficial corresponde a potencia neta.",0.0
2026-06-03,Recurso,CTG3,,Hour21,0.0,kWh,kW,True,"La magnitud y comportamiento horario coinciden con CapEfecNeta, DispoReal y DispoCome y la descripcion oficial corresponde a potencia neta.",0.0
2026-06-03,Recurso,CTG3,,Hour22,0.0,kWh,kW,True,"La magnitud y comportamiento horario coinciden con CapEfecNeta, DispoReal y DispoCome y la descripcion oficial corresponde a potencia neta.",0.0
2026-06-03,Recurso,CTG3,,Hour23,0.0,kWh,kW,True,"La magnitud y comportamiento horario coinciden con CapEfecNeta, DispoReal y DispoCome y la descripcion oficial corresponde a potencia neta.",0.0
2026-06-03,Recurso,CTG3,,Hour24,0.0,kWh,kW,True,"La magnitud y comportamiento horario coinciden con CapEfecNeta, DispoReal y DispoCome y la descripcion oficial corresponde a potencia neta.",0.0
2026-06-03,Recurso,CUC1,,Hour01,36000.0,kWh,kW,True,"La magnitud y comportamiento horario coinciden con CapEfecNeta, DispoReal y DispoCome y la descripcion oficial corresponde a potencia neta.",36.0
2026-06-03,Recurso,CUC1,,Hour02,38000.0,kWh,kW,True,"La magnitud y comportamiento horario coinciden con CapEfecNeta, DispoReal y DispoCome y la descripcion oficial corresponde a potencia neta.",38.0
2026-06-03,Recurso,CUC1,,Hour03,36000.0,kWh,kW,True,"La magnitud y comportamiento horario coinciden con CapEfecNeta, DispoReal y DispoCome y la descripcion oficial corresponde a potencia neta.",36.0
2026-06-03,Recurso,CUC1,,Hour04,36000.0,kWh,kW,True,"La magnitud y comportamiento horario coinciden con CapEfecNeta, DispoReal y DispoCome y la descripcion oficial corresponde a potencia neta.",36.0
2026-06-03,Recurso,CUC1,,Hour05,36000.0,kWh,kW,True,"La magnitud y comportamiento horario coinciden con CapEfecNeta, DispoReal y DispoCome y la descripcion oficial corresponde a potencia neta.",36.0
2026-06-03,Recurso,CUC1,,Hour06,36000.0,kWh,kW,True,"La magnitud y comportamiento horario coinciden con CapEfecNeta, DispoReal y DispoCome y la descripcion oficial corresponde a potencia neta.",36.0
2026-06-03,Recurso,CUC1,,Hour07,34000.0,kWh,kW,True,"La magnitud y comportamiento horario coinciden con CapEfecNeta, DispoReal y DispoCome y la descripcion oficial corresponde a potencia neta.",34.0
2026-06-03,Recurso,CUC1,,Hour08,34000.0,kWh,kW,True,"La magnitud y comportamiento horario coinciden con CapEfecNeta, DispoReal y DispoCome y la descripcion oficial corresponde a potencia neta.",34.0
2026-06-03,Recurso,CUC1,,Hour09,34000.0,kWh,kW,True,"La magnitud y comportamiento horario coinciden con CapEfecNeta, DispoReal y DispoCome y la descripcion oficial corresponde a potencia neta.",34.0
2026-06-03,Recurso,CUC1,,Hour10,32000.0,kWh,kW,True,"La magnitud y comportamiento horario coinciden con CapEfecNeta, DispoReal y DispoCome y la descripcion oficial corresponde a potencia neta.",32.0
2026-06-03,Recurso,CUC1,,Hour11,32000.0,kWh,kW,True,"La magnitud y comportamiento horario coinciden con CapEfecNeta, DispoReal y DispoCome y la descripcion oficial corresponde a potencia neta.",32.0
2026-06-03,Recurso,CUC1,,Hour12,32000.0,kWh,kW,True,"La magnitud y comportamiento horario coinciden con CapEfecNeta, DispoReal y DispoCome y la descripcion oficial corresponde a potencia neta.",32.0
2026-06-03,Recurso,CUC1,,Hour13,32000.0,kWh,kW,True,"La magnitud y comportamiento horario coinciden con CapEfecNeta, DispoReal y DispoCome y la descripcion oficial corresponde a potencia neta.",32.0
2026-06-03,Recurso,CUC1,,Hour14,32000.0,kWh,kW,True,"La magnitud y comportamiento horario coinciden con CapEfecNeta, DispoReal y DispoCome y la descripcion oficial corresponde a potencia neta.",32.0
2026-06-03,Recurso,CUC1,,Hour15,30000.0,kWh,kW,True,"La magnitud y comportamiento horario coinciden con CapEfecNeta, DispoReal y DispoCome y la descripcion oficial corresponde a potencia neta.",30.0
2026-06-03,Recurso,CUC1,,Hour16,30000.0,kWh,kW,True,"La magnitud y comportamiento horario coinciden con CapEfecNeta, DispoReal y DispoCome y la descripcion oficial corresponde a potencia neta.",30.0
2026-06-03,Recurso,CUC1,,Hour17,30000.0,kWh,kW,True,"La magnitud y comportamiento horario coinciden con CapEfecNeta, DispoReal y DispoCome y la descripcion oficial corresponde a potencia neta.",30.0
2026-06-03,Recurso,CUC1,,Hour18,30000.0,kWh,kW,True,"La magnitud y comportamiento horario coinciden con CapEfecNeta, DispoReal y DispoCome y la descripcion oficial corresponde a potencia neta.",30.0
2026-06-03,Recurso,CUC1,,Hour19,28000.0,kWh,kW,True,"La magnitud y comportamiento horario coinciden con CapEfecNeta, DispoReal y DispoCome y la descripcion oficial corresponde a potencia neta.",28.0
2026-06-03,Recurso,CUC1,,Hour20,28000.0,kWh,kW,True,"La magnitud y comportamiento horario coinciden con CapEfecNeta, DispoReal y DispoCome y la descripcion oficial corresponde a potencia neta.",28.0
2026-06-03,Recurso,CUC1,,Hour21,28000.0,kWh,kW,True,"La magnitud y comportamiento horario coinciden con CapEfecNeta, DispoReal y DispoCome y la descripcion oficial corresponde a potencia neta.",28.0
2026-06-03,Recurso,CUC1,,Hour22,28000.0,kWh,kW,True,"La magnitud y comportamiento horario coinciden con CapEfecNeta, DispoReal y DispoCome y la descripcion oficial corresponde a potencia neta.",28.0
2026-06-03,Recurso,CUC1,,Hour23,28000.0,kWh,kW,True,"La magnitud y comportamiento horario coinciden con CapEfecNeta, DispoReal y DispoCome y la descripcion oficial corresponde a potencia neta.",28.0
2026-06-03,Recurso,CUC1,,Hour24,28000.0,kWh,kW,True,"La magnitud y comportamiento horario coinciden con CapEfecNeta, DispoReal y DispoCome y la descripcion oficial corresponde a potencia neta.",28.0
2026-06-03,Recurso,DVS1,,Hour01,150000.0,kWh,kW,True,"La magnitud y comportamiento horario coinciden con CapEfecNeta, DispoReal y DispoCome y la descripcion oficial corresponde a potencia neta.",150.0
2026-06-03,Recurso,DVS1,,Hour02,150000.0,kWh,kW,True,"La magnitud y comportamiento horario coinciden con CapEfecNeta, DispoReal y DispoCome y la descripcion oficial corresponde a potencia neta.",150.0
2026-06-03,Recurso,DVS1,,Hour03,150000.0,kWh,kW,True,"La magnitud y comportamiento horario coinciden con CapEfecNeta, DispoReal y DispoCome y la descripcion oficial corresponde a potencia neta.",150.0
2026-06-03,Recurso,DVS1,,Hour04,150000.0,kWh,kW,True,"La magnitud y comportamiento horario coinciden con CapEfecNeta, DispoReal y DispoCome y la descripcion oficial corresponde a potencia neta.",150.0
2026-06-03,Recurso,DVS1,,Hour05,150000.0,kWh,kW,True,"La magnitud y comportamiento horario coinciden con CapEfecNeta, DispoReal y DispoCome y la descripcion oficial corresponde a potencia neta.",150.0
2026-06-03,Recurso,DVS1,,Hour06,150000.0,kWh,kW,True,"La magnitud y comportamiento horario coinciden con CapEfecNeta, DispoReal y DispoCome y la descripcion oficial corresponde a potencia neta.",150.0
2026-06-03,Recurso,DVS1,,Hour07,150000.0,kWh,kW,True,"La magnitud y comportamiento horario coinciden con CapEfecNeta, DispoReal y DispoCome y la descripcion oficial corresponde a potencia neta.",150.0
2026-06-03,Recurso,DVS1,,Hour08,150000.0,kWh,kW,True,"La magnitud y comportamiento horario coinciden con CapEfecNeta, DispoReal y DispoCome y la descripcion oficial corresponde a potencia neta.",150.0
2026-06-03,Recurso,DVS1,,Hour09,150000.0,kWh,kW,True,"La magnitud y comportamiento horario coinciden con CapEfecNeta, DispoReal y DispoCome y la descripcion oficial corresponde a potencia neta.",150.0
2026-06-03,Recurso,DVS1,,Hour10,150000.0,kWh,kW,True,"La magnitud y comportamiento horario coinciden con CapEfecNeta, DispoReal y DispoCome y la descripcion oficial corresponde a potencia neta.",150.0
2026-06-03,Recurso,DVS1,,Hour11,150000.0,kWh,kW,True,"La magnitud y comportamiento horario coinciden con CapEfecNeta, DispoReal y DispoCome y la descripcion oficial corresponde a potencia neta.",150.0
2026-06-03,Recurso,DVS1,,Hour12,150000.0,kWh,kW,True,"La magnitud y comportamiento horario coinciden con CapEfecNeta, DispoReal y DispoCome y la descripcion oficial corresponde a potencia neta.",150.0
2026-06-03,Recurso,DVS1,,Hour13,150000.0,kWh,kW,True,"La magnitud y comportamiento horario coinciden con CapEfecNeta, DispoReal y DispoCome y la descripcion oficial corresponde a potencia neta.",150.0
2026-06-03,Recurso,DVS1,,Hour14,150000.0,kWh,kW,True,"La magnitud y comportamiento horario coinciden con CapEfecNeta, DispoReal y DispoCome y la descripcion oficial corresponde a potencia neta.",150.0
2026-06-03,Recurso,DVS1,,Hour15,150000.0,kWh,kW,True,"La magnitud y comportamiento horario coinciden con CapEfecNeta, DispoReal y DispoCome y la descripcion oficial corresponde a potencia neta.",150.0
2026-06-03,Recurso,DVS1,,Hour16,150000.0,kWh,kW,True,"La magnitud y comportamiento horario coinciden con CapEfecNeta, DispoReal y DispoCome y la descripcion oficial corresponde a potencia neta.",150.0
2026-06-03,Recurso,DVS1,,Hour17,150000.0,kWh,kW,True,"La magnitud y comportamiento horario coinciden con CapEfecNeta, DispoReal y DispoCome y la descripcion oficial corresponde a potencia neta.",150.0
2026-06-03,Recurso,DVS1,,Hour18,150000.0,kWh,kW,True,"La magnitud y comportamiento horario coinciden con CapEfecNeta, DispoReal y DispoCome y la descripcion oficial corresponde a potencia neta.",150.0
2026-06-03,Recurso,DVS1,,Hour19,150000.0,kWh,kW,True,"La magnitud y comportamiento horario coinciden con CapEfecNeta, DispoReal y DispoCome y la descripcion oficial corresponde a potencia neta.",150.0
2026-06-03,Recurso,DVS1,,Hour20,150000.0,kWh,kW,True,"La magnitud y comportamiento horario coinciden con CapEfecNeta, DispoReal y DispoCome y la descripcion oficial corresponde a potencia neta.",150.0
2026-06-03,Recurso,DVS1,,Hour21,150000.0,kWh,kW,True,"La magnitud y comportamiento horario coinciden con CapEfecNeta, DispoReal y DispoCome y la descripcion oficial corresponde a potencia neta.",150.0
2026-06-03,Recurso,DVS1,,Hour22,150000.0,kWh,kW,True,"La magnitud y comportamiento horario coinciden con CapEfecNeta, DispoReal y DispoCome y la descripcion oficial corresponde a potencia neta.",150.0
2026-06-03,Recurso,DVS1,,Hour23,150000.0,kWh,kW,True,"La magnitud y comportamiento horario coinciden con CapEfecNeta, DispoReal y DispoCome y la descripcion oficial corresponde a potencia neta.",150.0
2026-06-03,Recurso,DVS1,,Hour24,150000.0,kWh,kW,True,"La magnitud y comportamiento horario coinciden con CapEfecNeta, DispoReal y DispoCome y la descripcion oficial corresponde a potencia neta.",150.0
2026-06-03,Recurso,ESMR,,Hour01,21000.0,kWh,kW,True,"La magnitud y comportamiento horario coinciden con CapEfecNeta, DispoReal y DispoCome y la descripcion oficial corresponde a potencia neta.",21.0
2026-06-03,Recurso,ESMR,,Hour02,21000.0,kWh,kW,True,"La magnitud y comportamiento horario coinciden con CapEfecNeta, DispoReal y DispoCome y la descripcion oficial corresponde a potencia neta.",21.0
2026-06-03,Recurso,ESMR,,Hour03,21000.0,kWh,kW,True,"La magnitud y comportamiento horario coinciden con CapEfecNeta, DispoReal y DispoCome y la descripcion oficial corresponde a potencia neta.",21.0
2026-06-03,Recurso,ESMR,,Hour04,21000.0,kWh,kW,True,"La magnitud y comportamiento horario coinciden con CapEfecNeta, DispoReal y DispoCome y la descripcion oficial corresponde a potencia neta.",21.0
2026-06-03,Recurso,ESMR,,Hour05,21000.0,kWh,kW,True,"La magnitud y comportamiento horario coinciden con CapEfecNeta, DispoReal y DispoCome y la descripcion oficial corresponde a potencia neta.",21.0
2026-06-03,Recurso,ESMR,,Hour06,21000.0,kWh,kW,True,"La magnitud y comportamiento horario coinciden con CapEfecNeta, DispoReal y DispoCome y la descripcion oficial corresponde a potencia neta.",21.0
2026-06-03,Recurso,ESMR,,Hour07,21000.0,kWh,kW,True,"La magnitud y comportamiento horario coinciden con CapEfecNeta, DispoReal y DispoCome y la descripcion oficial corresponde a potencia neta.",21.0
2026-06-03,Recurso,ESMR,,Hour08,21000.0,kWh,kW,True,"La magnitud y comportamiento horario coinciden con CapEfecNeta, DispoReal y DispoCome y la descripcion oficial corresponde a potencia neta.",21.0
2026-06-03,Recurso,ESMR,,Hour09,21000.0,kWh,kW,True,"La magnitud y comportamiento horario coinciden con CapEfecNeta, DispoReal y DispoCome y la descripcion oficial corresponde a potencia neta.",21.0
2026-06-03,Recurso,ESMR,,Hour10,21000.0,kWh,kW,True,"La magnitud y comportamiento horario coinciden con CapEfecNeta, DispoReal y DispoCome y la descripcion oficial corresponde a potencia neta.",21.0
2026-06-03,Recurso,ESMR,,Hour11,21000.0,kWh,kW,True,"La magnitud y comportamiento horario coinciden con CapEfecNeta, DispoReal y DispoCome y la descripcion oficial corresponde a potencia neta.",21.0
2026-06-03,Recurso,ESMR,,Hour12,21000.0,kWh,kW,True,"La magnitud y comportamiento horario coinciden con CapEfecNeta, DispoReal y DispoCome y la descripcion oficial corresponde a potencia neta.",21.0
2026-06-03,Recurso,ESMR,,Hour13,21000.0,kWh,kW,True,"La magnitud y comportamiento horario coinciden con CapEfecNeta, DispoReal y DispoCome y la descripcion oficial corresponde a potencia neta.",21.0
2026-06-03,Recurso,ESMR,,Hour14,21000.0,kWh,kW,True,"La magnitud y comportamiento horario coinciden con CapEfecNeta, DispoReal y DispoCome y la descripcion oficial corresponde a potencia neta.",21.0
2026-06-03,Recurso,ESMR,,Hour15,21000.0,kWh,kW,True,"La magnitud y comportamiento horario coinciden con CapEfecNeta, DispoReal y DispoCome y la descripcion oficial corresponde a potencia neta.",21.0
2026-06-03,Recurso,ESMR,,Hour16,21000.0,kWh,kW,True,"La magnitud y comportamiento horario coinciden con CapEfecNeta, DispoReal y DispoCome y la descripcion oficial corresponde a potencia neta.",21.0
2026-06-03,Recurso,ESMR,,Hour17,21000.0,kWh,kW,True,"La magnitud y comportamiento horario coinciden con CapEfecNeta, DispoReal y DispoCome y la descripcion oficial corresponde a potencia neta.",21.0
2026-06-03,Recurso,ESMR,,Hour18,21000.0,kWh,kW,True,"La magnitud y comportamiento horario coinciden con CapEfecNeta, DispoReal y DispoCome y la descripcion oficial corresponde a potencia neta.",21.0
2026-06-03,Recurso,ESMR,,Hour19,21000.0,kWh,kW,True,"La magnitud y comportamiento horario coinciden con CapEfecNeta, DispoReal y DispoCome y la descripcion oficial corresponde a potencia neta.",21.0
2026-06-03,Recurso,ESMR,,Hour20,21000.0,kWh,kW,True,"La magnitud y comportamiento horario coinciden con CapEfecNeta, DispoReal y DispoCome y la descripcion oficial corresponde a potencia neta.",21.0
2026-06-03,Recurso,ESMR,,Hour21,21000.0,kWh,kW,True,"La magnitud y comportamiento horario coinciden con CapEfecNeta, DispoReal y DispoCome y la descripcion oficial corresponde a potencia neta.",21.0
2026-06-03,Recurso,ESMR,,Hour22,21000.0,kWh,kW,True,"La magnitud y comportamiento horario coinciden con CapEfecNeta, DispoReal y DispoCome y la descripcion oficial corresponde a potencia neta.",21.0
2026-06-03,Recurso,ESMR,,Hour23,21000.0,kWh,kW,True,"La magnitud y comportamiento horario coinciden con CapEfecNeta, DispoReal y DispoCome y la descripcion oficial corresponde a potencia neta.",21.0
2026-06-03,Recurso,ESMR,,Hour24,21000.0,kWh,kW,True,"La magnitud y comportamiento horario coinciden con CapEfecNeta, DispoReal y DispoCome y la descripcion oficial corresponde a potencia neta.",21.0
2026-06-03,Recurso,GE32,,Hour01,260000.0,kWh,kW,True,"La magnitud y comportamiento horario coinciden con CapEfecNeta, DispoReal y DispoCome y la descripcion oficial corresponde a potencia neta.",260.0
2026-06-03,Recurso,GE32,,Hour02,260000.0,kWh,kW,True,"La magnitud y comportamiento horario coinciden con CapEfecNeta, DispoReal y DispoCome y la descripcion oficial corresponde a potencia neta.",260.0
2026-06-03,Recurso,GE32,,Hour03,260000.0,kWh,kW,True,"La magnitud y comportamiento horario coinciden con CapEfecNeta, DispoReal y DispoCome y la descripcion oficial corresponde a potencia neta.",260.0
2026-06-03,Recurso,GE32,,Hour04,260000.0,kWh,kW,True,"La magnitud y comportamiento horario coinciden con CapEfecNeta, DispoReal y DispoCome y la descripcion oficial corresponde a potencia neta.",260.0
2026-06-03,Recurso,GE32,,Hour05,260000.0,kWh,kW,True,"La magnitud y comportamiento horario coinciden con CapEfecNeta, DispoReal y DispoCome y la descripcion oficial corresponde a potencia neta.",260.0
2026-06-03,Recurso,GE32,,Hour06,260000.0,kWh,kW,True,"La magnitud y comportamiento horario coinciden con CapEfecNeta, DispoReal y DispoCome y la descripcion oficial corresponde a potencia neta.",260.0
2026-06-03,Recurso,GE32,,Hour07,260000.0,kWh,kW,True,"La magnitud y comportamiento horario coinciden con CapEfecNeta, DispoReal y DispoCome y la descripcion oficial corresponde a potencia neta.",260.0
2026-06-03,Recurso,GE32,,Hour08,260000.0,kWh,kW,True,"La magnitud y comportamiento horario coinciden con CapEfecNeta, DispoReal y DispoCome y la descripcion oficial corresponde a potencia neta.",260.0
2026-06-03,Recurso,GE32,,Hour09,260000.0,kWh,kW,True,"La magnitud y comportamiento horario coinciden con CapEfecNeta, DispoReal y DispoCome y la descripcion oficial corresponde a potencia neta.",260.0
2026-06-03,Recurso,GE32,,Hour10,260000.0,kWh,kW,True,"La magnitud y comportamiento horario coinciden con CapEfecNeta, DispoReal y DispoCome y la descripcion oficial corresponde a potencia neta.",260.0
2026-06-03,Recurso,GE32,,Hour11,260000.0,kWh,kW,True,"La magnitud y comportamiento horario coinciden con CapEfecNeta, DispoReal y DispoCome y la descripcion oficial corresponde a potencia neta.",260.0
2026-06-03,Recurso,GE32,,Hour12,260000.0,kWh,kW,True,"La magnitud y comportamiento horario coinciden con CapEfecNeta, DispoReal y DispoCome y la descripcion oficial corresponde a potencia neta.",260.0
2026-06-03,Recurso,GE32,,Hour13,260000.0,kWh,kW,True,"La magnitud y comportamiento horario coinciden con CapEfecNeta, DispoReal y DispoCome y la descripcion oficial corresponde a potencia neta.",260.0
2026-06-03,Recurso,GE32,,Hour14,260000.0,kWh,kW,True,"La magnitud y comportamiento horario coinciden con CapEfecNeta, DispoReal y DispoCome y la descripcion oficial corresponde a potencia neta.",260.0
2026-06-03,Recurso,GE32,,Hour15,260000.0,kWh,kW,True,"La magnitud y comportamiento horario coinciden con CapEfecNeta, DispoReal y DispoCome y la descripcion oficial corresponde a potencia neta.",260.0
2026-06-03,Recurso,GE32,,Hour16,260000.0,kWh,kW,True,"La magnitud y comportamiento horario coinciden con CapEfecNeta, DispoReal y DispoCome y la descripcion oficial corresponde a potencia neta.",260.0
2026-06-03,Recurso,GE32,,Hour17,260000.0,kWh,kW,True,"La magnitud y comportamiento horario coinciden con CapEfecNeta, DispoReal y DispoCome y la descripcion oficial corresponde a potencia neta.",260.0
2026-06-03,Recurso,GE32,,Hour18,260000.0,kWh,kW,True,"La magnitud y comportamiento horario coinciden con CapEfecNeta, DispoReal y DispoCome y la descripcion oficial corresponde a potencia neta.",260.0
2026-06-03,Recurso,GE32,,Hour19,260000.0,kWh,kW,True,"La magnitud y comportamiento horario coinciden con CapEfecNeta, DispoReal y DispoCome y la descripcion oficial corresponde a potencia neta.",260.0
2026-06-03,Recurso,GE32,,Hour20,260000.0,kWh,kW,True,"La magnitud y comportamiento horario coinciden con CapEfecNeta, DispoReal y DispoCome y la descripcion oficial corresponde a potencia neta.",260.0
2026-06-03,Recurso,GE32,,Hour21,260000.0,kWh,kW,True,"La magnitud y comportamiento horario coinciden con CapEfecNeta, DispoReal y DispoCome y la descripcion oficial corresponde a potencia neta.",260.0
2026-06-03,Recurso,GE32,,Hour22,260000.0,kWh,kW,True,"La magnitud y comportamiento horario coinciden con CapEfecNeta, DispoReal y DispoCome y la descripcion oficial corresponde a potencia neta.",260.0
2026-06-03,Recurso,GE32,,Hour23,260000.0,kWh,kW,True,"La magnitud y comportamiento horario coinciden con CapEfecNeta, DispoReal y DispoCome y la descripcion oficial corresponde a potencia neta.",260.0
2026-06-03,Recurso,GE32,,Hour24,260000.0,kWh,kW,True,"La magnitud y comportamiento horario coinciden con CapEfecNeta, DispoReal y DispoCome y la descripcion oficial corresponde a potencia neta.",260.0
2026-06-03,Recurso,GEC3,,Hour01,164000.0,kWh,kW,True,"La magnitud y comportamiento horario coinciden con CapEfecNeta, DispoReal y DispoCome y la descripcion oficial corresponde a potencia neta.",164.0
2026-06-03,Recurso,GEC3,,Hour02,164000.0,kWh,kW,True,"La magnitud y comportamiento horario coinciden con CapEfecNeta, DispoReal y DispoCome y la descripcion oficial corresponde a potencia neta.",164.0
2026-06-03,Recurso,GEC3,,Hour03,164000.0,kWh,kW,True,"La magnitud y comportamiento horario coinciden con CapEfecNeta, DispoReal y DispoCome y la descripcion oficial corresponde a potencia neta.",164.0
2026-06-03,Recurso,GEC3,,Hour04,164000.0,kWh,kW,True,"La magnitud y comportamiento horario coinciden con CapEfecNeta, DispoReal y DispoCome y la descripcion oficial corresponde a potencia neta.",164.0
2026-06-03,Recurso,GEC3,,Hour05,164000.0,kWh,kW,True,"La magnitud y comportamiento horario coinciden con CapEfecNeta, DispoReal y DispoCome y la descripcion oficial corresponde a potencia neta.",164.0
2026-06-03,Recurso,GEC3,,Hour06,164000.0,kWh,kW,True,"La magnitud y comportamiento horario coinciden con CapEfecNeta, DispoReal y DispoCome y la descripcion oficial corresponde a potencia neta.",164.0
2026-06-03,Recurso,GEC3,,Hour07,164000.0,kWh,kW,True,"La magnitud y comportamiento horario coinciden con CapEfecNeta, DispoReal y DispoCome y la descripcion oficial corresponde a potencia neta.",164.0
2026-06-03,Recurso,GEC3,,Hour08,164000.0,kWh,kW,True,"La magnitud y comportamiento horario coinciden con CapEfecNeta, DispoReal y DispoCome y la descripcion oficial corresponde a potencia neta.",164.0
2026-06-03,Recurso,GEC3,,Hour09,164000.0,kWh,kW,True,"La magnitud y comportamiento horario coinciden con CapEfecNeta, DispoReal y DispoCome y la descripcion oficial corresponde a potencia neta.",164.0
2026-06-03,Recurso,GEC3,,Hour10,164000.0,kWh,kW,True,"La magnitud y comportamiento horario coinciden con CapEfecNeta, DispoReal y DispoCome y la descripcion oficial corresponde a potencia neta.",164.0
2026-06-03,Recurso,GEC3,,Hour11,164000.0,kWh,kW,True,"La magnitud y comportamiento horario coinciden con CapEfecNeta, DispoReal y DispoCome y la descripcion oficial corresponde a potencia neta.",164.0
2026-06-03,Recurso,GEC3,,Hour12,164000.0,kWh,kW,True,"La magnitud y comportamiento horario coinciden con CapEfecNeta, DispoReal y DispoCome y la descripcion oficial corresponde a potencia neta.",164.0
2026-06-03,Recurso,GEC3,,Hour13,164000.0,kWh,kW,True,"La magnitud y comportamiento horario coinciden con CapEfecNeta, DispoReal y DispoCome y la descripcion oficial corresponde a potencia neta.",164.0
2026-06-03,Recurso,GEC3,,Hour14,164000.0,kWh,kW,True,"La magnitud y comportamiento horario coinciden con CapEfecNeta, DispoReal y DispoCome y la descripcion oficial corresponde a potencia neta.",164.0
2026-06-03,Recurso,GEC3,,Hour15,164000.0,kWh,kW,True,"La magnitud y comportamiento horario coinciden con CapEfecNeta, DispoReal y DispoCome y la descripcion oficial corresponde a potencia neta.",164.0
2026-06-03,Recurso,GEC3,,Hour16,164000.0,kWh,kW,True,"La magnitud y comportamiento horario coinciden con CapEfecNeta, DispoReal y DispoCome y la descripcion oficial corresponde a potencia neta.",164.0
2026-06-03,Recurso,GEC3,,Hour17,164000.0,kWh,kW,True,"La magnitud y comportamiento horario coinciden con CapEfecNeta, DispoReal y DispoCome y la descripcion oficial corresponde a potencia neta.",164.0
2026-06-03,Recurso,GEC3,,Hour18,164000.0,kWh,kW,True,"La magnitud y comportamiento horario coinciden con CapEfecNeta, DispoReal y DispoCome y la descripcion oficial corresponde a potencia neta.",164.0
2026-06-03,Recurso,GEC3,,Hour19,164000.0,kWh,kW,True,"La magnitud y comportamiento horario coinciden con CapEfecNeta, DispoReal y DispoCome y la descripcion oficial corresponde a potencia neta.",164.0
2026-06-03,Recurso,GEC3,,Hour20,164000.0,kWh,kW,True,"La magnitud y comportamiento horario coinciden con CapEfecNeta, DispoReal y DispoCome y la descripcion oficial corresponde a potencia neta.",164.0
2026-06-03,Recurso,GEC3,,Hour21,164000.0,kWh,kW,True,"La magnitud y comportamiento horario coinciden con CapEfecNeta, DispoReal y DispoCome y la descripcion oficial corresponde a potencia neta.",164.0
2026-06-03,Recurso,GEC3,,Hour22,164000.0,kWh,kW,True,"La magnitud y comportamiento horario coinciden con CapEfecNeta, DispoReal y DispoCome y la descripcion oficial corresponde a potencia neta.",164.0
2026-06-03,Recurso,GEC3,,Hour23,164000.0,kWh,kW,True,"La magnitud y comportamiento horario coinciden con CapEfecNeta, DispoReal y DispoCome y la descripcion oficial corresponde a potencia neta.",164.0
2026-06-03,Recurso,GEC3,,Hour24,164000.0,kWh,kW,True,"La magnitud y comportamiento horario coinciden con CapEfecNeta, DispoReal y DispoCome y la descripcion oficial corresponde a potencia neta.",164.0
2026-06-03,Recurso,GTPE,,Hour01,420000.0,kWh,kW,True,"La magnitud y comportamiento horario coinciden con CapEfecNeta, DispoReal y DispoCome y la descripcion oficial corresponde a potencia neta.",420.0
2026-06-03,Recurso,GTPE,,Hour02,420000.0,kWh,kW,True,"La magnitud y comportamiento horario coinciden con CapEfecNeta, DispoReal y DispoCome y la descripcion oficial corresponde a potencia neta.",420.0
2026-06-03,Recurso,GTPE,,Hour03,420000.0,kWh,kW,True,"La magnitud y comportamiento horario coinciden con CapEfecNeta, DispoReal y DispoCome y la descripcion oficial corresponde a potencia neta.",420.0
2026-06-03,Recurso,GTPE,,Hour04,420000.0,kWh,kW,True,"La magnitud y comportamiento horario coinciden con CapEfecNeta, DispoReal y DispoCome y la descripcion oficial corresponde a potencia neta.",420.0
2026-06-03,Recurso,GTPE,,Hour05,420000.0,kWh,kW,True,"La magnitud y comportamiento horario coinciden con CapEfecNeta, DispoReal y DispoCome y la descripcion oficial corresponde a potencia neta.",420.0
2026-06-03,Recurso,GTPE,,Hour06,420000.0,kWh,kW,True,"La magnitud y comportamiento horario coinciden con CapEfecNeta, DispoReal y DispoCome y la descripcion oficial corresponde a potencia neta.",420.0
2026-06-03,Recurso,GTPE,,Hour07,420000.0,kWh,kW,True,"La magnitud y comportamiento horario coinciden con CapEfecNeta, DispoReal y DispoCome y la descripcion oficial corresponde a potencia neta.",420.0
2026-06-03,Recurso,GTPE,,Hour08,420000.0,kWh,kW,True,"La magnitud y comportamiento horario coinciden con CapEfecNeta, DispoReal y DispoCome y la descripcion oficial corresponde a potencia neta.",420.0
2026-06-03,Recurso,GTPE,,Hour09,420000.0,kWh,kW,True,"La magnitud y comportamiento horario coinciden con CapEfecNeta, DispoReal y DispoCome y la descripcion oficial corresponde a potencia neta.",420.0
2026-06-03,Recurso,GTPE,,Hour10,420000.0,kWh,kW,True,"La magnitud y comportamiento horario coinciden con CapEfecNeta, DispoReal y DispoCome y la descripcion oficial corresponde a potencia neta.",420.0
2026-06-03,Recurso,GTPE,,Hour11,420000.0,kWh,kW,True,"La magnitud y comportamiento horario coinciden con CapEfecNeta, DispoReal y DispoCome y la descripcion oficial corresponde a potencia neta.",420.0
2026-06-03,Recurso,GTPE,,Hour12,420000.0,kWh,kW,True,"La magnitud y comportamiento horario coinciden con CapEfecNeta, DispoReal y DispoCome y la descripcion oficial corresponde a potencia neta.",420.0
2026-06-03,Recurso,GTPE,,Hour13,420000.0,kWh,kW,True,"La magnitud y comportamiento horario coinciden con CapEfecNeta, DispoReal y DispoCome y la descripcion oficial corresponde a potencia neta.",420.0
2026-06-03,Recurso,GTPE,,Hour14,420000.0,kWh,kW,True,"La magnitud y comportamiento horario coinciden con CapEfecNeta, DispoReal y DispoCome y la descripcion oficial corresponde a potencia neta.",420.0
2026-06-03,Recurso,GTPE,,Hour15,420000.0,kWh,kW,True,"La magnitud y comportamiento horario coinciden con CapEfecNeta, DispoReal y DispoCome y la descripcion oficial corresponde a potencia neta.",420.0
2026-06-03,Recurso,GTPE,,Hour16,420000.0,kWh,kW,True,"La magnitud y comportamiento horario coinciden con CapEfecNeta, DispoReal y DispoCome y la descripcion oficial corresponde a potencia neta.",420.0
2026-06-03,Recurso,GTPE,,Hour17,420000.0,kWh,kW,True,"La magnitud y comportamiento horario coinciden con CapEfecNeta, DispoReal y DispoCome y la descripcion oficial corresponde a potencia neta.",420.0
2026-06-03,Recurso,GTPE,,Hour18,420000.0,kWh,kW,True,"La magnitud y comportamiento horario coinciden con CapEfecNeta, DispoReal y DispoCome y la descripcion oficial corresponde a potencia neta.",420.0
2026-06-03,Recurso,GTPE,,Hour19,420000.0,kWh,kW,True,"La magnitud y comportamiento horario coinciden con CapEfecNeta, DispoReal y DispoCome y la descripcion oficial corresponde a potencia neta.",420.0
2026-06-03,Recurso,GTPE,,Hour20,420000.0,kWh,kW,True,"La magnitud y comportamiento horario coinciden con CapEfecNeta, DispoReal y DispoCome y la descripcion oficial corresponde a potencia neta.",420.0
2026-06-03,Recurso,GTPE,,Hour21,420000.0,kWh,kW,True,"La magnitud y comportamiento horario coinciden con CapEfecNeta, DispoReal y DispoCome y la descripcion oficial corresponde a potencia neta.",420.0
2026-06-03,Recurso,GTPE,,Hour22,420000.0,kWh,kW,True,"La magnitud y comportamiento horario coinciden con CapEfecNeta, DispoReal y DispoCome y la descripcion oficial corresponde a potencia neta.",420.0
2026-06-03,Recurso,GTPE,,Hour23,420000.0,kWh,kW,True,"La magnitud y comportamiento horario coinciden con CapEfecNeta, DispoReal y DispoCome y la descripcion oficial corresponde a potencia neta.",420.0
2026-06-03,Recurso,GTPE,,Hour24,420000.0,kWh,kW,True,"La magnitud y comportamiento horario coinciden con CapEfecNeta, DispoReal y DispoCome y la descripcion oficial corresponde a potencia neta.",420.0
2026-06-03,Recurso,GTRG,,Hour01,427000.0,kWh,kW,True,"La magnitud y comportamiento horario coinciden con CapEfecNeta, DispoReal y DispoCome y la descripcion oficial corresponde a potencia neta.",427.0
2026-06-03,Recurso,GTRG,,Hour02,427000.0,kWh,kW,True,"La magnitud y comportamiento horario coinciden con CapEfecNeta, DispoReal y DispoCome y la descripcion oficial corresponde a potencia neta.",427.0
2026-06-03,Recurso,GTRG,,Hour03,427000.0,kWh,kW,True,"La magnitud y comportamiento horario coinciden con CapEfecNeta, DispoReal y DispoCome y la descripcion oficial corresponde a potencia neta.",427.0
2026-06-03,Recurso,GTRG,,Hour04,427000.0,kWh,kW,True,"La magnitud y comportamiento horario coinciden con CapEfecNeta, DispoReal y DispoCome y la descripcion oficial corresponde a potencia neta.",427.0
2026-06-03,Recurso,GTRG,,Hour05,427000.0,kWh,kW,True,"La magnitud y comportamiento horario coinciden con CapEfecNeta, DispoReal y DispoCome y la descripcion oficial corresponde a potencia neta.",427.0
2026-06-03,Recurso,GTRG,,Hour06,427000.0,kWh,kW,True,"La magnitud y comportamiento horario coinciden con CapEfecNeta, DispoReal y DispoCome y la descripcion oficial corresponde a potencia neta.",427.0
2026-06-03,Recurso,GTRG,,Hour07,427000.0,kWh,kW,True,"La magnitud y comportamiento horario coinciden con CapEfecNeta, DispoReal y DispoCome y la descripcion oficial corresponde a potencia neta.",427.0
2026-06-03,Recurso,GTRG,,Hour08,427000.0,kWh,kW,True,"La magnitud y comportamiento horario coinciden con CapEfecNeta, DispoReal y DispoCome y la descripcion oficial corresponde a potencia neta.",427.0
2026-06-03,Recurso,GTRG,,Hour09,427000.0,kWh,kW,True,"La magnitud y comportamiento horario coinciden con CapEfecNeta, DispoReal y DispoCome y la descripcion oficial corresponde a potencia neta.",427.0
2026-06-03,Recurso,GTRG,,Hour10,427000.0,kWh,kW,True,"La magnitud y comportamiento horario coinciden con CapEfecNeta, DispoReal y DispoCome y la descripcion oficial corresponde a potencia neta.",427.0
2026-06-03,Recurso,GTRG,,Hour11,427000.0,kWh,kW,True,"La magnitud y comportamiento horario coinciden con CapEfecNeta, DispoReal y DispoCome y la descripcion oficial corresponde a potencia neta.",427.0
2026-06-03,Recurso,GTRG,,Hour12,427000.0,kWh,kW,True,"La magnitud y comportamiento horario coinciden con CapEfecNeta, DispoReal y DispoCome y la descripcion oficial corresponde a potencia neta.",427.0
2026-06-03,Recurso,GTRG,,Hour13,427000.0,kWh,kW,True,"La magnitud y comportamiento horario coinciden con CapEfecNeta, DispoReal y DispoCome y la descripcion oficial corresponde a potencia neta.",427.0
2026-06-03,Recurso,GTRG,,Hour14,427000.0,kWh,kW,True,"La magnitud y comportamiento horario coinciden con CapEfecNeta, DispoReal y DispoCome y la descripcion oficial corresponde a potencia neta.",427.0
2026-06-03,Recurso,GTRG,,Hour15,427000.0,kWh,kW,True,"La magnitud y comportamiento horario coinciden con CapEfecNeta, DispoReal y DispoCome y la descripcion oficial corresponde a potencia neta.",427.0
2026-06-03,Recurso,GTRG,,Hour16,427000.0,kWh,kW,True,"La magnitud y comportamiento horario coinciden con CapEfecNeta, DispoReal y DispoCome y la descripcion oficial corresponde a potencia neta.",427.0
2026-06-03,Recurso,GTRG,,Hour17,427000.0,kWh,kW,True,"La magnitud y comportamiento horario coinciden con CapEfecNeta, DispoReal y DispoCome y la descripcion oficial corresponde a potencia neta.",427.0
2026-06-03,Recurso,GTRG,,Hour18,427000.0,kWh,kW,True,"La magnitud y comportamiento horario coinciden con CapEfecNeta, DispoReal y DispoCome y la descripcion oficial corresponde a potencia neta.",427.0
2026-06-03,Recurso,GTRG,,Hour19,427000.0,kWh,kW,True,"La magnitud y comportamiento horario coinciden con CapEfecNeta, DispoReal y DispoCome y la descripcion oficial corresponde a potencia neta.",427.0
2026-06-03,Recurso,GTRG,,Hour20,427000.0,kWh,kW,True,"La magnitud y comportamiento horario coinciden con CapEfecNeta, DispoReal y DispoCome y la descripcion oficial corresponde a potencia neta.",427.0
2026-06-03,Recurso,GTRG,,Hour21,427000.0,kWh,kW,True,"La magnitud y comportamiento horario coinciden con CapEfecNeta, DispoReal y DispoCome y la descripcion oficial corresponde a potencia neta.",427.0
2026-06-03,Recurso,GTRG,,Hour22,427000.0,kWh,kW,True,"La magnitud y comportamiento horario coinciden con CapEfecNeta, DispoReal y DispoCome y la descripcion oficial corresponde a potencia neta.",427.0
2026-06-03,Recurso,GTRG,,Hour23,427000.0,kWh,kW,True,"La magnitud y comportamiento horario coinciden con CapEfecNeta, DispoReal y DispoCome y la descripcion oficial corresponde a potencia neta.",427.0
2026-06-03,Recurso,GTRG,,Hour24,427000.0,kWh,kW,True,"La magnitud y comportamiento horario coinciden con CapEfecNeta, DispoReal y DispoCome y la descripcion oficial corresponde a potencia neta.",427.0
2026-06-03,Recurso,GVIO,,Hour01,976000.0,kWh,kW,True,"La magnitud y comportamiento horario coinciden con CapEfecNeta, DispoReal y DispoCome y la descripcion oficial corresponde a potencia neta.",976.0
2026-06-03,Recurso,GVIO,,Hour02,976000.0,kWh,kW,True,"La magnitud y comportamiento horario coinciden con CapEfecNeta, DispoReal y DispoCome y la descripcion oficial corresponde a potencia neta.",976.0
2026-06-03,Recurso,GVIO,,Hour03,976000.0,kWh,kW,True,"La magnitud y comportamiento horario coinciden con CapEfecNeta, DispoReal y DispoCome y la descripcion oficial corresponde a potencia neta.",976.0
2026-06-03,Recurso,GVIO,,Hour04,976000.0,kWh,kW,True,"La magnitud y comportamiento horario coinciden con CapEfecNeta, DispoReal y DispoCome y la descripcion oficial corresponde a potencia neta.",976.0
2026-06-03,Recurso,GVIO,,Hour05,976000.0,kWh,kW,True,"La magnitud y comportamiento horario coinciden con CapEfecNeta, DispoReal y DispoCome y la descripcion oficial corresponde a potencia neta.",976.0
2026-06-03,Recurso,GVIO,,Hour06,976000.0,kWh,kW,True,"La magnitud y comportamiento horario coinciden con CapEfecNeta, DispoReal y DispoCome y la descripcion oficial corresponde a potencia neta.",976.0
2026-06-03,Recurso,GVIO,,Hour07,976000.0,kWh,kW,True,"La magnitud y comportamiento horario coinciden con CapEfecNeta, DispoReal y DispoCome y la descripcion oficial corresponde a potencia neta.",976.0
2026-06-03,Recurso,GVIO,,Hour08,976000.0,kWh,kW,True,"La magnitud y comportamiento horario coinciden con CapEfecNeta, DispoReal y DispoCome y la descripcion oficial corresponde a potencia neta.",976.0
2026-06-03,Recurso,GVIO,,Hour09,976000.0,kWh,kW,True,"La magnitud y comportamiento horario coinciden con CapEfecNeta, DispoReal y DispoCome y la descripcion oficial corresponde a potencia neta.",976.0
2026-06-03,Recurso,GVIO,,Hour10,976000.0,kWh,kW,True,"La magnitud y comportamiento horario coinciden con CapEfecNeta, DispoReal y DispoCome y la descripcion oficial corresponde a potencia neta.",976.0
2026-06-03,Recurso,GVIO,,Hour11,976000.0,kWh,kW,True,"La magnitud y comportamiento horario coinciden con CapEfecNeta, DispoReal y DispoCome y la descripcion oficial corresponde a potencia neta.",976.0
2026-06-03,Recurso,GVIO,,Hour12,976000.0,kWh,kW,True,"La magnitud y comportamiento horario coinciden con CapEfecNeta, DispoReal y DispoCome y la descripcion oficial corresponde a potencia neta.",976.0
2026-06-03,Recurso,GVIO,,Hour13,976000.0,kWh,kW,True,"La magnitud y comportamiento horario coinciden con CapEfecNeta, DispoReal y DispoCome y la descripcion oficial corresponde a potencia neta.",976.0
2026-06-03,Recurso,GVIO,,Hour14,976000.0,kWh,kW,True,"La magnitud y comportamiento horario coinciden con CapEfecNeta, DispoReal y DispoCome y la descripcion oficial corresponde a potencia neta.",976.0
2026-06-03,Recurso,GVIO,,Hour15,976000.0,kWh,kW,True,"La magnitud y comportamiento horario coinciden con CapEfecNeta, DispoReal y DispoCome y la descripcion oficial corresponde a potencia neta.",976.0
2026-06-03,Recurso,GVIO,,Hour16,976000.0,kWh,kW,True,"La magnitud y comportamiento horario coinciden con CapEfecNeta, DispoReal y DispoCome y la descripcion oficial corresponde a potencia neta.",976.0
2026-06-03,Recurso,GVIO,,Hour17,976000.0,kWh,kW,True,"La magnitud y comportamiento horario coinciden con CapEfecNeta, DispoReal y DispoCome y la descripcion oficial corresponde a potencia neta.",976.0
2026-06-03,Recurso,GVIO,,Hour18,976000.0,kWh,kW,True,"La magnitud y comportamiento horario coinciden con CapEfecNeta, DispoReal y DispoCome y la descripcion oficial corresponde a potencia neta.",976.0
2026-06-03,Recurso,GVIO,,Hour19,976000.0,kWh,kW,True,"La magnitud y comportamiento horario coinciden con CapEfecNeta, DispoReal y DispoCome y la descripcion oficial corresponde a potencia neta.",976.0
2026-06-03,Recurso,GVIO,,Hour20,976000.0,kWh,kW,True,"La magnitud y comportamiento horario coinciden con CapEfecNeta, DispoReal y DispoCome y la descripcion oficial corresponde a potencia neta.",976.0
2026-06-03,Recurso,GVIO,,Hour21,976000.0,kWh,kW,True,"La magnitud y comportamiento horario coinciden con CapEfecNeta, DispoReal y DispoCome y la descripcion oficial corresponde a potencia neta.",976.0
2026-06-03,Recurso,GVIO,,Hour22,976000.0,kWh,kW,True,"La magnitud y comportamiento horario coinciden con CapEfecNeta, DispoReal y DispoCome y la descripcion oficial corresponde a potencia neta.",976.0
2026-06-03,Recurso,GVIO,,Hour23,976000.0,kWh,kW,True,"La magnitud y comportamiento horario coinciden con CapEfecNeta, DispoReal y DispoCome y la descripcion oficial corresponde a potencia neta.",976.0
2026-06-03,Recurso,GVIO,,Hour24,976000.0,kWh,kW,True,"La magnitud y comportamiento horario coinciden con CapEfecNeta, DispoReal y DispoCome y la descripcion oficial corresponde a potencia neta.",976.0
2026-06-04,Recurso,CTG2,,Hour01,0.0,kWh,kW,True,"La magnitud y comportamiento horario coinciden con CapEfecNeta, DispoReal y DispoCome y la descripcion oficial corresponde a potencia neta.",0.0
2026-06-04,Recurso,CTG2,,Hour02,0.0,kWh,kW,True,"La magnitud y comportamiento horario coinciden con CapEfecNeta, DispoReal y DispoCome y la descripcion oficial corresponde a potencia neta.",0.0
2026-06-04,Recurso,CTG2,,Hour03,0.0,kWh,kW,True,"La magnitud y comportamiento horario coinciden con CapEfecNeta, DispoReal y DispoCome y la descripcion oficial corresponde a potencia neta.",0.0
2026-06-04,Recurso,CTG2,,Hour04,0.0,kWh,kW,True,"La magnitud y comportamiento horario coinciden con CapEfecNeta, DispoReal y DispoCome y la descripcion oficial corresponde a potencia neta.",0.0
2026-06-04,Recurso,CTG2,,Hour05,0.0,kWh,kW,True,"La magnitud y comportamiento horario coinciden con CapEfecNeta, DispoReal y DispoCome y la descripcion oficial corresponde a potencia neta.",0.0
2026-06-04,Recurso,CTG2,,Hour06,0.0,kWh,kW,True,"La magnitud y comportamiento horario coinciden con CapEfecNeta, DispoReal y DispoCome y la descripcion oficial corresponde a potencia neta.",0.0
2026-06-04,Recurso,CTG2,,Hour07,0.0,kWh,kW,True,"La magnitud y comportamiento horario coinciden con CapEfecNeta, DispoReal y DispoCome y la descripcion oficial corresponde a potencia neta.",0.0
2026-06-04,Recurso,CTG2,,Hour08,0.0,kWh,kW,True,"La magnitud y comportamiento horario coinciden con CapEfecNeta, DispoReal y DispoCome y la descripcion oficial corresponde a potencia neta.",0.0
2026-06-04,Recurso,CTG2,,Hour09,0.0,kWh,kW,True,"La magnitud y comportamiento horario coinciden con CapEfecNeta, DispoReal y DispoCome y la descripcion oficial corresponde a potencia neta.",0.0
2026-06-04,Recurso,CTG2,,Hour10,0.0,kWh,kW,True,"La magnitud y comportamiento horario coinciden con CapEfecNeta, DispoReal y DispoCome y la descripcion oficial corresponde a potencia neta.",0.0
2026-06-04,Recurso,CTG2,,Hour11,0.0,kWh,kW,True,"La magnitud y comportamiento horario coinciden con CapEfecNeta, DispoReal y DispoCome y la descripcion oficial corresponde a potencia neta.",0.0
2026-06-04,Recurso,CTG2,,Hour12,0.0,kWh,kW,True,"La magnitud y comportamiento horario coinciden con CapEfecNeta, DispoReal y DispoCome y la descripcion oficial corresponde a potencia neta.",0.0
2026-06-04,Recurso,CTG2,,Hour13,0.0,kWh,kW,True,"La magnitud y comportamiento horario coinciden con CapEfecNeta, DispoReal y DispoCome y la descripcion oficial corresponde a potencia neta.",0.0
2026-06-04,Recurso,CTG2,,Hour14,0.0,kWh,kW,True,"La magnitud y comportamiento horario coinciden con CapEfecNeta, DispoReal y DispoCome y la descripcion oficial corresponde a potencia neta.",0.0
2026-06-04,Recurso,CTG2,,Hour15,0.0,kWh,kW,True,"La magnitud y comportamiento horario coinciden con CapEfecNeta, DispoReal y DispoCome y la descripcion oficial corresponde a potencia neta.",0.0
2026-06-04,Recurso,CTG2,,Hour16,0.0,kWh,kW,True,"La magnitud y comportamiento horario coinciden con CapEfecNeta, DispoReal y DispoCome y la descripcion oficial corresponde a potencia neta.",0.0
2026-06-04,Recurso,CTG2,,Hour17,0.0,kWh,kW,True,"La magnitud y comportamiento horario coinciden con CapEfecNeta, DispoReal y DispoCome y la descripcion oficial corresponde a potencia neta.",0.0
2026-06-04,Recurso,CTG2,,Hour18,0.0,kWh,kW,True,"La magnitud y comportamiento horario coinciden con CapEfecNeta, DispoReal y DispoCome y la descripcion oficial corresponde a potencia neta.",0.0
2026-06-04,Recurso,CTG2,,Hour19,0.0,kWh,kW,True,"La magnitud y comportamiento horario coinciden con CapEfecNeta, DispoReal y DispoCome y la descripcion oficial corresponde a potencia neta.",0.0
2026-06-04,Recurso,CTG2,,Hour20,0.0,kWh,kW,True,"La magnitud y comportamiento horario coinciden con CapEfecNeta, DispoReal y DispoCome y la descripcion oficial corresponde a potencia neta.",0.0
2026-06-04,Recurso,CTG2,,Hour21,0.0,kWh,kW,True,"La magnitud y comportamiento horario coinciden con CapEfecNeta, DispoReal y DispoCome y la descripcion oficial corresponde a potencia neta.",0.0
2026-06-04,Recurso,CTG2,,Hour22,0.0,kWh,kW,True,"La magnitud y comportamiento horario coinciden con CapEfecNeta, DispoReal y DispoCome y la descripcion oficial corresponde a potencia neta.",0.0
2026-06-04,Recurso,CTG2,,Hour23,0.0,kWh,kW,True,"La magnitud y comportamiento horario coinciden con CapEfecNeta, DispoReal y DispoCome y la descripcion oficial corresponde a potencia neta.",0.0
2026-06-04,Recurso,CTG2,,Hour24,0.0,kWh,kW,True,"La magnitud y comportamiento horario coinciden con CapEfecNeta, DispoReal y DispoCome y la descripcion oficial corresponde a potencia neta.",0.0
2026-06-04,Recurso,CTG3,,Hour01,0.0,kWh,kW,True,"La magnitud y comportamiento horario coinciden con CapEfecNeta, DispoReal y DispoCome y la descripcion oficial corresponde a potencia neta.",0.0
2026-06-04,Recurso,CTG3,,Hour02,0.0,kWh,kW,True,"La magnitud y comportamiento horario coinciden con CapEfecNeta, DispoReal y DispoCome y la descripcion oficial corresponde a potencia neta.",0.0
2026-06-04,Recurso,CTG3,,Hour03,0.0,kWh,kW,True,"La magnitud y comportamiento horario coinciden con CapEfecNeta, DispoReal y DispoCome y la descripcion oficial corresponde a potencia neta.",0.0
2026-06-04,Recurso,CTG3,,Hour04,0.0,kWh,kW,True,"La magnitud y comportamiento horario coinciden con CapEfecNeta, DispoReal y DispoCome y la descripcion oficial corresponde a potencia neta.",0.0
2026-06-04,Recurso,CTG3,,Hour05,0.0,kWh,kW,True,"La magnitud y comportamiento horario coinciden con CapEfecNeta, DispoReal y DispoCome y la descripcion oficial corresponde a potencia neta.",0.0
2026-06-04,Recurso,CTG3,,Hour06,0.0,kWh,kW,True,"La magnitud y comportamiento horario coinciden con CapEfecNeta, DispoReal y DispoCome y la descripcion oficial corresponde a potencia neta.",0.0
2026-06-04,Recurso,CTG3,,Hour07,0.0,kWh,kW,True,"La magnitud y comportamiento horario coinciden con CapEfecNeta, DispoReal y DispoCome y la descripcion oficial corresponde a potencia neta.",0.0
2026-06-04,Recurso,CTG3,,Hour08,0.0,kWh,kW,True,"La magnitud y comportamiento horario coinciden con CapEfecNeta, DispoReal y DispoCome y la descripcion oficial corresponde a potencia neta.",0.0
2026-06-04,Recurso,CTG3,,Hour09,0.0,kWh,kW,True,"La magnitud y comportamiento horario coinciden con CapEfecNeta, DispoReal y DispoCome y la descripcion oficial corresponde a potencia neta.",0.0
2026-06-04,Recurso,CTG3,,Hour10,0.0,kWh,kW,True,"La magnitud y comportamiento horario coinciden con CapEfecNeta, DispoReal y DispoCome y la descripcion oficial corresponde a potencia neta.",0.0
2026-06-04,Recurso,CTG3,,Hour11,0.0,kWh,kW,True,"La magnitud y comportamiento horario coinciden con CapEfecNeta, DispoReal y DispoCome y la descripcion oficial corresponde a potencia neta.",0.0
2026-06-04,Recurso,CTG3,,Hour12,0.0,kWh,kW,True,"La magnitud y comportamiento horario coinciden con CapEfecNeta, DispoReal y DispoCome y la descripcion oficial corresponde a potencia neta.",0.0
2026-06-04,Recurso,CTG3,,Hour13,0.0,kWh,kW,True,"La magnitud y comportamiento horario coinciden con CapEfecNeta, DispoReal y DispoCome y la descripcion oficial corresponde a potencia neta.",0.0
2026-06-04,Recurso,CTG3,,Hour14,0.0,kWh,kW,True,"La magnitud y comportamiento horario coinciden con CapEfecNeta, DispoReal y DispoCome y la descripcion oficial corresponde a potencia neta.",0.0
2026-06-04,Recurso,CTG3,,Hour15,0.0,kWh,kW,True,"La magnitud y comportamiento horario coinciden con CapEfecNeta, DispoReal y DispoCome y la descripcion oficial corresponde a potencia neta.",0.0
2026-06-04,Recurso,CTG3,,Hour16,0.0,kWh,kW,True,"La magnitud y comportamiento horario coinciden con CapEfecNeta, DispoReal y DispoCome y la descripcion oficial corresponde a potencia neta.",0.0
2026-06-04,Recurso,CTG3,,Hour17,0.0,kWh,kW,True,"La magnitud y comportamiento horario coinciden con CapEfecNeta, DispoReal y DispoCome y la descripcion oficial corresponde a potencia neta.",0.0
2026-06-04,Recurso,CTG3,,Hour18,0.0,kWh,kW,True,"La magnitud y comportamiento horario coinciden con CapEfecNeta, DispoReal y DispoCome y la descripcion oficial corresponde a potencia neta.",0.0
2026-06-04,Recurso,CTG3,,Hour19,0.0,kWh,kW,True,"La magnitud y comportamiento horario coinciden con CapEfecNeta, DispoReal y DispoCome y la descripcion oficial corresponde a potencia neta.",0.0
2026-06-04,Recurso,CTG3,,Hour20,0.0,kWh,kW,True,"La magnitud y comportamiento horario coinciden con CapEfecNeta, DispoReal y DispoCome y la descripcion oficial corresponde a potencia neta.",0.0
2026-06-04,Recurso,CTG3,,Hour21,0.0,kWh,kW,True,"La magnitud y comportamiento horario coinciden con CapEfecNeta, DispoReal y DispoCome y la descripcion oficial corresponde a potencia neta.",0.0
2026-06-04,Recurso,CTG3,,Hour22,0.0,kWh,kW,True,"La magnitud y comportamiento horario coinciden con CapEfecNeta, DispoReal y DispoCome y la descripcion oficial corresponde a potencia neta.",0.0
2026-06-04,Recurso,CTG3,,Hour23,0.0,kWh,kW,True,"La magnitud y comportamiento horario coinciden con CapEfecNeta, DispoReal y DispoCome y la descripcion oficial corresponde a potencia neta.",0.0
2026-06-04,Recurso,CTG3,,Hour24,0.0,kWh,kW,True,"La magnitud y comportamiento horario coinciden con CapEfecNeta, DispoReal y DispoCome y la descripcion oficial corresponde a potencia neta.",0.0
2026-06-04,Recurso,CUC1,,Hour01,26000.0,kWh,kW,True,"La magnitud y comportamiento horario coinciden con CapEfecNeta, DispoReal y DispoCome y la descripcion oficial corresponde a potencia neta.",26.0
2026-06-04,Recurso,CUC1,,Hour02,26000.0,kWh,kW,True,"La magnitud y comportamiento horario coinciden con CapEfecNeta, DispoReal y DispoCome y la descripcion oficial corresponde a potencia neta.",26.0
2026-06-04,Recurso,CUC1,,Hour03,26000.0,kWh,kW,True,"La magnitud y comportamiento horario coinciden con CapEfecNeta, DispoReal y DispoCome y la descripcion oficial corresponde a potencia neta.",26.0
2026-06-04,Recurso,CUC1,,Hour04,26000.0,kWh,kW,True,"La magnitud y comportamiento horario coinciden con CapEfecNeta, DispoReal y DispoCome y la descripcion oficial corresponde a potencia neta.",26.0
2026-06-04,Recurso,CUC1,,Hour05,26000.0,kWh,kW,True,"La magnitud y comportamiento horario coinciden con CapEfecNeta, DispoReal y DispoCome y la descripcion oficial corresponde a potencia neta.",26.0
2026-06-04,Recurso,CUC1,,Hour06,26000.0,kWh,kW,True,"La magnitud y comportamiento horario coinciden con CapEfecNeta, DispoReal y DispoCome y la descripcion oficial corresponde a potencia neta.",26.0
2026-06-04,Recurso,CUC1,,Hour07,26000.0,kWh,kW,True,"La magnitud y comportamiento horario coinciden con CapEfecNeta, DispoReal y DispoCome y la descripcion oficial corresponde a potencia neta.",26.0
2026-06-04,Recurso,CUC1,,Hour08,26000.0,kWh,kW,True,"La magnitud y comportamiento horario coinciden con CapEfecNeta, DispoReal y DispoCome y la descripcion oficial corresponde a potencia neta.",26.0
2026-06-04,Recurso,CUC1,,Hour09,26000.0,kWh,kW,True,"La magnitud y comportamiento horario coinciden con CapEfecNeta, DispoReal y DispoCome y la descripcion oficial corresponde a potencia neta.",26.0
2026-06-04,Recurso,CUC1,,Hour10,28000.0,kWh,kW,True,"La magnitud y comportamiento horario coinciden con CapEfecNeta, DispoReal y DispoCome y la descripcion oficial corresponde a potencia neta.",28.0
2026-06-04,Recurso,CUC1,,Hour11,28000.0,kWh,kW,True,"La magnitud y comportamiento horario coinciden con CapEfecNeta, DispoReal y DispoCome y la descripcion oficial corresponde a potencia neta.",28.0
2026-06-04,Recurso,CUC1,,Hour12,30000.0,kWh,kW,True,"La magnitud y comportamiento horario coinciden con CapEfecNeta, DispoReal y DispoCome y la descripcion oficial corresponde a potencia neta.",30.0
2026-06-04,Recurso,CUC1,,Hour13,32000.0,kWh,kW,True,"La magnitud y comportamiento horario coinciden con CapEfecNeta, DispoReal y DispoCome y la descripcion oficial corresponde a potencia neta.",32.0
2026-06-04,Recurso,CUC1,,Hour14,34000.0,kWh,kW,True,"La magnitud y comportamiento horario coinciden con CapEfecNeta, DispoReal y DispoCome y la descripcion oficial corresponde a potencia neta.",34.0
2026-06-04,Recurso,CUC1,,Hour15,32000.0,kWh,kW,True,"La magnitud y comportamiento horario coinciden con CapEfecNeta, DispoReal y DispoCome y la descripcion oficial corresponde a potencia neta.",32.0
2026-06-04,Recurso,CUC1,,Hour16,32000.0,kWh,kW,True,"La magnitud y comportamiento horario coinciden con CapEfecNeta, DispoReal y DispoCome y la descripcion oficial corresponde a potencia neta.",32.0
2026-06-04,Recurso,CUC1,,Hour17,32000.0,kWh,kW,True,"La magnitud y comportamiento horario coinciden con CapEfecNeta, DispoReal y DispoCome y la descripcion oficial corresponde a potencia neta.",32.0
2026-06-04,Recurso,CUC1,,Hour18,32000.0,kWh,kW,True,"La magnitud y comportamiento horario coinciden con CapEfecNeta, DispoReal y DispoCome y la descripcion oficial corresponde a potencia neta.",32.0
2026-06-04,Recurso,CUC1,,Hour19,32000.0,kWh,kW,True,"La magnitud y comportamiento horario coinciden con CapEfecNeta, DispoReal y DispoCome y la descripcion oficial corresponde a potencia neta.",32.0
2026-06-04,Recurso,CUC1,,Hour20,30000.0,kWh,kW,True,"La magnitud y comportamiento horario coinciden con CapEfecNeta, DispoReal y DispoCome y la descripcion oficial corresponde a potencia neta.",30.0
2026-06-04,Recurso,CUC1,,Hour21,30000.0,kWh,kW,True,"La magnitud y comportamiento horario coinciden con CapEfecNeta, DispoReal y DispoCome y la descripcion oficial corresponde a potencia neta.",30.0
2026-06-04,Recurso,CUC1,,Hour22,30000.0,kWh,kW,True,"La magnitud y comportamiento horario coinciden con CapEfecNeta, DispoReal y DispoCome y la descripcion oficial corresponde a potencia neta.",30.0
2026-06-04,Recurso,CUC1,,Hour23,28000.0,kWh,kW,True,"La magnitud y comportamiento horario coinciden con CapEfecNeta, DispoReal y DispoCome y la descripcion oficial corresponde a potencia neta.",28.0
2026-06-04,Recurso,CUC1,,Hour24,28000.0,kWh,kW,True,"La magnitud y comportamiento horario coinciden con CapEfecNeta, DispoReal y DispoCome y la descripcion oficial corresponde a potencia neta.",28.0
2026-06-04,Recurso,DVS1,,Hour01,150000.0,kWh,kW,True,"La magnitud y comportamiento horario coinciden con CapEfecNeta, DispoReal y DispoCome y la descripcion oficial corresponde a potencia neta.",150.0
2026-06-04,Recurso,DVS1,,Hour02,150000.0,kWh,kW,True,"La magnitud y comportamiento horario coinciden con CapEfecNeta, DispoReal y DispoCome y la descripcion oficial corresponde a potencia neta.",150.0
2026-06-04,Recurso,DVS1,,Hour03,150000.0,kWh,kW,True,"La magnitud y comportamiento horario coinciden con CapEfecNeta, DispoReal y DispoCome y la descripcion oficial corresponde a potencia neta.",150.0
2026-06-04,Recurso,DVS1,,Hour04,150000.0,kWh,kW,True,"La magnitud y comportamiento horario coinciden con CapEfecNeta, DispoReal y DispoCome y la descripcion oficial corresponde a potencia neta.",150.0
2026-06-04,Recurso,DVS1,,Hour05,150000.0,kWh,kW,True,"La magnitud y comportamiento horario coinciden con CapEfecNeta, DispoReal y DispoCome y la descripcion oficial corresponde a potencia neta.",150.0
2026-06-04,Recurso,DVS1,,Hour06,150000.0,kWh,kW,True,"La magnitud y comportamiento horario coinciden con CapEfecNeta, DispoReal y DispoCome y la descripcion oficial corresponde a potencia neta.",150.0
2026-06-04,Recurso,DVS1,,Hour07,150000.0,kWh,kW,True,"La magnitud y comportamiento horario coinciden con CapEfecNeta, DispoReal y DispoCome y la descripcion oficial corresponde a potencia neta.",150.0
2026-06-04,Recurso,DVS1,,Hour08,150000.0,kWh,kW,True,"La magnitud y comportamiento horario coinciden con CapEfecNeta, DispoReal y DispoCome y la descripcion oficial corresponde a potencia neta.",150.0
2026-06-04,Recurso,DVS1,,Hour09,150000.0,kWh,kW,True,"La magnitud y comportamiento horario coinciden con CapEfecNeta, DispoReal y DispoCome y la descripcion oficial corresponde a potencia neta.",150.0
2026-06-04,Recurso,DVS1,,Hour10,150000.0,kWh,kW,True,"La magnitud y comportamiento horario coinciden con CapEfecNeta, DispoReal y DispoCome y la descripcion oficial corresponde a potencia neta.",150.0
2026-06-04,Recurso,DVS1,,Hour11,150000.0,kWh,kW,True,"La magnitud y comportamiento horario coinciden con CapEfecNeta, DispoReal y DispoCome y la descripcion oficial corresponde a potencia neta.",150.0
2026-06-04,Recurso,DVS1,,Hour12,150000.0,kWh,kW,True,"La magnitud y comportamiento horario coinciden con CapEfecNeta, DispoReal y DispoCome y la descripcion oficial corresponde a potencia neta.",150.0
2026-06-04,Recurso,DVS1,,Hour13,150000.0,kWh,kW,True,"La magnitud y comportamiento horario coinciden con CapEfecNeta, DispoReal y DispoCome y la descripcion oficial corresponde a potencia neta.",150.0
2026-06-04,Recurso,DVS1,,Hour14,150000.0,kWh,kW,True,"La magnitud y comportamiento horario coinciden con CapEfecNeta, DispoReal y DispoCome y la descripcion oficial corresponde a potencia neta.",150.0
2026-06-04,Recurso,DVS1,,Hour15,150000.0,kWh,kW,True,"La magnitud y comportamiento horario coinciden con CapEfecNeta, DispoReal y DispoCome y la descripcion oficial corresponde a potencia neta.",150.0
2026-06-04,Recurso,DVS1,,Hour16,150000.0,kWh,kW,True,"La magnitud y comportamiento horario coinciden con CapEfecNeta, DispoReal y DispoCome y la descripcion oficial corresponde a potencia neta.",150.0
2026-06-04,Recurso,DVS1,,Hour17,150000.0,kWh,kW,True,"La magnitud y comportamiento horario coinciden con CapEfecNeta, DispoReal y DispoCome y la descripcion oficial corresponde a potencia neta.",150.0
2026-06-04,Recurso,DVS1,,Hour18,150000.0,kWh,kW,True,"La magnitud y comportamiento horario coinciden con CapEfecNeta, DispoReal y DispoCome y la descripcion oficial corresponde a potencia neta.",150.0
2026-06-04,Recurso,DVS1,,Hour19,150000.0,kWh,kW,True,"La magnitud y comportamiento horario coinciden con CapEfecNeta, DispoReal y DispoCome y la descripcion oficial corresponde a potencia neta.",150.0
2026-06-04,Recurso,DVS1,,Hour20,150000.0,kWh,kW,True,"La magnitud y comportamiento horario coinciden con CapEfecNeta, DispoReal y DispoCome y la descripcion oficial corresponde a potencia neta.",150.0
2026-06-04,Recurso,DVS1,,Hour21,150000.0,kWh,kW,True,"La magnitud y comportamiento horario coinciden con CapEfecNeta, DispoReal y DispoCome y la descripcion oficial corresponde a potencia neta.",150.0
2026-06-04,Recurso,DVS1,,Hour22,150000.0,kWh,kW,True,"La magnitud y comportamiento horario coinciden con CapEfecNeta, DispoReal y DispoCome y la descripcion oficial corresponde a potencia neta.",150.0
2026-06-04,Recurso,DVS1,,Hour23,150000.0,kWh,kW,True,"La magnitud y comportamiento horario coinciden con CapEfecNeta, DispoReal y DispoCome y la descripcion oficial corresponde a potencia neta.",150.0
2026-06-04,Recurso,DVS1,,Hour24,150000.0,kWh,kW,True,"La magnitud y comportamiento horario coinciden con CapEfecNeta, DispoReal y DispoCome y la descripcion oficial corresponde a potencia neta.",150.0
2026-06-04,Recurso,ESMR,,Hour01,21000.0,kWh,kW,True,"La magnitud y comportamiento horario coinciden con CapEfecNeta, DispoReal y DispoCome y la descripcion oficial corresponde a potencia neta.",21.0
2026-06-04,Recurso,ESMR,,Hour02,21000.0,kWh,kW,True,"La magnitud y comportamiento horario coinciden con CapEfecNeta, DispoReal y DispoCome y la descripcion oficial corresponde a potencia neta.",21.0
2026-06-04,Recurso,ESMR,,Hour03,21000.0,kWh,kW,True,"La magnitud y comportamiento horario coinciden con CapEfecNeta, DispoReal y DispoCome y la descripcion oficial corresponde a potencia neta.",21.0
2026-06-04,Recurso,ESMR,,Hour04,21000.0,kWh,kW,True,"La magnitud y comportamiento horario coinciden con CapEfecNeta, DispoReal y DispoCome y la descripcion oficial corresponde a potencia neta.",21.0
2026-06-04,Recurso,ESMR,,Hour05,21000.0,kWh,kW,True,"La magnitud y comportamiento horario coinciden con CapEfecNeta, DispoReal y DispoCome y la descripcion oficial corresponde a potencia neta.",21.0
2026-06-04,Recurso,ESMR,,Hour06,21000.0,kWh,kW,True,"La magnitud y comportamiento horario coinciden con CapEfecNeta, DispoReal y DispoCome y la descripcion oficial corresponde a potencia neta.",21.0
2026-06-04,Recurso,ESMR,,Hour07,21000.0,kWh,kW,True,"La magnitud y comportamiento horario coinciden con CapEfecNeta, DispoReal y DispoCome y la descripcion oficial corresponde a potencia neta.",21.0
2026-06-04,Recurso,ESMR,,Hour08,21000.0,kWh,kW,True,"La magnitud y comportamiento horario coinciden con CapEfecNeta, DispoReal y DispoCome y la descripcion oficial corresponde a potencia neta.",21.0
2026-06-04,Recurso,ESMR,,Hour09,21000.0,kWh,kW,True,"La magnitud y comportamiento horario coinciden con CapEfecNeta, DispoReal y DispoCome y la descripcion oficial corresponde a potencia neta.",21.0
2026-06-04,Recurso,ESMR,,Hour10,21000.0,kWh,kW,True,"La magnitud y comportamiento horario coinciden con CapEfecNeta, DispoReal y DispoCome y la descripcion oficial corresponde a potencia neta.",21.0
2026-06-04,Recurso,ESMR,,Hour11,21000.0,kWh,kW,True,"La magnitud y comportamiento horario coinciden con CapEfecNeta, DispoReal y DispoCome y la descripcion oficial corresponde a potencia neta.",21.0
2026-06-04,Recurso,ESMR,,Hour12,21000.0,kWh,kW,True,"La magnitud y comportamiento horario coinciden con CapEfecNeta, DispoReal y DispoCome y la descripcion oficial corresponde a potencia neta.",21.0
2026-06-04,Recurso,ESMR,,Hour13,21000.0,kWh,kW,True,"La magnitud y comportamiento horario coinciden con CapEfecNeta, DispoReal y DispoCome y la descripcion oficial corresponde a potencia neta.",21.0
2026-06-04,Recurso,ESMR,,Hour14,21000.0,kWh,kW,True,"La magnitud y comportamiento horario coinciden con CapEfecNeta, DispoReal y DispoCome y la descripcion oficial corresponde a potencia neta.",21.0
2026-06-04,Recurso,ESMR,,Hour15,21000.0,kWh,kW,True,"La magnitud y comportamiento horario coinciden con CapEfecNeta, DispoReal y DispoCome y la descripcion oficial corresponde a potencia neta.",21.0
2026-06-04,Recurso,ESMR,,Hour16,21000.0,kWh,kW,True,"La magnitud y comportamiento horario coinciden con CapEfecNeta, DispoReal y DispoCome y la descripcion oficial corresponde a potencia neta.",21.0
2026-06-04,Recurso,ESMR,,Hour17,21000.0,kWh,kW,True,"La magnitud y comportamiento horario coinciden con CapEfecNeta, DispoReal y DispoCome y la descripcion oficial corresponde a potencia neta.",21.0
2026-06-04,Recurso,ESMR,,Hour18,21000.0,kWh,kW,True,"La magnitud y comportamiento horario coinciden con CapEfecNeta, DispoReal y DispoCome y la descripcion oficial corresponde a potencia neta.",21.0
2026-06-04,Recurso,ESMR,,Hour19,21000.0,kWh,kW,True,"La magnitud y comportamiento horario coinciden con CapEfecNeta, DispoReal y DispoCome y la descripcion oficial corresponde a potencia neta.",21.0
2026-06-04,Recurso,ESMR,,Hour20,21000.0,kWh,kW,True,"La magnitud y comportamiento horario coinciden con CapEfecNeta, DispoReal y DispoCome y la descripcion oficial corresponde a potencia neta.",21.0
2026-06-04,Recurso,ESMR,,Hour21,21000.0,kWh,kW,True,"La magnitud y comportamiento horario coinciden con CapEfecNeta, DispoReal y DispoCome y la descripcion oficial corresponde a potencia neta.",21.0
2026-06-04,Recurso,ESMR,,Hour22,21000.0,kWh,kW,True,"La magnitud y comportamiento horario coinciden con CapEfecNeta, DispoReal y DispoCome y la descripcion oficial corresponde a potencia neta.",21.0
2026-06-04,Recurso,ESMR,,Hour23,21000.0,kWh,kW,True,"La magnitud y comportamiento horario coinciden con CapEfecNeta, DispoReal y DispoCome y la descripcion oficial corresponde a potencia neta.",21.0
2026-06-04,Recurso,ESMR,,Hour24,21000.0,kWh,kW,True,"La magnitud y comportamiento horario coinciden con CapEfecNeta, DispoReal y DispoCome y la descripcion oficial corresponde a potencia neta.",21.0
2026-06-04,Recurso,GE32,,Hour01,260000.0,kWh,kW,True,"La magnitud y comportamiento horario coinciden con CapEfecNeta, DispoReal y DispoCome y la descripcion oficial corresponde a potencia neta.",260.0
2026-06-04,Recurso,GE32,,Hour02,260000.0,kWh,kW,True,"La magnitud y comportamiento horario coinciden con CapEfecNeta, DispoReal y DispoCome y la descripcion oficial corresponde a potencia neta.",260.0
2026-06-04,Recurso,GE32,,Hour03,260000.0,kWh,kW,True,"La magnitud y comportamiento horario coinciden con CapEfecNeta, DispoReal y DispoCome y la descripcion oficial corresponde a potencia neta.",260.0
2026-06-04,Recurso,GE32,,Hour04,260000.0,kWh,kW,True,"La magnitud y comportamiento horario coinciden con CapEfecNeta, DispoReal y DispoCome y la descripcion oficial corresponde a potencia neta.",260.0
2026-06-04,Recurso,GE32,,Hour05,260000.0,kWh,kW,True,"La magnitud y comportamiento horario coinciden con CapEfecNeta, DispoReal y DispoCome y la descripcion oficial corresponde a potencia neta.",260.0
2026-06-04,Recurso,GE32,,Hour06,260000.0,kWh,kW,True,"La magnitud y comportamiento horario coinciden con CapEfecNeta, DispoReal y DispoCome y la descripcion oficial corresponde a potencia neta.",260.0
2026-06-04,Recurso,GE32,,Hour07,260000.0,kWh,kW,True,"La magnitud y comportamiento horario coinciden con CapEfecNeta, DispoReal y DispoCome y la descripcion oficial corresponde a potencia neta.",260.0
2026-06-04,Recurso,GE32,,Hour08,260000.0,kWh,kW,True,"La magnitud y comportamiento horario coinciden con CapEfecNeta, DispoReal y DispoCome y la descripcion oficial corresponde a potencia neta.",260.0
2026-06-04,Recurso,GE32,,Hour09,260000.0,kWh,kW,True,"La magnitud y comportamiento horario coinciden con CapEfecNeta, DispoReal y DispoCome y la descripcion oficial corresponde a potencia neta.",260.0
2026-06-04,Recurso,GE32,,Hour10,260000.0,kWh,kW,True,"La magnitud y comportamiento horario coinciden con CapEfecNeta, DispoReal y DispoCome y la descripcion oficial corresponde a potencia neta.",260.0
2026-06-04,Recurso,GE32,,Hour11,260000.0,kWh,kW,True,"La magnitud y comportamiento horario coinciden con CapEfecNeta, DispoReal y DispoCome y la descripcion oficial corresponde a potencia neta.",260.0
2026-06-04,Recurso,GE32,,Hour12,260000.0,kWh,kW,True,"La magnitud y comportamiento horario coinciden con CapEfecNeta, DispoReal y DispoCome y la descripcion oficial corresponde a potencia neta.",260.0
2026-06-04,Recurso,GE32,,Hour13,260000.0,kWh,kW,True,"La magnitud y comportamiento horario coinciden con CapEfecNeta, DispoReal y DispoCome y la descripcion oficial corresponde a potencia neta.",260.0
2026-06-04,Recurso,GE32,,Hour14,260000.0,kWh,kW,True,"La magnitud y comportamiento horario coinciden con CapEfecNeta, DispoReal y DispoCome y la descripcion oficial corresponde a potencia neta.",260.0
2026-06-04,Recurso,GE32,,Hour15,260000.0,kWh,kW,True,"La magnitud y comportamiento horario coinciden con CapEfecNeta, DispoReal y DispoCome y la descripcion oficial corresponde a potencia neta.",260.0
2026-06-04,Recurso,GE32,,Hour16,260000.0,kWh,kW,True,"La magnitud y comportamiento horario coinciden con CapEfecNeta, DispoReal y DispoCome y la descripcion oficial corresponde a potencia neta.",260.0
2026-06-04,Recurso,GE32,,Hour17,260000.0,kWh,kW,True,"La magnitud y comportamiento horario coinciden con CapEfecNeta, DispoReal y DispoCome y la descripcion oficial corresponde a potencia neta.",260.0
2026-06-04,Recurso,GE32,,Hour18,260000.0,kWh,kW,True,"La magnitud y comportamiento horario coinciden con CapEfecNeta, DispoReal y DispoCome y la descripcion oficial corresponde a potencia neta.",260.0
2026-06-04,Recurso,GE32,,Hour19,260000.0,kWh,kW,True,"La magnitud y comportamiento horario coinciden con CapEfecNeta, DispoReal y DispoCome y la descripcion oficial corresponde a potencia neta.",260.0
2026-06-04,Recurso,GE32,,Hour20,260000.0,kWh,kW,True,"La magnitud y comportamiento horario coinciden con CapEfecNeta, DispoReal y DispoCome y la descripcion oficial corresponde a potencia neta.",260.0
2026-06-04,Recurso,GE32,,Hour21,260000.0,kWh,kW,True,"La magnitud y comportamiento horario coinciden con CapEfecNeta, DispoReal y DispoCome y la descripcion oficial corresponde a potencia neta.",260.0
2026-06-04,Recurso,GE32,,Hour22,260000.0,kWh,kW,True,"La magnitud y comportamiento horario coinciden con CapEfecNeta, DispoReal y DispoCome y la descripcion oficial corresponde a potencia neta.",260.0
2026-06-04,Recurso,GE32,,Hour23,260000.0,kWh,kW,True,"La magnitud y comportamiento horario coinciden con CapEfecNeta, DispoReal y DispoCome y la descripcion oficial corresponde a potencia neta.",260.0
2026-06-04,Recurso,GE32,,Hour24,260000.0,kWh,kW,True,"La magnitud y comportamiento horario coinciden con CapEfecNeta, DispoReal y DispoCome y la descripcion oficial corresponde a potencia neta.",260.0
2026-06-04,Recurso,GEC3,,Hour01,164000.0,kWh,kW,True,"La magnitud y comportamiento horario coinciden con CapEfecNeta, DispoReal y DispoCome y la descripcion oficial corresponde a potencia neta.",164.0
2026-06-04,Recurso,GEC3,,Hour02,164000.0,kWh,kW,True,"La magnitud y comportamiento horario coinciden con CapEfecNeta, DispoReal y DispoCome y la descripcion oficial corresponde a potencia neta.",164.0
2026-06-04,Recurso,GEC3,,Hour03,164000.0,kWh,kW,True,"La magnitud y comportamiento horario coinciden con CapEfecNeta, DispoReal y DispoCome y la descripcion oficial corresponde a potencia neta.",164.0
2026-06-04,Recurso,GEC3,,Hour04,164000.0,kWh,kW,True,"La magnitud y comportamiento horario coinciden con CapEfecNeta, DispoReal y DispoCome y la descripcion oficial corresponde a potencia neta.",164.0
2026-06-04,Recurso,GEC3,,Hour05,164000.0,kWh,kW,True,"La magnitud y comportamiento horario coinciden con CapEfecNeta, DispoReal y DispoCome y la descripcion oficial corresponde a potencia neta.",164.0
2026-06-04,Recurso,GEC3,,Hour06,164000.0,kWh,kW,True,"La magnitud y comportamiento horario coinciden con CapEfecNeta, DispoReal y DispoCome y la descripcion oficial corresponde a potencia neta.",164.0
2026-06-04,Recurso,GEC3,,Hour07,164000.0,kWh,kW,True,"La magnitud y comportamiento horario coinciden con CapEfecNeta, DispoReal y DispoCome y la descripcion oficial corresponde a potencia neta.",164.0
2026-06-04,Recurso,GEC3,,Hour08,164000.0,kWh,kW,True,"La magnitud y comportamiento horario coinciden con CapEfecNeta, DispoReal y DispoCome y la descripcion oficial corresponde a potencia neta.",164.0
2026-06-04,Recurso,GEC3,,Hour09,164000.0,kWh,kW,True,"La magnitud y comportamiento horario coinciden con CapEfecNeta, DispoReal y DispoCome y la descripcion oficial corresponde a potencia neta.",164.0
2026-06-04,Recurso,GEC3,,Hour10,164000.0,kWh,kW,True,"La magnitud y comportamiento horario coinciden con CapEfecNeta, DispoReal y DispoCome y la descripcion oficial corresponde a potencia neta.",164.0
2026-06-04,Recurso,GEC3,,Hour11,164000.0,kWh,kW,True,"La magnitud y comportamiento horario coinciden con CapEfecNeta, DispoReal y DispoCome y la descripcion oficial corresponde a potencia neta.",164.0
2026-06-04,Recurso,GEC3,,Hour12,164000.0,kWh,kW,True,"La magnitud y comportamiento horario coinciden con CapEfecNeta, DispoReal y DispoCome y la descripcion oficial corresponde a potencia neta.",164.0
2026-06-04,Recurso,GEC3,,Hour13,164000.0,kWh,kW,True,"La magnitud y comportamiento horario coinciden con CapEfecNeta, DispoReal y DispoCome y la descripcion oficial corresponde a potencia neta.",164.0
2026-06-04,Recurso,GEC3,,Hour14,164000.0,kWh,kW,True,"La magnitud y comportamiento horario coinciden con CapEfecNeta, DispoReal y DispoCome y la descripcion oficial corresponde a potencia neta.",164.0
2026-06-04,Recurso,GEC3,,Hour15,164000.0,kWh,kW,True,"La magnitud y comportamiento horario coinciden con CapEfecNeta, DispoReal y DispoCome y la descripcion oficial corresponde a potencia neta.",164.0
2026-06-04,Recurso,GEC3,,Hour16,164000.0,kWh,kW,True,"La magnitud y comportamiento horario coinciden con CapEfecNeta, DispoReal y DispoCome y la descripcion oficial corresponde a potencia neta.",164.0
2026-06-04,Recurso,GEC3,,Hour17,164000.0,kWh,kW,True,"La magnitud y comportamiento horario coinciden con CapEfecNeta, DispoReal y DispoCome y la descripcion oficial corresponde a potencia neta.",164.0
2026-06-04,Recurso,GEC3,,Hour18,164000.0,kWh,kW,True,"La magnitud y comportamiento horario coinciden con CapEfecNeta, DispoReal y DispoCome y la descripcion oficial corresponde a potencia neta.",164.0
2026-06-04,Recurso,GEC3,,Hour19,164000.0,kWh,kW,True,"La magnitud y comportamiento horario coinciden con CapEfecNeta, DispoReal y DispoCome y la descripcion oficial corresponde a potencia neta.",164.0
2026-06-04,Recurso,GEC3,,Hour20,164000.0,kWh,kW,True,"La magnitud y comportamiento horario coinciden con CapEfecNeta, DispoReal y DispoCome y la descripcion oficial corresponde a potencia neta.",164.0
2026-06-04,Recurso,GEC3,,Hour21,164000.0,kWh,kW,True,"La magnitud y comportamiento horario coinciden con CapEfecNeta, DispoReal y DispoCome y la descripcion oficial corresponde a potencia neta.",164.0
2026-06-04,Recurso,GEC3,,Hour22,164000.0,kWh,kW,True,"La magnitud y comportamiento horario coinciden con CapEfecNeta, DispoReal y DispoCome y la descripcion oficial corresponde a potencia neta.",164.0
2026-06-04,Recurso,GEC3,,Hour23,164000.0,kWh,kW,True,"La magnitud y comportamiento horario coinciden con CapEfecNeta, DispoReal y DispoCome y la descripcion oficial corresponde a potencia neta.",164.0
2026-06-04,Recurso,GEC3,,Hour24,164000.0,kWh,kW,True,"La magnitud y comportamiento horario coinciden con CapEfecNeta, DispoReal y DispoCome y la descripcion oficial corresponde a potencia neta.",164.0
2026-06-04,Recurso,GTPE,,Hour01,420000.0,kWh,kW,True,"La magnitud y comportamiento horario coinciden con CapEfecNeta, DispoReal y DispoCome y la descripcion oficial corresponde a potencia neta.",420.0
2026-06-04,Recurso,GTPE,,Hour02,420000.0,kWh,kW,True,"La magnitud y comportamiento horario coinciden con CapEfecNeta, DispoReal y DispoCome y la descripcion oficial corresponde a potencia neta.",420.0
2026-06-04,Recurso,GTPE,,Hour03,420000.0,kWh,kW,True,"La magnitud y comportamiento horario coinciden con CapEfecNeta, DispoReal y DispoCome y la descripcion oficial corresponde a potencia neta.",420.0
2026-06-04,Recurso,GTPE,,Hour04,420000.0,kWh,kW,True,"La magnitud y comportamiento horario coinciden con CapEfecNeta, DispoReal y DispoCome y la descripcion oficial corresponde a potencia neta.",420.0
2026-06-04,Recurso,GTPE,,Hour05,420000.0,kWh,kW,True,"La magnitud y comportamiento horario coinciden con CapEfecNeta, DispoReal y DispoCome y la descripcion oficial corresponde a potencia neta.",420.0
2026-06-04,Recurso,GTPE,,Hour06,420000.0,kWh,kW,True,"La magnitud y comportamiento horario coinciden con CapEfecNeta, DispoReal y DispoCome y la descripcion oficial corresponde a potencia neta.",420.0
2026-06-04,Recurso,GTPE,,Hour07,420000.0,kWh,kW,True,"La magnitud y comportamiento horario coinciden con CapEfecNeta, DispoReal y DispoCome y la descripcion oficial corresponde a potencia neta.",420.0
2026-06-04,Recurso,GTPE,,Hour08,420000.0,kWh,kW,True,"La magnitud y comportamiento horario coinciden con CapEfecNeta, DispoReal y DispoCome y la descripcion oficial corresponde a potencia neta.",420.0
2026-06-04,Recurso,GTPE,,Hour09,420000.0,kWh,kW,True,"La magnitud y comportamiento horario coinciden con CapEfecNeta, DispoReal y DispoCome y la descripcion oficial corresponde a potencia neta.",420.0
2026-06-04,Recurso,GTPE,,Hour10,420000.0,kWh,kW,True,"La magnitud y comportamiento horario coinciden con CapEfecNeta, DispoReal y DispoCome y la descripcion oficial corresponde a potencia neta.",420.0
2026-06-04,Recurso,GTPE,,Hour11,420000.0,kWh,kW,True,"La magnitud y comportamiento horario coinciden con CapEfecNeta, DispoReal y DispoCome y la descripcion oficial corresponde a potencia neta.",420.0
2026-06-04,Recurso,GTPE,,Hour12,420000.0,kWh,kW,True,"La magnitud y comportamiento horario coinciden con CapEfecNeta, DispoReal y DispoCome y la descripcion oficial corresponde a potencia neta.",420.0
2026-06-04,Recurso,GTPE,,Hour13,420000.0,kWh,kW,True,"La magnitud y comportamiento horario coinciden con CapEfecNeta, DispoReal y DispoCome y la descripcion oficial corresponde a potencia neta.",420.0
2026-06-04,Recurso,GTPE,,Hour14,420000.0,kWh,kW,True,"La magnitud y comportamiento horario coinciden con CapEfecNeta, DispoReal y DispoCome y la descripcion oficial corresponde a potencia neta.",420.0
2026-06-04,Recurso,GTPE,,Hour15,420000.0,kWh,kW,True,"La magnitud y comportamiento horario coinciden con CapEfecNeta, DispoReal y DispoCome y la descripcion oficial corresponde a potencia neta.",420.0
2026-06-04,Recurso,GTPE,,Hour16,420000.0,kWh,kW,True,"La magnitud y comportamiento horario coinciden con CapEfecNeta, DispoReal y DispoCome y la descripcion oficial corresponde a potencia neta.",420.0
2026-06-04,Recurso,GTPE,,Hour17,420000.0,kWh,kW,True,"La magnitud y comportamiento horario coinciden con CapEfecNeta, DispoReal y DispoCome y la descripcion oficial corresponde a potencia neta.",420.0
2026-06-04,Recurso,GTPE,,Hour18,420000.0,kWh,kW,True,"La magnitud y comportamiento horario coinciden con CapEfecNeta, DispoReal y DispoCome y la descripcion oficial corresponde a potencia neta.",420.0
2026-06-04,Recurso,GTPE,,Hour19,420000.0,kWh,kW,True,"La magnitud y comportamiento horario coinciden con CapEfecNeta, DispoReal y DispoCome y la descripcion oficial corresponde a potencia neta.",420.0
2026-06-04,Recurso,GTPE,,Hour20,420000.0,kWh,kW,True,"La magnitud y comportamiento horario coinciden con CapEfecNeta, DispoReal y DispoCome y la descripcion oficial corresponde a potencia neta.",420.0
2026-06-04,Recurso,GTPE,,Hour21,420000.0,kWh,kW,True,"La magnitud y comportamiento horario coinciden con CapEfecNeta, DispoReal y DispoCome y la descripcion oficial corresponde a potencia neta.",420.0
2026-06-04,Recurso,GTPE,,Hour22,420000.0,kWh,kW,True,"La magnitud y comportamiento horario coinciden con CapEfecNeta, DispoReal y DispoCome y la descripcion oficial corresponde a potencia neta.",420.0
2026-06-04,Recurso,GTPE,,Hour23,420000.0,kWh,kW,True,"La magnitud y comportamiento horario coinciden con CapEfecNeta, DispoReal y DispoCome y la descripcion oficial corresponde a potencia neta.",420.0
2026-06-04,Recurso,GTPE,,Hour24,420000.0,kWh,kW,True,"La magnitud y comportamiento horario coinciden con CapEfecNeta, DispoReal y DispoCome y la descripcion oficial corresponde a potencia neta.",420.0
2026-06-04,Recurso,GTRG,,Hour01,427000.0,kWh,kW,True,"La magnitud y comportamiento horario coinciden con CapEfecNeta, DispoReal y DispoCome y la descripcion oficial corresponde a potencia neta.",427.0
2026-06-04,Recurso,GTRG,,Hour02,427000.0,kWh,kW,True,"La magnitud y comportamiento horario coinciden con CapEfecNeta, DispoReal y DispoCome y la descripcion oficial corresponde a potencia neta.",427.0
2026-06-04,Recurso,GTRG,,Hour03,427000.0,kWh,kW,True,"La magnitud y comportamiento horario coinciden con CapEfecNeta, DispoReal y DispoCome y la descripcion oficial corresponde a potencia neta.",427.0
2026-06-04,Recurso,GTRG,,Hour04,427000.0,kWh,kW,True,"La magnitud y comportamiento horario coinciden con CapEfecNeta, DispoReal y DispoCome y la descripcion oficial corresponde a potencia neta.",427.0
2026-06-04,Recurso,GTRG,,Hour05,427000.0,kWh,kW,True,"La magnitud y comportamiento horario coinciden con CapEfecNeta, DispoReal y DispoCome y la descripcion oficial corresponde a potencia neta.",427.0
2026-06-04,Recurso,GTRG,,Hour06,427000.0,kWh,kW,True,"La magnitud y comportamiento horario coinciden con CapEfecNeta, DispoReal y DispoCome y la descripcion oficial corresponde a potencia neta.",427.0
2026-06-04,Recurso,GTRG,,Hour07,427000.0,kWh,kW,True,"La magnitud y comportamiento horario coinciden con CapEfecNeta, DispoReal y DispoCome y la descripcion oficial corresponde a potencia neta.",427.0
2026-06-04,Recurso,GTRG,,Hour08,380000.0,kWh,kW,True,"La magnitud y comportamiento horario coinciden con CapEfecNeta, DispoReal y DispoCome y la descripcion oficial corresponde a potencia neta.",380.0
2026-06-04,Recurso,GTRG,,Hour09,380000.0,kWh,kW,True,"La magnitud y comportamiento horario coinciden con CapEfecNeta, DispoReal y DispoCome y la descripcion oficial corresponde a potencia neta.",380.0
2026-06-04,Recurso,GTRG,,Hour10,380000.0,kWh,kW,True,"La magnitud y comportamiento horario coinciden con CapEfecNeta, DispoReal y DispoCome y la descripcion oficial corresponde a potencia neta.",380.0
2026-06-04,Recurso,GTRG,,Hour11,380000.0,kWh,kW,True,"La magnitud y comportamiento horario coinciden con CapEfecNeta, DispoReal y DispoCome y la descripcion oficial corresponde a potencia neta.",380.0
2026-06-04,Recurso,GTRG,,Hour12,380000.0,kWh,kW,True,"La magnitud y comportamiento horario coinciden con CapEfecNeta, DispoReal y DispoCome y la descripcion oficial corresponde a potencia neta.",380.0
2026-06-04,Recurso,GTRG,,Hour13,380000.0,kWh,kW,True,"La magnitud y comportamiento horario coinciden con CapEfecNeta, DispoReal y DispoCome y la descripcion oficial corresponde a potencia neta.",380.0
2026-06-04,Recurso,GTRG,,Hour14,380000.0,kWh,kW,True,"La magnitud y comportamiento horario coinciden con CapEfecNeta, DispoReal y DispoCome y la descripcion oficial corresponde a potencia neta.",380.0
2026-06-04,Recurso,GTRG,,Hour15,380000.0,kWh,kW,True,"La magnitud y comportamiento horario coinciden con CapEfecNeta, DispoReal y DispoCome y la descripcion oficial corresponde a potencia neta.",380.0
2026-06-04,Recurso,GTRG,,Hour16,380000.0,kWh,kW,True,"La magnitud y comportamiento horario coinciden con CapEfecNeta, DispoReal y DispoCome y la descripcion oficial corresponde a potencia neta.",380.0
2026-06-04,Recurso,GTRG,,Hour17,427000.0,kWh,kW,True,"La magnitud y comportamiento horario coinciden con CapEfecNeta, DispoReal y DispoCome y la descripcion oficial corresponde a potencia neta.",427.0
2026-06-04,Recurso,GTRG,,Hour18,427000.0,kWh,kW,True,"La magnitud y comportamiento horario coinciden con CapEfecNeta, DispoReal y DispoCome y la descripcion oficial corresponde a potencia neta.",427.0
2026-06-04,Recurso,GTRG,,Hour19,427000.0,kWh,kW,True,"La magnitud y comportamiento horario coinciden con CapEfecNeta, DispoReal y DispoCome y la descripcion oficial corresponde a potencia neta.",427.0
2026-06-04,Recurso,GTRG,,Hour20,427000.0,kWh,kW,True,"La magnitud y comportamiento horario coinciden con CapEfecNeta, DispoReal y DispoCome y la descripcion oficial corresponde a potencia neta.",427.0
2026-06-04,Recurso,GTRG,,Hour21,427000.0,kWh,kW,True,"La magnitud y comportamiento horario coinciden con CapEfecNeta, DispoReal y DispoCome y la descripcion oficial corresponde a potencia neta.",427.0
2026-06-04,Recurso,GTRG,,Hour22,427000.0,kWh,kW,True,"La magnitud y comportamiento horario coinciden con CapEfecNeta, DispoReal y DispoCome y la descripcion oficial corresponde a potencia neta.",427.0
2026-06-04,Recurso,GTRG,,Hour23,427000.0,kWh,kW,True,"La magnitud y comportamiento horario coinciden con CapEfecNeta, DispoReal y DispoCome y la descripcion oficial corresponde a potencia neta.",427.0
2026-06-04,Recurso,GTRG,,Hour24,427000.0,kWh,kW,True,"La magnitud y comportamiento horario coinciden con CapEfecNeta, DispoReal y DispoCome y la descripcion oficial corresponde a potencia neta.",427.0
2026-06-04,Recurso,GVIO,,Hour01,976000.0,kWh,kW,True,"La magnitud y comportamiento horario coinciden con CapEfecNeta, DispoReal y DispoCome y la descripcion oficial corresponde a potencia neta.",976.0
2026-06-04,Recurso,GVIO,,Hour02,976000.0,kWh,kW,True,"La magnitud y comportamiento horario coinciden con CapEfecNeta, DispoReal y DispoCome y la descripcion oficial corresponde a potencia neta.",976.0
2026-06-04,Recurso,GVIO,,Hour03,976000.0,kWh,kW,True,"La magnitud y comportamiento horario coinciden con CapEfecNeta, DispoReal y DispoCome y la descripcion oficial corresponde a potencia neta.",976.0
2026-06-04,Recurso,GVIO,,Hour04,976000.0,kWh,kW,True,"La magnitud y comportamiento horario coinciden con CapEfecNeta, DispoReal y DispoCome y la descripcion oficial corresponde a potencia neta.",976.0
2026-06-04,Recurso,GVIO,,Hour05,976000.0,kWh,kW,True,"La magnitud y comportamiento horario coinciden con CapEfecNeta, DispoReal y DispoCome y la descripcion oficial corresponde a potencia neta.",976.0
2026-06-04,Recurso,GVIO,,Hour06,976000.0,kWh,kW,True,"La magnitud y comportamiento horario coinciden con CapEfecNeta, DispoReal y DispoCome y la descripcion oficial corresponde a potencia neta.",976.0
2026-06-04,Recurso,GVIO,,Hour07,976000.0,kWh,kW,True,"La magnitud y comportamiento horario coinciden con CapEfecNeta, DispoReal y DispoCome y la descripcion oficial corresponde a potencia neta.",976.0
2026-06-04,Recurso,GVIO,,Hour08,976000.0,kWh,kW,True,"La magnitud y comportamiento horario coinciden con CapEfecNeta, DispoReal y DispoCome y la descripcion oficial corresponde a potencia neta.",976.0
2026-06-04,Recurso,GVIO,,Hour09,976000.0,kWh,kW,True,"La magnitud y comportamiento horario coinciden con CapEfecNeta, DispoReal y DispoCome y la descripcion oficial corresponde a potencia neta.",976.0
2026-06-04,Recurso,GVIO,,Hour10,976000.0,kWh,kW,True,"La magnitud y comportamiento horario coinciden con CapEfecNeta, DispoReal y DispoCome y la descripcion oficial corresponde a potencia neta.",976.0
2026-06-04,Recurso,GVIO,,Hour11,976000.0,kWh,kW,True,"La magnitud y comportamiento horario coinciden con CapEfecNeta, DispoReal y DispoCome y la descripcion oficial corresponde a potencia neta.",976.0
2026-06-04,Recurso,GVIO,,Hour12,976000.0,kWh,kW,True,"La magnitud y comportamiento horario coinciden con CapEfecNeta, DispoReal y DispoCome y la descripcion oficial corresponde a potencia neta.",976.0
2026-06-04,Recurso,GVIO,,Hour13,976000.0,kWh,kW,True,"La magnitud y comportamiento horario coinciden con CapEfecNeta, DispoReal y DispoCome y la descripcion oficial corresponde a potencia neta.",976.0
2026-06-04,Recurso,GVIO,,Hour14,976000.0,kWh,kW,True,"La magnitud y comportamiento horario coinciden con CapEfecNeta, DispoReal y DispoCome y la descripcion oficial corresponde a potencia neta.",976.0
2026-06-04,Recurso,GVIO,,Hour15,976000.0,kWh,kW,True,"La magnitud y comportamiento horario coinciden con CapEfecNeta, DispoReal y DispoCome y la descripcion oficial corresponde a potencia neta.",976.0
2026-06-04,Recurso,GVIO,,Hour16,976000.0,kWh,kW,True,"La magnitud y comportamiento horario coinciden con CapEfecNeta, DispoReal y DispoCome y la descripcion oficial corresponde a potencia neta.",976.0
2026-06-04,Recurso,GVIO,,Hour17,976000.0,kWh,kW,True,"La magnitud y comportamiento horario coinciden con CapEfecNeta, DispoReal y DispoCome y la descripcion oficial corresponde a potencia neta.",976.0
2026-06-04,Recurso,GVIO,,Hour18,976000.0,kWh,kW,True,"La magnitud y comportamiento horario coinciden con CapEfecNeta, DispoReal y DispoCome y la descripcion oficial corresponde a potencia neta.",976.0
2026-06-04,Recurso,GVIO,,Hour19,976000.0,kWh,kW,True,"La magnitud y comportamiento horario coinciden con CapEfecNeta, DispoReal y DispoCome y la descripcion oficial corresponde a potencia neta.",976.0
2026-06-04,Recurso,GVIO,,Hour20,976000.0,kWh,kW,True,"La magnitud y comportamiento horario coinciden con CapEfecNeta, DispoReal y DispoCome y la descripcion oficial corresponde a potencia neta.",976.0
2026-06-04,Recurso,GVIO,,Hour21,976000.0,kWh,kW,True,"La magnitud y comportamiento horario coinciden con CapEfecNeta, DispoReal y DispoCome y la descripcion oficial corresponde a potencia neta.",976.0
2026-06-04,Recurso,GVIO,,Hour22,976000.0,kWh,kW,True,"La magnitud y comportamiento horario coinciden con CapEfecNeta, DispoReal y DispoCome y la descripcion oficial corresponde a potencia neta.",976.0
2026-06-04,Recurso,GVIO,,Hour23,976000.0,kWh,kW,True,"La magnitud y comportamiento horario coinciden con CapEfecNeta, DispoReal y DispoCome y la descripcion oficial corresponde a potencia neta.",976.0
2026-06-04,Recurso,GVIO,,Hour24,976000.0,kWh,kW,True,"La magnitud y comportamiento horario coinciden con CapEfecNeta, DispoReal y DispoCome y la descripcion oficial corresponde a potencia neta.",976.0
2026-06-05,Recurso,CTG2,,Hour01,0.0,kWh,kW,True,"La magnitud y comportamiento horario coinciden con CapEfecNeta, DispoReal y DispoCome y la descripcion oficial corresponde a potencia neta.",0.0
2026-06-05,Recurso,CTG2,,Hour02,0.0,kWh,kW,True,"La magnitud y comportamiento horario coinciden con CapEfecNeta, DispoReal y DispoCome y la descripcion oficial corresponde a potencia neta.",0.0
2026-06-05,Recurso,CTG2,,Hour03,0.0,kWh,kW,True,"La magnitud y comportamiento horario coinciden con CapEfecNeta, DispoReal y DispoCome y la descripcion oficial corresponde a potencia neta.",0.0
2026-06-05,Recurso,CTG2,,Hour04,0.0,kWh,kW,True,"La magnitud y comportamiento horario coinciden con CapEfecNeta, DispoReal y DispoCome y la descripcion oficial corresponde a potencia neta.",0.0
2026-06-05,Recurso,CTG2,,Hour05,0.0,kWh,kW,True,"La magnitud y comportamiento horario coinciden con CapEfecNeta, DispoReal y DispoCome y la descripcion oficial corresponde a potencia neta.",0.0
2026-06-05,Recurso,CTG2,,Hour06,0.0,kWh,kW,True,"La magnitud y comportamiento horario coinciden con CapEfecNeta, DispoReal y DispoCome y la descripcion oficial corresponde a potencia neta.",0.0
2026-06-05,Recurso,CTG2,,Hour07,0.0,kWh,kW,True,"La magnitud y comportamiento horario coinciden con CapEfecNeta, DispoReal y DispoCome y la descripcion oficial corresponde a potencia neta.",0.0
2026-06-05,Recurso,CTG2,,Hour08,0.0,kWh,kW,True,"La magnitud y comportamiento horario coinciden con CapEfecNeta, DispoReal y DispoCome y la descripcion oficial corresponde a potencia neta.",0.0
2026-06-05,Recurso,CTG2,,Hour09,0.0,kWh,kW,True,"La magnitud y comportamiento horario coinciden con CapEfecNeta, DispoReal y DispoCome y la descripcion oficial corresponde a potencia neta.",0.0
2026-06-05,Recurso,CTG2,,Hour10,0.0,kWh,kW,True,"La magnitud y comportamiento horario coinciden con CapEfecNeta, DispoReal y DispoCome y la descripcion oficial corresponde a potencia neta.",0.0
2026-06-05,Recurso,CTG2,,Hour11,0.0,kWh,kW,True,"La magnitud y comportamiento horario coinciden con CapEfecNeta, DispoReal y DispoCome y la descripcion oficial corresponde a potencia neta.",0.0
2026-06-05,Recurso,CTG2,,Hour12,0.0,kWh,kW,True,"La magnitud y comportamiento horario coinciden con CapEfecNeta, DispoReal y DispoCome y la descripcion oficial corresponde a potencia neta.",0.0
2026-06-05,Recurso,CTG2,,Hour13,0.0,kWh,kW,True,"La magnitud y comportamiento horario coinciden con CapEfecNeta, DispoReal y DispoCome y la descripcion oficial corresponde a potencia neta.",0.0
2026-06-05,Recurso,CTG2,,Hour14,0.0,kWh,kW,True,"La magnitud y comportamiento horario coinciden con CapEfecNeta, DispoReal y DispoCome y la descripcion oficial corresponde a potencia neta.",0.0
2026-06-05,Recurso,CTG2,,Hour15,0.0,kWh,kW,True,"La magnitud y comportamiento horario coinciden con CapEfecNeta, DispoReal y DispoCome y la descripcion oficial corresponde a potencia neta.",0.0
2026-06-05,Recurso,CTG2,,Hour16,0.0,kWh,kW,True,"La magnitud y comportamiento horario coinciden con CapEfecNeta, DispoReal y DispoCome y la descripcion oficial corresponde a potencia neta.",0.0
2026-06-05,Recurso,CTG2,,Hour17,0.0,kWh,kW,True,"La magnitud y comportamiento horario coinciden con CapEfecNeta, DispoReal y DispoCome y la descripcion oficial corresponde a potencia neta.",0.0
2026-06-05,Recurso,CTG2,,Hour18,0.0,kWh,kW,True,"La magnitud y comportamiento horario coinciden con CapEfecNeta, DispoReal y DispoCome y la descripcion oficial corresponde a potencia neta.",0.0
2026-06-05,Recurso,CTG2,,Hour19,0.0,kWh,kW,True,"La magnitud y comportamiento horario coinciden con CapEfecNeta, DispoReal y DispoCome y la descripcion oficial corresponde a potencia neta.",0.0
2026-06-05,Recurso,CTG2,,Hour20,0.0,kWh,kW,True,"La magnitud y comportamiento horario coinciden con CapEfecNeta, DispoReal y DispoCome y la descripcion oficial corresponde a potencia neta.",0.0
2026-06-05,Recurso,CTG2,,Hour21,0.0,kWh,kW,True,"La magnitud y comportamiento horario coinciden con CapEfecNeta, DispoReal y DispoCome y la descripcion oficial corresponde a potencia neta.",0.0
2026-06-05,Recurso,CTG2,,Hour22,0.0,kWh,kW,True,"La magnitud y comportamiento horario coinciden con CapEfecNeta, DispoReal y DispoCome y la descripcion oficial corresponde a potencia neta.",0.0
2026-06-05,Recurso,CTG2,,Hour23,0.0,kWh,kW,True,"La magnitud y comportamiento horario coinciden con CapEfecNeta, DispoReal y DispoCome y la descripcion oficial corresponde a potencia neta.",0.0
2026-06-05,Recurso,CTG2,,Hour24,0.0,kWh,kW,True,"La magnitud y comportamiento horario coinciden con CapEfecNeta, DispoReal y DispoCome y la descripcion oficial corresponde a potencia neta.",0.0
2026-06-05,Recurso,CTG3,,Hour01,0.0,kWh,kW,True,"La magnitud y comportamiento horario coinciden con CapEfecNeta, DispoReal y DispoCome y la descripcion oficial corresponde a potencia neta.",0.0
2026-06-05,Recurso,CTG3,,Hour02,0.0,kWh,kW,True,"La magnitud y comportamiento horario coinciden con CapEfecNeta, DispoReal y DispoCome y la descripcion oficial corresponde a potencia neta.",0.0
2026-06-05,Recurso,CTG3,,Hour03,0.0,kWh,kW,True,"La magnitud y comportamiento horario coinciden con CapEfecNeta, DispoReal y DispoCome y la descripcion oficial corresponde a potencia neta.",0.0
2026-06-05,Recurso,CTG3,,Hour04,0.0,kWh,kW,True,"La magnitud y comportamiento horario coinciden con CapEfecNeta, DispoReal y DispoCome y la descripcion oficial corresponde a potencia neta.",0.0
2026-06-05,Recurso,CTG3,,Hour05,0.0,kWh,kW,True,"La magnitud y comportamiento horario coinciden con CapEfecNeta, DispoReal y DispoCome y la descripcion oficial corresponde a potencia neta.",0.0
2026-06-05,Recurso,CTG3,,Hour06,0.0,kWh,kW,True,"La magnitud y comportamiento horario coinciden con CapEfecNeta, DispoReal y DispoCome y la descripcion oficial corresponde a potencia neta.",0.0
2026-06-05,Recurso,CTG3,,Hour07,0.0,kWh,kW,True,"La magnitud y comportamiento horario coinciden con CapEfecNeta, DispoReal y DispoCome y la descripcion oficial corresponde a potencia neta.",0.0
2026-06-05,Recurso,CTG3,,Hour08,0.0,kWh,kW,True,"La magnitud y comportamiento horario coinciden con CapEfecNeta, DispoReal y DispoCome y la descripcion oficial corresponde a potencia neta.",0.0
2026-06-05,Recurso,CTG3,,Hour09,0.0,kWh,kW,True,"La magnitud y comportamiento horario coinciden con CapEfecNeta, DispoReal y DispoCome y la descripcion oficial corresponde a potencia neta.",0.0
2026-06-05,Recurso,CTG3,,Hour10,0.0,kWh,kW,True,"La magnitud y comportamiento horario coinciden con CapEfecNeta, DispoReal y DispoCome y la descripcion oficial corresponde a potencia neta.",0.0
2026-06-05,Recurso,CTG3,,Hour11,0.0,kWh,kW,True,"La magnitud y comportamiento horario coinciden con CapEfecNeta, DispoReal y DispoCome y la descripcion oficial corresponde a potencia neta.",0.0
2026-06-05,Recurso,CTG3,,Hour12,0.0,kWh,kW,True,"La magnitud y comportamiento horario coinciden con CapEfecNeta, DispoReal y DispoCome y la descripcion oficial corresponde a potencia neta.",0.0
2026-06-05,Recurso,CTG3,,Hour13,0.0,kWh,kW,True,"La magnitud y comportamiento horario coinciden con CapEfecNeta, DispoReal y DispoCome y la descripcion oficial corresponde a potencia neta.",0.0
2026-06-05,Recurso,CTG3,,Hour14,0.0,kWh,kW,True,"La magnitud y comportamiento horario coinciden con CapEfecNeta, DispoReal y DispoCome y la descripcion oficial corresponde a potencia neta.",0.0
2026-06-05,Recurso,CTG3,,Hour15,0.0,kWh,kW,True,"La magnitud y comportamiento horario coinciden con CapEfecNeta, DispoReal y DispoCome y la descripcion oficial corresponde a potencia neta.",0.0
2026-06-05,Recurso,CTG3,,Hour16,0.0,kWh,kW,True,"La magnitud y comportamiento horario coinciden con CapEfecNeta, DispoReal y DispoCome y la descripcion oficial corresponde a potencia neta.",0.0
2026-06-05,Recurso,CTG3,,Hour17,0.0,kWh,kW,True,"La magnitud y comportamiento horario coinciden con CapEfecNeta, DispoReal y DispoCome y la descripcion oficial corresponde a potencia neta.",0.0
2026-06-05,Recurso,CTG3,,Hour18,0.0,kWh,kW,True,"La magnitud y comportamiento horario coinciden con CapEfecNeta, DispoReal y DispoCome y la descripcion oficial corresponde a potencia neta.",0.0
2026-06-05,Recurso,CTG3,,Hour19,0.0,kWh,kW,True,"La magnitud y comportamiento horario coinciden con CapEfecNeta, DispoReal y DispoCome y la descripcion oficial corresponde a potencia neta.",0.0
2026-06-05,Recurso,CTG3,,Hour20,0.0,kWh,kW,True,"La magnitud y comportamiento horario coinciden con CapEfecNeta, DispoReal y DispoCome y la descripcion oficial corresponde a potencia neta.",0.0
2026-06-05,Recurso,CTG3,,Hour21,0.0,kWh,kW,True,"La magnitud y comportamiento horario coinciden con CapEfecNeta, DispoReal y DispoCome y la descripcion oficial corresponde a potencia neta.",0.0
2026-06-05,Recurso,CTG3,,Hour22,0.0,kWh,kW,True,"La magnitud y comportamiento horario coinciden con CapEfecNeta, DispoReal y DispoCome y la descripcion oficial corresponde a potencia neta.",0.0
2026-06-05,Recurso,CTG3,,Hour23,0.0,kWh,kW,True,"La magnitud y comportamiento horario coinciden con CapEfecNeta, DispoReal y DispoCome y la descripcion oficial corresponde a potencia neta.",0.0
2026-06-05,Recurso,CTG3,,Hour24,0.0,kWh,kW,True,"La magnitud y comportamiento horario coinciden con CapEfecNeta, DispoReal y DispoCome y la descripcion oficial corresponde a potencia neta.",0.0
2026-06-05,Recurso,CUC1,,Hour01,30000.0,kWh,kW,True,"La magnitud y comportamiento horario coinciden con CapEfecNeta, DispoReal y DispoCome y la descripcion oficial corresponde a potencia neta.",30.0
2026-06-05,Recurso,CUC1,,Hour02,28000.0,kWh,kW,True,"La magnitud y comportamiento horario coinciden con CapEfecNeta, DispoReal y DispoCome y la descripcion oficial corresponde a potencia neta.",28.0
2026-06-05,Recurso,CUC1,,Hour03,28000.0,kWh,kW,True,"La magnitud y comportamiento horario coinciden con CapEfecNeta, DispoReal y DispoCome y la descripcion oficial corresponde a potencia neta.",28.0
2026-06-05,Recurso,CUC1,,Hour04,28000.0,kWh,kW,True,"La magnitud y comportamiento horario coinciden con CapEfecNeta, DispoReal y DispoCome y la descripcion oficial corresponde a potencia neta.",28.0
2026-06-05,Recurso,CUC1,,Hour05,28000.0,kWh,kW,True,"La magnitud y comportamiento horario coinciden con CapEfecNeta, DispoReal y DispoCome y la descripcion oficial corresponde a potencia neta.",28.0
2026-06-05,Recurso,CUC1,,Hour06,28000.0,kWh,kW,True,"La magnitud y comportamiento horario coinciden con CapEfecNeta, DispoReal y DispoCome y la descripcion oficial corresponde a potencia neta.",28.0
2026-06-05,Recurso,CUC1,,Hour07,28000.0,kWh,kW,True,"La magnitud y comportamiento horario coinciden con CapEfecNeta, DispoReal y DispoCome y la descripcion oficial corresponde a potencia neta.",28.0
2026-06-05,Recurso,CUC1,,Hour08,28000.0,kWh,kW,True,"La magnitud y comportamiento horario coinciden con CapEfecNeta, DispoReal y DispoCome y la descripcion oficial corresponde a potencia neta.",28.0
2026-06-05,Recurso,CUC1,,Hour09,28000.0,kWh,kW,True,"La magnitud y comportamiento horario coinciden con CapEfecNeta, DispoReal y DispoCome y la descripcion oficial corresponde a potencia neta.",28.0
2026-06-05,Recurso,CUC1,,Hour10,28000.0,kWh,kW,True,"La magnitud y comportamiento horario coinciden con CapEfecNeta, DispoReal y DispoCome y la descripcion oficial corresponde a potencia neta.",28.0
2026-06-05,Recurso,CUC1,,Hour11,28000.0,kWh,kW,True,"La magnitud y comportamiento horario coinciden con CapEfecNeta, DispoReal y DispoCome y la descripcion oficial corresponde a potencia neta.",28.0
2026-06-05,Recurso,CUC1,,Hour12,30000.0,kWh,kW,True,"La magnitud y comportamiento horario coinciden con CapEfecNeta, DispoReal y DispoCome y la descripcion oficial corresponde a potencia neta.",30.0
2026-06-05,Recurso,CUC1,,Hour13,32000.0,kWh,kW,True,"La magnitud y comportamiento horario coinciden con CapEfecNeta, DispoReal y DispoCome y la descripcion oficial corresponde a potencia neta.",32.0
2026-06-05,Recurso,CUC1,,Hour14,26000.0,kWh,kW,True,"La magnitud y comportamiento horario coinciden con CapEfecNeta, DispoReal y DispoCome y la descripcion oficial corresponde a potencia neta.",26.0
2026-06-05,Recurso,CUC1,,Hour15,40000.0,kWh,kW,True,"La magnitud y comportamiento horario coinciden con CapEfecNeta, DispoReal y DispoCome y la descripcion oficial corresponde a potencia neta.",40.0
2026-06-05,Recurso,CUC1,,Hour16,40000.0,kWh,kW,True,"La magnitud y comportamiento horario coinciden con CapEfecNeta, DispoReal y DispoCome y la descripcion oficial corresponde a potencia neta.",40.0
2026-06-05,Recurso,CUC1,,Hour17,44000.0,kWh,kW,True,"La magnitud y comportamiento horario coinciden con CapEfecNeta, DispoReal y DispoCome y la descripcion oficial corresponde a potencia neta.",44.0
2026-06-05,Recurso,CUC1,,Hour18,50000.0,kWh,kW,True,"La magnitud y comportamiento horario coinciden con CapEfecNeta, DispoReal y DispoCome y la descripcion oficial corresponde a potencia neta.",50.0
2026-06-05,Recurso,CUC1,,Hour19,36000.0,kWh,kW,True,"La magnitud y comportamiento horario coinciden con CapEfecNeta, DispoReal y DispoCome y la descripcion oficial corresponde a potencia neta.",36.0
2026-06-05,Recurso,CUC1,,Hour20,54000.0,kWh,kW,True,"La magnitud y comportamiento horario coinciden con CapEfecNeta, DispoReal y DispoCome y la descripcion oficial corresponde a potencia neta.",54.0
2026-06-05,Recurso,CUC1,,Hour21,52000.0,kWh,kW,True,"La magnitud y comportamiento horario coinciden con CapEfecNeta, DispoReal y DispoCome y la descripcion oficial corresponde a potencia neta.",52.0
2026-06-05,Recurso,CUC1,,Hour22,50000.0,kWh,kW,True,"La magnitud y comportamiento horario coinciden con CapEfecNeta, DispoReal y DispoCome y la descripcion oficial corresponde a potencia neta.",50.0
2026-06-05,Recurso,CUC1,,Hour23,50000.0,kWh,kW,True,"La magnitud y comportamiento horario coinciden con CapEfecNeta, DispoReal y DispoCome y la descripcion oficial corresponde a potencia neta.",50.0
2026-06-05,Recurso,CUC1,,Hour24,48000.0,kWh,kW,True,"La magnitud y comportamiento horario coinciden con CapEfecNeta, DispoReal y DispoCome y la descripcion oficial corresponde a potencia neta.",48.0
2026-06-05,Recurso,DVS1,,Hour01,150000.0,kWh,kW,True,"La magnitud y comportamiento horario coinciden con CapEfecNeta, DispoReal y DispoCome y la descripcion oficial corresponde a potencia neta.",150.0
2026-06-05,Recurso,DVS1,,Hour02,150000.0,kWh,kW,True,"La magnitud y comportamiento horario coinciden con CapEfecNeta, DispoReal y DispoCome y la descripcion oficial corresponde a potencia neta.",150.0
2026-06-05,Recurso,DVS1,,Hour03,150000.0,kWh,kW,True,"La magnitud y comportamiento horario coinciden con CapEfecNeta, DispoReal y DispoCome y la descripcion oficial corresponde a potencia neta.",150.0
2026-06-05,Recurso,DVS1,,Hour04,150000.0,kWh,kW,True,"La magnitud y comportamiento horario coinciden con CapEfecNeta, DispoReal y DispoCome y la descripcion oficial corresponde a potencia neta.",150.0
2026-06-05,Recurso,DVS1,,Hour05,150000.0,kWh,kW,True,"La magnitud y comportamiento horario coinciden con CapEfecNeta, DispoReal y DispoCome y la descripcion oficial corresponde a potencia neta.",150.0
2026-06-05,Recurso,DVS1,,Hour06,150000.0,kWh,kW,True,"La magnitud y comportamiento horario coinciden con CapEfecNeta, DispoReal y DispoCome y la descripcion oficial corresponde a potencia neta.",150.0
2026-06-05,Recurso,DVS1,,Hour07,150000.0,kWh,kW,True,"La magnitud y comportamiento horario coinciden con CapEfecNeta, DispoReal y DispoCome y la descripcion oficial corresponde a potencia neta.",150.0
2026-06-05,Recurso,DVS1,,Hour08,150000.0,kWh,kW,True,"La magnitud y comportamiento horario coinciden con CapEfecNeta, DispoReal y DispoCome y la descripcion oficial corresponde a potencia neta.",150.0
2026-06-05,Recurso,DVS1,,Hour09,150000.0,kWh,kW,True,"La magnitud y comportamiento horario coinciden con CapEfecNeta, DispoReal y DispoCome y la descripcion oficial corresponde a potencia neta.",150.0
2026-06-05,Recurso,DVS1,,Hour10,150000.0,kWh,kW,True,"La magnitud y comportamiento horario coinciden con CapEfecNeta, DispoReal y DispoCome y la descripcion oficial corresponde a potencia neta.",150.0
2026-06-05,Recurso,DVS1,,Hour11,150000.0,kWh,kW,True,"La magnitud y comportamiento horario coinciden con CapEfecNeta, DispoReal y DispoCome y la descripcion oficial corresponde a potencia neta.",150.0
2026-06-05,Recurso,DVS1,,Hour12,150000.0,kWh,kW,True,"La magnitud y comportamiento horario coinciden con CapEfecNeta, DispoReal y DispoCome y la descripcion oficial corresponde a potencia neta.",150.0
2026-06-05,Recurso,DVS1,,Hour13,150000.0,kWh,kW,True,"La magnitud y comportamiento horario coinciden con CapEfecNeta, DispoReal y DispoCome y la descripcion oficial corresponde a potencia neta.",150.0
2026-06-05,Recurso,DVS1,,Hour14,150000.0,kWh,kW,True,"La magnitud y comportamiento horario coinciden con CapEfecNeta, DispoReal y DispoCome y la descripcion oficial corresponde a potencia neta.",150.0
2026-06-05,Recurso,DVS1,,Hour15,150000.0,kWh,kW,True,"La magnitud y comportamiento horario coinciden con CapEfecNeta, DispoReal y DispoCome y la descripcion oficial corresponde a potencia neta.",150.0
2026-06-05,Recurso,DVS1,,Hour16,150000.0,kWh,kW,True,"La magnitud y comportamiento horario coinciden con CapEfecNeta, DispoReal y DispoCome y la descripcion oficial corresponde a potencia neta.",150.0
2026-06-05,Recurso,DVS1,,Hour17,150000.0,kWh,kW,True,"La magnitud y comportamiento horario coinciden con CapEfecNeta, DispoReal y DispoCome y la descripcion oficial corresponde a potencia neta.",150.0
2026-06-05,Recurso,DVS1,,Hour18,150000.0,kWh,kW,True,"La magnitud y comportamiento horario coinciden con CapEfecNeta, DispoReal y DispoCome y la descripcion oficial corresponde a potencia neta.",150.0
2026-06-05,Recurso,DVS1,,Hour19,150000.0,kWh,kW,True,"La magnitud y comportamiento horario coinciden con CapEfecNeta, DispoReal y DispoCome y la descripcion oficial corresponde a potencia neta.",150.0
2026-06-05,Recurso,DVS1,,Hour20,150000.0,kWh,kW,True,"La magnitud y comportamiento horario coinciden con CapEfecNeta, DispoReal y DispoCome y la descripcion oficial corresponde a potencia neta.",150.0
2026-06-05,Recurso,DVS1,,Hour21,150000.0,kWh,kW,True,"La magnitud y comportamiento horario coinciden con CapEfecNeta, DispoReal y DispoCome y la descripcion oficial corresponde a potencia neta.",150.0
2026-06-05,Recurso,DVS1,,Hour22,150000.0,kWh,kW,True,"La magnitud y comportamiento horario coinciden con CapEfecNeta, DispoReal y DispoCome y la descripcion oficial corresponde a potencia neta.",150.0
2026-06-05,Recurso,DVS1,,Hour23,150000.0,kWh,kW,True,"La magnitud y comportamiento horario coinciden con CapEfecNeta, DispoReal y DispoCome y la descripcion oficial corresponde a potencia neta.",150.0
2026-06-05,Recurso,DVS1,,Hour24,150000.0,kWh,kW,True,"La magnitud y comportamiento horario coinciden con CapEfecNeta, DispoReal y DispoCome y la descripcion oficial corresponde a potencia neta.",150.0
2026-06-05,Recurso,ESMR,,Hour01,21000.0,kWh,kW,True,"La magnitud y comportamiento horario coinciden con CapEfecNeta, DispoReal y DispoCome y la descripcion oficial corresponde a potencia neta.",21.0
2026-06-05,Recurso,ESMR,,Hour02,21000.0,kWh,kW,True,"La magnitud y comportamiento horario coinciden con CapEfecNeta, DispoReal y DispoCome y la descripcion oficial corresponde a potencia neta.",21.0
2026-06-05,Recurso,ESMR,,Hour03,21000.0,kWh,kW,True,"La magnitud y comportamiento horario coinciden con CapEfecNeta, DispoReal y DispoCome y la descripcion oficial corresponde a potencia neta.",21.0
2026-06-05,Recurso,ESMR,,Hour04,21000.0,kWh,kW,True,"La magnitud y comportamiento horario coinciden con CapEfecNeta, DispoReal y DispoCome y la descripcion oficial corresponde a potencia neta.",21.0
2026-06-05,Recurso,ESMR,,Hour05,21000.0,kWh,kW,True,"La magnitud y comportamiento horario coinciden con CapEfecNeta, DispoReal y DispoCome y la descripcion oficial corresponde a potencia neta.",21.0
2026-06-05,Recurso,ESMR,,Hour06,21000.0,kWh,kW,True,"La magnitud y comportamiento horario coinciden con CapEfecNeta, DispoReal y DispoCome y la descripcion oficial corresponde a potencia neta.",21.0
2026-06-05,Recurso,ESMR,,Hour07,21000.0,kWh,kW,True,"La magnitud y comportamiento horario coinciden con CapEfecNeta, DispoReal y DispoCome y la descripcion oficial corresponde a potencia neta.",21.0
2026-06-05,Recurso,ESMR,,Hour08,21000.0,kWh,kW,True,"La magnitud y comportamiento horario coinciden con CapEfecNeta, DispoReal y DispoCome y la descripcion oficial corresponde a potencia neta.",21.0
2026-06-05,Recurso,ESMR,,Hour09,21000.0,kWh,kW,True,"La magnitud y comportamiento horario coinciden con CapEfecNeta, DispoReal y DispoCome y la descripcion oficial corresponde a potencia neta.",21.0
2026-06-05,Recurso,ESMR,,Hour10,21000.0,kWh,kW,True,"La magnitud y comportamiento horario coinciden con CapEfecNeta, DispoReal y DispoCome y la descripcion oficial corresponde a potencia neta.",21.0
2026-06-05,Recurso,ESMR,,Hour11,21000.0,kWh,kW,True,"La magnitud y comportamiento horario coinciden con CapEfecNeta, DispoReal y DispoCome y la descripcion oficial corresponde a potencia neta.",21.0
2026-06-05,Recurso,ESMR,,Hour12,21000.0,kWh,kW,True,"La magnitud y comportamiento horario coinciden con CapEfecNeta, DispoReal y DispoCome y la descripcion oficial corresponde a potencia neta.",21.0
2026-06-05,Recurso,ESMR,,Hour13,21000.0,kWh,kW,True,"La magnitud y comportamiento horario coinciden con CapEfecNeta, DispoReal y DispoCome y la descripcion oficial corresponde a potencia neta.",21.0
2026-06-05,Recurso,ESMR,,Hour14,21000.0,kWh,kW,True,"La magnitud y comportamiento horario coinciden con CapEfecNeta, DispoReal y DispoCome y la descripcion oficial corresponde a potencia neta.",21.0
2026-06-05,Recurso,ESMR,,Hour15,21000.0,kWh,kW,True,"La magnitud y comportamiento horario coinciden con CapEfecNeta, DispoReal y DispoCome y la descripcion oficial corresponde a potencia neta.",21.0
2026-06-05,Recurso,ESMR,,Hour16,21000.0,kWh,kW,True,"La magnitud y comportamiento horario coinciden con CapEfecNeta, DispoReal y DispoCome y la descripcion oficial corresponde a potencia neta.",21.0
2026-06-05,Recurso,ESMR,,Hour17,21000.0,kWh,kW,True,"La magnitud y comportamiento horario coinciden con CapEfecNeta, DispoReal y DispoCome y la descripcion oficial corresponde a potencia neta.",21.0
2026-06-05,Recurso,ESMR,,Hour18,21000.0,kWh,kW,True,"La magnitud y comportamiento horario coinciden con CapEfecNeta, DispoReal y DispoCome y la descripcion oficial corresponde a potencia neta.",21.0
2026-06-05,Recurso,ESMR,,Hour19,21000.0,kWh,kW,True,"La magnitud y comportamiento horario coinciden con CapEfecNeta, DispoReal y DispoCome y la descripcion oficial corresponde a potencia neta.",21.0
2026-06-05,Recurso,ESMR,,Hour20,21000.0,kWh,kW,True,"La magnitud y comportamiento horario coinciden con CapEfecNeta, DispoReal y DispoCome y la descripcion oficial corresponde a potencia neta.",21.0
2026-06-05,Recurso,ESMR,,Hour21,21000.0,kWh,kW,True,"La magnitud y comportamiento horario coinciden con CapEfecNeta, DispoReal y DispoCome y la descripcion oficial corresponde a potencia neta.",21.0
2026-06-05,Recurso,ESMR,,Hour22,21000.0,kWh,kW,True,"La magnitud y comportamiento horario coinciden con CapEfecNeta, DispoReal y DispoCome y la descripcion oficial corresponde a potencia neta.",21.0
2026-06-05,Recurso,ESMR,,Hour23,21000.0,kWh,kW,True,"La magnitud y comportamiento horario coinciden con CapEfecNeta, DispoReal y DispoCome y la descripcion oficial corresponde a potencia neta.",21.0
2026-06-05,Recurso,ESMR,,Hour24,21000.0,kWh,kW,True,"La magnitud y comportamiento horario coinciden con CapEfecNeta, DispoReal y DispoCome y la descripcion oficial corresponde a potencia neta.",21.0
2026-06-05,Recurso,GE32,,Hour01,260000.0,kWh,kW,True,"La magnitud y comportamiento horario coinciden con CapEfecNeta, DispoReal y DispoCome y la descripcion oficial corresponde a potencia neta.",260.0
2026-06-05,Recurso,GE32,,Hour02,260000.0,kWh,kW,True,"La magnitud y comportamiento horario coinciden con CapEfecNeta, DispoReal y DispoCome y la descripcion oficial corresponde a potencia neta.",260.0
2026-06-05,Recurso,GE32,,Hour03,260000.0,kWh,kW,True,"La magnitud y comportamiento horario coinciden con CapEfecNeta, DispoReal y DispoCome y la descripcion oficial corresponde a potencia neta.",260.0
2026-06-05,Recurso,GE32,,Hour04,260000.0,kWh,kW,True,"La magnitud y comportamiento horario coinciden con CapEfecNeta, DispoReal y DispoCome y la descripcion oficial corresponde a potencia neta.",260.0
2026-06-05,Recurso,GE32,,Hour05,260000.0,kWh,kW,True,"La magnitud y comportamiento horario coinciden con CapEfecNeta, DispoReal y DispoCome y la descripcion oficial corresponde a potencia neta.",260.0
2026-06-05,Recurso,GE32,,Hour06,260000.0,kWh,kW,True,"La magnitud y comportamiento horario coinciden con CapEfecNeta, DispoReal y DispoCome y la descripcion oficial corresponde a potencia neta.",260.0
2026-06-05,Recurso,GE32,,Hour07,260000.0,kWh,kW,True,"La magnitud y comportamiento horario coinciden con CapEfecNeta, DispoReal y DispoCome y la descripcion oficial corresponde a potencia neta.",260.0
2026-06-05,Recurso,GE32,,Hour08,260000.0,kWh,kW,True,"La magnitud y comportamiento horario coinciden con CapEfecNeta, DispoReal y DispoCome y la descripcion oficial corresponde a potencia neta.",260.0
2026-06-05,Recurso,GE32,,Hour09,260000.0,kWh,kW,True,"La magnitud y comportamiento horario coinciden con CapEfecNeta, DispoReal y DispoCome y la descripcion oficial corresponde a potencia neta.",260.0
2026-06-05,Recurso,GE32,,Hour10,260000.0,kWh,kW,True,"La magnitud y comportamiento horario coinciden con CapEfecNeta, DispoReal y DispoCome y la descripcion oficial corresponde a potencia neta.",260.0
2026-06-05,Recurso,GE32,,Hour11,260000.0,kWh,kW,True,"La magnitud y comportamiento horario coinciden con CapEfecNeta, DispoReal y DispoCome y la descripcion oficial corresponde a potencia neta.",260.0
2026-06-05,Recurso,GE32,,Hour12,260000.0,kWh,kW,True,"La magnitud y comportamiento horario coinciden con CapEfecNeta, DispoReal y DispoCome y la descripcion oficial corresponde a potencia neta.",260.0
2026-06-05,Recurso,GE32,,Hour13,260000.0,kWh,kW,True,"La magnitud y comportamiento horario coinciden con CapEfecNeta, DispoReal y DispoCome y la descripcion oficial corresponde a potencia neta.",260.0
2026-06-05,Recurso,GE32,,Hour14,260000.0,kWh,kW,True,"La magnitud y comportamiento horario coinciden con CapEfecNeta, DispoReal y DispoCome y la descripcion oficial corresponde a potencia neta.",260.0
2026-06-05,Recurso,GE32,,Hour15,180000.0,kWh,kW,True,"La magnitud y comportamiento horario coinciden con CapEfecNeta, DispoReal y DispoCome y la descripcion oficial corresponde a potencia neta.",180.0
2026-06-05,Recurso,GE32,,Hour16,180000.0,kWh,kW,True,"La magnitud y comportamiento horario coinciden con CapEfecNeta, DispoReal y DispoCome y la descripcion oficial corresponde a potencia neta.",180.0
2026-06-05,Recurso,GE32,,Hour17,260000.0,kWh,kW,True,"La magnitud y comportamiento horario coinciden con CapEfecNeta, DispoReal y DispoCome y la descripcion oficial corresponde a potencia neta.",260.0
2026-06-05,Recurso,GE32,,Hour18,260000.0,kWh,kW,True,"La magnitud y comportamiento horario coinciden con CapEfecNeta, DispoReal y DispoCome y la descripcion oficial corresponde a potencia neta.",260.0
2026-06-05,Recurso,GE32,,Hour19,260000.0,kWh,kW,True,"La magnitud y comportamiento horario coinciden con CapEfecNeta, DispoReal y DispoCome y la descripcion oficial corresponde a potencia neta.",260.0
2026-06-05,Recurso,GE32,,Hour20,260000.0,kWh,kW,True,"La magnitud y comportamiento horario coinciden con CapEfecNeta, DispoReal y DispoCome y la descripcion oficial corresponde a potencia neta.",260.0
2026-06-05,Recurso,GE32,,Hour21,260000.0,kWh,kW,True,"La magnitud y comportamiento horario coinciden con CapEfecNeta, DispoReal y DispoCome y la descripcion oficial corresponde a potencia neta.",260.0
2026-06-05,Recurso,GE32,,Hour22,260000.0,kWh,kW,True,"La magnitud y comportamiento horario coinciden con CapEfecNeta, DispoReal y DispoCome y la descripcion oficial corresponde a potencia neta.",260.0
2026-06-05,Recurso,GE32,,Hour23,260000.0,kWh,kW,True,"La magnitud y comportamiento horario coinciden con CapEfecNeta, DispoReal y DispoCome y la descripcion oficial corresponde a potencia neta.",260.0
2026-06-05,Recurso,GE32,,Hour24,260000.0,kWh,kW,True,"La magnitud y comportamiento horario coinciden con CapEfecNeta, DispoReal y DispoCome y la descripcion oficial corresponde a potencia neta.",260.0
2026-06-05,Recurso,GEC3,,Hour01,164000.0,kWh,kW,True,"La magnitud y comportamiento horario coinciden con CapEfecNeta, DispoReal y DispoCome y la descripcion oficial corresponde a potencia neta.",164.0
2026-06-05,Recurso,GEC3,,Hour02,164000.0,kWh,kW,True,"La magnitud y comportamiento horario coinciden con CapEfecNeta, DispoReal y DispoCome y la descripcion oficial corresponde a potencia neta.",164.0
2026-06-05,Recurso,GEC3,,Hour03,164000.0,kWh,kW,True,"La magnitud y comportamiento horario coinciden con CapEfecNeta, DispoReal y DispoCome y la descripcion oficial corresponde a potencia neta.",164.0
2026-06-05,Recurso,GEC3,,Hour04,164000.0,kWh,kW,True,"La magnitud y comportamiento horario coinciden con CapEfecNeta, DispoReal y DispoCome y la descripcion oficial corresponde a potencia neta.",164.0
2026-06-05,Recurso,GEC3,,Hour05,164000.0,kWh,kW,True,"La magnitud y comportamiento horario coinciden con CapEfecNeta, DispoReal y DispoCome y la descripcion oficial corresponde a potencia neta.",164.0
2026-06-05,Recurso,GEC3,,Hour06,164000.0,kWh,kW,True,"La magnitud y comportamiento horario coinciden con CapEfecNeta, DispoReal y DispoCome y la descripcion oficial corresponde a potencia neta.",164.0
2026-06-05,Recurso,GEC3,,Hour07,164000.0,kWh,kW,True,"La magnitud y comportamiento horario coinciden con CapEfecNeta, DispoReal y DispoCome y la descripcion oficial corresponde a potencia neta.",164.0
2026-06-05,Recurso,GEC3,,Hour08,164000.0,kWh,kW,True,"La magnitud y comportamiento horario coinciden con CapEfecNeta, DispoReal y DispoCome y la descripcion oficial corresponde a potencia neta.",164.0
2026-06-05,Recurso,GEC3,,Hour09,164000.0,kWh,kW,True,"La magnitud y comportamiento horario coinciden con CapEfecNeta, DispoReal y DispoCome y la descripcion oficial corresponde a potencia neta.",164.0
2026-06-05,Recurso,GEC3,,Hour10,110000.0,kWh,kW,True,"La magnitud y comportamiento horario coinciden con CapEfecNeta, DispoReal y DispoCome y la descripcion oficial corresponde a potencia neta.",110.0
2026-06-05,Recurso,GEC3,,Hour11,110000.0,kWh,kW,True,"La magnitud y comportamiento horario coinciden con CapEfecNeta, DispoReal y DispoCome y la descripcion oficial corresponde a potencia neta.",110.0
2026-06-05,Recurso,GEC3,,Hour12,164000.0,kWh,kW,True,"La magnitud y comportamiento horario coinciden con CapEfecNeta, DispoReal y DispoCome y la descripcion oficial corresponde a potencia neta.",164.0
2026-06-05,Recurso,GEC3,,Hour13,164000.0,kWh,kW,True,"La magnitud y comportamiento horario coinciden con CapEfecNeta, DispoReal y DispoCome y la descripcion oficial corresponde a potencia neta.",164.0
2026-06-05,Recurso,GEC3,,Hour14,164000.0,kWh,kW,True,"La magnitud y comportamiento horario coinciden con CapEfecNeta, DispoReal y DispoCome y la descripcion oficial corresponde a potencia neta.",164.0
2026-06-05,Recurso,GEC3,,Hour15,164000.0,kWh,kW,True,"La magnitud y comportamiento horario coinciden con CapEfecNeta, DispoReal y DispoCome y la descripcion oficial corresponde a potencia neta.",164.0
2026-06-05,Recurso,GEC3,,Hour16,164000.0,kWh,kW,True,"La magnitud y comportamiento horario coinciden con CapEfecNeta, DispoReal y DispoCome y la descripcion oficial corresponde a potencia neta.",164.0
2026-06-05,Recurso,GEC3,,Hour17,164000.0,kWh,kW,True,"La magnitud y comportamiento horario coinciden con CapEfecNeta, DispoReal y DispoCome y la descripcion oficial corresponde a potencia neta.",164.0
2026-06-05,Recurso,GEC3,,Hour18,164000.0,kWh,kW,True,"La magnitud y comportamiento horario coinciden con CapEfecNeta, DispoReal y DispoCome y la descripcion oficial corresponde a potencia neta.",164.0
2026-06-05,Recurso,GEC3,,Hour19,164000.0,kWh,kW,True,"La magnitud y comportamiento horario coinciden con CapEfecNeta, DispoReal y DispoCome y la descripcion oficial corresponde a potencia neta.",164.0
2026-06-05,Recurso,GEC3,,Hour20,164000.0,kWh,kW,True,"La magnitud y comportamiento horario coinciden con CapEfecNeta, DispoReal y DispoCome y la descripcion oficial corresponde a potencia neta.",164.0
2026-06-05,Recurso,GEC3,,Hour21,164000.0,kWh,kW,True,"La magnitud y comportamiento horario coinciden con CapEfecNeta, DispoReal y DispoCome y la descripcion oficial corresponde a potencia neta.",164.0
2026-06-05,Recurso,GEC3,,Hour22,164000.0,kWh,kW,True,"La magnitud y comportamiento horario coinciden con CapEfecNeta, DispoReal y DispoCome y la descripcion oficial corresponde a potencia neta.",164.0
2026-06-05,Recurso,GEC3,,Hour23,164000.0,kWh,kW,True,"La magnitud y comportamiento horario coinciden con CapEfecNeta, DispoReal y DispoCome y la descripcion oficial corresponde a potencia neta.",164.0
2026-06-05,Recurso,GEC3,,Hour24,164000.0,kWh,kW,True,"La magnitud y comportamiento horario coinciden con CapEfecNeta, DispoReal y DispoCome y la descripcion oficial corresponde a potencia neta.",164.0
2026-06-05,Recurso,GTPE,,Hour01,420000.0,kWh,kW,True,"La magnitud y comportamiento horario coinciden con CapEfecNeta, DispoReal y DispoCome y la descripcion oficial corresponde a potencia neta.",420.0
2026-06-05,Recurso,GTPE,,Hour02,420000.0,kWh,kW,True,"La magnitud y comportamiento horario coinciden con CapEfecNeta, DispoReal y DispoCome y la descripcion oficial corresponde a potencia neta.",420.0
2026-06-05,Recurso,GTPE,,Hour03,420000.0,kWh,kW,True,"La magnitud y comportamiento horario coinciden con CapEfecNeta, DispoReal y DispoCome y la descripcion oficial corresponde a potencia neta.",420.0
2026-06-05,Recurso,GTPE,,Hour04,420000.0,kWh,kW,True,"La magnitud y comportamiento horario coinciden con CapEfecNeta, DispoReal y DispoCome y la descripcion oficial corresponde a potencia neta.",420.0
2026-06-05,Recurso,GTPE,,Hour05,420000.0,kWh,kW,True,"La magnitud y comportamiento horario coinciden con CapEfecNeta, DispoReal y DispoCome y la descripcion oficial corresponde a potencia neta.",420.0
2026-06-05,Recurso,GTPE,,Hour06,420000.0,kWh,kW,True,"La magnitud y comportamiento horario coinciden con CapEfecNeta, DispoReal y DispoCome y la descripcion oficial corresponde a potencia neta.",420.0
2026-06-05,Recurso,GTPE,,Hour07,420000.0,kWh,kW,True,"La magnitud y comportamiento horario coinciden con CapEfecNeta, DispoReal y DispoCome y la descripcion oficial corresponde a potencia neta.",420.0
2026-06-05,Recurso,GTPE,,Hour08,420000.0,kWh,kW,True,"La magnitud y comportamiento horario coinciden con CapEfecNeta, DispoReal y DispoCome y la descripcion oficial corresponde a potencia neta.",420.0
2026-06-05,Recurso,GTPE,,Hour09,420000.0,kWh,kW,True,"La magnitud y comportamiento horario coinciden con CapEfecNeta, DispoReal y DispoCome y la descripcion oficial corresponde a potencia neta.",420.0
2026-06-05,Recurso,GTPE,,Hour10,420000.0,kWh,kW,True,"La magnitud y comportamiento horario coinciden con CapEfecNeta, DispoReal y DispoCome y la descripcion oficial corresponde a potencia neta.",420.0
2026-06-05,Recurso,GTPE,,Hour11,420000.0,kWh,kW,True,"La magnitud y comportamiento horario coinciden con CapEfecNeta, DispoReal y DispoCome y la descripcion oficial corresponde a potencia neta.",420.0
2026-06-05,Recurso,GTPE,,Hour12,420000.0,kWh,kW,True,"La magnitud y comportamiento horario coinciden con CapEfecNeta, DispoReal y DispoCome y la descripcion oficial corresponde a potencia neta.",420.0
2026-06-05,Recurso,GTPE,,Hour13,420000.0,kWh,kW,True,"La magnitud y comportamiento horario coinciden con CapEfecNeta, DispoReal y DispoCome y la descripcion oficial corresponde a potencia neta.",420.0
2026-06-05,Recurso,GTPE,,Hour14,420000.0,kWh,kW,True,"La magnitud y comportamiento horario coinciden con CapEfecNeta, DispoReal y DispoCome y la descripcion oficial corresponde a potencia neta.",420.0
2026-06-05,Recurso,GTPE,,Hour15,420000.0,kWh,kW,True,"La magnitud y comportamiento horario coinciden con CapEfecNeta, DispoReal y DispoCome y la descripcion oficial corresponde a potencia neta.",420.0
2026-06-05,Recurso,GTPE,,Hour16,420000.0,kWh,kW,True,"La magnitud y comportamiento horario coinciden con CapEfecNeta, DispoReal y DispoCome y la descripcion oficial corresponde a potencia neta.",420.0
2026-06-05,Recurso,GTPE,,Hour17,420000.0,kWh,kW,True,"La magnitud y comportamiento horario coinciden con CapEfecNeta, DispoReal y DispoCome y la descripcion oficial corresponde a potencia neta.",420.0
2026-06-05,Recurso,GTPE,,Hour18,420000.0,kWh,kW,True,"La magnitud y comportamiento horario coinciden con CapEfecNeta, DispoReal y DispoCome y la descripcion oficial corresponde a potencia neta.",420.0
2026-06-05,Recurso,GTPE,,Hour19,420000.0,kWh,kW,True,"La magnitud y comportamiento horario coinciden con CapEfecNeta, DispoReal y DispoCome y la descripcion oficial corresponde a potencia neta.",420.0
2026-06-05,Recurso,GTPE,,Hour20,420000.0,kWh,kW,True,"La magnitud y comportamiento horario coinciden con CapEfecNeta, DispoReal y DispoCome y la descripcion oficial corresponde a potencia neta.",420.0
2026-06-05,Recurso,GTPE,,Hour21,420000.0,kWh,kW,True,"La magnitud y comportamiento horario coinciden con CapEfecNeta, DispoReal y DispoCome y la descripcion oficial corresponde a potencia neta.",420.0
2026-06-05,Recurso,GTPE,,Hour22,420000.0,kWh,kW,True,"La magnitud y comportamiento horario coinciden con CapEfecNeta, DispoReal y DispoCome y la descripcion oficial corresponde a potencia neta.",420.0
2026-06-05,Recurso,GTPE,,Hour23,420000.0,kWh,kW,True,"La magnitud y comportamiento horario coinciden con CapEfecNeta, DispoReal y DispoCome y la descripcion oficial corresponde a potencia neta.",420.0
2026-06-05,Recurso,GTPE,,Hour24,420000.0,kWh,kW,True,"La magnitud y comportamiento horario coinciden con CapEfecNeta, DispoReal y DispoCome y la descripcion oficial corresponde a potencia neta.",420.0
2026-06-05,Recurso,GTRG,,Hour01,427000.0,kWh,kW,True,"La magnitud y comportamiento horario coinciden con CapEfecNeta, DispoReal y DispoCome y la descripcion oficial corresponde a potencia neta.",427.0
2026-06-05,Recurso,GTRG,,Hour02,427000.0,kWh,kW,True,"La magnitud y comportamiento horario coinciden con CapEfecNeta, DispoReal y DispoCome y la descripcion oficial corresponde a potencia neta.",427.0
2026-06-05,Recurso,GTRG,,Hour03,427000.0,kWh,kW,True,"La magnitud y comportamiento horario coinciden con CapEfecNeta, DispoReal y DispoCome y la descripcion oficial corresponde a potencia neta.",427.0
2026-06-05,Recurso,GTRG,,Hour04,427000.0,kWh,kW,True,"La magnitud y comportamiento horario coinciden con CapEfecNeta, DispoReal y DispoCome y la descripcion oficial corresponde a potencia neta.",427.0
2026-06-05,Recurso,GTRG,,Hour05,427000.0,kWh,kW,True,"La magnitud y comportamiento horario coinciden con CapEfecNeta, DispoReal y DispoCome y la descripcion oficial corresponde a potencia neta.",427.0
2026-06-05,Recurso,GTRG,,Hour06,427000.0,kWh,kW,True,"La magnitud y comportamiento horario coinciden con CapEfecNeta, DispoReal y DispoCome y la descripcion oficial corresponde a potencia neta.",427.0
2026-06-05,Recurso,GTRG,,Hour07,427000.0,kWh,kW,True,"La magnitud y comportamiento horario coinciden con CapEfecNeta, DispoReal y DispoCome y la descripcion oficial corresponde a potencia neta.",427.0
2026-06-05,Recurso,GTRG,,Hour08,427000.0,kWh,kW,True,"La magnitud y comportamiento horario coinciden con CapEfecNeta, DispoReal y DispoCome y la descripcion oficial corresponde a potencia neta.",427.0
2026-06-05,Recurso,GTRG,,Hour09,427000.0,kWh,kW,True,"La magnitud y comportamiento horario coinciden con CapEfecNeta, DispoReal y DispoCome y la descripcion oficial corresponde a potencia neta.",427.0
2026-06-05,Recurso,GTRG,,Hour10,427000.0,kWh,kW,True,"La magnitud y comportamiento horario coinciden con CapEfecNeta, DispoReal y DispoCome y la descripcion oficial corresponde a potencia neta.",427.0
2026-06-05,Recurso,GTRG,,Hour11,427000.0,kWh,kW,True,"La magnitud y comportamiento horario coinciden con CapEfecNeta, DispoReal y DispoCome y la descripcion oficial corresponde a potencia neta.",427.0
2026-06-05,Recurso,GTRG,,Hour12,427000.0,kWh,kW,True,"La magnitud y comportamiento horario coinciden con CapEfecNeta, DispoReal y DispoCome y la descripcion oficial corresponde a potencia neta.",427.0
2026-06-05,Recurso,GTRG,,Hour13,427000.0,kWh,kW,True,"La magnitud y comportamiento horario coinciden con CapEfecNeta, DispoReal y DispoCome y la descripcion oficial corresponde a potencia neta.",427.0
2026-06-05,Recurso,GTRG,,Hour14,427000.0,kWh,kW,True,"La magnitud y comportamiento horario coinciden con CapEfecNeta, DispoReal y DispoCome y la descripcion oficial corresponde a potencia neta.",427.0
2026-06-05,Recurso,GTRG,,Hour15,427000.0,kWh,kW,True,"La magnitud y comportamiento horario coinciden con CapEfecNeta, DispoReal y DispoCome y la descripcion oficial corresponde a potencia neta.",427.0
2026-06-05,Recurso,GTRG,,Hour16,427000.0,kWh,kW,True,"La magnitud y comportamiento horario coinciden con CapEfecNeta, DispoReal y DispoCome y la descripcion oficial corresponde a potencia neta.",427.0
2026-06-05,Recurso,GTRG,,Hour17,427000.0,kWh,kW,True,"La magnitud y comportamiento horario coinciden con CapEfecNeta, DispoReal y DispoCome y la descripcion oficial corresponde a potencia neta.",427.0
2026-06-05,Recurso,GTRG,,Hour18,427000.0,kWh,kW,True,"La magnitud y comportamiento horario coinciden con CapEfecNeta, DispoReal y DispoCome y la descripcion oficial corresponde a potencia neta.",427.0
2026-06-05,Recurso,GTRG,,Hour19,427000.0,kWh,kW,True,"La magnitud y comportamiento horario coinciden con CapEfecNeta, DispoReal y DispoCome y la descripcion oficial corresponde a potencia neta.",427.0
2026-06-05,Recurso,GTRG,,Hour20,427000.0,kWh,kW,True,"La magnitud y comportamiento horario coinciden con CapEfecNeta, DispoReal y DispoCome y la descripcion oficial corresponde a potencia neta.",427.0
2026-06-05,Recurso,GTRG,,Hour21,427000.0,kWh,kW,True,"La magnitud y comportamiento horario coinciden con CapEfecNeta, DispoReal y DispoCome y la descripcion oficial corresponde a potencia neta.",427.0
2026-06-05,Recurso,GTRG,,Hour22,427000.0,kWh,kW,True,"La magnitud y comportamiento horario coinciden con CapEfecNeta, DispoReal y DispoCome y la descripcion oficial corresponde a potencia neta.",427.0
2026-06-05,Recurso,GTRG,,Hour23,427000.0,kWh,kW,True,"La magnitud y comportamiento horario coinciden con CapEfecNeta, DispoReal y DispoCome y la descripcion oficial corresponde a potencia neta.",427.0
2026-06-05,Recurso,GTRG,,Hour24,427000.0,kWh,kW,True,"La magnitud y comportamiento horario coinciden con CapEfecNeta, DispoReal y DispoCome y la descripcion oficial corresponde a potencia neta.",427.0
2026-06-05,Recurso,GVIO,,Hour01,976000.0,kWh,kW,True,"La magnitud y comportamiento horario coinciden con CapEfecNeta, DispoReal y DispoCome y la descripcion oficial corresponde a potencia neta.",976.0
2026-06-05,Recurso,GVIO,,Hour02,976000.0,kWh,kW,True,"La magnitud y comportamiento horario coinciden con CapEfecNeta, DispoReal y DispoCome y la descripcion oficial corresponde a potencia neta.",976.0
2026-06-05,Recurso,GVIO,,Hour03,976000.0,kWh,kW,True,"La magnitud y comportamiento horario coinciden con CapEfecNeta, DispoReal y DispoCome y la descripcion oficial corresponde a potencia neta.",976.0
2026-06-05,Recurso,GVIO,,Hour04,976000.0,kWh,kW,True,"La magnitud y comportamiento horario coinciden con CapEfecNeta, DispoReal y DispoCome y la descripcion oficial corresponde a potencia neta.",976.0
2026-06-05,Recurso,GVIO,,Hour05,976000.0,kWh,kW,True,"La magnitud y comportamiento horario coinciden con CapEfecNeta, DispoReal y DispoCome y la descripcion oficial corresponde a potencia neta.",976.0
2026-06-05,Recurso,GVIO,,Hour06,976000.0,kWh,kW,True,"La magnitud y comportamiento horario coinciden con CapEfecNeta, DispoReal y DispoCome y la descripcion oficial corresponde a potencia neta.",976.0
2026-06-05,Recurso,GVIO,,Hour07,976000.0,kWh,kW,True,"La magnitud y comportamiento horario coinciden con CapEfecNeta, DispoReal y DispoCome y la descripcion oficial corresponde a potencia neta.",976.0
2026-06-05,Recurso,GVIO,,Hour08,976000.0,kWh,kW,True,"La magnitud y comportamiento horario coinciden con CapEfecNeta, DispoReal y DispoCome y la descripcion oficial corresponde a potencia neta.",976.0
2026-06-05,Recurso,GVIO,,Hour09,976000.0,kWh,kW,True,"La magnitud y comportamiento horario coinciden con CapEfecNeta, DispoReal y DispoCome y la descripcion oficial corresponde a potencia neta.",976.0
2026-06-05,Recurso,GVIO,,Hour10,976000.0,kWh,kW,True,"La magnitud y comportamiento horario coinciden con CapEfecNeta, DispoReal y DispoCome y la descripcion oficial corresponde a potencia neta.",976.0
2026-06-05,Recurso,GVIO,,Hour11,976000.0,kWh,kW,True,"La magnitud y comportamiento horario coinciden con CapEfecNeta, DispoReal y DispoCome y la descripcion oficial corresponde a potencia neta.",976.0
2026-06-05,Recurso,GVIO,,Hour12,976000.0,kWh,kW,True,"La magnitud y comportamiento horario coinciden con CapEfecNeta, DispoReal y DispoCome y la descripcion oficial corresponde a potencia neta.",976.0
2026-06-05,Recurso,GVIO,,Hour13,976000.0,kWh,kW,True,"La magnitud y comportamiento horario coinciden con CapEfecNeta, DispoReal y DispoCome y la descripcion oficial corresponde a potencia neta.",976.0
2026-06-05,Recurso,GVIO,,Hour14,976000.0,kWh,kW,True,"La magnitud y comportamiento horario coinciden con CapEfecNeta, DispoReal y DispoCome y la descripcion oficial corresponde a potencia neta.",976.0
2026-06-05,Recurso,GVIO,,Hour15,976000.0,kWh,kW,True,"La magnitud y comportamiento horario coinciden con CapEfecNeta, DispoReal y DispoCome y la descripcion oficial corresponde a potencia neta.",976.0
2026-06-05,Recurso,GVIO,,Hour16,976000.0,kWh,kW,True,"La magnitud y comportamiento horario coinciden con CapEfecNeta, DispoReal y DispoCome y la descripcion oficial corresponde a potencia neta.",976.0
2026-06-05,Recurso,GVIO,,Hour17,976000.0,kWh,kW,True,"La magnitud y comportamiento horario coinciden con CapEfecNeta, DispoReal y DispoCome y la descripcion oficial corresponde a potencia neta.",976.0
2026-06-05,Recurso,GVIO,,Hour18,976000.0,kWh,kW,True,"La magnitud y comportamiento horario coinciden con CapEfecNeta, DispoReal y DispoCome y la descripcion oficial corresponde a potencia neta.",976.0
2026-06-05,Recurso,GVIO,,Hour19,976000.0,kWh,kW,True,"La magnitud y comportamiento horario coinciden con CapEfecNeta, DispoReal y DispoCome y la descripcion oficial corresponde a potencia neta.",976.0
2026-06-05,Recurso,GVIO,,Hour20,976000.0,kWh,kW,True,"La magnitud y comportamiento horario coinciden con CapEfecNeta, DispoReal y DispoCome y la descripcion oficial corresponde a potencia neta.",976.0
2026-06-05,Recurso,GVIO,,Hour21,976000.0,kWh,kW,True,"La magnitud y comportamiento horario coinciden con CapEfecNeta, DispoReal y DispoCome y la descripcion oficial corresponde a potencia neta.",976.0
2026-06-05,Recurso,GVIO,,Hour22,976000.0,kWh,kW,True,"La magnitud y comportamiento horario coinciden con CapEfecNeta, DispoReal y DispoCome y la descripcion oficial corresponde a potencia neta.",976.0
2026-06-05,Recurso,GVIO,,Hour23,976000.0,kWh,kW,True,"La magnitud y comportamiento horario coinciden con CapEfecNeta, DispoReal y DispoCome y la descripcion oficial corresponde a potencia neta.",976.0
2026-06-05,Recurso,GVIO,,Hour24,976000.0,kWh,kW,True,"La magnitud y comportamiento horario coinciden con CapEfecNeta, DispoReal y DispoCome y la descripcion oficial corresponde a potencia neta.",976.0
2026-06-06,Recurso,CTG2,,Hour01,0.0,kWh,kW,True,"La magnitud y comportamiento horario coinciden con CapEfecNeta, DispoReal y DispoCome y la descripcion oficial corresponde a potencia neta.",0.0
2026-06-06,Recurso,CTG2,,Hour02,0.0,kWh,kW,True,"La magnitud y comportamiento horario coinciden con CapEfecNeta, DispoReal y DispoCome y la descripcion oficial corresponde a potencia neta.",0.0
2026-06-06,Recurso,CTG2,,Hour03,0.0,kWh,kW,True,"La magnitud y comportamiento horario coinciden con CapEfecNeta, DispoReal y DispoCome y la descripcion oficial corresponde a potencia neta.",0.0
2026-06-06,Recurso,CTG2,,Hour04,0.0,kWh,kW,True,"La magnitud y comportamiento horario coinciden con CapEfecNeta, DispoReal y DispoCome y la descripcion oficial corresponde a potencia neta.",0.0
2026-06-06,Recurso,CTG2,,Hour05,0.0,kWh,kW,True,"La magnitud y comportamiento horario coinciden con CapEfecNeta, DispoReal y DispoCome y la descripcion oficial corresponde a potencia neta.",0.0
2026-06-06,Recurso,CTG2,,Hour06,0.0,kWh,kW,True,"La magnitud y comportamiento horario coinciden con CapEfecNeta, DispoReal y DispoCome y la descripcion oficial corresponde a potencia neta.",0.0
2026-06-06,Recurso,CTG2,,Hour07,0.0,kWh,kW,True,"La magnitud y comportamiento horario coinciden con CapEfecNeta, DispoReal y DispoCome y la descripcion oficial corresponde a potencia neta.",0.0
2026-06-06,Recurso,CTG2,,Hour08,0.0,kWh,kW,True,"La magnitud y comportamiento horario coinciden con CapEfecNeta, DispoReal y DispoCome y la descripcion oficial corresponde a potencia neta.",0.0
2026-06-06,Recurso,CTG2,,Hour09,0.0,kWh,kW,True,"La magnitud y comportamiento horario coinciden con CapEfecNeta, DispoReal y DispoCome y la descripcion oficial corresponde a potencia neta.",0.0
2026-06-06,Recurso,CTG2,,Hour10,0.0,kWh,kW,True,"La magnitud y comportamiento horario coinciden con CapEfecNeta, DispoReal y DispoCome y la descripcion oficial corresponde a potencia neta.",0.0
2026-06-06,Recurso,CTG2,,Hour11,0.0,kWh,kW,True,"La magnitud y comportamiento horario coinciden con CapEfecNeta, DispoReal y DispoCome y la descripcion oficial corresponde a potencia neta.",0.0
2026-06-06,Recurso,CTG2,,Hour12,0.0,kWh,kW,True,"La magnitud y comportamiento horario coinciden con CapEfecNeta, DispoReal y DispoCome y la descripcion oficial corresponde a potencia neta.",0.0
2026-06-06,Recurso,CTG2,,Hour13,0.0,kWh,kW,True,"La magnitud y comportamiento horario coinciden con CapEfecNeta, DispoReal y DispoCome y la descripcion oficial corresponde a potencia neta.",0.0
2026-06-06,Recurso,CTG2,,Hour14,0.0,kWh,kW,True,"La magnitud y comportamiento horario coinciden con CapEfecNeta, DispoReal y DispoCome y la descripcion oficial corresponde a potencia neta.",0.0
2026-06-06,Recurso,CTG2,,Hour15,0.0,kWh,kW,True,"La magnitud y comportamiento horario coinciden con CapEfecNeta, DispoReal y DispoCome y la descripcion oficial corresponde a potencia neta.",0.0
2026-06-06,Recurso,CTG2,,Hour16,0.0,kWh,kW,True,"La magnitud y comportamiento horario coinciden con CapEfecNeta, DispoReal y DispoCome y la descripcion oficial corresponde a potencia neta.",0.0
2026-06-06,Recurso,CTG2,,Hour17,0.0,kWh,kW,True,"La magnitud y comportamiento horario coinciden con CapEfecNeta, DispoReal y DispoCome y la descripcion oficial corresponde a potencia neta.",0.0
2026-06-06,Recurso,CTG2,,Hour18,0.0,kWh,kW,True,"La magnitud y comportamiento horario coinciden con CapEfecNeta, DispoReal y DispoCome y la descripcion oficial corresponde a potencia neta.",0.0
2026-06-06,Recurso,CTG2,,Hour19,0.0,kWh,kW,True,"La magnitud y comportamiento horario coinciden con CapEfecNeta, DispoReal y DispoCome y la descripcion oficial corresponde a potencia neta.",0.0
2026-06-06,Recurso,CTG2,,Hour20,0.0,kWh,kW,True,"La magnitud y comportamiento horario coinciden con CapEfecNeta, DispoReal y DispoCome y la descripcion oficial corresponde a potencia neta.",0.0
2026-06-06,Recurso,CTG2,,Hour21,0.0,kWh,kW,True,"La magnitud y comportamiento horario coinciden con CapEfecNeta, DispoReal y DispoCome y la descripcion oficial corresponde a potencia neta.",0.0
2026-06-06,Recurso,CTG2,,Hour22,0.0,kWh,kW,True,"La magnitud y comportamiento horario coinciden con CapEfecNeta, DispoReal y DispoCome y la descripcion oficial corresponde a potencia neta.",0.0
2026-06-06,Recurso,CTG2,,Hour23,0.0,kWh,kW,True,"La magnitud y comportamiento horario coinciden con CapEfecNeta, DispoReal y DispoCome y la descripcion oficial corresponde a potencia neta.",0.0
2026-06-06,Recurso,CTG2,,Hour24,0.0,kWh,kW,True,"La magnitud y comportamiento horario coinciden con CapEfecNeta, DispoReal y DispoCome y la descripcion oficial corresponde a potencia neta.",0.0
2026-06-06,Recurso,CTG3,,Hour01,0.0,kWh,kW,True,"La magnitud y comportamiento horario coinciden con CapEfecNeta, DispoReal y DispoCome y la descripcion oficial corresponde a potencia neta.",0.0
2026-06-06,Recurso,CTG3,,Hour02,0.0,kWh,kW,True,"La magnitud y comportamiento horario coinciden con CapEfecNeta, DispoReal y DispoCome y la descripcion oficial corresponde a potencia neta.",0.0
2026-06-06,Recurso,CTG3,,Hour03,0.0,kWh,kW,True,"La magnitud y comportamiento horario coinciden con CapEfecNeta, DispoReal y DispoCome y la descripcion oficial corresponde a potencia neta.",0.0
2026-06-06,Recurso,CTG3,,Hour04,0.0,kWh,kW,True,"La magnitud y comportamiento horario coinciden con CapEfecNeta, DispoReal y DispoCome y la descripcion oficial corresponde a potencia neta.",0.0
2026-06-06,Recurso,CTG3,,Hour05,0.0,kWh,kW,True,"La magnitud y comportamiento horario coinciden con CapEfecNeta, DispoReal y DispoCome y la descripcion oficial corresponde a potencia neta.",0.0
2026-06-06,Recurso,CTG3,,Hour06,0.0,kWh,kW,True,"La magnitud y comportamiento horario coinciden con CapEfecNeta, DispoReal y DispoCome y la descripcion oficial corresponde a potencia neta.",0.0
2026-06-06,Recurso,CTG3,,Hour07,0.0,kWh,kW,True,"La magnitud y comportamiento horario coinciden con CapEfecNeta, DispoReal y DispoCome y la descripcion oficial corresponde a potencia neta.",0.0
2026-06-06,Recurso,CTG3,,Hour08,0.0,kWh,kW,True,"La magnitud y comportamiento horario coinciden con CapEfecNeta, DispoReal y DispoCome y la descripcion oficial corresponde a potencia neta.",0.0
2026-06-06,Recurso,CTG3,,Hour09,0.0,kWh,kW,True,"La magnitud y comportamiento horario coinciden con CapEfecNeta, DispoReal y DispoCome y la descripcion oficial corresponde a potencia neta.",0.0
2026-06-06,Recurso,CTG3,,Hour10,0.0,kWh,kW,True,"La magnitud y comportamiento horario coinciden con CapEfecNeta, DispoReal y DispoCome y la descripcion oficial corresponde a potencia neta.",0.0
2026-06-06,Recurso,CTG3,,Hour11,0.0,kWh,kW,True,"La magnitud y comportamiento horario coinciden con CapEfecNeta, DispoReal y DispoCome y la descripcion oficial corresponde a potencia neta.",0.0
2026-06-06,Recurso,CTG3,,Hour12,0.0,kWh,kW,True,"La magnitud y comportamiento horario coinciden con CapEfecNeta, DispoReal y DispoCome y la descripcion oficial corresponde a potencia neta.",0.0
2026-06-06,Recurso,CTG3,,Hour13,0.0,kWh,kW,True,"La magnitud y comportamiento horario coinciden con CapEfecNeta, DispoReal y DispoCome y la descripcion oficial corresponde a potencia neta.",0.0
2026-06-06,Recurso,CTG3,,Hour14,0.0,kWh,kW,True,"La magnitud y comportamiento horario coinciden con CapEfecNeta, DispoReal y DispoCome y la descripcion oficial corresponde a potencia neta.",0.0
2026-06-06,Recurso,CTG3,,Hour15,0.0,kWh,kW,True,"La magnitud y comportamiento horario coinciden con CapEfecNeta, DispoReal y DispoCome y la descripcion oficial corresponde a potencia neta.",0.0
2026-06-06,Recurso,CTG3,,Hour16,0.0,kWh,kW,True,"La magnitud y comportamiento horario coinciden con CapEfecNeta, DispoReal y DispoCome y la descripcion oficial corresponde a potencia neta.",0.0
2026-06-06,Recurso,CTG3,,Hour17,0.0,kWh,kW,True,"La magnitud y comportamiento horario coinciden con CapEfecNeta, DispoReal y DispoCome y la descripcion oficial corresponde a potencia neta.",0.0
2026-06-06,Recurso,CTG3,,Hour18,0.0,kWh,kW,True,"La magnitud y comportamiento horario coinciden con CapEfecNeta, DispoReal y DispoCome y la descripcion oficial corresponde a potencia neta.",0.0
2026-06-06,Recurso,CTG3,,Hour19,0.0,kWh,kW,True,"La magnitud y comportamiento horario coinciden con CapEfecNeta, DispoReal y DispoCome y la descripcion oficial corresponde a potencia neta.",0.0
2026-06-06,Recurso,CTG3,,Hour20,0.0,kWh,kW,True,"La magnitud y comportamiento horario coinciden con CapEfecNeta, DispoReal y DispoCome y la descripcion oficial corresponde a potencia neta.",0.0
2026-06-06,Recurso,CTG3,,Hour21,0.0,kWh,kW,True,"La magnitud y comportamiento horario coinciden con CapEfecNeta, DispoReal y DispoCome y la descripcion oficial corresponde a potencia neta.",0.0
2026-06-06,Recurso,CTG3,,Hour22,0.0,kWh,kW,True,"La magnitud y comportamiento horario coinciden con CapEfecNeta, DispoReal y DispoCome y la descripcion oficial corresponde a potencia neta.",0.0
2026-06-06,Recurso,CTG3,,Hour23,0.0,kWh,kW,True,"La magnitud y comportamiento horario coinciden con CapEfecNeta, DispoReal y DispoCome y la descripcion oficial corresponde a potencia neta.",0.0
2026-06-06,Recurso,CTG3,,Hour24,0.0,kWh,kW,True,"La magnitud y comportamiento horario coinciden con CapEfecNeta, DispoReal y DispoCome y la descripcion oficial corresponde a potencia neta.",0.0
2026-06-06,Recurso,CUC1,,Hour01,46000.0,kWh,kW,True,"La magnitud y comportamiento horario coinciden con CapEfecNeta, DispoReal y DispoCome y la descripcion oficial corresponde a potencia neta.",46.0
2026-06-06,Recurso,CUC1,,Hour02,46000.0,kWh,kW,True,"La magnitud y comportamiento horario coinciden con CapEfecNeta, DispoReal y DispoCome y la descripcion oficial corresponde a potencia neta.",46.0
2026-06-06,Recurso,CUC1,,Hour03,46000.0,kWh,kW,True,"La magnitud y comportamiento horario coinciden con CapEfecNeta, DispoReal y DispoCome y la descripcion oficial corresponde a potencia neta.",46.0
2026-06-06,Recurso,CUC1,,Hour04,44000.0,kWh,kW,True,"La magnitud y comportamiento horario coinciden con CapEfecNeta, DispoReal y DispoCome y la descripcion oficial corresponde a potencia neta.",44.0
2026-06-06,Recurso,CUC1,,Hour05,44000.0,kWh,kW,True,"La magnitud y comportamiento horario coinciden con CapEfecNeta, DispoReal y DispoCome y la descripcion oficial corresponde a potencia neta.",44.0
2026-06-06,Recurso,CUC1,,Hour06,42000.0,kWh,kW,True,"La magnitud y comportamiento horario coinciden con CapEfecNeta, DispoReal y DispoCome y la descripcion oficial corresponde a potencia neta.",42.0
2026-06-06,Recurso,CUC1,,Hour07,42000.0,kWh,kW,True,"La magnitud y comportamiento horario coinciden con CapEfecNeta, DispoReal y DispoCome y la descripcion oficial corresponde a potencia neta.",42.0
2026-06-06,Recurso,CUC1,,Hour08,32000.0,kWh,kW,True,"La magnitud y comportamiento horario coinciden con CapEfecNeta, DispoReal y DispoCome y la descripcion oficial corresponde a potencia neta.",32.0
2026-06-06,Recurso,CUC1,,Hour09,46000.0,kWh,kW,True,"La magnitud y comportamiento horario coinciden con CapEfecNeta, DispoReal y DispoCome y la descripcion oficial corresponde a potencia neta.",46.0
2026-06-06,Recurso,CUC1,,Hour10,50000.0,kWh,kW,True,"La magnitud y comportamiento horario coinciden con CapEfecNeta, DispoReal y DispoCome y la descripcion oficial corresponde a potencia neta.",50.0
2026-06-06,Recurso,CUC1,,Hour11,50000.0,kWh,kW,True,"La magnitud y comportamiento horario coinciden con CapEfecNeta, DispoReal y DispoCome y la descripcion oficial corresponde a potencia neta.",50.0
2026-06-06,Recurso,CUC1,,Hour12,48000.0,kWh,kW,True,"La magnitud y comportamiento horario coinciden con CapEfecNeta, DispoReal y DispoCome y la descripcion oficial corresponde a potencia neta.",48.0
2026-06-06,Recurso,CUC1,,Hour13,46000.0,kWh,kW,True,"La magnitud y comportamiento horario coinciden con CapEfecNeta, DispoReal y DispoCome y la descripcion oficial corresponde a potencia neta.",46.0
2026-06-06,Recurso,CUC1,,Hour14,46000.0,kWh,kW,True,"La magnitud y comportamiento horario coinciden con CapEfecNeta, DispoReal y DispoCome y la descripcion oficial corresponde a potencia neta.",46.0
2026-06-06,Recurso,CUC1,,Hour15,46000.0,kWh,kW,True,"La magnitud y comportamiento horario coinciden con CapEfecNeta, DispoReal y DispoCome y la descripcion oficial corresponde a potencia neta.",46.0
2026-06-06,Recurso,CUC1,,Hour16,46000.0,kWh,kW,True,"La magnitud y comportamiento horario coinciden con CapEfecNeta, DispoReal y DispoCome y la descripcion oficial corresponde a potencia neta.",46.0
2026-06-06,Recurso,CUC1,,Hour17,48000.0,kWh,kW,True,"La magnitud y comportamiento horario coinciden con CapEfecNeta, DispoReal y DispoCome y la descripcion oficial corresponde a potencia neta.",48.0
2026-06-06,Recurso,CUC1,,Hour18,50000.0,kWh,kW,True,"La magnitud y comportamiento horario coinciden con CapEfecNeta, DispoReal y DispoCome y la descripcion oficial corresponde a potencia neta.",50.0
2026-06-06,Recurso,CUC1,,Hour19,48000.0,kWh,kW,True,"La magnitud y comportamiento horario coinciden con CapEfecNeta, DispoReal y DispoCome y la descripcion oficial corresponde a potencia neta.",48.0
2026-06-06,Recurso,CUC1,,Hour20,46000.0,kWh,kW,True,"La magnitud y comportamiento horario coinciden con CapEfecNeta, DispoReal y DispoCome y la descripcion oficial corresponde a potencia neta.",46.0
2026-06-06,Recurso,CUC1,,Hour21,44000.0,kWh,kW,True,"La magnitud y comportamiento horario coinciden con CapEfecNeta, DispoReal y DispoCome y la descripcion oficial corresponde a potencia neta.",44.0
2026-06-06,Recurso,CUC1,,Hour22,42000.0,kWh,kW,True,"La magnitud y comportamiento horario coinciden con CapEfecNeta, DispoReal y DispoCome y la descripcion oficial corresponde a potencia neta.",42.0
2026-06-06,Recurso,CUC1,,Hour23,46000.0,kWh,kW,True,"La magnitud y comportamiento horario coinciden con CapEfecNeta, DispoReal y DispoCome y la descripcion oficial corresponde a potencia neta.",46.0
2026-06-06,Recurso,CUC1,,Hour24,46000.0,kWh,kW,True,"La magnitud y comportamiento horario coinciden con CapEfecNeta, DispoReal y DispoCome y la descripcion oficial corresponde a potencia neta.",46.0
2026-06-06,Recurso,DVS1,,Hour01,150000.0,kWh,kW,True,"La magnitud y comportamiento horario coinciden con CapEfecNeta, DispoReal y DispoCome y la descripcion oficial corresponde a potencia neta.",150.0
2026-06-06,Recurso,DVS1,,Hour02,150000.0,kWh,kW,True,"La magnitud y comportamiento horario coinciden con CapEfecNeta, DispoReal y DispoCome y la descripcion oficial corresponde a potencia neta.",150.0
2026-06-06,Recurso,DVS1,,Hour03,150000.0,kWh,kW,True,"La magnitud y comportamiento horario coinciden con CapEfecNeta, DispoReal y DispoCome y la descripcion oficial corresponde a potencia neta.",150.0
2026-06-06,Recurso,DVS1,,Hour04,150000.0,kWh,kW,True,"La magnitud y comportamiento horario coinciden con CapEfecNeta, DispoReal y DispoCome y la descripcion oficial corresponde a potencia neta.",150.0
2026-06-06,Recurso,DVS1,,Hour05,150000.0,kWh,kW,True,"La magnitud y comportamiento horario coinciden con CapEfecNeta, DispoReal y DispoCome y la descripcion oficial corresponde a potencia neta.",150.0
2026-06-06,Recurso,DVS1,,Hour06,150000.0,kWh,kW,True,"La magnitud y comportamiento horario coinciden con CapEfecNeta, DispoReal y DispoCome y la descripcion oficial corresponde a potencia neta.",150.0
2026-06-06,Recurso,DVS1,,Hour07,150000.0,kWh,kW,True,"La magnitud y comportamiento horario coinciden con CapEfecNeta, DispoReal y DispoCome y la descripcion oficial corresponde a potencia neta.",150.0
2026-06-06,Recurso,DVS1,,Hour08,150000.0,kWh,kW,True,"La magnitud y comportamiento horario coinciden con CapEfecNeta, DispoReal y DispoCome y la descripcion oficial corresponde a potencia neta.",150.0
2026-06-06,Recurso,DVS1,,Hour09,150000.0,kWh,kW,True,"La magnitud y comportamiento horario coinciden con CapEfecNeta, DispoReal y DispoCome y la descripcion oficial corresponde a potencia neta.",150.0
2026-06-06,Recurso,DVS1,,Hour10,150000.0,kWh,kW,True,"La magnitud y comportamiento horario coinciden con CapEfecNeta, DispoReal y DispoCome y la descripcion oficial corresponde a potencia neta.",150.0
2026-06-06,Recurso,DVS1,,Hour11,150000.0,kWh,kW,True,"La magnitud y comportamiento horario coinciden con CapEfecNeta, DispoReal y DispoCome y la descripcion oficial corresponde a potencia neta.",150.0
2026-06-06,Recurso,DVS1,,Hour12,150000.0,kWh,kW,True,"La magnitud y comportamiento horario coinciden con CapEfecNeta, DispoReal y DispoCome y la descripcion oficial corresponde a potencia neta.",150.0
2026-06-06,Recurso,DVS1,,Hour13,150000.0,kWh,kW,True,"La magnitud y comportamiento horario coinciden con CapEfecNeta, DispoReal y DispoCome y la descripcion oficial corresponde a potencia neta.",150.0
2026-06-06,Recurso,DVS1,,Hour14,150000.0,kWh,kW,True,"La magnitud y comportamiento horario coinciden con CapEfecNeta, DispoReal y DispoCome y la descripcion oficial corresponde a potencia neta.",150.0
2026-06-06,Recurso,DVS1,,Hour15,150000.0,kWh,kW,True,"La magnitud y comportamiento horario coinciden con CapEfecNeta, DispoReal y DispoCome y la descripcion oficial corresponde a potencia neta.",150.0
2026-06-06,Recurso,DVS1,,Hour16,150000.0,kWh,kW,True,"La magnitud y comportamiento horario coinciden con CapEfecNeta, DispoReal y DispoCome y la descripcion oficial corresponde a potencia neta.",150.0
2026-06-06,Recurso,DVS1,,Hour17,150000.0,kWh,kW,True,"La magnitud y comportamiento horario coinciden con CapEfecNeta, DispoReal y DispoCome y la descripcion oficial corresponde a potencia neta.",150.0
2026-06-06,Recurso,DVS1,,Hour18,150000.0,kWh,kW,True,"La magnitud y comportamiento horario coinciden con CapEfecNeta, DispoReal y DispoCome y la descripcion oficial corresponde a potencia neta.",150.0
2026-06-06,Recurso,DVS1,,Hour19,150000.0,kWh,kW,True,"La magnitud y comportamiento horario coinciden con CapEfecNeta, DispoReal y DispoCome y la descripcion oficial corresponde a potencia neta.",150.0
2026-06-06,Recurso,DVS1,,Hour20,150000.0,kWh,kW,True,"La magnitud y comportamiento horario coinciden con CapEfecNeta, DispoReal y DispoCome y la descripcion oficial corresponde a potencia neta.",150.0
2026-06-06,Recurso,DVS1,,Hour21,150000.0,kWh,kW,True,"La magnitud y comportamiento horario coinciden con CapEfecNeta, DispoReal y DispoCome y la descripcion oficial corresponde a potencia neta.",150.0
2026-06-06,Recurso,DVS1,,Hour22,150000.0,kWh,kW,True,"La magnitud y comportamiento horario coinciden con CapEfecNeta, DispoReal y DispoCome y la descripcion oficial corresponde a potencia neta.",150.0
2026-06-06,Recurso,DVS1,,Hour23,150000.0,kWh,kW,True,"La magnitud y comportamiento horario coinciden con CapEfecNeta, DispoReal y DispoCome y la descripcion oficial corresponde a potencia neta.",150.0
2026-06-06,Recurso,DVS1,,Hour24,150000.0,kWh,kW,True,"La magnitud y comportamiento horario coinciden con CapEfecNeta, DispoReal y DispoCome y la descripcion oficial corresponde a potencia neta.",150.0
2026-06-06,Recurso,ESMR,,Hour01,21000.0,kWh,kW,True,"La magnitud y comportamiento horario coinciden con CapEfecNeta, DispoReal y DispoCome y la descripcion oficial corresponde a potencia neta.",21.0
2026-06-06,Recurso,ESMR,,Hour02,21000.0,kWh,kW,True,"La magnitud y comportamiento horario coinciden con CapEfecNeta, DispoReal y DispoCome y la descripcion oficial corresponde a potencia neta.",21.0
2026-06-06,Recurso,ESMR,,Hour03,21000.0,kWh,kW,True,"La magnitud y comportamiento horario coinciden con CapEfecNeta, DispoReal y DispoCome y la descripcion oficial corresponde a potencia neta.",21.0
2026-06-06,Recurso,ESMR,,Hour04,21000.0,kWh,kW,True,"La magnitud y comportamiento horario coinciden con CapEfecNeta, DispoReal y DispoCome y la descripcion oficial corresponde a potencia neta.",21.0
2026-06-06,Recurso,ESMR,,Hour05,21000.0,kWh,kW,True,"La magnitud y comportamiento horario coinciden con CapEfecNeta, DispoReal y DispoCome y la descripcion oficial corresponde a potencia neta.",21.0
2026-06-06,Recurso,ESMR,,Hour06,21000.0,kWh,kW,True,"La magnitud y comportamiento horario coinciden con CapEfecNeta, DispoReal y DispoCome y la descripcion oficial corresponde a potencia neta.",21.0
2026-06-06,Recurso,ESMR,,Hour07,21000.0,kWh,kW,True,"La magnitud y comportamiento horario coinciden con CapEfecNeta, DispoReal y DispoCome y la descripcion oficial corresponde a potencia neta.",21.0
2026-06-06,Recurso,ESMR,,Hour08,0.0,kWh,kW,True,"La magnitud y comportamiento horario coinciden con CapEfecNeta, DispoReal y DispoCome y la descripcion oficial corresponde a potencia neta.",0.0
2026-06-06,Recurso,ESMR,,Hour09,0.0,kWh,kW,True,"La magnitud y comportamiento horario coinciden con CapEfecNeta, DispoReal y DispoCome y la descripcion oficial corresponde a potencia neta.",0.0
2026-06-06,Recurso,ESMR,,Hour10,0.0,kWh,kW,True,"La magnitud y comportamiento horario coinciden con CapEfecNeta, DispoReal y DispoCome y la descripcion oficial corresponde a potencia neta.",0.0
2026-06-06,Recurso,ESMR,,Hour11,0.0,kWh,kW,True,"La magnitud y comportamiento horario coinciden con CapEfecNeta, DispoReal y DispoCome y la descripcion oficial corresponde a potencia neta.",0.0
2026-06-06,Recurso,ESMR,,Hour12,0.0,kWh,kW,True,"La magnitud y comportamiento horario coinciden con CapEfecNeta, DispoReal y DispoCome y la descripcion oficial corresponde a potencia neta.",0.0
2026-06-06,Recurso,ESMR,,Hour13,0.0,kWh,kW,True,"La magnitud y comportamiento horario coinciden con CapEfecNeta, DispoReal y DispoCome y la descripcion oficial corresponde a potencia neta.",0.0
2026-06-06,Recurso,ESMR,,Hour14,0.0,kWh,kW,True,"La magnitud y comportamiento horario coinciden con CapEfecNeta, DispoReal y DispoCome y la descripcion oficial corresponde a potencia neta.",0.0
2026-06-06,Recurso,ESMR,,Hour15,0.0,kWh,kW,True,"La magnitud y comportamiento horario coinciden con CapEfecNeta, DispoReal y DispoCome y la descripcion oficial corresponde a potencia neta.",0.0
2026-06-06,Recurso,ESMR,,Hour16,0.0,kWh,kW,True,"La magnitud y comportamiento horario coinciden con CapEfecNeta, DispoReal y DispoCome y la descripcion oficial corresponde a potencia neta.",0.0
2026-06-06,Recurso,ESMR,,Hour17,0.0,kWh,kW,True,"La magnitud y comportamiento horario coinciden con CapEfecNeta, DispoReal y DispoCome y la descripcion oficial corresponde a potencia neta.",0.0
2026-06-06,Recurso,ESMR,,Hour18,21000.0,kWh,kW,True,"La magnitud y comportamiento horario coinciden con CapEfecNeta, DispoReal y DispoCome y la descripcion oficial corresponde a potencia neta.",21.0
2026-06-06,Recurso,ESMR,,Hour19,21000.0,kWh,kW,True,"La magnitud y comportamiento horario coinciden con CapEfecNeta, DispoReal y DispoCome y la descripcion oficial corresponde a potencia neta.",21.0
2026-06-06,Recurso,ESMR,,Hour20,21000.0,kWh,kW,True,"La magnitud y comportamiento horario coinciden con CapEfecNeta, DispoReal y DispoCome y la descripcion oficial corresponde a potencia neta.",21.0
2026-06-06,Recurso,ESMR,,Hour21,21000.0,kWh,kW,True,"La magnitud y comportamiento horario coinciden con CapEfecNeta, DispoReal y DispoCome y la descripcion oficial corresponde a potencia neta.",21.0
2026-06-06,Recurso,ESMR,,Hour22,21000.0,kWh,kW,True,"La magnitud y comportamiento horario coinciden con CapEfecNeta, DispoReal y DispoCome y la descripcion oficial corresponde a potencia neta.",21.0
2026-06-06,Recurso,ESMR,,Hour23,21000.0,kWh,kW,True,"La magnitud y comportamiento horario coinciden con CapEfecNeta, DispoReal y DispoCome y la descripcion oficial corresponde a potencia neta.",21.0
2026-06-06,Recurso,ESMR,,Hour24,21000.0,kWh,kW,True,"La magnitud y comportamiento horario coinciden con CapEfecNeta, DispoReal y DispoCome y la descripcion oficial corresponde a potencia neta.",21.0
2026-06-06,Recurso,GE32,,Hour01,260000.0,kWh,kW,True,"La magnitud y comportamiento horario coinciden con CapEfecNeta, DispoReal y DispoCome y la descripcion oficial corresponde a potencia neta.",260.0
2026-06-06,Recurso,GE32,,Hour02,260000.0,kWh,kW,True,"La magnitud y comportamiento horario coinciden con CapEfecNeta, DispoReal y DispoCome y la descripcion oficial corresponde a potencia neta.",260.0
2026-06-06,Recurso,GE32,,Hour03,260000.0,kWh,kW,True,"La magnitud y comportamiento horario coinciden con CapEfecNeta, DispoReal y DispoCome y la descripcion oficial corresponde a potencia neta.",260.0
2026-06-06,Recurso,GE32,,Hour04,260000.0,kWh,kW,True,"La magnitud y comportamiento horario coinciden con CapEfecNeta, DispoReal y DispoCome y la descripcion oficial corresponde a potencia neta.",260.0
2026-06-06,Recurso,GE32,,Hour05,260000.0,kWh,kW,True,"La magnitud y comportamiento horario coinciden con CapEfecNeta, DispoReal y DispoCome y la descripcion oficial corresponde a potencia neta.",260.0
2026-06-06,Recurso,GE32,,Hour06,260000.0,kWh,kW,True,"La magnitud y comportamiento horario coinciden con CapEfecNeta, DispoReal y DispoCome y la descripcion oficial corresponde a potencia neta.",260.0
2026-06-06,Recurso,GE32,,Hour07,260000.0,kWh,kW,True,"La magnitud y comportamiento horario coinciden con CapEfecNeta, DispoReal y DispoCome y la descripcion oficial corresponde a potencia neta.",260.0
2026-06-06,Recurso,GE32,,Hour08,260000.0,kWh,kW,True,"La magnitud y comportamiento horario coinciden con CapEfecNeta, DispoReal y DispoCome y la descripcion oficial corresponde a potencia neta.",260.0
2026-06-06,Recurso,GE32,,Hour09,260000.0,kWh,kW,True,"La magnitud y comportamiento horario coinciden con CapEfecNeta, DispoReal y DispoCome y la descripcion oficial corresponde a potencia neta.",260.0
2026-06-06,Recurso,GE32,,Hour10,260000.0,kWh,kW,True,"La magnitud y comportamiento horario coinciden con CapEfecNeta, DispoReal y DispoCome y la descripcion oficial corresponde a potencia neta.",260.0
2026-06-06,Recurso,GE32,,Hour11,260000.0,kWh,kW,True,"La magnitud y comportamiento horario coinciden con CapEfecNeta, DispoReal y DispoCome y la descripcion oficial corresponde a potencia neta.",260.0
2026-06-06,Recurso,GE32,,Hour12,260000.0,kWh,kW,True,"La magnitud y comportamiento horario coinciden con CapEfecNeta, DispoReal y DispoCome y la descripcion oficial corresponde a potencia neta.",260.0
2026-06-06,Recurso,GE32,,Hour13,260000.0,kWh,kW,True,"La magnitud y comportamiento horario coinciden con CapEfecNeta, DispoReal y DispoCome y la descripcion oficial corresponde a potencia neta.",260.0
2026-06-06,Recurso,GE32,,Hour14,260000.0,kWh,kW,True,"La magnitud y comportamiento horario coinciden con CapEfecNeta, DispoReal y DispoCome y la descripcion oficial corresponde a potencia neta.",260.0
2026-06-06,Recurso,GE32,,Hour15,260000.0,kWh,kW,True,"La magnitud y comportamiento horario coinciden con CapEfecNeta, DispoReal y DispoCome y la descripcion oficial corresponde a potencia neta.",260.0
2026-06-06,Recurso,GE32,,Hour16,260000.0,kWh,kW,True,"La magnitud y comportamiento horario coinciden con CapEfecNeta, DispoReal y DispoCome y la descripcion oficial corresponde a potencia neta.",260.0
2026-06-06,Recurso,GE32,,Hour17,260000.0,kWh,kW,True,"La magnitud y comportamiento horario coinciden con CapEfecNeta, DispoReal y DispoCome y la descripcion oficial corresponde a potencia neta.",260.0
2026-06-06,Recurso,GE32,,Hour18,260000.0,kWh,kW,True,"La magnitud y comportamiento horario coinciden con CapEfecNeta, DispoReal y DispoCome y la descripcion oficial corresponde a potencia neta.",260.0
2026-06-06,Recurso,GE32,,Hour19,260000.0,kWh,kW,True,"La magnitud y comportamiento horario coinciden con CapEfecNeta, DispoReal y DispoCome y la descripcion oficial corresponde a potencia neta.",260.0
2026-06-06,Recurso,GE32,,Hour20,260000.0,kWh,kW,True,"La magnitud y comportamiento horario coinciden con CapEfecNeta, DispoReal y DispoCome y la descripcion oficial corresponde a potencia neta.",260.0
2026-06-06,Recurso,GE32,,Hour21,260000.0,kWh,kW,True,"La magnitud y comportamiento horario coinciden con CapEfecNeta, DispoReal y DispoCome y la descripcion oficial corresponde a potencia neta.",260.0
2026-06-06,Recurso,GE32,,Hour22,260000.0,kWh,kW,True,"La magnitud y comportamiento horario coinciden con CapEfecNeta, DispoReal y DispoCome y la descripcion oficial corresponde a potencia neta.",260.0
2026-06-06,Recurso,GE32,,Hour23,260000.0,kWh,kW,True,"La magnitud y comportamiento horario coinciden con CapEfecNeta, DispoReal y DispoCome y la descripcion oficial corresponde a potencia neta.",260.0
2026-06-06,Recurso,GE32,,Hour24,260000.0,kWh,kW,True,"La magnitud y comportamiento horario coinciden con CapEfecNeta, DispoReal y DispoCome y la descripcion oficial corresponde a potencia neta.",260.0
2026-06-06,Recurso,GEC3,,Hour01,164000.0,kWh,kW,True,"La magnitud y comportamiento horario coinciden con CapEfecNeta, DispoReal y DispoCome y la descripcion oficial corresponde a potencia neta.",164.0
2026-06-06,Recurso,GEC3,,Hour02,164000.0,kWh,kW,True,"La magnitud y comportamiento horario coinciden con CapEfecNeta, DispoReal y DispoCome y la descripcion oficial corresponde a potencia neta.",164.0
2026-06-06,Recurso,GEC3,,Hour03,164000.0,kWh,kW,True,"La magnitud y comportamiento horario coinciden con CapEfecNeta, DispoReal y DispoCome y la descripcion oficial corresponde a potencia neta.",164.0
2026-06-06,Recurso,GEC3,,Hour04,164000.0,kWh,kW,True,"La magnitud y comportamiento horario coinciden con CapEfecNeta, DispoReal y DispoCome y la descripcion oficial corresponde a potencia neta.",164.0
2026-06-06,Recurso,GEC3,,Hour05,164000.0,kWh,kW,True,"La magnitud y comportamiento horario coinciden con CapEfecNeta, DispoReal y DispoCome y la descripcion oficial corresponde a potencia neta.",164.0
2026-06-06,Recurso,GEC3,,Hour06,164000.0,kWh,kW,True,"La magnitud y comportamiento horario coinciden con CapEfecNeta, DispoReal y DispoCome y la descripcion oficial corresponde a potencia neta.",164.0
2026-06-06,Recurso,GEC3,,Hour07,164000.0,kWh,kW,True,"La magnitud y comportamiento horario coinciden con CapEfecNeta, DispoReal y DispoCome y la descripcion oficial corresponde a potencia neta.",164.0
2026-06-06,Recurso,GEC3,,Hour08,164000.0,kWh,kW,True,"La magnitud y comportamiento horario coinciden con CapEfecNeta, DispoReal y DispoCome y la descripcion oficial corresponde a potencia neta.",164.0
2026-06-06,Recurso,GEC3,,Hour09,164000.0,kWh,kW,True,"La magnitud y comportamiento horario coinciden con CapEfecNeta, DispoReal y DispoCome y la descripcion oficial corresponde a potencia neta.",164.0
2026-06-06,Recurso,GEC3,,Hour10,164000.0,kWh,kW,True,"La magnitud y comportamiento horario coinciden con CapEfecNeta, DispoReal y DispoCome y la descripcion oficial corresponde a potencia neta.",164.0
2026-06-06,Recurso,GEC3,,Hour11,164000.0,kWh,kW,True,"La magnitud y comportamiento horario coinciden con CapEfecNeta, DispoReal y DispoCome y la descripcion oficial corresponde a potencia neta.",164.0
2026-06-06,Recurso,GEC3,,Hour12,164000.0,kWh,kW,True,"La magnitud y comportamiento horario coinciden con CapEfecNeta, DispoReal y DispoCome y la descripcion oficial corresponde a potencia neta.",164.0
2026-06-06,Recurso,GEC3,,Hour13,164000.0,kWh,kW,True,"La magnitud y comportamiento horario coinciden con CapEfecNeta, DispoReal y DispoCome y la descripcion oficial corresponde a potencia neta.",164.0
2026-06-06,Recurso,GEC3,,Hour14,164000.0,kWh,kW,True,"La magnitud y comportamiento horario coinciden con CapEfecNeta, DispoReal y DispoCome y la descripcion oficial corresponde a potencia neta.",164.0
2026-06-06,Recurso,GEC3,,Hour15,164000.0,kWh,kW,True,"La magnitud y comportamiento horario coinciden con CapEfecNeta, DispoReal y DispoCome y la descripcion oficial corresponde a potencia neta.",164.0
2026-06-06,Recurso,GEC3,,Hour16,164000.0,kWh,kW,True,"La magnitud y comportamiento horario coinciden con CapEfecNeta, DispoReal y DispoCome y la descripcion oficial corresponde a potencia neta.",164.0
2026-06-06,Recurso,GEC3,,Hour17,164000.0,kWh,kW,True,"La magnitud y comportamiento horario coinciden con CapEfecNeta, DispoReal y DispoCome y la descripcion oficial corresponde a potencia neta.",164.0
2026-06-06,Recurso,GEC3,,Hour18,164000.0,kWh,kW,True,"La magnitud y comportamiento horario coinciden con CapEfecNeta, DispoReal y DispoCome y la descripcion oficial corresponde a potencia neta.",164.0
2026-06-06,Recurso,GEC3,,Hour19,164000.0,kWh,kW,True,"La magnitud y comportamiento horario coinciden con CapEfecNeta, DispoReal y DispoCome y la descripcion oficial corresponde a potencia neta.",164.0
2026-06-06,Recurso,GEC3,,Hour20,164000.0,kWh,kW,True,"La magnitud y comportamiento horario coinciden con CapEfecNeta, DispoReal y DispoCome y la descripcion oficial corresponde a potencia neta.",164.0
2026-06-06,Recurso,GEC3,,Hour21,164000.0,kWh,kW,True,"La magnitud y comportamiento horario coinciden con CapEfecNeta, DispoReal y DispoCome y la descripcion oficial corresponde a potencia neta.",164.0
2026-06-06,Recurso,GEC3,,Hour22,164000.0,kWh,kW,True,"La magnitud y comportamiento horario coinciden con CapEfecNeta, DispoReal y DispoCome y la descripcion oficial corresponde a potencia neta.",164.0
2026-06-06,Recurso,GEC3,,Hour23,164000.0,kWh,kW,True,"La magnitud y comportamiento horario coinciden con CapEfecNeta, DispoReal y DispoCome y la descripcion oficial corresponde a potencia neta.",164.0
2026-06-06,Recurso,GEC3,,Hour24,164000.0,kWh,kW,True,"La magnitud y comportamiento horario coinciden con CapEfecNeta, DispoReal y DispoCome y la descripcion oficial corresponde a potencia neta.",164.0
2026-06-06,Recurso,GTPE,,Hour01,420000.0,kWh,kW,True,"La magnitud y comportamiento horario coinciden con CapEfecNeta, DispoReal y DispoCome y la descripcion oficial corresponde a potencia neta.",420.0
2026-06-06,Recurso,GTPE,,Hour02,420000.0,kWh,kW,True,"La magnitud y comportamiento horario coinciden con CapEfecNeta, DispoReal y DispoCome y la descripcion oficial corresponde a potencia neta.",420.0
2026-06-06,Recurso,GTPE,,Hour03,420000.0,kWh,kW,True,"La magnitud y comportamiento horario coinciden con CapEfecNeta, DispoReal y DispoCome y la descripcion oficial corresponde a potencia neta.",420.0
2026-06-06,Recurso,GTPE,,Hour04,420000.0,kWh,kW,True,"La magnitud y comportamiento horario coinciden con CapEfecNeta, DispoReal y DispoCome y la descripcion oficial corresponde a potencia neta.",420.0
2026-06-06,Recurso,GTPE,,Hour05,420000.0,kWh,kW,True,"La magnitud y comportamiento horario coinciden con CapEfecNeta, DispoReal y DispoCome y la descripcion oficial corresponde a potencia neta.",420.0
2026-06-06,Recurso,GTPE,,Hour06,420000.0,kWh,kW,True,"La magnitud y comportamiento horario coinciden con CapEfecNeta, DispoReal y DispoCome y la descripcion oficial corresponde a potencia neta.",420.0
2026-06-06,Recurso,GTPE,,Hour07,420000.0,kWh,kW,True,"La magnitud y comportamiento horario coinciden con CapEfecNeta, DispoReal y DispoCome y la descripcion oficial corresponde a potencia neta.",420.0
2026-06-06,Recurso,GTPE,,Hour08,420000.0,kWh,kW,True,"La magnitud y comportamiento horario coinciden con CapEfecNeta, DispoReal y DispoCome y la descripcion oficial corresponde a potencia neta.",420.0
2026-06-06,Recurso,GTPE,,Hour09,420000.0,kWh,kW,True,"La magnitud y comportamiento horario coinciden con CapEfecNeta, DispoReal y DispoCome y la descripcion oficial corresponde a potencia neta.",420.0
2026-06-06,Recurso,GTPE,,Hour10,420000.0,kWh,kW,True,"La magnitud y comportamiento horario coinciden con CapEfecNeta, DispoReal y DispoCome y la descripcion oficial corresponde a potencia neta.",420.0
2026-06-06,Recurso,GTPE,,Hour11,420000.0,kWh,kW,True,"La magnitud y comportamiento horario coinciden con CapEfecNeta, DispoReal y DispoCome y la descripcion oficial corresponde a potencia neta.",420.0
2026-06-06,Recurso,GTPE,,Hour12,420000.0,kWh,kW,True,"La magnitud y comportamiento horario coinciden con CapEfecNeta, DispoReal y DispoCome y la descripcion oficial corresponde a potencia neta.",420.0
2026-06-06,Recurso,GTPE,,Hour13,420000.0,kWh,kW,True,"La magnitud y comportamiento horario coinciden con CapEfecNeta, DispoReal y DispoCome y la descripcion oficial corresponde a potencia neta.",420.0
2026-06-06,Recurso,GTPE,,Hour14,420000.0,kWh,kW,True,"La magnitud y comportamiento horario coinciden con CapEfecNeta, DispoReal y DispoCome y la descripcion oficial corresponde a potencia neta.",420.0
2026-06-06,Recurso,GTPE,,Hour15,420000.0,kWh,kW,True,"La magnitud y comportamiento horario coinciden con CapEfecNeta, DispoReal y DispoCome y la descripcion oficial corresponde a potencia neta.",420.0
2026-06-06,Recurso,GTPE,,Hour16,420000.0,kWh,kW,True,"La magnitud y comportamiento horario coinciden con CapEfecNeta, DispoReal y DispoCome y la descripcion oficial corresponde a potencia neta.",420.0
2026-06-06,Recurso,GTPE,,Hour17,420000.0,kWh,kW,True,"La magnitud y comportamiento horario coinciden con CapEfecNeta, DispoReal y DispoCome y la descripcion oficial corresponde a potencia neta.",420.0
2026-06-06,Recurso,GTPE,,Hour18,420000.0,kWh,kW,True,"La magnitud y comportamiento horario coinciden con CapEfecNeta, DispoReal y DispoCome y la descripcion oficial corresponde a potencia neta.",420.0
2026-06-06,Recurso,GTPE,,Hour19,420000.0,kWh,kW,True,"La magnitud y comportamiento horario coinciden con CapEfecNeta, DispoReal y DispoCome y la descripcion oficial corresponde a potencia neta.",420.0
2026-06-06,Recurso,GTPE,,Hour20,420000.0,kWh,kW,True,"La magnitud y comportamiento horario coinciden con CapEfecNeta, DispoReal y DispoCome y la descripcion oficial corresponde a potencia neta.",420.0
2026-06-06,Recurso,GTPE,,Hour21,420000.0,kWh,kW,True,"La magnitud y comportamiento horario coinciden con CapEfecNeta, DispoReal y DispoCome y la descripcion oficial corresponde a potencia neta.",420.0
2026-06-06,Recurso,GTPE,,Hour22,420000.0,kWh,kW,True,"La magnitud y comportamiento horario coinciden con CapEfecNeta, DispoReal y DispoCome y la descripcion oficial corresponde a potencia neta.",420.0
2026-06-06,Recurso,GTPE,,Hour23,420000.0,kWh,kW,True,"La magnitud y comportamiento horario coinciden con CapEfecNeta, DispoReal y DispoCome y la descripcion oficial corresponde a potencia neta.",420.0
2026-06-06,Recurso,GTPE,,Hour24,420000.0,kWh,kW,True,"La magnitud y comportamiento horario coinciden con CapEfecNeta, DispoReal y DispoCome y la descripcion oficial corresponde a potencia neta.",420.0
2026-06-06,Recurso,GTRG,,Hour01,427000.0,kWh,kW,True,"La magnitud y comportamiento horario coinciden con CapEfecNeta, DispoReal y DispoCome y la descripcion oficial corresponde a potencia neta.",427.0
2026-06-06,Recurso,GTRG,,Hour02,427000.0,kWh,kW,True,"La magnitud y comportamiento horario coinciden con CapEfecNeta, DispoReal y DispoCome y la descripcion oficial corresponde a potencia neta.",427.0
2026-06-06,Recurso,GTRG,,Hour03,427000.0,kWh,kW,True,"La magnitud y comportamiento horario coinciden con CapEfecNeta, DispoReal y DispoCome y la descripcion oficial corresponde a potencia neta.",427.0
2026-06-06,Recurso,GTRG,,Hour04,427000.0,kWh,kW,True,"La magnitud y comportamiento horario coinciden con CapEfecNeta, DispoReal y DispoCome y la descripcion oficial corresponde a potencia neta.",427.0
2026-06-06,Recurso,GTRG,,Hour05,427000.0,kWh,kW,True,"La magnitud y comportamiento horario coinciden con CapEfecNeta, DispoReal y DispoCome y la descripcion oficial corresponde a potencia neta.",427.0
2026-06-06,Recurso,GTRG,,Hour06,427000.0,kWh,kW,True,"La magnitud y comportamiento horario coinciden con CapEfecNeta, DispoReal y DispoCome y la descripcion oficial corresponde a potencia neta.",427.0
2026-06-06,Recurso,GTRG,,Hour07,427000.0,kWh,kW,True,"La magnitud y comportamiento horario coinciden con CapEfecNeta, DispoReal y DispoCome y la descripcion oficial corresponde a potencia neta.",427.0
2026-06-06,Recurso,GTRG,,Hour08,427000.0,kWh,kW,True,"La magnitud y comportamiento horario coinciden con CapEfecNeta, DispoReal y DispoCome y la descripcion oficial corresponde a potencia neta.",427.0
2026-06-06,Recurso,GTRG,,Hour09,427000.0,kWh,kW,True,"La magnitud y comportamiento horario coinciden con CapEfecNeta, DispoReal y DispoCome y la descripcion oficial corresponde a potencia neta.",427.0
2026-06-06,Recurso,GTRG,,Hour10,427000.0,kWh,kW,True,"La magnitud y comportamiento horario coinciden con CapEfecNeta, DispoReal y DispoCome y la descripcion oficial corresponde a potencia neta.",427.0
2026-06-06,Recurso,GTRG,,Hour11,427000.0,kWh,kW,True,"La magnitud y comportamiento horario coinciden con CapEfecNeta, DispoReal y DispoCome y la descripcion oficial corresponde a potencia neta.",427.0
2026-06-06,Recurso,GTRG,,Hour12,427000.0,kWh,kW,True,"La magnitud y comportamiento horario coinciden con CapEfecNeta, DispoReal y DispoCome y la descripcion oficial corresponde a potencia neta.",427.0
2026-06-06,Recurso,GTRG,,Hour13,427000.0,kWh,kW,True,"La magnitud y comportamiento horario coinciden con CapEfecNeta, DispoReal y DispoCome y la descripcion oficial corresponde a potencia neta.",427.0
2026-06-06,Recurso,GTRG,,Hour14,427000.0,kWh,kW,True,"La magnitud y comportamiento horario coinciden con CapEfecNeta, DispoReal y DispoCome y la descripcion oficial corresponde a potencia neta.",427.0
2026-06-06,Recurso,GTRG,,Hour15,427000.0,kWh,kW,True,"La magnitud y comportamiento horario coinciden con CapEfecNeta, DispoReal y DispoCome y la descripcion oficial corresponde a potencia neta.",427.0
2026-06-06,Recurso,GTRG,,Hour16,427000.0,kWh,kW,True,"La magnitud y comportamiento horario coinciden con CapEfecNeta, DispoReal y DispoCome y la descripcion oficial corresponde a potencia neta.",427.0
2026-06-06,Recurso,GTRG,,Hour17,427000.0,kWh,kW,True,"La magnitud y comportamiento horario coinciden con CapEfecNeta, DispoReal y DispoCome y la descripcion oficial corresponde a potencia neta.",427.0
2026-06-06,Recurso,GTRG,,Hour18,427000.0,kWh,kW,True,"La magnitud y comportamiento horario coinciden con CapEfecNeta, DispoReal y DispoCome y la descripcion oficial corresponde a potencia neta.",427.0
2026-06-06,Recurso,GTRG,,Hour19,427000.0,kWh,kW,True,"La magnitud y comportamiento horario coinciden con CapEfecNeta, DispoReal y DispoCome y la descripcion oficial corresponde a potencia neta.",427.0
2026-06-06,Recurso,GTRG,,Hour20,427000.0,kWh,kW,True,"La magnitud y comportamiento horario coinciden con CapEfecNeta, DispoReal y DispoCome y la descripcion oficial corresponde a potencia neta.",427.0
2026-06-06,Recurso,GTRG,,Hour21,427000.0,kWh,kW,True,"La magnitud y comportamiento horario coinciden con CapEfecNeta, DispoReal y DispoCome y la descripcion oficial corresponde a potencia neta.",427.0
2026-06-06,Recurso,GTRG,,Hour22,427000.0,kWh,kW,True,"La magnitud y comportamiento horario coinciden con CapEfecNeta, DispoReal y DispoCome y la descripcion oficial corresponde a potencia neta.",427.0
2026-06-06,Recurso,GTRG,,Hour23,427000.0,kWh,kW,True,"La magnitud y comportamiento horario coinciden con CapEfecNeta, DispoReal y DispoCome y la descripcion oficial corresponde a potencia neta.",427.0
2026-06-06,Recurso,GTRG,,Hour24,427000.0,kWh,kW,True,"La magnitud y comportamiento horario coinciden con CapEfecNeta, DispoReal y DispoCome y la descripcion oficial corresponde a potencia neta.",427.0
2026-06-06,Recurso,GVIO,,Hour01,976000.0,kWh,kW,True,"La magnitud y comportamiento horario coinciden con CapEfecNeta, DispoReal y DispoCome y la descripcion oficial corresponde a potencia neta.",976.0
2026-06-06,Recurso,GVIO,,Hour02,976000.0,kWh,kW,True,"La magnitud y comportamiento horario coinciden con CapEfecNeta, DispoReal y DispoCome y la descripcion oficial corresponde a potencia neta.",976.0
2026-06-06,Recurso,GVIO,,Hour03,976000.0,kWh,kW,True,"La magnitud y comportamiento horario coinciden con CapEfecNeta, DispoReal y DispoCome y la descripcion oficial corresponde a potencia neta.",976.0
2026-06-06,Recurso,GVIO,,Hour04,976000.0,kWh,kW,True,"La magnitud y comportamiento horario coinciden con CapEfecNeta, DispoReal y DispoCome y la descripcion oficial corresponde a potencia neta.",976.0
2026-06-06,Recurso,GVIO,,Hour05,976000.0,kWh,kW,True,"La magnitud y comportamiento horario coinciden con CapEfecNeta, DispoReal y DispoCome y la descripcion oficial corresponde a potencia neta.",976.0
2026-06-06,Recurso,GVIO,,Hour06,976000.0,kWh,kW,True,"La magnitud y comportamiento horario coinciden con CapEfecNeta, DispoReal y DispoCome y la descripcion oficial corresponde a potencia neta.",976.0
2026-06-06,Recurso,GVIO,,Hour07,976000.0,kWh,kW,True,"La magnitud y comportamiento horario coinciden con CapEfecNeta, DispoReal y DispoCome y la descripcion oficial corresponde a potencia neta.",976.0
2026-06-06,Recurso,GVIO,,Hour08,976000.0,kWh,kW,True,"La magnitud y comportamiento horario coinciden con CapEfecNeta, DispoReal y DispoCome y la descripcion oficial corresponde a potencia neta.",976.0
2026-06-06,Recurso,GVIO,,Hour09,976000.0,kWh,kW,True,"La magnitud y comportamiento horario coinciden con CapEfecNeta, DispoReal y DispoCome y la descripcion oficial corresponde a potencia neta.",976.0
2026-06-06,Recurso,GVIO,,Hour10,976000.0,kWh,kW,True,"La magnitud y comportamiento horario coinciden con CapEfecNeta, DispoReal y DispoCome y la descripcion oficial corresponde a potencia neta.",976.0
2026-06-06,Recurso,GVIO,,Hour11,976000.0,kWh,kW,True,"La magnitud y comportamiento horario coinciden con CapEfecNeta, DispoReal y DispoCome y la descripcion oficial corresponde a potencia neta.",976.0
2026-06-06,Recurso,GVIO,,Hour12,976000.0,kWh,kW,True,"La magnitud y comportamiento horario coinciden con CapEfecNeta, DispoReal y DispoCome y la descripcion oficial corresponde a potencia neta.",976.0
2026-06-06,Recurso,GVIO,,Hour13,976000.0,kWh,kW,True,"La magnitud y comportamiento horario coinciden con CapEfecNeta, DispoReal y DispoCome y la descripcion oficial corresponde a potencia neta.",976.0
2026-06-06,Recurso,GVIO,,Hour14,976000.0,kWh,kW,True,"La magnitud y comportamiento horario coinciden con CapEfecNeta, DispoReal y DispoCome y la descripcion oficial corresponde a potencia neta.",976.0
2026-06-06,Recurso,GVIO,,Hour15,976000.0,kWh,kW,True,"La magnitud y comportamiento horario coinciden con CapEfecNeta, DispoReal y DispoCome y la descripcion oficial corresponde a potencia neta.",976.0
2026-06-06,Recurso,GVIO,,Hour16,976000.0,kWh,kW,True,"La magnitud y comportamiento horario coinciden con CapEfecNeta, DispoReal y DispoCome y la descripcion oficial corresponde a potencia neta.",976.0
2026-06-06,Recurso,GVIO,,Hour17,976000.0,kWh,kW,True,"La magnitud y comportamiento horario coinciden con CapEfecNeta, DispoReal y DispoCome y la descripcion oficial corresponde a potencia neta.",976.0
2026-06-06,Recurso,GVIO,,Hour18,976000.0,kWh,kW,True,"La magnitud y comportamiento horario coinciden con CapEfecNeta, DispoReal y DispoCome y la descripcion oficial corresponde a potencia neta.",976.0
2026-06-06,Recurso,GVIO,,Hour19,976000.0,kWh,kW,True,"La magnitud y comportamiento horario coinciden con CapEfecNeta, DispoReal y DispoCome y la descripcion oficial corresponde a potencia neta.",976.0
2026-06-06,Recurso,GVIO,,Hour20,976000.0,kWh,kW,True,"La magnitud y comportamiento horario coinciden con CapEfecNeta, DispoReal y DispoCome y la descripcion oficial corresponde a potencia neta.",976.0
2026-06-06,Recurso,GVIO,,Hour21,976000.0,kWh,kW,True,"La magnitud y comportamiento horario coinciden con CapEfecNeta, DispoReal y DispoCome y la descripcion oficial corresponde a potencia neta.",976.0
2026-06-06,Recurso,GVIO,,Hour22,976000.0,kWh,kW,True,"La magnitud y comportamiento horario coinciden con CapEfecNeta, DispoReal y DispoCome y la descripcion oficial corresponde a potencia neta.",976.0
2026-06-06,Recurso,GVIO,,Hour23,976000.0,kWh,kW,True,"La magnitud y comportamiento horario coinciden con CapEfecNeta, DispoReal y DispoCome y la descripcion oficial corresponde a potencia neta.",976.0
2026-06-06,Recurso,GVIO,,Hour24,976000.0,kWh,kW,True,"La magnitud y comportamiento horario coinciden con CapEfecNeta, DispoReal y DispoCome y la descripcion oficial corresponde a potencia neta.",976.0
2026-06-07,Recurso,CTG2,,Hour01,0.0,kWh,kW,True,"La magnitud y comportamiento horario coinciden con CapEfecNeta, DispoReal y DispoCome y la descripcion oficial corresponde a potencia neta.",0.0
2026-06-07,Recurso,CTG2,,Hour02,0.0,kWh,kW,True,"La magnitud y comportamiento horario coinciden con CapEfecNeta, DispoReal y DispoCome y la descripcion oficial corresponde a potencia neta.",0.0
2026-06-07,Recurso,CTG2,,Hour03,0.0,kWh,kW,True,"La magnitud y comportamiento horario coinciden con CapEfecNeta, DispoReal y DispoCome y la descripcion oficial corresponde a potencia neta.",0.0
2026-06-07,Recurso,CTG2,,Hour04,0.0,kWh,kW,True,"La magnitud y comportamiento horario coinciden con CapEfecNeta, DispoReal y DispoCome y la descripcion oficial corresponde a potencia neta.",0.0
2026-06-07,Recurso,CTG2,,Hour05,0.0,kWh,kW,True,"La magnitud y comportamiento horario coinciden con CapEfecNeta, DispoReal y DispoCome y la descripcion oficial corresponde a potencia neta.",0.0
2026-06-07,Recurso,CTG2,,Hour06,0.0,kWh,kW,True,"La magnitud y comportamiento horario coinciden con CapEfecNeta, DispoReal y DispoCome y la descripcion oficial corresponde a potencia neta.",0.0
2026-06-07,Recurso,CTG2,,Hour07,0.0,kWh,kW,True,"La magnitud y comportamiento horario coinciden con CapEfecNeta, DispoReal y DispoCome y la descripcion oficial corresponde a potencia neta.",0.0
2026-06-07,Recurso,CTG2,,Hour08,0.0,kWh,kW,True,"La magnitud y comportamiento horario coinciden con CapEfecNeta, DispoReal y DispoCome y la descripcion oficial corresponde a potencia neta.",0.0
2026-06-07,Recurso,CTG2,,Hour09,0.0,kWh,kW,True,"La magnitud y comportamiento horario coinciden con CapEfecNeta, DispoReal y DispoCome y la descripcion oficial corresponde a potencia neta.",0.0
2026-06-07,Recurso,CTG2,,Hour10,0.0,kWh,kW,True,"La magnitud y comportamiento horario coinciden con CapEfecNeta, DispoReal y DispoCome y la descripcion oficial corresponde a potencia neta.",0.0
2026-06-07,Recurso,CTG2,,Hour11,0.0,kWh,kW,True,"La magnitud y comportamiento horario coinciden con CapEfecNeta, DispoReal y DispoCome y la descripcion oficial corresponde a potencia neta.",0.0
2026-06-07,Recurso,CTG2,,Hour12,0.0,kWh,kW,True,"La magnitud y comportamiento horario coinciden con CapEfecNeta, DispoReal y DispoCome y la descripcion oficial corresponde a potencia neta.",0.0
2026-06-07,Recurso,CTG2,,Hour13,0.0,kWh,kW,True,"La magnitud y comportamiento horario coinciden con CapEfecNeta, DispoReal y DispoCome y la descripcion oficial corresponde a potencia neta.",0.0
2026-06-07,Recurso,CTG2,,Hour14,0.0,kWh,kW,True,"La magnitud y comportamiento horario coinciden con CapEfecNeta, DispoReal y DispoCome y la descripcion oficial corresponde a potencia neta.",0.0
2026-06-07,Recurso,CTG2,,Hour15,0.0,kWh,kW,True,"La magnitud y comportamiento horario coinciden con CapEfecNeta, DispoReal y DispoCome y la descripcion oficial corresponde a potencia neta.",0.0
2026-06-07,Recurso,CTG2,,Hour16,0.0,kWh,kW,True,"La magnitud y comportamiento horario coinciden con CapEfecNeta, DispoReal y DispoCome y la descripcion oficial corresponde a potencia neta.",0.0
2026-06-07,Recurso,CTG2,,Hour17,0.0,kWh,kW,True,"La magnitud y comportamiento horario coinciden con CapEfecNeta, DispoReal y DispoCome y la descripcion oficial corresponde a potencia neta.",0.0
2026-06-07,Recurso,CTG2,,Hour18,0.0,kWh,kW,True,"La magnitud y comportamiento horario coinciden con CapEfecNeta, DispoReal y DispoCome y la descripcion oficial corresponde a potencia neta.",0.0
2026-06-07,Recurso,CTG2,,Hour19,0.0,kWh,kW,True,"La magnitud y comportamiento horario coinciden con CapEfecNeta, DispoReal y DispoCome y la descripcion oficial corresponde a potencia neta.",0.0
2026-06-07,Recurso,CTG2,,Hour20,0.0,kWh,kW,True,"La magnitud y comportamiento horario coinciden con CapEfecNeta, DispoReal y DispoCome y la descripcion oficial corresponde a potencia neta.",0.0
2026-06-07,Recurso,CTG2,,Hour21,0.0,kWh,kW,True,"La magnitud y comportamiento horario coinciden con CapEfecNeta, DispoReal y DispoCome y la descripcion oficial corresponde a potencia neta.",0.0
2026-06-07,Recurso,CTG2,,Hour22,0.0,kWh,kW,True,"La magnitud y comportamiento horario coinciden con CapEfecNeta, DispoReal y DispoCome y la descripcion oficial corresponde a potencia neta.",0.0
2026-06-07,Recurso,CTG2,,Hour23,0.0,kWh,kW,True,"La magnitud y comportamiento horario coinciden con CapEfecNeta, DispoReal y DispoCome y la descripcion oficial corresponde a potencia neta.",0.0
2026-06-07,Recurso,CTG2,,Hour24,0.0,kWh,kW,True,"La magnitud y comportamiento horario coinciden con CapEfecNeta, DispoReal y DispoCome y la descripcion oficial corresponde a potencia neta.",0.0
2026-06-07,Recurso,CTG3,,Hour01,0.0,kWh,kW,True,"La magnitud y comportamiento horario coinciden con CapEfecNeta, DispoReal y DispoCome y la descripcion oficial corresponde a potencia neta.",0.0
2026-06-07,Recurso,CTG3,,Hour02,0.0,kWh,kW,True,"La magnitud y comportamiento horario coinciden con CapEfecNeta, DispoReal y DispoCome y la descripcion oficial corresponde a potencia neta.",0.0
2026-06-07,Recurso,CTG3,,Hour03,0.0,kWh,kW,True,"La magnitud y comportamiento horario coinciden con CapEfecNeta, DispoReal y DispoCome y la descripcion oficial corresponde a potencia neta.",0.0
2026-06-07,Recurso,CTG3,,Hour04,0.0,kWh,kW,True,"La magnitud y comportamiento horario coinciden con CapEfecNeta, DispoReal y DispoCome y la descripcion oficial corresponde a potencia neta.",0.0
2026-06-07,Recurso,CTG3,,Hour05,0.0,kWh,kW,True,"La magnitud y comportamiento horario coinciden con CapEfecNeta, DispoReal y DispoCome y la descripcion oficial corresponde a potencia neta.",0.0
2026-06-07,Recurso,CTG3,,Hour06,0.0,kWh,kW,True,"La magnitud y comportamiento horario coinciden con CapEfecNeta, DispoReal y DispoCome y la descripcion oficial corresponde a potencia neta.",0.0
2026-06-07,Recurso,CTG3,,Hour07,0.0,kWh,kW,True,"La magnitud y comportamiento horario coinciden con CapEfecNeta, DispoReal y DispoCome y la descripcion oficial corresponde a potencia neta.",0.0
2026-06-07,Recurso,CTG3,,Hour08,0.0,kWh,kW,True,"La magnitud y comportamiento horario coinciden con CapEfecNeta, DispoReal y DispoCome y la descripcion oficial corresponde a potencia neta.",0.0
2026-06-07,Recurso,CTG3,,Hour09,0.0,kWh,kW,True,"La magnitud y comportamiento horario coinciden con CapEfecNeta, DispoReal y DispoCome y la descripcion oficial corresponde a potencia neta.",0.0
2026-06-07,Recurso,CTG3,,Hour10,0.0,kWh,kW,True,"La magnitud y comportamiento horario coinciden con CapEfecNeta, DispoReal y DispoCome y la descripcion oficial corresponde a potencia neta.",0.0
2026-06-07,Recurso,CTG3,,Hour11,0.0,kWh,kW,True,"La magnitud y comportamiento horario coinciden con CapEfecNeta, DispoReal y DispoCome y la descripcion oficial corresponde a potencia neta.",0.0
2026-06-07,Recurso,CTG3,,Hour12,0.0,kWh,kW,True,"La magnitud y comportamiento horario coinciden con CapEfecNeta, DispoReal y DispoCome y la descripcion oficial corresponde a potencia neta.",0.0
2026-06-07,Recurso,CTG3,,Hour13,0.0,kWh,kW,True,"La magnitud y comportamiento horario coinciden con CapEfecNeta, DispoReal y DispoCome y la descripcion oficial corresponde a potencia neta.",0.0
2026-06-07,Recurso,CTG3,,Hour14,0.0,kWh,kW,True,"La magnitud y comportamiento horario coinciden con CapEfecNeta, DispoReal y DispoCome y la descripcion oficial corresponde a potencia neta.",0.0
2026-06-07,Recurso,CTG3,,Hour15,0.0,kWh,kW,True,"La magnitud y comportamiento horario coinciden con CapEfecNeta, DispoReal y DispoCome y la descripcion oficial corresponde a potencia neta.",0.0
2026-06-07,Recurso,CTG3,,Hour16,0.0,kWh,kW,True,"La magnitud y comportamiento horario coinciden con CapEfecNeta, DispoReal y DispoCome y la descripcion oficial corresponde a potencia neta.",0.0
2026-06-07,Recurso,CTG3,,Hour17,0.0,kWh,kW,True,"La magnitud y comportamiento horario coinciden con CapEfecNeta, DispoReal y DispoCome y la descripcion oficial corresponde a potencia neta.",0.0
2026-06-07,Recurso,CTG3,,Hour18,0.0,kWh,kW,True,"La magnitud y comportamiento horario coinciden con CapEfecNeta, DispoReal y DispoCome y la descripcion oficial corresponde a potencia neta.",0.0
2026-06-07,Recurso,CTG3,,Hour19,0.0,kWh,kW,True,"La magnitud y comportamiento horario coinciden con CapEfecNeta, DispoReal y DispoCome y la descripcion oficial corresponde a potencia neta.",0.0
2026-06-07,Recurso,CTG3,,Hour20,0.0,kWh,kW,True,"La magnitud y comportamiento horario coinciden con CapEfecNeta, DispoReal y DispoCome y la descripcion oficial corresponde a potencia neta.",0.0
2026-06-07,Recurso,CTG3,,Hour21,0.0,kWh,kW,True,"La magnitud y comportamiento horario coinciden con CapEfecNeta, DispoReal y DispoCome y la descripcion oficial corresponde a potencia neta.",0.0
2026-06-07,Recurso,CTG3,,Hour22,0.0,kWh,kW,True,"La magnitud y comportamiento horario coinciden con CapEfecNeta, DispoReal y DispoCome y la descripcion oficial corresponde a potencia neta.",0.0
2026-06-07,Recurso,CTG3,,Hour23,0.0,kWh,kW,True,"La magnitud y comportamiento horario coinciden con CapEfecNeta, DispoReal y DispoCome y la descripcion oficial corresponde a potencia neta.",0.0
2026-06-07,Recurso,CTG3,,Hour24,0.0,kWh,kW,True,"La magnitud y comportamiento horario coinciden con CapEfecNeta, DispoReal y DispoCome y la descripcion oficial corresponde a potencia neta.",0.0
2026-06-07,Recurso,CUC1,,Hour01,46000.0,kWh,kW,True,"La magnitud y comportamiento horario coinciden con CapEfecNeta, DispoReal y DispoCome y la descripcion oficial corresponde a potencia neta.",46.0
2026-06-07,Recurso,CUC1,,Hour02,44000.0,kWh,kW,True,"La magnitud y comportamiento horario coinciden con CapEfecNeta, DispoReal y DispoCome y la descripcion oficial corresponde a potencia neta.",44.0
2026-06-07,Recurso,CUC1,,Hour03,44000.0,kWh,kW,True,"La magnitud y comportamiento horario coinciden con CapEfecNeta, DispoReal y DispoCome y la descripcion oficial corresponde a potencia neta.",44.0
2026-06-07,Recurso,CUC1,,Hour04,42000.0,kWh,kW,True,"La magnitud y comportamiento horario coinciden con CapEfecNeta, DispoReal y DispoCome y la descripcion oficial corresponde a potencia neta.",42.0
2026-06-07,Recurso,CUC1,,Hour05,42000.0,kWh,kW,True,"La magnitud y comportamiento horario coinciden con CapEfecNeta, DispoReal y DispoCome y la descripcion oficial corresponde a potencia neta.",42.0
2026-06-07,Recurso,CUC1,,Hour06,42000.0,kWh,kW,True,"La magnitud y comportamiento horario coinciden con CapEfecNeta, DispoReal y DispoCome y la descripcion oficial corresponde a potencia neta.",42.0
2026-06-07,Recurso,CUC1,,Hour07,42000.0,kWh,kW,True,"La magnitud y comportamiento horario coinciden con CapEfecNeta, DispoReal y DispoCome y la descripcion oficial corresponde a potencia neta.",42.0
2026-06-07,Recurso,CUC1,,Hour08,34000.0,kWh,kW,True,"La magnitud y comportamiento horario coinciden con CapEfecNeta, DispoReal y DispoCome y la descripcion oficial corresponde a potencia neta.",34.0
2026-06-07,Recurso,CUC1,,Hour09,54000.0,kWh,kW,True,"La magnitud y comportamiento horario coinciden con CapEfecNeta, DispoReal y DispoCome y la descripcion oficial corresponde a potencia neta.",54.0
2026-06-07,Recurso,CUC1,,Hour10,54000.0,kWh,kW,True,"La magnitud y comportamiento horario coinciden con CapEfecNeta, DispoReal y DispoCome y la descripcion oficial corresponde a potencia neta.",54.0
2026-06-07,Recurso,CUC1,,Hour11,54000.0,kWh,kW,True,"La magnitud y comportamiento horario coinciden con CapEfecNeta, DispoReal y DispoCome y la descripcion oficial corresponde a potencia neta.",54.0
2026-06-07,Recurso,CUC1,,Hour12,54000.0,kWh,kW,True,"La magnitud y comportamiento horario coinciden con CapEfecNeta, DispoReal y DispoCome y la descripcion oficial corresponde a potencia neta.",54.0
2026-06-07,Recurso,CUC1,,Hour13,54000.0,kWh,kW,True,"La magnitud y comportamiento horario coinciden con CapEfecNeta, DispoReal y DispoCome y la descripcion oficial corresponde a potencia neta.",54.0
2026-06-07,Recurso,CUC1,,Hour14,54000.0,kWh,kW,True,"La magnitud y comportamiento horario coinciden con CapEfecNeta, DispoReal y DispoCome y la descripcion oficial corresponde a potencia neta.",54.0
2026-06-07,Recurso,CUC1,,Hour15,54000.0,kWh,kW,True,"La magnitud y comportamiento horario coinciden con CapEfecNeta, DispoReal y DispoCome y la descripcion oficial corresponde a potencia neta.",54.0
2026-06-07,Recurso,CUC1,,Hour16,54000.0,kWh,kW,True,"La magnitud y comportamiento horario coinciden con CapEfecNeta, DispoReal y DispoCome y la descripcion oficial corresponde a potencia neta.",54.0
2026-06-07,Recurso,CUC1,,Hour17,54000.0,kWh,kW,True,"La magnitud y comportamiento horario coinciden con CapEfecNeta, DispoReal y DispoCome y la descripcion oficial corresponde a potencia neta.",54.0
2026-06-07,Recurso,CUC1,,Hour18,54000.0,kWh,kW,True,"La magnitud y comportamiento horario coinciden con CapEfecNeta, DispoReal y DispoCome y la descripcion oficial corresponde a potencia neta.",54.0
2026-06-07,Recurso,CUC1,,Hour19,54000.0,kWh,kW,True,"La magnitud y comportamiento horario coinciden con CapEfecNeta, DispoReal y DispoCome y la descripcion oficial corresponde a potencia neta.",54.0
2026-06-07,Recurso,CUC1,,Hour20,54000.0,kWh,kW,True,"La magnitud y comportamiento horario coinciden con CapEfecNeta, DispoReal y DispoCome y la descripcion oficial corresponde a potencia neta.",54.0
2026-06-07,Recurso,CUC1,,Hour21,54000.0,kWh,kW,True,"La magnitud y comportamiento horario coinciden con CapEfecNeta, DispoReal y DispoCome y la descripcion oficial corresponde a potencia neta.",54.0
2026-06-07,Recurso,CUC1,,Hour22,54000.0,kWh,kW,True,"La magnitud y comportamiento horario coinciden con CapEfecNeta, DispoReal y DispoCome y la descripcion oficial corresponde a potencia neta.",54.0
2026-06-07,Recurso,CUC1,,Hour23,54000.0,kWh,kW,True,"La magnitud y comportamiento horario coinciden con CapEfecNeta, DispoReal y DispoCome y la descripcion oficial corresponde a potencia neta.",54.0
2026-06-07,Recurso,CUC1,,Hour24,54000.0,kWh,kW,True,"La magnitud y comportamiento horario coinciden con CapEfecNeta, DispoReal y DispoCome y la descripcion oficial corresponde a potencia neta.",54.0
2026-06-07,Recurso,DVS1,,Hour01,150000.0,kWh,kW,True,"La magnitud y comportamiento horario coinciden con CapEfecNeta, DispoReal y DispoCome y la descripcion oficial corresponde a potencia neta.",150.0
2026-06-07,Recurso,DVS1,,Hour02,150000.0,kWh,kW,True,"La magnitud y comportamiento horario coinciden con CapEfecNeta, DispoReal y DispoCome y la descripcion oficial corresponde a potencia neta.",150.0
2026-06-07,Recurso,DVS1,,Hour03,150000.0,kWh,kW,True,"La magnitud y comportamiento horario coinciden con CapEfecNeta, DispoReal y DispoCome y la descripcion oficial corresponde a potencia neta.",150.0
2026-06-07,Recurso,DVS1,,Hour04,150000.0,kWh,kW,True,"La magnitud y comportamiento horario coinciden con CapEfecNeta, DispoReal y DispoCome y la descripcion oficial corresponde a potencia neta.",150.0
2026-06-07,Recurso,DVS1,,Hour05,150000.0,kWh,kW,True,"La magnitud y comportamiento horario coinciden con CapEfecNeta, DispoReal y DispoCome y la descripcion oficial corresponde a potencia neta.",150.0
2026-06-07,Recurso,DVS1,,Hour06,150000.0,kWh,kW,True,"La magnitud y comportamiento horario coinciden con CapEfecNeta, DispoReal y DispoCome y la descripcion oficial corresponde a potencia neta.",150.0
2026-06-07,Recurso,DVS1,,Hour07,150000.0,kWh,kW,True,"La magnitud y comportamiento horario coinciden con CapEfecNeta, DispoReal y DispoCome y la descripcion oficial corresponde a potencia neta.",150.0
2026-06-07,Recurso,DVS1,,Hour08,150000.0,kWh,kW,True,"La magnitud y comportamiento horario coinciden con CapEfecNeta, DispoReal y DispoCome y la descripcion oficial corresponde a potencia neta.",150.0
2026-06-07,Recurso,DVS1,,Hour09,150000.0,kWh,kW,True,"La magnitud y comportamiento horario coinciden con CapEfecNeta, DispoReal y DispoCome y la descripcion oficial corresponde a potencia neta.",150.0
2026-06-07,Recurso,DVS1,,Hour10,150000.0,kWh,kW,True,"La magnitud y comportamiento horario coinciden con CapEfecNeta, DispoReal y DispoCome y la descripcion oficial corresponde a potencia neta.",150.0
2026-06-07,Recurso,DVS1,,Hour11,150000.0,kWh,kW,True,"La magnitud y comportamiento horario coinciden con CapEfecNeta, DispoReal y DispoCome y la descripcion oficial corresponde a potencia neta.",150.0
2026-06-07,Recurso,DVS1,,Hour12,150000.0,kWh,kW,True,"La magnitud y comportamiento horario coinciden con CapEfecNeta, DispoReal y DispoCome y la descripcion oficial corresponde a potencia neta.",150.0
2026-06-07,Recurso,DVS1,,Hour13,150000.0,kWh,kW,True,"La magnitud y comportamiento horario coinciden con CapEfecNeta, DispoReal y DispoCome y la descripcion oficial corresponde a potencia neta.",150.0
2026-06-07,Recurso,DVS1,,Hour14,150000.0,kWh,kW,True,"La magnitud y comportamiento horario coinciden con CapEfecNeta, DispoReal y DispoCome y la descripcion oficial corresponde a potencia neta.",150.0
2026-06-07,Recurso,DVS1,,Hour15,150000.0,kWh,kW,True,"La magnitud y comportamiento horario coinciden con CapEfecNeta, DispoReal y DispoCome y la descripcion oficial corresponde a potencia neta.",150.0
2026-06-07,Recurso,DVS1,,Hour16,150000.0,kWh,kW,True,"La magnitud y comportamiento horario coinciden con CapEfecNeta, DispoReal y DispoCome y la descripcion oficial corresponde a potencia neta.",150.0
2026-06-07,Recurso,DVS1,,Hour17,150000.0,kWh,kW,True,"La magnitud y comportamiento horario coinciden con CapEfecNeta, DispoReal y DispoCome y la descripcion oficial corresponde a potencia neta.",150.0
2026-06-07,Recurso,DVS1,,Hour18,150000.0,kWh,kW,True,"La magnitud y comportamiento horario coinciden con CapEfecNeta, DispoReal y DispoCome y la descripcion oficial corresponde a potencia neta.",150.0
2026-06-07,Recurso,DVS1,,Hour19,150000.0,kWh,kW,True,"La magnitud y comportamiento horario coinciden con CapEfecNeta, DispoReal y DispoCome y la descripcion oficial corresponde a potencia neta.",150.0
2026-06-07,Recurso,DVS1,,Hour20,150000.0,kWh,kW,True,"La magnitud y comportamiento horario coinciden con CapEfecNeta, DispoReal y DispoCome y la descripcion oficial corresponde a potencia neta.",150.0
2026-06-07,Recurso,DVS1,,Hour21,150000.0,kWh,kW,True,"La magnitud y comportamiento horario coinciden con CapEfecNeta, DispoReal y DispoCome y la descripcion oficial corresponde a potencia neta.",150.0
2026-06-07,Recurso,DVS1,,Hour22,150000.0,kWh,kW,True,"La magnitud y comportamiento horario coinciden con CapEfecNeta, DispoReal y DispoCome y la descripcion oficial corresponde a potencia neta.",150.0
2026-06-07,Recurso,DVS1,,Hour23,150000.0,kWh,kW,True,"La magnitud y comportamiento horario coinciden con CapEfecNeta, DispoReal y DispoCome y la descripcion oficial corresponde a potencia neta.",150.0
2026-06-07,Recurso,DVS1,,Hour24,150000.0,kWh,kW,True,"La magnitud y comportamiento horario coinciden con CapEfecNeta, DispoReal y DispoCome y la descripcion oficial corresponde a potencia neta.",150.0
2026-06-07,Recurso,ESMR,,Hour01,21000.0,kWh,kW,True,"La magnitud y comportamiento horario coinciden con CapEfecNeta, DispoReal y DispoCome y la descripcion oficial corresponde a potencia neta.",21.0
2026-06-07,Recurso,ESMR,,Hour02,21000.0,kWh,kW,True,"La magnitud y comportamiento horario coinciden con CapEfecNeta, DispoReal y DispoCome y la descripcion oficial corresponde a potencia neta.",21.0
2026-06-07,Recurso,ESMR,,Hour03,21000.0,kWh,kW,True,"La magnitud y comportamiento horario coinciden con CapEfecNeta, DispoReal y DispoCome y la descripcion oficial corresponde a potencia neta.",21.0
2026-06-07,Recurso,ESMR,,Hour04,21000.0,kWh,kW,True,"La magnitud y comportamiento horario coinciden con CapEfecNeta, DispoReal y DispoCome y la descripcion oficial corresponde a potencia neta.",21.0
2026-06-07,Recurso,ESMR,,Hour05,21000.0,kWh,kW,True,"La magnitud y comportamiento horario coinciden con CapEfecNeta, DispoReal y DispoCome y la descripcion oficial corresponde a potencia neta.",21.0
2026-06-07,Recurso,ESMR,,Hour06,21000.0,kWh,kW,True,"La magnitud y comportamiento horario coinciden con CapEfecNeta, DispoReal y DispoCome y la descripcion oficial corresponde a potencia neta.",21.0
2026-06-07,Recurso,ESMR,,Hour07,21000.0,kWh,kW,True,"La magnitud y comportamiento horario coinciden con CapEfecNeta, DispoReal y DispoCome y la descripcion oficial corresponde a potencia neta.",21.0
2026-06-07,Recurso,ESMR,,Hour08,21000.0,kWh,kW,True,"La magnitud y comportamiento horario coinciden con CapEfecNeta, DispoReal y DispoCome y la descripcion oficial corresponde a potencia neta.",21.0
2026-06-07,Recurso,ESMR,,Hour09,21000.0,kWh,kW,True,"La magnitud y comportamiento horario coinciden con CapEfecNeta, DispoReal y DispoCome y la descripcion oficial corresponde a potencia neta.",21.0
2026-06-07,Recurso,ESMR,,Hour10,21000.0,kWh,kW,True,"La magnitud y comportamiento horario coinciden con CapEfecNeta, DispoReal y DispoCome y la descripcion oficial corresponde a potencia neta.",21.0
2026-06-07,Recurso,ESMR,,Hour11,21000.0,kWh,kW,True,"La magnitud y comportamiento horario coinciden con CapEfecNeta, DispoReal y DispoCome y la descripcion oficial corresponde a potencia neta.",21.0
2026-06-07,Recurso,ESMR,,Hour12,21000.0,kWh,kW,True,"La magnitud y comportamiento horario coinciden con CapEfecNeta, DispoReal y DispoCome y la descripcion oficial corresponde a potencia neta.",21.0
2026-06-07,Recurso,ESMR,,Hour13,21000.0,kWh,kW,True,"La magnitud y comportamiento horario coinciden con CapEfecNeta, DispoReal y DispoCome y la descripcion oficial corresponde a potencia neta.",21.0
2026-06-07,Recurso,ESMR,,Hour14,21000.0,kWh,kW,True,"La magnitud y comportamiento horario coinciden con CapEfecNeta, DispoReal y DispoCome y la descripcion oficial corresponde a potencia neta.",21.0
2026-06-07,Recurso,ESMR,,Hour15,21000.0,kWh,kW,True,"La magnitud y comportamiento horario coinciden con CapEfecNeta, DispoReal y DispoCome y la descripcion oficial corresponde a potencia neta.",21.0
2026-06-07,Recurso,ESMR,,Hour16,21000.0,kWh,kW,True,"La magnitud y comportamiento horario coinciden con CapEfecNeta, DispoReal y DispoCome y la descripcion oficial corresponde a potencia neta.",21.0
2026-06-07,Recurso,ESMR,,Hour17,21000.0,kWh,kW,True,"La magnitud y comportamiento horario coinciden con CapEfecNeta, DispoReal y DispoCome y la descripcion oficial corresponde a potencia neta.",21.0
2026-06-07,Recurso,ESMR,,Hour18,21000.0,kWh,kW,True,"La magnitud y comportamiento horario coinciden con CapEfecNeta, DispoReal y DispoCome y la descripcion oficial corresponde a potencia neta.",21.0
2026-06-07,Recurso,ESMR,,Hour19,21000.0,kWh,kW,True,"La magnitud y comportamiento horario coinciden con CapEfecNeta, DispoReal y DispoCome y la descripcion oficial corresponde a potencia neta.",21.0
2026-06-07,Recurso,ESMR,,Hour20,21000.0,kWh,kW,True,"La magnitud y comportamiento horario coinciden con CapEfecNeta, DispoReal y DispoCome y la descripcion oficial corresponde a potencia neta.",21.0
2026-06-07,Recurso,ESMR,,Hour21,21000.0,kWh,kW,True,"La magnitud y comportamiento horario coinciden con CapEfecNeta, DispoReal y DispoCome y la descripcion oficial corresponde a potencia neta.",21.0
2026-06-07,Recurso,ESMR,,Hour22,21000.0,kWh,kW,True,"La magnitud y comportamiento horario coinciden con CapEfecNeta, DispoReal y DispoCome y la descripcion oficial corresponde a potencia neta.",21.0
2026-06-07,Recurso,ESMR,,Hour23,21000.0,kWh,kW,True,"La magnitud y comportamiento horario coinciden con CapEfecNeta, DispoReal y DispoCome y la descripcion oficial corresponde a potencia neta.",21.0
2026-06-07,Recurso,ESMR,,Hour24,21000.0,kWh,kW,True,"La magnitud y comportamiento horario coinciden con CapEfecNeta, DispoReal y DispoCome y la descripcion oficial corresponde a potencia neta.",21.0
2026-06-07,Recurso,GE32,,Hour01,260000.0,kWh,kW,True,"La magnitud y comportamiento horario coinciden con CapEfecNeta, DispoReal y DispoCome y la descripcion oficial corresponde a potencia neta.",260.0
2026-06-07,Recurso,GE32,,Hour02,260000.0,kWh,kW,True,"La magnitud y comportamiento horario coinciden con CapEfecNeta, DispoReal y DispoCome y la descripcion oficial corresponde a potencia neta.",260.0
2026-06-07,Recurso,GE32,,Hour03,260000.0,kWh,kW,True,"La magnitud y comportamiento horario coinciden con CapEfecNeta, DispoReal y DispoCome y la descripcion oficial corresponde a potencia neta.",260.0
2026-06-07,Recurso,GE32,,Hour04,260000.0,kWh,kW,True,"La magnitud y comportamiento horario coinciden con CapEfecNeta, DispoReal y DispoCome y la descripcion oficial corresponde a potencia neta.",260.0
2026-06-07,Recurso,GE32,,Hour05,260000.0,kWh,kW,True,"La magnitud y comportamiento horario coinciden con CapEfecNeta, DispoReal y DispoCome y la descripcion oficial corresponde a potencia neta.",260.0
2026-06-07,Recurso,GE32,,Hour06,260000.0,kWh,kW,True,"La magnitud y comportamiento horario coinciden con CapEfecNeta, DispoReal y DispoCome y la descripcion oficial corresponde a potencia neta.",260.0
2026-06-07,Recurso,GE32,,Hour07,260000.0,kWh,kW,True,"La magnitud y comportamiento horario coinciden con CapEfecNeta, DispoReal y DispoCome y la descripcion oficial corresponde a potencia neta.",260.0
2026-06-07,Recurso,GE32,,Hour08,260000.0,kWh,kW,True,"La magnitud y comportamiento horario coinciden con CapEfecNeta, DispoReal y DispoCome y la descripcion oficial corresponde a potencia neta.",260.0
2026-06-07,Recurso,GE32,,Hour09,260000.0,kWh,kW,True,"La magnitud y comportamiento horario coinciden con CapEfecNeta, DispoReal y DispoCome y la descripcion oficial corresponde a potencia neta.",260.0
2026-06-07,Recurso,GE32,,Hour10,260000.0,kWh,kW,True,"La magnitud y comportamiento horario coinciden con CapEfecNeta, DispoReal y DispoCome y la descripcion oficial corresponde a potencia neta.",260.0
2026-06-07,Recurso,GE32,,Hour11,260000.0,kWh,kW,True,"La magnitud y comportamiento horario coinciden con CapEfecNeta, DispoReal y DispoCome y la descripcion oficial corresponde a potencia neta.",260.0
2026-06-07,Recurso,GE32,,Hour12,260000.0,kWh,kW,True,"La magnitud y comportamiento horario coinciden con CapEfecNeta, DispoReal y DispoCome y la descripcion oficial corresponde a potencia neta.",260.0
2026-06-07,Recurso,GE32,,Hour13,260000.0,kWh,kW,True,"La magnitud y comportamiento horario coinciden con CapEfecNeta, DispoReal y DispoCome y la descripcion oficial corresponde a potencia neta.",260.0
2026-06-07,Recurso,GE32,,Hour14,260000.0,kWh,kW,True,"La magnitud y comportamiento horario coinciden con CapEfecNeta, DispoReal y DispoCome y la descripcion oficial corresponde a potencia neta.",260.0
2026-06-07,Recurso,GE32,,Hour15,260000.0,kWh,kW,True,"La magnitud y comportamiento horario coinciden con CapEfecNeta, DispoReal y DispoCome y la descripcion oficial corresponde a potencia neta.",260.0
2026-06-07,Recurso,GE32,,Hour16,260000.0,kWh,kW,True,"La magnitud y comportamiento horario coinciden con CapEfecNeta, DispoReal y DispoCome y la descripcion oficial corresponde a potencia neta.",260.0
2026-06-07,Recurso,GE32,,Hour17,260000.0,kWh,kW,True,"La magnitud y comportamiento horario coinciden con CapEfecNeta, DispoReal y DispoCome y la descripcion oficial corresponde a potencia neta.",260.0
2026-06-07,Recurso,GE32,,Hour18,260000.0,kWh,kW,True,"La magnitud y comportamiento horario coinciden con CapEfecNeta, DispoReal y DispoCome y la descripcion oficial corresponde a potencia neta.",260.0
2026-06-07,Recurso,GE32,,Hour19,260000.0,kWh,kW,True,"La magnitud y comportamiento horario coinciden con CapEfecNeta, DispoReal y DispoCome y la descripcion oficial corresponde a potencia neta.",260.0
2026-06-07,Recurso,GE32,,Hour20,260000.0,kWh,kW,True,"La magnitud y comportamiento horario coinciden con CapEfecNeta, DispoReal y DispoCome y la descripcion oficial corresponde a potencia neta.",260.0
2026-06-07,Recurso,GE32,,Hour21,260000.0,kWh,kW,True,"La magnitud y comportamiento horario coinciden con CapEfecNeta, DispoReal y DispoCome y la descripcion oficial corresponde a potencia neta.",260.0
2026-06-07,Recurso,GE32,,Hour22,260000.0,kWh,kW,True,"La magnitud y comportamiento horario coinciden con CapEfecNeta, DispoReal y DispoCome y la descripcion oficial corresponde a potencia neta.",260.0
2026-06-07,Recurso,GE32,,Hour23,260000.0,kWh,kW,True,"La magnitud y comportamiento horario coinciden con CapEfecNeta, DispoReal y DispoCome y la descripcion oficial corresponde a potencia neta.",260.0
2026-06-07,Recurso,GE32,,Hour24,260000.0,kWh,kW,True,"La magnitud y comportamiento horario coinciden con CapEfecNeta, DispoReal y DispoCome y la descripcion oficial corresponde a potencia neta.",260.0
2026-06-07,Recurso,GEC3,,Hour01,164000.0,kWh,kW,True,"La magnitud y comportamiento horario coinciden con CapEfecNeta, DispoReal y DispoCome y la descripcion oficial corresponde a potencia neta.",164.0
2026-06-07,Recurso,GEC3,,Hour02,164000.0,kWh,kW,True,"La magnitud y comportamiento horario coinciden con CapEfecNeta, DispoReal y DispoCome y la descripcion oficial corresponde a potencia neta.",164.0
2026-06-07,Recurso,GEC3,,Hour03,164000.0,kWh,kW,True,"La magnitud y comportamiento horario coinciden con CapEfecNeta, DispoReal y DispoCome y la descripcion oficial corresponde a potencia neta.",164.0
2026-06-07,Recurso,GEC3,,Hour04,164000.0,kWh,kW,True,"La magnitud y comportamiento horario coinciden con CapEfecNeta, DispoReal y DispoCome y la descripcion oficial corresponde a potencia neta.",164.0
2026-06-07,Recurso,GEC3,,Hour05,164000.0,kWh,kW,True,"La magnitud y comportamiento horario coinciden con CapEfecNeta, DispoReal y DispoCome y la descripcion oficial corresponde a potencia neta.",164.0
2026-06-07,Recurso,GEC3,,Hour06,164000.0,kWh,kW,True,"La magnitud y comportamiento horario coinciden con CapEfecNeta, DispoReal y DispoCome y la descripcion oficial corresponde a potencia neta.",164.0
2026-06-07,Recurso,GEC3,,Hour07,164000.0,kWh,kW,True,"La magnitud y comportamiento horario coinciden con CapEfecNeta, DispoReal y DispoCome y la descripcion oficial corresponde a potencia neta.",164.0
2026-06-07,Recurso,GEC3,,Hour08,164000.0,kWh,kW,True,"La magnitud y comportamiento horario coinciden con CapEfecNeta, DispoReal y DispoCome y la descripcion oficial corresponde a potencia neta.",164.0
2026-06-07,Recurso,GEC3,,Hour09,164000.0,kWh,kW,True,"La magnitud y comportamiento horario coinciden con CapEfecNeta, DispoReal y DispoCome y la descripcion oficial corresponde a potencia neta.",164.0
2026-06-07,Recurso,GEC3,,Hour10,164000.0,kWh,kW,True,"La magnitud y comportamiento horario coinciden con CapEfecNeta, DispoReal y DispoCome y la descripcion oficial corresponde a potencia neta.",164.0
2026-06-07,Recurso,GEC3,,Hour11,164000.0,kWh,kW,True,"La magnitud y comportamiento horario coinciden con CapEfecNeta, DispoReal y DispoCome y la descripcion oficial corresponde a potencia neta.",164.0
2026-06-07,Recurso,GEC3,,Hour12,164000.0,kWh,kW,True,"La magnitud y comportamiento horario coinciden con CapEfecNeta, DispoReal y DispoCome y la descripcion oficial corresponde a potencia neta.",164.0
2026-06-07,Recurso,GEC3,,Hour13,164000.0,kWh,kW,True,"La magnitud y comportamiento horario coinciden con CapEfecNeta, DispoReal y DispoCome y la descripcion oficial corresponde a potencia neta.",164.0
2026-06-07,Recurso,GEC3,,Hour14,164000.0,kWh,kW,True,"La magnitud y comportamiento horario coinciden con CapEfecNeta, DispoReal y DispoCome y la descripcion oficial corresponde a potencia neta.",164.0
2026-06-07,Recurso,GEC3,,Hour15,164000.0,kWh,kW,True,"La magnitud y comportamiento horario coinciden con CapEfecNeta, DispoReal y DispoCome y la descripcion oficial corresponde a potencia neta.",164.0
2026-06-07,Recurso,GEC3,,Hour16,164000.0,kWh,kW,True,"La magnitud y comportamiento horario coinciden con CapEfecNeta, DispoReal y DispoCome y la descripcion oficial corresponde a potencia neta.",164.0
2026-06-07,Recurso,GEC3,,Hour17,164000.0,kWh,kW,True,"La magnitud y comportamiento horario coinciden con CapEfecNeta, DispoReal y DispoCome y la descripcion oficial corresponde a potencia neta.",164.0
2026-06-07,Recurso,GEC3,,Hour18,164000.0,kWh,kW,True,"La magnitud y comportamiento horario coinciden con CapEfecNeta, DispoReal y DispoCome y la descripcion oficial corresponde a potencia neta.",164.0
2026-06-07,Recurso,GEC3,,Hour19,164000.0,kWh,kW,True,"La magnitud y comportamiento horario coinciden con CapEfecNeta, DispoReal y DispoCome y la descripcion oficial corresponde a potencia neta.",164.0
2026-06-07,Recurso,GEC3,,Hour20,164000.0,kWh,kW,True,"La magnitud y comportamiento horario coinciden con CapEfecNeta, DispoReal y DispoCome y la descripcion oficial corresponde a potencia neta.",164.0
2026-06-07,Recurso,GEC3,,Hour21,164000.0,kWh,kW,True,"La magnitud y comportamiento horario coinciden con CapEfecNeta, DispoReal y DispoCome y la descripcion oficial corresponde a potencia neta.",164.0
2026-06-07,Recurso,GEC3,,Hour22,164000.0,kWh,kW,True,"La magnitud y comportamiento horario coinciden con CapEfecNeta, DispoReal y DispoCome y la descripcion oficial corresponde a potencia neta.",164.0
2026-06-07,Recurso,GEC3,,Hour23,164000.0,kWh,kW,True,"La magnitud y comportamiento horario coinciden con CapEfecNeta, DispoReal y DispoCome y la descripcion oficial corresponde a potencia neta.",164.0
2026-06-07,Recurso,GEC3,,Hour24,164000.0,kWh,kW,True,"La magnitud y comportamiento horario coinciden con CapEfecNeta, DispoReal y DispoCome y la descripcion oficial corresponde a potencia neta.",164.0
2026-06-07,Recurso,GTPE,,Hour01,420000.0,kWh,kW,True,"La magnitud y comportamiento horario coinciden con CapEfecNeta, DispoReal y DispoCome y la descripcion oficial corresponde a potencia neta.",420.0
2026-06-07,Recurso,GTPE,,Hour02,420000.0,kWh,kW,True,"La magnitud y comportamiento horario coinciden con CapEfecNeta, DispoReal y DispoCome y la descripcion oficial corresponde a potencia neta.",420.0
2026-06-07,Recurso,GTPE,,Hour03,420000.0,kWh,kW,True,"La magnitud y comportamiento horario coinciden con CapEfecNeta, DispoReal y DispoCome y la descripcion oficial corresponde a potencia neta.",420.0
2026-06-07,Recurso,GTPE,,Hour04,420000.0,kWh,kW,True,"La magnitud y comportamiento horario coinciden con CapEfecNeta, DispoReal y DispoCome y la descripcion oficial corresponde a potencia neta.",420.0
2026-06-07,Recurso,GTPE,,Hour05,420000.0,kWh,kW,True,"La magnitud y comportamiento horario coinciden con CapEfecNeta, DispoReal y DispoCome y la descripcion oficial corresponde a potencia neta.",420.0
2026-06-07,Recurso,GTPE,,Hour06,420000.0,kWh,kW,True,"La magnitud y comportamiento horario coinciden con CapEfecNeta, DispoReal y DispoCome y la descripcion oficial corresponde a potencia neta.",420.0
2026-06-07,Recurso,GTPE,,Hour07,420000.0,kWh,kW,True,"La magnitud y comportamiento horario coinciden con CapEfecNeta, DispoReal y DispoCome y la descripcion oficial corresponde a potencia neta.",420.0
2026-06-07,Recurso,GTPE,,Hour08,420000.0,kWh,kW,True,"La magnitud y comportamiento horario coinciden con CapEfecNeta, DispoReal y DispoCome y la descripcion oficial corresponde a potencia neta.",420.0
2026-06-07,Recurso,GTPE,,Hour09,420000.0,kWh,kW,True,"La magnitud y comportamiento horario coinciden con CapEfecNeta, DispoReal y DispoCome y la descripcion oficial corresponde a potencia neta.",420.0
2026-06-07,Recurso,GTPE,,Hour10,420000.0,kWh,kW,True,"La magnitud y comportamiento horario coinciden con CapEfecNeta, DispoReal y DispoCome y la descripcion oficial corresponde a potencia neta.",420.0
2026-06-07,Recurso,GTPE,,Hour11,420000.0,kWh,kW,True,"La magnitud y comportamiento horario coinciden con CapEfecNeta, DispoReal y DispoCome y la descripcion oficial corresponde a potencia neta.",420.0
2026-06-07,Recurso,GTPE,,Hour12,420000.0,kWh,kW,True,"La magnitud y comportamiento horario coinciden con CapEfecNeta, DispoReal y DispoCome y la descripcion oficial corresponde a potencia neta.",420.0
2026-06-07,Recurso,GTPE,,Hour13,420000.0,kWh,kW,True,"La magnitud y comportamiento horario coinciden con CapEfecNeta, DispoReal y DispoCome y la descripcion oficial corresponde a potencia neta.",420.0
2026-06-07,Recurso,GTPE,,Hour14,420000.0,kWh,kW,True,"La magnitud y comportamiento horario coinciden con CapEfecNeta, DispoReal y DispoCome y la descripcion oficial corresponde a potencia neta.",420.0
2026-06-07,Recurso,GTPE,,Hour15,420000.0,kWh,kW,True,"La magnitud y comportamiento horario coinciden con CapEfecNeta, DispoReal y DispoCome y la descripcion oficial corresponde a potencia neta.",420.0
2026-06-07,Recurso,GTPE,,Hour16,420000.0,kWh,kW,True,"La magnitud y comportamiento horario coinciden con CapEfecNeta, DispoReal y DispoCome y la descripcion oficial corresponde a potencia neta.",420.0
2026-06-07,Recurso,GTPE,,Hour17,420000.0,kWh,kW,True,"La magnitud y comportamiento horario coinciden con CapEfecNeta, DispoReal y DispoCome y la descripcion oficial corresponde a potencia neta.",420.0
2026-06-07,Recurso,GTPE,,Hour18,420000.0,kWh,kW,True,"La magnitud y comportamiento horario coinciden con CapEfecNeta, DispoReal y DispoCome y la descripcion oficial corresponde a potencia neta.",420.0
2026-06-07,Recurso,GTPE,,Hour19,420000.0,kWh,kW,True,"La magnitud y comportamiento horario coinciden con CapEfecNeta, DispoReal y DispoCome y la descripcion oficial corresponde a potencia neta.",420.0
2026-06-07,Recurso,GTPE,,Hour20,420000.0,kWh,kW,True,"La magnitud y comportamiento horario coinciden con CapEfecNeta, DispoReal y DispoCome y la descripcion oficial corresponde a potencia neta.",420.0
2026-06-07,Recurso,GTPE,,Hour21,420000.0,kWh,kW,True,"La magnitud y comportamiento horario coinciden con CapEfecNeta, DispoReal y DispoCome y la descripcion oficial corresponde a potencia neta.",420.0
2026-06-07,Recurso,GTPE,,Hour22,420000.0,kWh,kW,True,"La magnitud y comportamiento horario coinciden con CapEfecNeta, DispoReal y DispoCome y la descripcion oficial corresponde a potencia neta.",420.0
2026-06-07,Recurso,GTPE,,Hour23,420000.0,kWh,kW,True,"La magnitud y comportamiento horario coinciden con CapEfecNeta, DispoReal y DispoCome y la descripcion oficial corresponde a potencia neta.",420.0
2026-06-07,Recurso,GTPE,,Hour24,420000.0,kWh,kW,True,"La magnitud y comportamiento horario coinciden con CapEfecNeta, DispoReal y DispoCome y la descripcion oficial corresponde a potencia neta.",420.0
2026-06-07,Recurso,GTRG,,Hour01,427000.0,kWh,kW,True,"La magnitud y comportamiento horario coinciden con CapEfecNeta, DispoReal y DispoCome y la descripcion oficial corresponde a potencia neta.",427.0
2026-06-07,Recurso,GTRG,,Hour02,427000.0,kWh,kW,True,"La magnitud y comportamiento horario coinciden con CapEfecNeta, DispoReal y DispoCome y la descripcion oficial corresponde a potencia neta.",427.0
2026-06-07,Recurso,GTRG,,Hour03,427000.0,kWh,kW,True,"La magnitud y comportamiento horario coinciden con CapEfecNeta, DispoReal y DispoCome y la descripcion oficial corresponde a potencia neta.",427.0
2026-06-07,Recurso,GTRG,,Hour04,427000.0,kWh,kW,True,"La magnitud y comportamiento horario coinciden con CapEfecNeta, DispoReal y DispoCome y la descripcion oficial corresponde a potencia neta.",427.0
2026-06-07,Recurso,GTRG,,Hour05,427000.0,kWh,kW,True,"La magnitud y comportamiento horario coinciden con CapEfecNeta, DispoReal y DispoCome y la descripcion oficial corresponde a potencia neta.",427.0
2026-06-07,Recurso,GTRG,,Hour06,427000.0,kWh,kW,True,"La magnitud y comportamiento horario coinciden con CapEfecNeta, DispoReal y DispoCome y la descripcion oficial corresponde a potencia neta.",427.0
2026-06-07,Recurso,GTRG,,Hour07,427000.0,kWh,kW,True,"La magnitud y comportamiento horario coinciden con CapEfecNeta, DispoReal y DispoCome y la descripcion oficial corresponde a potencia neta.",427.0
2026-06-07,Recurso,GTRG,,Hour08,427000.0,kWh,kW,True,"La magnitud y comportamiento horario coinciden con CapEfecNeta, DispoReal y DispoCome y la descripcion oficial corresponde a potencia neta.",427.0
2026-06-07,Recurso,GTRG,,Hour09,427000.0,kWh,kW,True,"La magnitud y comportamiento horario coinciden con CapEfecNeta, DispoReal y DispoCome y la descripcion oficial corresponde a potencia neta.",427.0
2026-06-07,Recurso,GTRG,,Hour10,427000.0,kWh,kW,True,"La magnitud y comportamiento horario coinciden con CapEfecNeta, DispoReal y DispoCome y la descripcion oficial corresponde a potencia neta.",427.0
2026-06-07,Recurso,GTRG,,Hour11,427000.0,kWh,kW,True,"La magnitud y comportamiento horario coinciden con CapEfecNeta, DispoReal y DispoCome y la descripcion oficial corresponde a potencia neta.",427.0
2026-06-07,Recurso,GTRG,,Hour12,427000.0,kWh,kW,True,"La magnitud y comportamiento horario coinciden con CapEfecNeta, DispoReal y DispoCome y la descripcion oficial corresponde a potencia neta.",427.0
2026-06-07,Recurso,GTRG,,Hour13,427000.0,kWh,kW,True,"La magnitud y comportamiento horario coinciden con CapEfecNeta, DispoReal y DispoCome y la descripcion oficial corresponde a potencia neta.",427.0
2026-06-07,Recurso,GTRG,,Hour14,427000.0,kWh,kW,True,"La magnitud y comportamiento horario coinciden con CapEfecNeta, DispoReal y DispoCome y la descripcion oficial corresponde a potencia neta.",427.0
2026-06-07,Recurso,GTRG,,Hour15,427000.0,kWh,kW,True,"La magnitud y comportamiento horario coinciden con CapEfecNeta, DispoReal y DispoCome y la descripcion oficial corresponde a potencia neta.",427.0
2026-06-07,Recurso,GTRG,,Hour16,427000.0,kWh,kW,True,"La magnitud y comportamiento horario coinciden con CapEfecNeta, DispoReal y DispoCome y la descripcion oficial corresponde a potencia neta.",427.0
2026-06-07,Recurso,GTRG,,Hour17,427000.0,kWh,kW,True,"La magnitud y comportamiento horario coinciden con CapEfecNeta, DispoReal y DispoCome y la descripcion oficial corresponde a potencia neta.",427.0
2026-06-07,Recurso,GTRG,,Hour18,427000.0,kWh,kW,True,"La magnitud y comportamiento horario coinciden con CapEfecNeta, DispoReal y DispoCome y la descripcion oficial corresponde a potencia neta.",427.0
2026-06-07,Recurso,GTRG,,Hour19,427000.0,kWh,kW,True,"La magnitud y comportamiento horario coinciden con CapEfecNeta, DispoReal y DispoCome y la descripcion oficial corresponde a potencia neta.",427.0
2026-06-07,Recurso,GTRG,,Hour20,427000.0,kWh,kW,True,"La magnitud y comportamiento horario coinciden con CapEfecNeta, DispoReal y DispoCome y la descripcion oficial corresponde a potencia neta.",427.0
2026-06-07,Recurso,GTRG,,Hour21,427000.0,kWh,kW,True,"La magnitud y comportamiento horario coinciden con CapEfecNeta, DispoReal y DispoCome y la descripcion oficial corresponde a potencia neta.",427.0
2026-06-07,Recurso,GTRG,,Hour22,427000.0,kWh,kW,True,"La magnitud y comportamiento horario coinciden con CapEfecNeta, DispoReal y DispoCome y la descripcion oficial corresponde a potencia neta.",427.0
2026-06-07,Recurso,GTRG,,Hour23,427000.0,kWh,kW,True,"La magnitud y comportamiento horario coinciden con CapEfecNeta, DispoReal y DispoCome y la descripcion oficial corresponde a potencia neta.",427.0
2026-06-07,Recurso,GTRG,,Hour24,427000.0,kWh,kW,True,"La magnitud y comportamiento horario coinciden con CapEfecNeta, DispoReal y DispoCome y la descripcion oficial corresponde a potencia neta.",427.0
2026-06-07,Recurso,GVIO,,Hour01,980000.0,kWh,kW,True,"La magnitud y comportamiento horario coinciden con CapEfecNeta, DispoReal y DispoCome y la descripcion oficial corresponde a potencia neta.",980.0
2026-06-07,Recurso,GVIO,,Hour02,980000.0,kWh,kW,True,"La magnitud y comportamiento horario coinciden con CapEfecNeta, DispoReal y DispoCome y la descripcion oficial corresponde a potencia neta.",980.0
2026-06-07,Recurso,GVIO,,Hour03,980000.0,kWh,kW,True,"La magnitud y comportamiento horario coinciden con CapEfecNeta, DispoReal y DispoCome y la descripcion oficial corresponde a potencia neta.",980.0
2026-06-07,Recurso,GVIO,,Hour04,980000.0,kWh,kW,True,"La magnitud y comportamiento horario coinciden con CapEfecNeta, DispoReal y DispoCome y la descripcion oficial corresponde a potencia neta.",980.0
2026-06-07,Recurso,GVIO,,Hour05,980000.0,kWh,kW,True,"La magnitud y comportamiento horario coinciden con CapEfecNeta, DispoReal y DispoCome y la descripcion oficial corresponde a potencia neta.",980.0
2026-06-07,Recurso,GVIO,,Hour06,980000.0,kWh,kW,True,"La magnitud y comportamiento horario coinciden con CapEfecNeta, DispoReal y DispoCome y la descripcion oficial corresponde a potencia neta.",980.0
2026-06-07,Recurso,GVIO,,Hour07,980000.0,kWh,kW,True,"La magnitud y comportamiento horario coinciden con CapEfecNeta, DispoReal y DispoCome y la descripcion oficial corresponde a potencia neta.",980.0
2026-06-07,Recurso,GVIO,,Hour08,980000.0,kWh,kW,True,"La magnitud y comportamiento horario coinciden con CapEfecNeta, DispoReal y DispoCome y la descripcion oficial corresponde a potencia neta.",980.0
2026-06-07,Recurso,GVIO,,Hour09,980000.0,kWh,kW,True,"La magnitud y comportamiento horario coinciden con CapEfecNeta, DispoReal y DispoCome y la descripcion oficial corresponde a potencia neta.",980.0
2026-06-07,Recurso,GVIO,,Hour10,980000.0,kWh,kW,True,"La magnitud y comportamiento horario coinciden con CapEfecNeta, DispoReal y DispoCome y la descripcion oficial corresponde a potencia neta.",980.0
2026-06-07,Recurso,GVIO,,Hour11,980000.0,kWh,kW,True,"La magnitud y comportamiento horario coinciden con CapEfecNeta, DispoReal y DispoCome y la descripcion oficial corresponde a potencia neta.",980.0
2026-06-07,Recurso,GVIO,,Hour12,980000.0,kWh,kW,True,"La magnitud y comportamiento horario coinciden con CapEfecNeta, DispoReal y DispoCome y la descripcion oficial corresponde a potencia neta.",980.0
2026-06-07,Recurso,GVIO,,Hour13,980000.0,kWh,kW,True,"La magnitud y comportamiento horario coinciden con CapEfecNeta, DispoReal y DispoCome y la descripcion oficial corresponde a potencia neta.",980.0
2026-06-07,Recurso,GVIO,,Hour14,980000.0,kWh,kW,True,"La magnitud y comportamiento horario coinciden con CapEfecNeta, DispoReal y DispoCome y la descripcion oficial corresponde a potencia neta.",980.0
2026-06-07,Recurso,GVIO,,Hour15,980000.0,kWh,kW,True,"La magnitud y comportamiento horario coinciden con CapEfecNeta, DispoReal y DispoCome y la descripcion oficial corresponde a potencia neta.",980.0
2026-06-07,Recurso,GVIO,,Hour16,980000.0,kWh,kW,True,"La magnitud y comportamiento horario coinciden con CapEfecNeta, DispoReal y DispoCome y la descripcion oficial corresponde a potencia neta.",980.0
2026-06-07,Recurso,GVIO,,Hour17,980000.0,kWh,kW,True,"La magnitud y comportamiento horario coinciden con CapEfecNeta, DispoReal y DispoCome y la descripcion oficial corresponde a potencia neta.",980.0
2026-06-07,Recurso,GVIO,,Hour18,980000.0,kWh,kW,True,"La magnitud y comportamiento horario coinciden con CapEfecNeta, DispoReal y DispoCome y la descripcion oficial corresponde a potencia neta.",980.0
2026-06-07,Recurso,GVIO,,Hour19,980000.0,kWh,kW,True,"La magnitud y comportamiento horario coinciden con CapEfecNeta, DispoReal y DispoCome y la descripcion oficial corresponde a potencia neta.",980.0
2026-06-07,Recurso,GVIO,,Hour20,980000.0,kWh,kW,True,"La magnitud y comportamiento horario coinciden con CapEfecNeta, DispoReal y DispoCome y la descripcion oficial corresponde a potencia neta.",980.0
2026-06-07,Recurso,GVIO,,Hour21,980000.0,kWh,kW,True,"La magnitud y comportamiento horario coinciden con CapEfecNeta, DispoReal y DispoCome y la descripcion oficial corresponde a potencia neta.",980.0
2026-06-07,Recurso,GVIO,,Hour22,980000.0,kWh,kW,True,"La magnitud y comportamiento horario coinciden con CapEfecNeta, DispoReal y DispoCome y la descripcion oficial corresponde a potencia neta.",980.0
2026-06-07,Recurso,GVIO,,Hour23,980000.0,kWh,kW,True,"La magnitud y comportamiento horario coinciden con CapEfecNeta, DispoReal y DispoCome y la descripcion oficial corresponde a potencia neta.",980.0
2026-06-07,Recurso,GVIO,,Hour24,980000.0,kWh,kW,True,"La magnitud y comportamiento horario coinciden con CapEfecNeta, DispoReal y DispoCome y la descripcion oficial corresponde a potencia neta.",980.0
