Date,Id,code,name,Hour,Value,unit_catalog,unit_effective,unit_override_applied,override_reason,Value_MW
2026-06-01,Recurso,PPA2,,Hour01,72000.0,kWh,kW,True,"La magnitud y comportamiento horario coinciden con CapEfecNeta, DispoReal y DispoCome y la descripcion oficial corresponde a potencia neta.",72.0
2026-06-01,Recurso,PPA2,,Hour02,72000.0,kWh,kW,True,"La magnitud y comportamiento horario coinciden con CapEfecNeta, DispoReal y DispoCome y la descripcion oficial corresponde a potencia neta.",72.0
2026-06-01,Recurso,PPA2,,Hour03,72000.0,kWh,kW,True,"La magnitud y comportamiento horario coinciden con CapEfecNeta, DispoReal y DispoCome y la descripcion oficial corresponde a potencia neta.",72.0
2026-06-01,Recurso,PPA2,,Hour04,72000.0,kWh,kW,True,"La magnitud y comportamiento horario coinciden con CapEfecNeta, DispoReal y DispoCome y la descripcion oficial corresponde a potencia neta.",72.0
2026-06-01,Recurso,PPA2,,Hour05,72000.0,kWh,kW,True,"La magnitud y comportamiento horario coinciden con CapEfecNeta, DispoReal y DispoCome y la descripcion oficial corresponde a potencia neta.",72.0
2026-06-01,Recurso,PPA2,,Hour06,72000.0,kWh,kW,True,"La magnitud y comportamiento horario coinciden con CapEfecNeta, DispoReal y DispoCome y la descripcion oficial corresponde a potencia neta.",72.0
2026-06-01,Recurso,PPA2,,Hour07,72000.0,kWh,kW,True,"La magnitud y comportamiento horario coinciden con CapEfecNeta, DispoReal y DispoCome y la descripcion oficial corresponde a potencia neta.",72.0
2026-06-01,Recurso,PPA2,,Hour08,72000.0,kWh,kW,True,"La magnitud y comportamiento horario coinciden con CapEfecNeta, DispoReal y DispoCome y la descripcion oficial corresponde a potencia neta.",72.0
2026-06-01,Recurso,PPA2,,Hour09,72000.0,kWh,kW,True,"La magnitud y comportamiento horario coinciden con CapEfecNeta, DispoReal y DispoCome y la descripcion oficial corresponde a potencia neta.",72.0
2026-06-01,Recurso,PPA2,,Hour10,72000.0,kWh,kW,True,"La magnitud y comportamiento horario coinciden con CapEfecNeta, DispoReal y DispoCome y la descripcion oficial corresponde a potencia neta.",72.0
2026-06-01,Recurso,PPA2,,Hour11,72000.0,kWh,kW,True,"La magnitud y comportamiento horario coinciden con CapEfecNeta, DispoReal y DispoCome y la descripcion oficial corresponde a potencia neta.",72.0
2026-06-01,Recurso,PPA2,,Hour12,72000.0,kWh,kW,True,"La magnitud y comportamiento horario coinciden con CapEfecNeta, DispoReal y DispoCome y la descripcion oficial corresponde a potencia neta.",72.0
2026-06-01,Recurso,PPA2,,Hour13,72000.0,kWh,kW,True,"La magnitud y comportamiento horario coinciden con CapEfecNeta, DispoReal y DispoCome y la descripcion oficial corresponde a potencia neta.",72.0
2026-06-01,Recurso,PPA2,,Hour14,72000.0,kWh,kW,True,"La magnitud y comportamiento horario coinciden con CapEfecNeta, DispoReal y DispoCome y la descripcion oficial corresponde a potencia neta.",72.0
2026-06-01,Recurso,PPA2,,Hour15,72000.0,kWh,kW,True,"La magnitud y comportamiento horario coinciden con CapEfecNeta, DispoReal y DispoCome y la descripcion oficial corresponde a potencia neta.",72.0
2026-06-01,Recurso,PPA2,,Hour16,72000.0,kWh,kW,True,"La magnitud y comportamiento horario coinciden con CapEfecNeta, DispoReal y DispoCome y la descripcion oficial corresponde a potencia neta.",72.0
2026-06-01,Recurso,PPA2,,Hour17,72000.0,kWh,kW,True,"La magnitud y comportamiento horario coinciden con CapEfecNeta, DispoReal y DispoCome y la descripcion oficial corresponde a potencia neta.",72.0
2026-06-01,Recurso,PPA2,,Hour18,72000.0,kWh,kW,True,"La magnitud y comportamiento horario coinciden con CapEfecNeta, DispoReal y DispoCome y la descripcion oficial corresponde a potencia neta.",72.0
2026-06-01,Recurso,PPA2,,Hour19,72000.0,kWh,kW,True,"La magnitud y comportamiento horario coinciden con CapEfecNeta, DispoReal y DispoCome y la descripcion oficial corresponde a potencia neta.",72.0
2026-06-01,Recurso,PPA2,,Hour20,72000.0,kWh,kW,True,"La magnitud y comportamiento horario coinciden con CapEfecNeta, DispoReal y DispoCome y la descripcion oficial corresponde a potencia neta.",72.0
2026-06-01,Recurso,PPA2,,Hour21,72000.0,kWh,kW,True,"La magnitud y comportamiento horario coinciden con CapEfecNeta, DispoReal y DispoCome y la descripcion oficial corresponde a potencia neta.",72.0
2026-06-01,Recurso,PPA2,,Hour22,72000.0,kWh,kW,True,"La magnitud y comportamiento horario coinciden con CapEfecNeta, DispoReal y DispoCome y la descripcion oficial corresponde a potencia neta.",72.0
2026-06-01,Recurso,PPA2,,Hour23,72000.0,kWh,kW,True,"La magnitud y comportamiento horario coinciden con CapEfecNeta, DispoReal y DispoCome y la descripcion oficial corresponde a potencia neta.",72.0
2026-06-01,Recurso,PPA2,,Hour24,72000.0,kWh,kW,True,"La magnitud y comportamiento horario coinciden con CapEfecNeta, DispoReal y DispoCome y la descripcion oficial corresponde a potencia neta.",72.0
2026-06-01,Recurso,PPA3,,Hour01,70000.0,kWh,kW,True,"La magnitud y comportamiento horario coinciden con CapEfecNeta, DispoReal y DispoCome y la descripcion oficial corresponde a potencia neta.",70.0
2026-06-01,Recurso,PPA3,,Hour02,70000.0,kWh,kW,True,"La magnitud y comportamiento horario coinciden con CapEfecNeta, DispoReal y DispoCome y la descripcion oficial corresponde a potencia neta.",70.0
2026-06-01,Recurso,PPA3,,Hour03,70000.0,kWh,kW,True,"La magnitud y comportamiento horario coinciden con CapEfecNeta, DispoReal y DispoCome y la descripcion oficial corresponde a potencia neta.",70.0
2026-06-01,Recurso,PPA3,,Hour04,70000.0,kWh,kW,True,"La magnitud y comportamiento horario coinciden con CapEfecNeta, DispoReal y DispoCome y la descripcion oficial corresponde a potencia neta.",70.0
2026-06-01,Recurso,PPA3,,Hour05,70000.0,kWh,kW,True,"La magnitud y comportamiento horario coinciden con CapEfecNeta, DispoReal y DispoCome y la descripcion oficial corresponde a potencia neta.",70.0
2026-06-01,Recurso,PPA3,,Hour06,70000.0,kWh,kW,True,"La magnitud y comportamiento horario coinciden con CapEfecNeta, DispoReal y DispoCome y la descripcion oficial corresponde a potencia neta.",70.0
2026-06-01,Recurso,PPA3,,Hour07,70000.0,kWh,kW,True,"La magnitud y comportamiento horario coinciden con CapEfecNeta, DispoReal y DispoCome y la descripcion oficial corresponde a potencia neta.",70.0
2026-06-01,Recurso,PPA3,,Hour08,70000.0,kWh,kW,True,"La magnitud y comportamiento horario coinciden con CapEfecNeta, DispoReal y DispoCome y la descripcion oficial corresponde a potencia neta.",70.0
2026-06-01,Recurso,PPA3,,Hour09,70000.0,kWh,kW,True,"La magnitud y comportamiento horario coinciden con CapEfecNeta, DispoReal y DispoCome y la descripcion oficial corresponde a potencia neta.",70.0
2026-06-01,Recurso,PPA3,,Hour10,70000.0,kWh,kW,True,"La magnitud y comportamiento horario coinciden con CapEfecNeta, DispoReal y DispoCome y la descripcion oficial corresponde a potencia neta.",70.0
2026-06-01,Recurso,PPA3,,Hour11,70000.0,kWh,kW,True,"La magnitud y comportamiento horario coinciden con CapEfecNeta, DispoReal y DispoCome y la descripcion oficial corresponde a potencia neta.",70.0
2026-06-01,Recurso,PPA3,,Hour12,70000.0,kWh,kW,True,"La magnitud y comportamiento horario coinciden con CapEfecNeta, DispoReal y DispoCome y la descripcion oficial corresponde a potencia neta.",70.0
2026-06-01,Recurso,PPA3,,Hour13,70000.0,kWh,kW,True,"La magnitud y comportamiento horario coinciden con CapEfecNeta, DispoReal y DispoCome y la descripcion oficial corresponde a potencia neta.",70.0
2026-06-01,Recurso,PPA3,,Hour14,70000.0,kWh,kW,True,"La magnitud y comportamiento horario coinciden con CapEfecNeta, DispoReal y DispoCome y la descripcion oficial corresponde a potencia neta.",70.0
2026-06-01,Recurso,PPA3,,Hour15,70000.0,kWh,kW,True,"La magnitud y comportamiento horario coinciden con CapEfecNeta, DispoReal y DispoCome y la descripcion oficial corresponde a potencia neta.",70.0
2026-06-01,Recurso,PPA3,,Hour16,70000.0,kWh,kW,True,"La magnitud y comportamiento horario coinciden con CapEfecNeta, DispoReal y DispoCome y la descripcion oficial corresponde a potencia neta.",70.0
2026-06-01,Recurso,PPA3,,Hour17,70000.0,kWh,kW,True,"La magnitud y comportamiento horario coinciden con CapEfecNeta, DispoReal y DispoCome y la descripcion oficial corresponde a potencia neta.",70.0
2026-06-01,Recurso,PPA3,,Hour18,70000.0,kWh,kW,True,"La magnitud y comportamiento horario coinciden con CapEfecNeta, DispoReal y DispoCome y la descripcion oficial corresponde a potencia neta.",70.0
2026-06-01,Recurso,PPA3,,Hour19,70000.0,kWh,kW,True,"La magnitud y comportamiento horario coinciden con CapEfecNeta, DispoReal y DispoCome y la descripcion oficial corresponde a potencia neta.",70.0
2026-06-01,Recurso,PPA3,,Hour20,70000.0,kWh,kW,True,"La magnitud y comportamiento horario coinciden con CapEfecNeta, DispoReal y DispoCome y la descripcion oficial corresponde a potencia neta.",70.0
2026-06-01,Recurso,PPA3,,Hour21,70000.0,kWh,kW,True,"La magnitud y comportamiento horario coinciden con CapEfecNeta, DispoReal y DispoCome y la descripcion oficial corresponde a potencia neta.",70.0
2026-06-01,Recurso,PPA3,,Hour22,70000.0,kWh,kW,True,"La magnitud y comportamiento horario coinciden con CapEfecNeta, DispoReal y DispoCome y la descripcion oficial corresponde a potencia neta.",70.0
2026-06-01,Recurso,PPA3,,Hour23,70000.0,kWh,kW,True,"La magnitud y comportamiento horario coinciden con CapEfecNeta, DispoReal y DispoCome y la descripcion oficial corresponde a potencia neta.",70.0
2026-06-01,Recurso,PPA3,,Hour24,70000.0,kWh,kW,True,"La magnitud y comportamiento horario coinciden con CapEfecNeta, DispoReal y DispoCome y la descripcion oficial corresponde a potencia neta.",70.0
2026-06-01,Recurso,PPA4,,Hour01,0.0,kWh,kW,True,"La magnitud y comportamiento horario coinciden con CapEfecNeta, DispoReal y DispoCome y la descripcion oficial corresponde a potencia neta.",0.0
2026-06-01,Recurso,PPA4,,Hour02,0.0,kWh,kW,True,"La magnitud y comportamiento horario coinciden con CapEfecNeta, DispoReal y DispoCome y la descripcion oficial corresponde a potencia neta.",0.0
2026-06-01,Recurso,PPA4,,Hour03,0.0,kWh,kW,True,"La magnitud y comportamiento horario coinciden con CapEfecNeta, DispoReal y DispoCome y la descripcion oficial corresponde a potencia neta.",0.0
2026-06-01,Recurso,PPA4,,Hour04,0.0,kWh,kW,True,"La magnitud y comportamiento horario coinciden con CapEfecNeta, DispoReal y DispoCome y la descripcion oficial corresponde a potencia neta.",0.0
2026-06-01,Recurso,PPA4,,Hour05,0.0,kWh,kW,True,"La magnitud y comportamiento horario coinciden con CapEfecNeta, DispoReal y DispoCome y la descripcion oficial corresponde a potencia neta.",0.0
2026-06-01,Recurso,PPA4,,Hour06,0.0,kWh,kW,True,"La magnitud y comportamiento horario coinciden con CapEfecNeta, DispoReal y DispoCome y la descripcion oficial corresponde a potencia neta.",0.0
2026-06-01,Recurso,PPA4,,Hour07,0.0,kWh,kW,True,"La magnitud y comportamiento horario coinciden con CapEfecNeta, DispoReal y DispoCome y la descripcion oficial corresponde a potencia neta.",0.0
2026-06-01,Recurso,PPA4,,Hour08,0.0,kWh,kW,True,"La magnitud y comportamiento horario coinciden con CapEfecNeta, DispoReal y DispoCome y la descripcion oficial corresponde a potencia neta.",0.0
2026-06-01,Recurso,PPA4,,Hour09,0.0,kWh,kW,True,"La magnitud y comportamiento horario coinciden con CapEfecNeta, DispoReal y DispoCome y la descripcion oficial corresponde a potencia neta.",0.0
2026-06-01,Recurso,PPA4,,Hour10,0.0,kWh,kW,True,"La magnitud y comportamiento horario coinciden con CapEfecNeta, DispoReal y DispoCome y la descripcion oficial corresponde a potencia neta.",0.0
2026-06-01,Recurso,PPA4,,Hour11,0.0,kWh,kW,True,"La magnitud y comportamiento horario coinciden con CapEfecNeta, DispoReal y DispoCome y la descripcion oficial corresponde a potencia neta.",0.0
2026-06-01,Recurso,PPA4,,Hour12,0.0,kWh,kW,True,"La magnitud y comportamiento horario coinciden con CapEfecNeta, DispoReal y DispoCome y la descripcion oficial corresponde a potencia neta.",0.0
2026-06-01,Recurso,PPA4,,Hour13,0.0,kWh,kW,True,"La magnitud y comportamiento horario coinciden con CapEfecNeta, DispoReal y DispoCome y la descripcion oficial corresponde a potencia neta.",0.0
2026-06-01,Recurso,PPA4,,Hour14,0.0,kWh,kW,True,"La magnitud y comportamiento horario coinciden con CapEfecNeta, DispoReal y DispoCome y la descripcion oficial corresponde a potencia neta.",0.0
2026-06-01,Recurso,PPA4,,Hour15,0.0,kWh,kW,True,"La magnitud y comportamiento horario coinciden con CapEfecNeta, DispoReal y DispoCome y la descripcion oficial corresponde a potencia neta.",0.0
2026-06-01,Recurso,PPA4,,Hour16,0.0,kWh,kW,True,"La magnitud y comportamiento horario coinciden con CapEfecNeta, DispoReal y DispoCome y la descripcion oficial corresponde a potencia neta.",0.0
2026-06-01,Recurso,PPA4,,Hour17,0.0,kWh,kW,True,"La magnitud y comportamiento horario coinciden con CapEfecNeta, DispoReal y DispoCome y la descripcion oficial corresponde a potencia neta.",0.0
2026-06-01,Recurso,PPA4,,Hour18,0.0,kWh,kW,True,"La magnitud y comportamiento horario coinciden con CapEfecNeta, DispoReal y DispoCome y la descripcion oficial corresponde a potencia neta.",0.0
2026-06-01,Recurso,PPA4,,Hour19,0.0,kWh,kW,True,"La magnitud y comportamiento horario coinciden con CapEfecNeta, DispoReal y DispoCome y la descripcion oficial corresponde a potencia neta.",0.0
2026-06-01,Recurso,PPA4,,Hour20,0.0,kWh,kW,True,"La magnitud y comportamiento horario coinciden con CapEfecNeta, DispoReal y DispoCome y la descripcion oficial corresponde a potencia neta.",0.0
2026-06-01,Recurso,PPA4,,Hour21,0.0,kWh,kW,True,"La magnitud y comportamiento horario coinciden con CapEfecNeta, DispoReal y DispoCome y la descripcion oficial corresponde a potencia neta.",0.0
2026-06-01,Recurso,PPA4,,Hour22,0.0,kWh,kW,True,"La magnitud y comportamiento horario coinciden con CapEfecNeta, DispoReal y DispoCome y la descripcion oficial corresponde a potencia neta.",0.0
2026-06-01,Recurso,PPA4,,Hour23,0.0,kWh,kW,True,"La magnitud y comportamiento horario coinciden con CapEfecNeta, DispoReal y DispoCome y la descripcion oficial corresponde a potencia neta.",0.0
2026-06-01,Recurso,PPA4,,Hour24,0.0,kWh,kW,True,"La magnitud y comportamiento horario coinciden con CapEfecNeta, DispoReal y DispoCome y la descripcion oficial corresponde a potencia neta.",0.0
2026-06-01,Recurso,PRC2,,Hour01,405000.0,kWh,kW,True,"La magnitud y comportamiento horario coinciden con CapEfecNeta, DispoReal y DispoCome y la descripcion oficial corresponde a potencia neta.",405.0
2026-06-01,Recurso,PRC2,,Hour02,405000.0,kWh,kW,True,"La magnitud y comportamiento horario coinciden con CapEfecNeta, DispoReal y DispoCome y la descripcion oficial corresponde a potencia neta.",405.0
2026-06-01,Recurso,PRC2,,Hour03,405000.0,kWh,kW,True,"La magnitud y comportamiento horario coinciden con CapEfecNeta, DispoReal y DispoCome y la descripcion oficial corresponde a potencia neta.",405.0
2026-06-01,Recurso,PRC2,,Hour04,405000.0,kWh,kW,True,"La magnitud y comportamiento horario coinciden con CapEfecNeta, DispoReal y DispoCome y la descripcion oficial corresponde a potencia neta.",405.0
2026-06-01,Recurso,PRC2,,Hour05,405000.0,kWh,kW,True,"La magnitud y comportamiento horario coinciden con CapEfecNeta, DispoReal y DispoCome y la descripcion oficial corresponde a potencia neta.",405.0
2026-06-01,Recurso,PRC2,,Hour06,405000.0,kWh,kW,True,"La magnitud y comportamiento horario coinciden con CapEfecNeta, DispoReal y DispoCome y la descripcion oficial corresponde a potencia neta.",405.0
2026-06-01,Recurso,PRC2,,Hour07,405000.0,kWh,kW,True,"La magnitud y comportamiento horario coinciden con CapEfecNeta, DispoReal y DispoCome y la descripcion oficial corresponde a potencia neta.",405.0
2026-06-01,Recurso,PRC2,,Hour08,405000.0,kWh,kW,True,"La magnitud y comportamiento horario coinciden con CapEfecNeta, DispoReal y DispoCome y la descripcion oficial corresponde a potencia neta.",405.0
2026-06-01,Recurso,PRC2,,Hour09,405000.0,kWh,kW,True,"La magnitud y comportamiento horario coinciden con CapEfecNeta, DispoReal y DispoCome y la descripcion oficial corresponde a potencia neta.",405.0
2026-06-01,Recurso,PRC2,,Hour10,405000.0,kWh,kW,True,"La magnitud y comportamiento horario coinciden con CapEfecNeta, DispoReal y DispoCome y la descripcion oficial corresponde a potencia neta.",405.0
2026-06-01,Recurso,PRC2,,Hour11,405000.0,kWh,kW,True,"La magnitud y comportamiento horario coinciden con CapEfecNeta, DispoReal y DispoCome y la descripcion oficial corresponde a potencia neta.",405.0
2026-06-01,Recurso,PRC2,,Hour12,405000.0,kWh,kW,True,"La magnitud y comportamiento horario coinciden con CapEfecNeta, DispoReal y DispoCome y la descripcion oficial corresponde a potencia neta.",405.0
2026-06-01,Recurso,PRC2,,Hour13,405000.0,kWh,kW,True,"La magnitud y comportamiento horario coinciden con CapEfecNeta, DispoReal y DispoCome y la descripcion oficial corresponde a potencia neta.",405.0
2026-06-01,Recurso,PRC2,,Hour14,405000.0,kWh,kW,True,"La magnitud y comportamiento horario coinciden con CapEfecNeta, DispoReal y DispoCome y la descripcion oficial corresponde a potencia neta.",405.0
2026-06-01,Recurso,PRC2,,Hour15,405000.0,kWh,kW,True,"La magnitud y comportamiento horario coinciden con CapEfecNeta, DispoReal y DispoCome y la descripcion oficial corresponde a potencia neta.",405.0
2026-06-01,Recurso,PRC2,,Hour16,405000.0,kWh,kW,True,"La magnitud y comportamiento horario coinciden con CapEfecNeta, DispoReal y DispoCome y la descripcion oficial corresponde a potencia neta.",405.0
2026-06-01,Recurso,PRC2,,Hour17,405000.0,kWh,kW,True,"La magnitud y comportamiento horario coinciden con CapEfecNeta, DispoReal y DispoCome y la descripcion oficial corresponde a potencia neta.",405.0
2026-06-01,Recurso,PRC2,,Hour18,405000.0,kWh,kW,True,"La magnitud y comportamiento horario coinciden con CapEfecNeta, DispoReal y DispoCome y la descripcion oficial corresponde a potencia neta.",405.0
2026-06-01,Recurso,PRC2,,Hour19,405000.0,kWh,kW,True,"La magnitud y comportamiento horario coinciden con CapEfecNeta, DispoReal y DispoCome y la descripcion oficial corresponde a potencia neta.",405.0
2026-06-01,Recurso,PRC2,,Hour20,405000.0,kWh,kW,True,"La magnitud y comportamiento horario coinciden con CapEfecNeta, DispoReal y DispoCome y la descripcion oficial corresponde a potencia neta.",405.0
2026-06-01,Recurso,PRC2,,Hour21,405000.0,kWh,kW,True,"La magnitud y comportamiento horario coinciden con CapEfecNeta, DispoReal y DispoCome y la descripcion oficial corresponde a potencia neta.",405.0
2026-06-01,Recurso,PRC2,,Hour22,405000.0,kWh,kW,True,"La magnitud y comportamiento horario coinciden con CapEfecNeta, DispoReal y DispoCome y la descripcion oficial corresponde a potencia neta.",405.0
2026-06-01,Recurso,PRC2,,Hour23,405000.0,kWh,kW,True,"La magnitud y comportamiento horario coinciden con CapEfecNeta, DispoReal y DispoCome y la descripcion oficial corresponde a potencia neta.",405.0
2026-06-01,Recurso,PRC2,,Hour24,405000.0,kWh,kW,True,"La magnitud y comportamiento horario coinciden con CapEfecNeta, DispoReal y DispoCome y la descripcion oficial corresponde a potencia neta.",405.0
2026-06-01,Recurso,PRC3,,Hour01,676000.0,kWh,kW,True,"La magnitud y comportamiento horario coinciden con CapEfecNeta, DispoReal y DispoCome y la descripcion oficial corresponde a potencia neta.",676.0
2026-06-01,Recurso,PRC3,,Hour02,676000.0,kWh,kW,True,"La magnitud y comportamiento horario coinciden con CapEfecNeta, DispoReal y DispoCome y la descripcion oficial corresponde a potencia neta.",676.0
2026-06-01,Recurso,PRC3,,Hour03,676000.0,kWh,kW,True,"La magnitud y comportamiento horario coinciden con CapEfecNeta, DispoReal y DispoCome y la descripcion oficial corresponde a potencia neta.",676.0
2026-06-01,Recurso,PRC3,,Hour04,676000.0,kWh,kW,True,"La magnitud y comportamiento horario coinciden con CapEfecNeta, DispoReal y DispoCome y la descripcion oficial corresponde a potencia neta.",676.0
2026-06-01,Recurso,PRC3,,Hour05,676000.0,kWh,kW,True,"La magnitud y comportamiento horario coinciden con CapEfecNeta, DispoReal y DispoCome y la descripcion oficial corresponde a potencia neta.",676.0
2026-06-01,Recurso,PRC3,,Hour06,676000.0,kWh,kW,True,"La magnitud y comportamiento horario coinciden con CapEfecNeta, DispoReal y DispoCome y la descripcion oficial corresponde a potencia neta.",676.0
2026-06-01,Recurso,PRC3,,Hour07,676000.0,kWh,kW,True,"La magnitud y comportamiento horario coinciden con CapEfecNeta, DispoReal y DispoCome y la descripcion oficial corresponde a potencia neta.",676.0
2026-06-01,Recurso,PRC3,,Hour08,676000.0,kWh,kW,True,"La magnitud y comportamiento horario coinciden con CapEfecNeta, DispoReal y DispoCome y la descripcion oficial corresponde a potencia neta.",676.0
2026-06-01,Recurso,PRC3,,Hour09,676000.0,kWh,kW,True,"La magnitud y comportamiento horario coinciden con CapEfecNeta, DispoReal y DispoCome y la descripcion oficial corresponde a potencia neta.",676.0
2026-06-01,Recurso,PRC3,,Hour10,676000.0,kWh,kW,True,"La magnitud y comportamiento horario coinciden con CapEfecNeta, DispoReal y DispoCome y la descripcion oficial corresponde a potencia neta.",676.0
2026-06-01,Recurso,PRC3,,Hour11,676000.0,kWh,kW,True,"La magnitud y comportamiento horario coinciden con CapEfecNeta, DispoReal y DispoCome y la descripcion oficial corresponde a potencia neta.",676.0
2026-06-01,Recurso,PRC3,,Hour12,676000.0,kWh,kW,True,"La magnitud y comportamiento horario coinciden con CapEfecNeta, DispoReal y DispoCome y la descripcion oficial corresponde a potencia neta.",676.0
2026-06-01,Recurso,PRC3,,Hour13,676000.0,kWh,kW,True,"La magnitud y comportamiento horario coinciden con CapEfecNeta, DispoReal y DispoCome y la descripcion oficial corresponde a potencia neta.",676.0
2026-06-01,Recurso,PRC3,,Hour14,676000.0,kWh,kW,True,"La magnitud y comportamiento horario coinciden con CapEfecNeta, DispoReal y DispoCome y la descripcion oficial corresponde a potencia neta.",676.0
2026-06-01,Recurso,PRC3,,Hour15,676000.0,kWh,kW,True,"La magnitud y comportamiento horario coinciden con CapEfecNeta, DispoReal y DispoCome y la descripcion oficial corresponde a potencia neta.",676.0
2026-06-01,Recurso,PRC3,,Hour16,676000.0,kWh,kW,True,"La magnitud y comportamiento horario coinciden con CapEfecNeta, DispoReal y DispoCome y la descripcion oficial corresponde a potencia neta.",676.0
2026-06-01,Recurso,PRC3,,Hour17,676000.0,kWh,kW,True,"La magnitud y comportamiento horario coinciden con CapEfecNeta, DispoReal y DispoCome y la descripcion oficial corresponde a potencia neta.",676.0
2026-06-01,Recurso,PRC3,,Hour18,676000.0,kWh,kW,True,"La magnitud y comportamiento horario coinciden con CapEfecNeta, DispoReal y DispoCome y la descripcion oficial corresponde a potencia neta.",676.0
2026-06-01,Recurso,PRC3,,Hour19,676000.0,kWh,kW,True,"La magnitud y comportamiento horario coinciden con CapEfecNeta, DispoReal y DispoCome y la descripcion oficial corresponde a potencia neta.",676.0
2026-06-01,Recurso,PRC3,,Hour20,676000.0,kWh,kW,True,"La magnitud y comportamiento horario coinciden con CapEfecNeta, DispoReal y DispoCome y la descripcion oficial corresponde a potencia neta.",676.0
2026-06-01,Recurso,PRC3,,Hour21,676000.0,kWh,kW,True,"La magnitud y comportamiento horario coinciden con CapEfecNeta, DispoReal y DispoCome y la descripcion oficial corresponde a potencia neta.",676.0
2026-06-01,Recurso,PRC3,,Hour22,676000.0,kWh,kW,True,"La magnitud y comportamiento horario coinciden con CapEfecNeta, DispoReal y DispoCome y la descripcion oficial corresponde a potencia neta.",676.0
2026-06-01,Recurso,PRC3,,Hour23,676000.0,kWh,kW,True,"La magnitud y comportamiento horario coinciden con CapEfecNeta, DispoReal y DispoCome y la descripcion oficial corresponde a potencia neta.",676.0
2026-06-01,Recurso,PRC3,,Hour24,676000.0,kWh,kW,True,"La magnitud y comportamiento horario coinciden con CapEfecNeta, DispoReal y DispoCome y la descripcion oficial corresponde a potencia neta.",676.0
2026-06-01,Recurso,PRDO,,Hour01,51000.0,kWh,kW,True,"La magnitud y comportamiento horario coinciden con CapEfecNeta, DispoReal y DispoCome y la descripcion oficial corresponde a potencia neta.",51.0
2026-06-01,Recurso,PRDO,,Hour02,51000.0,kWh,kW,True,"La magnitud y comportamiento horario coinciden con CapEfecNeta, DispoReal y DispoCome y la descripcion oficial corresponde a potencia neta.",51.0
2026-06-01,Recurso,PRDO,,Hour03,51000.0,kWh,kW,True,"La magnitud y comportamiento horario coinciden con CapEfecNeta, DispoReal y DispoCome y la descripcion oficial corresponde a potencia neta.",51.0
2026-06-01,Recurso,PRDO,,Hour04,51000.0,kWh,kW,True,"La magnitud y comportamiento horario coinciden con CapEfecNeta, DispoReal y DispoCome y la descripcion oficial corresponde a potencia neta.",51.0
2026-06-01,Recurso,PRDO,,Hour05,51000.0,kWh,kW,True,"La magnitud y comportamiento horario coinciden con CapEfecNeta, DispoReal y DispoCome y la descripcion oficial corresponde a potencia neta.",51.0
2026-06-01,Recurso,PRDO,,Hour06,51000.0,kWh,kW,True,"La magnitud y comportamiento horario coinciden con CapEfecNeta, DispoReal y DispoCome y la descripcion oficial corresponde a potencia neta.",51.0
2026-06-01,Recurso,PRDO,,Hour07,51000.0,kWh,kW,True,"La magnitud y comportamiento horario coinciden con CapEfecNeta, DispoReal y DispoCome y la descripcion oficial corresponde a potencia neta.",51.0
2026-06-01,Recurso,PRDO,,Hour08,51000.0,kWh,kW,True,"La magnitud y comportamiento horario coinciden con CapEfecNeta, DispoReal y DispoCome y la descripcion oficial corresponde a potencia neta.",51.0
2026-06-01,Recurso,PRDO,,Hour09,51000.0,kWh,kW,True,"La magnitud y comportamiento horario coinciden con CapEfecNeta, DispoReal y DispoCome y la descripcion oficial corresponde a potencia neta.",51.0
2026-06-01,Recurso,PRDO,,Hour10,51000.0,kWh,kW,True,"La magnitud y comportamiento horario coinciden con CapEfecNeta, DispoReal y DispoCome y la descripcion oficial corresponde a potencia neta.",51.0
2026-06-01,Recurso,PRDO,,Hour11,51000.0,kWh,kW,True,"La magnitud y comportamiento horario coinciden con CapEfecNeta, DispoReal y DispoCome y la descripcion oficial corresponde a potencia neta.",51.0
2026-06-01,Recurso,PRDO,,Hour12,51000.0,kWh,kW,True,"La magnitud y comportamiento horario coinciden con CapEfecNeta, DispoReal y DispoCome y la descripcion oficial corresponde a potencia neta.",51.0
2026-06-01,Recurso,PRDO,,Hour13,51000.0,kWh,kW,True,"La magnitud y comportamiento horario coinciden con CapEfecNeta, DispoReal y DispoCome y la descripcion oficial corresponde a potencia neta.",51.0
2026-06-01,Recurso,PRDO,,Hour14,51000.0,kWh,kW,True,"La magnitud y comportamiento horario coinciden con CapEfecNeta, DispoReal y DispoCome y la descripcion oficial corresponde a potencia neta.",51.0
2026-06-01,Recurso,PRDO,,Hour15,51000.0,kWh,kW,True,"La magnitud y comportamiento horario coinciden con CapEfecNeta, DispoReal y DispoCome y la descripcion oficial corresponde a potencia neta.",51.0
2026-06-01,Recurso,PRDO,,Hour16,51000.0,kWh,kW,True,"La magnitud y comportamiento horario coinciden con CapEfecNeta, DispoReal y DispoCome y la descripcion oficial corresponde a potencia neta.",51.0
2026-06-01,Recurso,PRDO,,Hour17,51000.0,kWh,kW,True,"La magnitud y comportamiento horario coinciden con CapEfecNeta, DispoReal y DispoCome y la descripcion oficial corresponde a potencia neta.",51.0
2026-06-01,Recurso,PRDO,,Hour18,51000.0,kWh,kW,True,"La magnitud y comportamiento horario coinciden con CapEfecNeta, DispoReal y DispoCome y la descripcion oficial corresponde a potencia neta.",51.0
2026-06-01,Recurso,PRDO,,Hour19,51000.0,kWh,kW,True,"La magnitud y comportamiento horario coinciden con CapEfecNeta, DispoReal y DispoCome y la descripcion oficial corresponde a potencia neta.",51.0
2026-06-01,Recurso,PRDO,,Hour20,51000.0,kWh,kW,True,"La magnitud y comportamiento horario coinciden con CapEfecNeta, DispoReal y DispoCome y la descripcion oficial corresponde a potencia neta.",51.0
2026-06-01,Recurso,PRDO,,Hour21,51000.0,kWh,kW,True,"La magnitud y comportamiento horario coinciden con CapEfecNeta, DispoReal y DispoCome y la descripcion oficial corresponde a potencia neta.",51.0
2026-06-01,Recurso,PRDO,,Hour22,51000.0,kWh,kW,True,"La magnitud y comportamiento horario coinciden con CapEfecNeta, DispoReal y DispoCome y la descripcion oficial corresponde a potencia neta.",51.0
2026-06-01,Recurso,PRDO,,Hour23,51000.0,kWh,kW,True,"La magnitud y comportamiento horario coinciden con CapEfecNeta, DispoReal y DispoCome y la descripcion oficial corresponde a potencia neta.",51.0
2026-06-01,Recurso,PRDO,,Hour24,51000.0,kWh,kW,True,"La magnitud y comportamiento horario coinciden con CapEfecNeta, DispoReal y DispoCome y la descripcion oficial corresponde a potencia neta.",51.0
2026-06-01,Recurso,PRG1,,Hour01,45000.0,kWh,kW,True,"La magnitud y comportamiento horario coinciden con CapEfecNeta, DispoReal y DispoCome y la descripcion oficial corresponde a potencia neta.",45.0
2026-06-01,Recurso,PRG1,,Hour02,45000.0,kWh,kW,True,"La magnitud y comportamiento horario coinciden con CapEfecNeta, DispoReal y DispoCome y la descripcion oficial corresponde a potencia neta.",45.0
2026-06-01,Recurso,PRG1,,Hour03,45000.0,kWh,kW,True,"La magnitud y comportamiento horario coinciden con CapEfecNeta, DispoReal y DispoCome y la descripcion oficial corresponde a potencia neta.",45.0
2026-06-01,Recurso,PRG1,,Hour04,45000.0,kWh,kW,True,"La magnitud y comportamiento horario coinciden con CapEfecNeta, DispoReal y DispoCome y la descripcion oficial corresponde a potencia neta.",45.0
2026-06-01,Recurso,PRG1,,Hour05,45000.0,kWh,kW,True,"La magnitud y comportamiento horario coinciden con CapEfecNeta, DispoReal y DispoCome y la descripcion oficial corresponde a potencia neta.",45.0
2026-06-01,Recurso,PRG1,,Hour06,45000.0,kWh,kW,True,"La magnitud y comportamiento horario coinciden con CapEfecNeta, DispoReal y DispoCome y la descripcion oficial corresponde a potencia neta.",45.0
2026-06-01,Recurso,PRG1,,Hour07,45000.0,kWh,kW,True,"La magnitud y comportamiento horario coinciden con CapEfecNeta, DispoReal y DispoCome y la descripcion oficial corresponde a potencia neta.",45.0
2026-06-01,Recurso,PRG1,,Hour08,45000.0,kWh,kW,True,"La magnitud y comportamiento horario coinciden con CapEfecNeta, DispoReal y DispoCome y la descripcion oficial corresponde a potencia neta.",45.0
2026-06-01,Recurso,PRG1,,Hour09,45000.0,kWh,kW,True,"La magnitud y comportamiento horario coinciden con CapEfecNeta, DispoReal y DispoCome y la descripcion oficial corresponde a potencia neta.",45.0
2026-06-01,Recurso,PRG1,,Hour10,45000.0,kWh,kW,True,"La magnitud y comportamiento horario coinciden con CapEfecNeta, DispoReal y DispoCome y la descripcion oficial corresponde a potencia neta.",45.0
2026-06-01,Recurso,PRG1,,Hour11,45000.0,kWh,kW,True,"La magnitud y comportamiento horario coinciden con CapEfecNeta, DispoReal y DispoCome y la descripcion oficial corresponde a potencia neta.",45.0
2026-06-01,Recurso,PRG1,,Hour12,45000.0,kWh,kW,True,"La magnitud y comportamiento horario coinciden con CapEfecNeta, DispoReal y DispoCome y la descripcion oficial corresponde a potencia neta.",45.0
2026-06-01,Recurso,PRG1,,Hour13,45000.0,kWh,kW,True,"La magnitud y comportamiento horario coinciden con CapEfecNeta, DispoReal y DispoCome y la descripcion oficial corresponde a potencia neta.",45.0
2026-06-01,Recurso,PRG1,,Hour14,45000.0,kWh,kW,True,"La magnitud y comportamiento horario coinciden con CapEfecNeta, DispoReal y DispoCome y la descripcion oficial corresponde a potencia neta.",45.0
2026-06-01,Recurso,PRG1,,Hour15,45000.0,kWh,kW,True,"La magnitud y comportamiento horario coinciden con CapEfecNeta, DispoReal y DispoCome y la descripcion oficial corresponde a potencia neta.",45.0
2026-06-01,Recurso,PRG1,,Hour16,45000.0,kWh,kW,True,"La magnitud y comportamiento horario coinciden con CapEfecNeta, DispoReal y DispoCome y la descripcion oficial corresponde a potencia neta.",45.0
2026-06-01,Recurso,PRG1,,Hour17,45000.0,kWh,kW,True,"La magnitud y comportamiento horario coinciden con CapEfecNeta, DispoReal y DispoCome y la descripcion oficial corresponde a potencia neta.",45.0
2026-06-01,Recurso,PRG1,,Hour18,45000.0,kWh,kW,True,"La magnitud y comportamiento horario coinciden con CapEfecNeta, DispoReal y DispoCome y la descripcion oficial corresponde a potencia neta.",45.0
2026-06-01,Recurso,PRG1,,Hour19,45000.0,kWh,kW,True,"La magnitud y comportamiento horario coinciden con CapEfecNeta, DispoReal y DispoCome y la descripcion oficial corresponde a potencia neta.",45.0
2026-06-01,Recurso,PRG1,,Hour20,45000.0,kWh,kW,True,"La magnitud y comportamiento horario coinciden con CapEfecNeta, DispoReal y DispoCome y la descripcion oficial corresponde a potencia neta.",45.0
2026-06-01,Recurso,PRG1,,Hour21,45000.0,kWh,kW,True,"La magnitud y comportamiento horario coinciden con CapEfecNeta, DispoReal y DispoCome y la descripcion oficial corresponde a potencia neta.",45.0
2026-06-01,Recurso,PRG1,,Hour22,45000.0,kWh,kW,True,"La magnitud y comportamiento horario coinciden con CapEfecNeta, DispoReal y DispoCome y la descripcion oficial corresponde a potencia neta.",45.0
2026-06-01,Recurso,PRG1,,Hour23,45000.0,kWh,kW,True,"La magnitud y comportamiento horario coinciden con CapEfecNeta, DispoReal y DispoCome y la descripcion oficial corresponde a potencia neta.",45.0
2026-06-01,Recurso,PRG1,,Hour24,45000.0,kWh,kW,True,"La magnitud y comportamiento horario coinciden con CapEfecNeta, DispoReal y DispoCome y la descripcion oficial corresponde a potencia neta.",45.0
2026-06-01,Recurso,PRG2,,Hour01,45000.0,kWh,kW,True,"La magnitud y comportamiento horario coinciden con CapEfecNeta, DispoReal y DispoCome y la descripcion oficial corresponde a potencia neta.",45.0
2026-06-01,Recurso,PRG2,,Hour02,45000.0,kWh,kW,True,"La magnitud y comportamiento horario coinciden con CapEfecNeta, DispoReal y DispoCome y la descripcion oficial corresponde a potencia neta.",45.0
2026-06-01,Recurso,PRG2,,Hour03,45000.0,kWh,kW,True,"La magnitud y comportamiento horario coinciden con CapEfecNeta, DispoReal y DispoCome y la descripcion oficial corresponde a potencia neta.",45.0
2026-06-01,Recurso,PRG2,,Hour04,45000.0,kWh,kW,True,"La magnitud y comportamiento horario coinciden con CapEfecNeta, DispoReal y DispoCome y la descripcion oficial corresponde a potencia neta.",45.0
2026-06-01,Recurso,PRG2,,Hour05,45000.0,kWh,kW,True,"La magnitud y comportamiento horario coinciden con CapEfecNeta, DispoReal y DispoCome y la descripcion oficial corresponde a potencia neta.",45.0
2026-06-01,Recurso,PRG2,,Hour06,45000.0,kWh,kW,True,"La magnitud y comportamiento horario coinciden con CapEfecNeta, DispoReal y DispoCome y la descripcion oficial corresponde a potencia neta.",45.0
2026-06-01,Recurso,PRG2,,Hour07,45000.0,kWh,kW,True,"La magnitud y comportamiento horario coinciden con CapEfecNeta, DispoReal y DispoCome y la descripcion oficial corresponde a potencia neta.",45.0
2026-06-01,Recurso,PRG2,,Hour08,45000.0,kWh,kW,True,"La magnitud y comportamiento horario coinciden con CapEfecNeta, DispoReal y DispoCome y la descripcion oficial corresponde a potencia neta.",45.0
2026-06-01,Recurso,PRG2,,Hour09,45000.0,kWh,kW,True,"La magnitud y comportamiento horario coinciden con CapEfecNeta, DispoReal y DispoCome y la descripcion oficial corresponde a potencia neta.",45.0
2026-06-01,Recurso,PRG2,,Hour10,45000.0,kWh,kW,True,"La magnitud y comportamiento horario coinciden con CapEfecNeta, DispoReal y DispoCome y la descripcion oficial corresponde a potencia neta.",45.0
2026-06-01,Recurso,PRG2,,Hour11,45000.0,kWh,kW,True,"La magnitud y comportamiento horario coinciden con CapEfecNeta, DispoReal y DispoCome y la descripcion oficial corresponde a potencia neta.",45.0
2026-06-01,Recurso,PRG2,,Hour12,45000.0,kWh,kW,True,"La magnitud y comportamiento horario coinciden con CapEfecNeta, DispoReal y DispoCome y la descripcion oficial corresponde a potencia neta.",45.0
2026-06-01,Recurso,PRG2,,Hour13,45000.0,kWh,kW,True,"La magnitud y comportamiento horario coinciden con CapEfecNeta, DispoReal y DispoCome y la descripcion oficial corresponde a potencia neta.",45.0
2026-06-01,Recurso,PRG2,,Hour14,45000.0,kWh,kW,True,"La magnitud y comportamiento horario coinciden con CapEfecNeta, DispoReal y DispoCome y la descripcion oficial corresponde a potencia neta.",45.0
2026-06-01,Recurso,PRG2,,Hour15,45000.0,kWh,kW,True,"La magnitud y comportamiento horario coinciden con CapEfecNeta, DispoReal y DispoCome y la descripcion oficial corresponde a potencia neta.",45.0
2026-06-01,Recurso,PRG2,,Hour16,45000.0,kWh,kW,True,"La magnitud y comportamiento horario coinciden con CapEfecNeta, DispoReal y DispoCome y la descripcion oficial corresponde a potencia neta.",45.0
2026-06-01,Recurso,PRG2,,Hour17,45000.0,kWh,kW,True,"La magnitud y comportamiento horario coinciden con CapEfecNeta, DispoReal y DispoCome y la descripcion oficial corresponde a potencia neta.",45.0
2026-06-01,Recurso,PRG2,,Hour18,45000.0,kWh,kW,True,"La magnitud y comportamiento horario coinciden con CapEfecNeta, DispoReal y DispoCome y la descripcion oficial corresponde a potencia neta.",45.0
2026-06-01,Recurso,PRG2,,Hour19,45000.0,kWh,kW,True,"La magnitud y comportamiento horario coinciden con CapEfecNeta, DispoReal y DispoCome y la descripcion oficial corresponde a potencia neta.",45.0
2026-06-01,Recurso,PRG2,,Hour20,45000.0,kWh,kW,True,"La magnitud y comportamiento horario coinciden con CapEfecNeta, DispoReal y DispoCome y la descripcion oficial corresponde a potencia neta.",45.0
2026-06-01,Recurso,PRG2,,Hour21,45000.0,kWh,kW,True,"La magnitud y comportamiento horario coinciden con CapEfecNeta, DispoReal y DispoCome y la descripcion oficial corresponde a potencia neta.",45.0
2026-06-01,Recurso,PRG2,,Hour22,45000.0,kWh,kW,True,"La magnitud y comportamiento horario coinciden con CapEfecNeta, DispoReal y DispoCome y la descripcion oficial corresponde a potencia neta.",45.0
2026-06-01,Recurso,PRG2,,Hour23,45000.0,kWh,kW,True,"La magnitud y comportamiento horario coinciden con CapEfecNeta, DispoReal y DispoCome y la descripcion oficial corresponde a potencia neta.",45.0
2026-06-01,Recurso,PRG2,,Hour24,45000.0,kWh,kW,True,"La magnitud y comportamiento horario coinciden con CapEfecNeta, DispoReal y DispoCome y la descripcion oficial corresponde a potencia neta.",45.0
2026-06-01,Recurso,QUI1,,Hour01,326000.0,kWh,kW,True,"La magnitud y comportamiento horario coinciden con CapEfecNeta, DispoReal y DispoCome y la descripcion oficial corresponde a potencia neta.",326.0
2026-06-01,Recurso,QUI1,,Hour02,326000.0,kWh,kW,True,"La magnitud y comportamiento horario coinciden con CapEfecNeta, DispoReal y DispoCome y la descripcion oficial corresponde a potencia neta.",326.0
2026-06-01,Recurso,QUI1,,Hour03,326000.0,kWh,kW,True,"La magnitud y comportamiento horario coinciden con CapEfecNeta, DispoReal y DispoCome y la descripcion oficial corresponde a potencia neta.",326.0
2026-06-01,Recurso,QUI1,,Hour04,326000.0,kWh,kW,True,"La magnitud y comportamiento horario coinciden con CapEfecNeta, DispoReal y DispoCome y la descripcion oficial corresponde a potencia neta.",326.0
2026-06-01,Recurso,QUI1,,Hour05,326000.0,kWh,kW,True,"La magnitud y comportamiento horario coinciden con CapEfecNeta, DispoReal y DispoCome y la descripcion oficial corresponde a potencia neta.",326.0
2026-06-01,Recurso,QUI1,,Hour06,326000.0,kWh,kW,True,"La magnitud y comportamiento horario coinciden con CapEfecNeta, DispoReal y DispoCome y la descripcion oficial corresponde a potencia neta.",326.0
2026-06-01,Recurso,QUI1,,Hour07,326000.0,kWh,kW,True,"La magnitud y comportamiento horario coinciden con CapEfecNeta, DispoReal y DispoCome y la descripcion oficial corresponde a potencia neta.",326.0
2026-06-01,Recurso,QUI1,,Hour08,326000.0,kWh,kW,True,"La magnitud y comportamiento horario coinciden con CapEfecNeta, DispoReal y DispoCome y la descripcion oficial corresponde a potencia neta.",326.0
2026-06-01,Recurso,QUI1,,Hour09,326000.0,kWh,kW,True,"La magnitud y comportamiento horario coinciden con CapEfecNeta, DispoReal y DispoCome y la descripcion oficial corresponde a potencia neta.",326.0
2026-06-01,Recurso,QUI1,,Hour10,326000.0,kWh,kW,True,"La magnitud y comportamiento horario coinciden con CapEfecNeta, DispoReal y DispoCome y la descripcion oficial corresponde a potencia neta.",326.0
2026-06-01,Recurso,QUI1,,Hour11,326000.0,kWh,kW,True,"La magnitud y comportamiento horario coinciden con CapEfecNeta, DispoReal y DispoCome y la descripcion oficial corresponde a potencia neta.",326.0
2026-06-01,Recurso,QUI1,,Hour12,326000.0,kWh,kW,True,"La magnitud y comportamiento horario coinciden con CapEfecNeta, DispoReal y DispoCome y la descripcion oficial corresponde a potencia neta.",326.0
2026-06-01,Recurso,QUI1,,Hour13,326000.0,kWh,kW,True,"La magnitud y comportamiento horario coinciden con CapEfecNeta, DispoReal y DispoCome y la descripcion oficial corresponde a potencia neta.",326.0
2026-06-01,Recurso,QUI1,,Hour14,326000.0,kWh,kW,True,"La magnitud y comportamiento horario coinciden con CapEfecNeta, DispoReal y DispoCome y la descripcion oficial corresponde a potencia neta.",326.0
2026-06-01,Recurso,QUI1,,Hour15,326000.0,kWh,kW,True,"La magnitud y comportamiento horario coinciden con CapEfecNeta, DispoReal y DispoCome y la descripcion oficial corresponde a potencia neta.",326.0
2026-06-01,Recurso,QUI1,,Hour16,326000.0,kWh,kW,True,"La magnitud y comportamiento horario coinciden con CapEfecNeta, DispoReal y DispoCome y la descripcion oficial corresponde a potencia neta.",326.0
2026-06-01,Recurso,QUI1,,Hour17,326000.0,kWh,kW,True,"La magnitud y comportamiento horario coinciden con CapEfecNeta, DispoReal y DispoCome y la descripcion oficial corresponde a potencia neta.",326.0
2026-06-01,Recurso,QUI1,,Hour18,326000.0,kWh,kW,True,"La magnitud y comportamiento horario coinciden con CapEfecNeta, DispoReal y DispoCome y la descripcion oficial corresponde a potencia neta.",326.0
2026-06-01,Recurso,QUI1,,Hour19,326000.0,kWh,kW,True,"La magnitud y comportamiento horario coinciden con CapEfecNeta, DispoReal y DispoCome y la descripcion oficial corresponde a potencia neta.",326.0
2026-06-01,Recurso,QUI1,,Hour20,326000.0,kWh,kW,True,"La magnitud y comportamiento horario coinciden con CapEfecNeta, DispoReal y DispoCome y la descripcion oficial corresponde a potencia neta.",326.0
2026-06-01,Recurso,QUI1,,Hour21,326000.0,kWh,kW,True,"La magnitud y comportamiento horario coinciden con CapEfecNeta, DispoReal y DispoCome y la descripcion oficial corresponde a potencia neta.",326.0
2026-06-01,Recurso,QUI1,,Hour22,326000.0,kWh,kW,True,"La magnitud y comportamiento horario coinciden con CapEfecNeta, DispoReal y DispoCome y la descripcion oficial corresponde a potencia neta.",326.0
2026-06-01,Recurso,QUI1,,Hour23,326000.0,kWh,kW,True,"La magnitud y comportamiento horario coinciden con CapEfecNeta, DispoReal y DispoCome y la descripcion oficial corresponde a potencia neta.",326.0
2026-06-01,Recurso,QUI1,,Hour24,326000.0,kWh,kW,True,"La magnitud y comportamiento horario coinciden con CapEfecNeta, DispoReal y DispoCome y la descripcion oficial corresponde a potencia neta.",326.0
2026-06-01,Recurso,SLVJ,,Hour01,315000.0,kWh,kW,True,"La magnitud y comportamiento horario coinciden con CapEfecNeta, DispoReal y DispoCome y la descripcion oficial corresponde a potencia neta.",315.0
2026-06-01,Recurso,SLVJ,,Hour02,315000.0,kWh,kW,True,"La magnitud y comportamiento horario coinciden con CapEfecNeta, DispoReal y DispoCome y la descripcion oficial corresponde a potencia neta.",315.0
2026-06-01,Recurso,SLVJ,,Hour03,315000.0,kWh,kW,True,"La magnitud y comportamiento horario coinciden con CapEfecNeta, DispoReal y DispoCome y la descripcion oficial corresponde a potencia neta.",315.0
2026-06-01,Recurso,SLVJ,,Hour04,315000.0,kWh,kW,True,"La magnitud y comportamiento horario coinciden con CapEfecNeta, DispoReal y DispoCome y la descripcion oficial corresponde a potencia neta.",315.0
2026-06-01,Recurso,SLVJ,,Hour05,315000.0,kWh,kW,True,"La magnitud y comportamiento horario coinciden con CapEfecNeta, DispoReal y DispoCome y la descripcion oficial corresponde a potencia neta.",315.0
2026-06-01,Recurso,SLVJ,,Hour06,315000.0,kWh,kW,True,"La magnitud y comportamiento horario coinciden con CapEfecNeta, DispoReal y DispoCome y la descripcion oficial corresponde a potencia neta.",315.0
2026-06-01,Recurso,SLVJ,,Hour07,315000.0,kWh,kW,True,"La magnitud y comportamiento horario coinciden con CapEfecNeta, DispoReal y DispoCome y la descripcion oficial corresponde a potencia neta.",315.0
2026-06-01,Recurso,SLVJ,,Hour08,315000.0,kWh,kW,True,"La magnitud y comportamiento horario coinciden con CapEfecNeta, DispoReal y DispoCome y la descripcion oficial corresponde a potencia neta.",315.0
2026-06-01,Recurso,SLVJ,,Hour09,315000.0,kWh,kW,True,"La magnitud y comportamiento horario coinciden con CapEfecNeta, DispoReal y DispoCome y la descripcion oficial corresponde a potencia neta.",315.0
2026-06-01,Recurso,SLVJ,,Hour10,315000.0,kWh,kW,True,"La magnitud y comportamiento horario coinciden con CapEfecNeta, DispoReal y DispoCome y la descripcion oficial corresponde a potencia neta.",315.0
2026-06-01,Recurso,SLVJ,,Hour11,315000.0,kWh,kW,True,"La magnitud y comportamiento horario coinciden con CapEfecNeta, DispoReal y DispoCome y la descripcion oficial corresponde a potencia neta.",315.0
2026-06-01,Recurso,SLVJ,,Hour12,315000.0,kWh,kW,True,"La magnitud y comportamiento horario coinciden con CapEfecNeta, DispoReal y DispoCome y la descripcion oficial corresponde a potencia neta.",315.0
2026-06-01,Recurso,SLVJ,,Hour13,315000.0,kWh,kW,True,"La magnitud y comportamiento horario coinciden con CapEfecNeta, DispoReal y DispoCome y la descripcion oficial corresponde a potencia neta.",315.0
2026-06-01,Recurso,SLVJ,,Hour14,315000.0,kWh,kW,True,"La magnitud y comportamiento horario coinciden con CapEfecNeta, DispoReal y DispoCome y la descripcion oficial corresponde a potencia neta.",315.0
2026-06-01,Recurso,SLVJ,,Hour15,315000.0,kWh,kW,True,"La magnitud y comportamiento horario coinciden con CapEfecNeta, DispoReal y DispoCome y la descripcion oficial corresponde a potencia neta.",315.0
2026-06-01,Recurso,SLVJ,,Hour16,315000.0,kWh,kW,True,"La magnitud y comportamiento horario coinciden con CapEfecNeta, DispoReal y DispoCome y la descripcion oficial corresponde a potencia neta.",315.0
2026-06-01,Recurso,SLVJ,,Hour17,315000.0,kWh,kW,True,"La magnitud y comportamiento horario coinciden con CapEfecNeta, DispoReal y DispoCome y la descripcion oficial corresponde a potencia neta.",315.0
2026-06-01,Recurso,SLVJ,,Hour18,315000.0,kWh,kW,True,"La magnitud y comportamiento horario coinciden con CapEfecNeta, DispoReal y DispoCome y la descripcion oficial corresponde a potencia neta.",315.0
2026-06-01,Recurso,SLVJ,,Hour19,315000.0,kWh,kW,True,"La magnitud y comportamiento horario coinciden con CapEfecNeta, DispoReal y DispoCome y la descripcion oficial corresponde a potencia neta.",315.0
2026-06-01,Recurso,SLVJ,,Hour20,315000.0,kWh,kW,True,"La magnitud y comportamiento horario coinciden con CapEfecNeta, DispoReal y DispoCome y la descripcion oficial corresponde a potencia neta.",315.0
2026-06-01,Recurso,SLVJ,,Hour21,315000.0,kWh,kW,True,"La magnitud y comportamiento horario coinciden con CapEfecNeta, DispoReal y DispoCome y la descripcion oficial corresponde a potencia neta.",315.0
2026-06-01,Recurso,SLVJ,,Hour22,315000.0,kWh,kW,True,"La magnitud y comportamiento horario coinciden con CapEfecNeta, DispoReal y DispoCome y la descripcion oficial corresponde a potencia neta.",315.0
2026-06-01,Recurso,SLVJ,,Hour23,315000.0,kWh,kW,True,"La magnitud y comportamiento horario coinciden con CapEfecNeta, DispoReal y DispoCome y la descripcion oficial corresponde a potencia neta.",315.0
2026-06-01,Recurso,SLVJ,,Hour24,315000.0,kWh,kW,True,"La magnitud y comportamiento horario coinciden con CapEfecNeta, DispoReal y DispoCome y la descripcion oficial corresponde a potencia neta.",315.0
2026-06-02,Recurso,PPA2,,Hour01,72000.0,kWh,kW,True,"La magnitud y comportamiento horario coinciden con CapEfecNeta, DispoReal y DispoCome y la descripcion oficial corresponde a potencia neta.",72.0
2026-06-02,Recurso,PPA2,,Hour02,72000.0,kWh,kW,True,"La magnitud y comportamiento horario coinciden con CapEfecNeta, DispoReal y DispoCome y la descripcion oficial corresponde a potencia neta.",72.0
2026-06-02,Recurso,PPA2,,Hour03,72000.0,kWh,kW,True,"La magnitud y comportamiento horario coinciden con CapEfecNeta, DispoReal y DispoCome y la descripcion oficial corresponde a potencia neta.",72.0
2026-06-02,Recurso,PPA2,,Hour04,72000.0,kWh,kW,True,"La magnitud y comportamiento horario coinciden con CapEfecNeta, DispoReal y DispoCome y la descripcion oficial corresponde a potencia neta.",72.0
2026-06-02,Recurso,PPA2,,Hour05,72000.0,kWh,kW,True,"La magnitud y comportamiento horario coinciden con CapEfecNeta, DispoReal y DispoCome y la descripcion oficial corresponde a potencia neta.",72.0
2026-06-02,Recurso,PPA2,,Hour06,72000.0,kWh,kW,True,"La magnitud y comportamiento horario coinciden con CapEfecNeta, DispoReal y DispoCome y la descripcion oficial corresponde a potencia neta.",72.0
2026-06-02,Recurso,PPA2,,Hour07,72000.0,kWh,kW,True,"La magnitud y comportamiento horario coinciden con CapEfecNeta, DispoReal y DispoCome y la descripcion oficial corresponde a potencia neta.",72.0
2026-06-02,Recurso,PPA2,,Hour08,72000.0,kWh,kW,True,"La magnitud y comportamiento horario coinciden con CapEfecNeta, DispoReal y DispoCome y la descripcion oficial corresponde a potencia neta.",72.0
2026-06-02,Recurso,PPA2,,Hour09,72000.0,kWh,kW,True,"La magnitud y comportamiento horario coinciden con CapEfecNeta, DispoReal y DispoCome y la descripcion oficial corresponde a potencia neta.",72.0
2026-06-02,Recurso,PPA2,,Hour10,72000.0,kWh,kW,True,"La magnitud y comportamiento horario coinciden con CapEfecNeta, DispoReal y DispoCome y la descripcion oficial corresponde a potencia neta.",72.0
2026-06-02,Recurso,PPA2,,Hour11,72000.0,kWh,kW,True,"La magnitud y comportamiento horario coinciden con CapEfecNeta, DispoReal y DispoCome y la descripcion oficial corresponde a potencia neta.",72.0
2026-06-02,Recurso,PPA2,,Hour12,72000.0,kWh,kW,True,"La magnitud y comportamiento horario coinciden con CapEfecNeta, DispoReal y DispoCome y la descripcion oficial corresponde a potencia neta.",72.0
2026-06-02,Recurso,PPA2,,Hour13,72000.0,kWh,kW,True,"La magnitud y comportamiento horario coinciden con CapEfecNeta, DispoReal y DispoCome y la descripcion oficial corresponde a potencia neta.",72.0
2026-06-02,Recurso,PPA2,,Hour14,72000.0,kWh,kW,True,"La magnitud y comportamiento horario coinciden con CapEfecNeta, DispoReal y DispoCome y la descripcion oficial corresponde a potencia neta.",72.0
2026-06-02,Recurso,PPA2,,Hour15,72000.0,kWh,kW,True,"La magnitud y comportamiento horario coinciden con CapEfecNeta, DispoReal y DispoCome y la descripcion oficial corresponde a potencia neta.",72.0
2026-06-02,Recurso,PPA2,,Hour16,72000.0,kWh,kW,True,"La magnitud y comportamiento horario coinciden con CapEfecNeta, DispoReal y DispoCome y la descripcion oficial corresponde a potencia neta.",72.0
2026-06-02,Recurso,PPA2,,Hour17,72000.0,kWh,kW,True,"La magnitud y comportamiento horario coinciden con CapEfecNeta, DispoReal y DispoCome y la descripcion oficial corresponde a potencia neta.",72.0
2026-06-02,Recurso,PPA2,,Hour18,72000.0,kWh,kW,True,"La magnitud y comportamiento horario coinciden con CapEfecNeta, DispoReal y DispoCome y la descripcion oficial corresponde a potencia neta.",72.0
2026-06-02,Recurso,PPA2,,Hour19,72000.0,kWh,kW,True,"La magnitud y comportamiento horario coinciden con CapEfecNeta, DispoReal y DispoCome y la descripcion oficial corresponde a potencia neta.",72.0
2026-06-02,Recurso,PPA2,,Hour20,72000.0,kWh,kW,True,"La magnitud y comportamiento horario coinciden con CapEfecNeta, DispoReal y DispoCome y la descripcion oficial corresponde a potencia neta.",72.0
2026-06-02,Recurso,PPA2,,Hour21,72000.0,kWh,kW,True,"La magnitud y comportamiento horario coinciden con CapEfecNeta, DispoReal y DispoCome y la descripcion oficial corresponde a potencia neta.",72.0
2026-06-02,Recurso,PPA2,,Hour22,72000.0,kWh,kW,True,"La magnitud y comportamiento horario coinciden con CapEfecNeta, DispoReal y DispoCome y la descripcion oficial corresponde a potencia neta.",72.0
2026-06-02,Recurso,PPA2,,Hour23,72000.0,kWh,kW,True,"La magnitud y comportamiento horario coinciden con CapEfecNeta, DispoReal y DispoCome y la descripcion oficial corresponde a potencia neta.",72.0
2026-06-02,Recurso,PPA2,,Hour24,72000.0,kWh,kW,True,"La magnitud y comportamiento horario coinciden con CapEfecNeta, DispoReal y DispoCome y la descripcion oficial corresponde a potencia neta.",72.0
2026-06-02,Recurso,PPA3,,Hour01,70000.0,kWh,kW,True,"La magnitud y comportamiento horario coinciden con CapEfecNeta, DispoReal y DispoCome y la descripcion oficial corresponde a potencia neta.",70.0
2026-06-02,Recurso,PPA3,,Hour02,70000.0,kWh,kW,True,"La magnitud y comportamiento horario coinciden con CapEfecNeta, DispoReal y DispoCome y la descripcion oficial corresponde a potencia neta.",70.0
2026-06-02,Recurso,PPA3,,Hour03,70000.0,kWh,kW,True,"La magnitud y comportamiento horario coinciden con CapEfecNeta, DispoReal y DispoCome y la descripcion oficial corresponde a potencia neta.",70.0
2026-06-02,Recurso,PPA3,,Hour04,70000.0,kWh,kW,True,"La magnitud y comportamiento horario coinciden con CapEfecNeta, DispoReal y DispoCome y la descripcion oficial corresponde a potencia neta.",70.0
2026-06-02,Recurso,PPA3,,Hour05,70000.0,kWh,kW,True,"La magnitud y comportamiento horario coinciden con CapEfecNeta, DispoReal y DispoCome y la descripcion oficial corresponde a potencia neta.",70.0
2026-06-02,Recurso,PPA3,,Hour06,70000.0,kWh,kW,True,"La magnitud y comportamiento horario coinciden con CapEfecNeta, DispoReal y DispoCome y la descripcion oficial corresponde a potencia neta.",70.0
2026-06-02,Recurso,PPA3,,Hour07,70000.0,kWh,kW,True,"La magnitud y comportamiento horario coinciden con CapEfecNeta, DispoReal y DispoCome y la descripcion oficial corresponde a potencia neta.",70.0
2026-06-02,Recurso,PPA3,,Hour08,70000.0,kWh,kW,True,"La magnitud y comportamiento horario coinciden con CapEfecNeta, DispoReal y DispoCome y la descripcion oficial corresponde a potencia neta.",70.0
2026-06-02,Recurso,PPA3,,Hour09,70000.0,kWh,kW,True,"La magnitud y comportamiento horario coinciden con CapEfecNeta, DispoReal y DispoCome y la descripcion oficial corresponde a potencia neta.",70.0
2026-06-02,Recurso,PPA3,,Hour10,70000.0,kWh,kW,True,"La magnitud y comportamiento horario coinciden con CapEfecNeta, DispoReal y DispoCome y la descripcion oficial corresponde a potencia neta.",70.0
2026-06-02,Recurso,PPA3,,Hour11,70000.0,kWh,kW,True,"La magnitud y comportamiento horario coinciden con CapEfecNeta, DispoReal y DispoCome y la descripcion oficial corresponde a potencia neta.",70.0
2026-06-02,Recurso,PPA3,,Hour12,70000.0,kWh,kW,True,"La magnitud y comportamiento horario coinciden con CapEfecNeta, DispoReal y DispoCome y la descripcion oficial corresponde a potencia neta.",70.0
2026-06-02,Recurso,PPA3,,Hour13,70000.0,kWh,kW,True,"La magnitud y comportamiento horario coinciden con CapEfecNeta, DispoReal y DispoCome y la descripcion oficial corresponde a potencia neta.",70.0
2026-06-02,Recurso,PPA3,,Hour14,70000.0,kWh,kW,True,"La magnitud y comportamiento horario coinciden con CapEfecNeta, DispoReal y DispoCome y la descripcion oficial corresponde a potencia neta.",70.0
2026-06-02,Recurso,PPA3,,Hour15,70000.0,kWh,kW,True,"La magnitud y comportamiento horario coinciden con CapEfecNeta, DispoReal y DispoCome y la descripcion oficial corresponde a potencia neta.",70.0
2026-06-02,Recurso,PPA3,,Hour16,70000.0,kWh,kW,True,"La magnitud y comportamiento horario coinciden con CapEfecNeta, DispoReal y DispoCome y la descripcion oficial corresponde a potencia neta.",70.0
2026-06-02,Recurso,PPA3,,Hour17,70000.0,kWh,kW,True,"La magnitud y comportamiento horario coinciden con CapEfecNeta, DispoReal y DispoCome y la descripcion oficial corresponde a potencia neta.",70.0
2026-06-02,Recurso,PPA3,,Hour18,70000.0,kWh,kW,True,"La magnitud y comportamiento horario coinciden con CapEfecNeta, DispoReal y DispoCome y la descripcion oficial corresponde a potencia neta.",70.0
2026-06-02,Recurso,PPA3,,Hour19,70000.0,kWh,kW,True,"La magnitud y comportamiento horario coinciden con CapEfecNeta, DispoReal y DispoCome y la descripcion oficial corresponde a potencia neta.",70.0
2026-06-02,Recurso,PPA3,,Hour20,70000.0,kWh,kW,True,"La magnitud y comportamiento horario coinciden con CapEfecNeta, DispoReal y DispoCome y la descripcion oficial corresponde a potencia neta.",70.0
2026-06-02,Recurso,PPA3,,Hour21,70000.0,kWh,kW,True,"La magnitud y comportamiento horario coinciden con CapEfecNeta, DispoReal y DispoCome y la descripcion oficial corresponde a potencia neta.",70.0
2026-06-02,Recurso,PPA3,,Hour22,70000.0,kWh,kW,True,"La magnitud y comportamiento horario coinciden con CapEfecNeta, DispoReal y DispoCome y la descripcion oficial corresponde a potencia neta.",70.0
2026-06-02,Recurso,PPA3,,Hour23,70000.0,kWh,kW,True,"La magnitud y comportamiento horario coinciden con CapEfecNeta, DispoReal y DispoCome y la descripcion oficial corresponde a potencia neta.",70.0
2026-06-02,Recurso,PPA3,,Hour24,70000.0,kWh,kW,True,"La magnitud y comportamiento horario coinciden con CapEfecNeta, DispoReal y DispoCome y la descripcion oficial corresponde a potencia neta.",70.0
2026-06-02,Recurso,PPA4,,Hour01,0.0,kWh,kW,True,"La magnitud y comportamiento horario coinciden con CapEfecNeta, DispoReal y DispoCome y la descripcion oficial corresponde a potencia neta.",0.0
2026-06-02,Recurso,PPA4,,Hour02,0.0,kWh,kW,True,"La magnitud y comportamiento horario coinciden con CapEfecNeta, DispoReal y DispoCome y la descripcion oficial corresponde a potencia neta.",0.0
2026-06-02,Recurso,PPA4,,Hour03,0.0,kWh,kW,True,"La magnitud y comportamiento horario coinciden con CapEfecNeta, DispoReal y DispoCome y la descripcion oficial corresponde a potencia neta.",0.0
2026-06-02,Recurso,PPA4,,Hour04,0.0,kWh,kW,True,"La magnitud y comportamiento horario coinciden con CapEfecNeta, DispoReal y DispoCome y la descripcion oficial corresponde a potencia neta.",0.0
2026-06-02,Recurso,PPA4,,Hour05,0.0,kWh,kW,True,"La magnitud y comportamiento horario coinciden con CapEfecNeta, DispoReal y DispoCome y la descripcion oficial corresponde a potencia neta.",0.0
2026-06-02,Recurso,PPA4,,Hour06,0.0,kWh,kW,True,"La magnitud y comportamiento horario coinciden con CapEfecNeta, DispoReal y DispoCome y la descripcion oficial corresponde a potencia neta.",0.0
2026-06-02,Recurso,PPA4,,Hour07,0.0,kWh,kW,True,"La magnitud y comportamiento horario coinciden con CapEfecNeta, DispoReal y DispoCome y la descripcion oficial corresponde a potencia neta.",0.0
2026-06-02,Recurso,PPA4,,Hour08,0.0,kWh,kW,True,"La magnitud y comportamiento horario coinciden con CapEfecNeta, DispoReal y DispoCome y la descripcion oficial corresponde a potencia neta.",0.0
2026-06-02,Recurso,PPA4,,Hour09,0.0,kWh,kW,True,"La magnitud y comportamiento horario coinciden con CapEfecNeta, DispoReal y DispoCome y la descripcion oficial corresponde a potencia neta.",0.0
2026-06-02,Recurso,PPA4,,Hour10,0.0,kWh,kW,True,"La magnitud y comportamiento horario coinciden con CapEfecNeta, DispoReal y DispoCome y la descripcion oficial corresponde a potencia neta.",0.0
2026-06-02,Recurso,PPA4,,Hour11,0.0,kWh,kW,True,"La magnitud y comportamiento horario coinciden con CapEfecNeta, DispoReal y DispoCome y la descripcion oficial corresponde a potencia neta.",0.0
2026-06-02,Recurso,PPA4,,Hour12,0.0,kWh,kW,True,"La magnitud y comportamiento horario coinciden con CapEfecNeta, DispoReal y DispoCome y la descripcion oficial corresponde a potencia neta.",0.0
2026-06-02,Recurso,PPA4,,Hour13,0.0,kWh,kW,True,"La magnitud y comportamiento horario coinciden con CapEfecNeta, DispoReal y DispoCome y la descripcion oficial corresponde a potencia neta.",0.0
2026-06-02,Recurso,PPA4,,Hour14,0.0,kWh,kW,True,"La magnitud y comportamiento horario coinciden con CapEfecNeta, DispoReal y DispoCome y la descripcion oficial corresponde a potencia neta.",0.0
2026-06-02,Recurso,PPA4,,Hour15,0.0,kWh,kW,True,"La magnitud y comportamiento horario coinciden con CapEfecNeta, DispoReal y DispoCome y la descripcion oficial corresponde a potencia neta.",0.0
2026-06-02,Recurso,PPA4,,Hour16,0.0,kWh,kW,True,"La magnitud y comportamiento horario coinciden con CapEfecNeta, DispoReal y DispoCome y la descripcion oficial corresponde a potencia neta.",0.0
2026-06-02,Recurso,PPA4,,Hour17,0.0,kWh,kW,True,"La magnitud y comportamiento horario coinciden con CapEfecNeta, DispoReal y DispoCome y la descripcion oficial corresponde a potencia neta.",0.0
2026-06-02,Recurso,PPA4,,Hour18,0.0,kWh,kW,True,"La magnitud y comportamiento horario coinciden con CapEfecNeta, DispoReal y DispoCome y la descripcion oficial corresponde a potencia neta.",0.0
2026-06-02,Recurso,PPA4,,Hour19,0.0,kWh,kW,True,"La magnitud y comportamiento horario coinciden con CapEfecNeta, DispoReal y DispoCome y la descripcion oficial corresponde a potencia neta.",0.0
2026-06-02,Recurso,PPA4,,Hour20,0.0,kWh,kW,True,"La magnitud y comportamiento horario coinciden con CapEfecNeta, DispoReal y DispoCome y la descripcion oficial corresponde a potencia neta.",0.0
2026-06-02,Recurso,PPA4,,Hour21,0.0,kWh,kW,True,"La magnitud y comportamiento horario coinciden con CapEfecNeta, DispoReal y DispoCome y la descripcion oficial corresponde a potencia neta.",0.0
2026-06-02,Recurso,PPA4,,Hour22,0.0,kWh,kW,True,"La magnitud y comportamiento horario coinciden con CapEfecNeta, DispoReal y DispoCome y la descripcion oficial corresponde a potencia neta.",0.0
2026-06-02,Recurso,PPA4,,Hour23,0.0,kWh,kW,True,"La magnitud y comportamiento horario coinciden con CapEfecNeta, DispoReal y DispoCome y la descripcion oficial corresponde a potencia neta.",0.0
2026-06-02,Recurso,PPA4,,Hour24,0.0,kWh,kW,True,"La magnitud y comportamiento horario coinciden con CapEfecNeta, DispoReal y DispoCome y la descripcion oficial corresponde a potencia neta.",0.0
2026-06-02,Recurso,PRC2,,Hour01,405000.0,kWh,kW,True,"La magnitud y comportamiento horario coinciden con CapEfecNeta, DispoReal y DispoCome y la descripcion oficial corresponde a potencia neta.",405.0
2026-06-02,Recurso,PRC2,,Hour02,405000.0,kWh,kW,True,"La magnitud y comportamiento horario coinciden con CapEfecNeta, DispoReal y DispoCome y la descripcion oficial corresponde a potencia neta.",405.0
2026-06-02,Recurso,PRC2,,Hour03,405000.0,kWh,kW,True,"La magnitud y comportamiento horario coinciden con CapEfecNeta, DispoReal y DispoCome y la descripcion oficial corresponde a potencia neta.",405.0
2026-06-02,Recurso,PRC2,,Hour04,405000.0,kWh,kW,True,"La magnitud y comportamiento horario coinciden con CapEfecNeta, DispoReal y DispoCome y la descripcion oficial corresponde a potencia neta.",405.0
2026-06-02,Recurso,PRC2,,Hour05,405000.0,kWh,kW,True,"La magnitud y comportamiento horario coinciden con CapEfecNeta, DispoReal y DispoCome y la descripcion oficial corresponde a potencia neta.",405.0
2026-06-02,Recurso,PRC2,,Hour06,405000.0,kWh,kW,True,"La magnitud y comportamiento horario coinciden con CapEfecNeta, DispoReal y DispoCome y la descripcion oficial corresponde a potencia neta.",405.0
2026-06-02,Recurso,PRC2,,Hour07,405000.0,kWh,kW,True,"La magnitud y comportamiento horario coinciden con CapEfecNeta, DispoReal y DispoCome y la descripcion oficial corresponde a potencia neta.",405.0
2026-06-02,Recurso,PRC2,,Hour08,405000.0,kWh,kW,True,"La magnitud y comportamiento horario coinciden con CapEfecNeta, DispoReal y DispoCome y la descripcion oficial corresponde a potencia neta.",405.0
2026-06-02,Recurso,PRC2,,Hour09,405000.0,kWh,kW,True,"La magnitud y comportamiento horario coinciden con CapEfecNeta, DispoReal y DispoCome y la descripcion oficial corresponde a potencia neta.",405.0
2026-06-02,Recurso,PRC2,,Hour10,405000.0,kWh,kW,True,"La magnitud y comportamiento horario coinciden con CapEfecNeta, DispoReal y DispoCome y la descripcion oficial corresponde a potencia neta.",405.0
2026-06-02,Recurso,PRC2,,Hour11,405000.0,kWh,kW,True,"La magnitud y comportamiento horario coinciden con CapEfecNeta, DispoReal y DispoCome y la descripcion oficial corresponde a potencia neta.",405.0
2026-06-02,Recurso,PRC2,,Hour12,405000.0,kWh,kW,True,"La magnitud y comportamiento horario coinciden con CapEfecNeta, DispoReal y DispoCome y la descripcion oficial corresponde a potencia neta.",405.0
2026-06-02,Recurso,PRC2,,Hour13,405000.0,kWh,kW,True,"La magnitud y comportamiento horario coinciden con CapEfecNeta, DispoReal y DispoCome y la descripcion oficial corresponde a potencia neta.",405.0
2026-06-02,Recurso,PRC2,,Hour14,405000.0,kWh,kW,True,"La magnitud y comportamiento horario coinciden con CapEfecNeta, DispoReal y DispoCome y la descripcion oficial corresponde a potencia neta.",405.0
2026-06-02,Recurso,PRC2,,Hour15,405000.0,kWh,kW,True,"La magnitud y comportamiento horario coinciden con CapEfecNeta, DispoReal y DispoCome y la descripcion oficial corresponde a potencia neta.",405.0
2026-06-02,Recurso,PRC2,,Hour16,405000.0,kWh,kW,True,"La magnitud y comportamiento horario coinciden con CapEfecNeta, DispoReal y DispoCome y la descripcion oficial corresponde a potencia neta.",405.0
2026-06-02,Recurso,PRC2,,Hour17,405000.0,kWh,kW,True,"La magnitud y comportamiento horario coinciden con CapEfecNeta, DispoReal y DispoCome y la descripcion oficial corresponde a potencia neta.",405.0
2026-06-02,Recurso,PRC2,,Hour18,405000.0,kWh,kW,True,"La magnitud y comportamiento horario coinciden con CapEfecNeta, DispoReal y DispoCome y la descripcion oficial corresponde a potencia neta.",405.0
2026-06-02,Recurso,PRC2,,Hour19,405000.0,kWh,kW,True,"La magnitud y comportamiento horario coinciden con CapEfecNeta, DispoReal y DispoCome y la descripcion oficial corresponde a potencia neta.",405.0
2026-06-02,Recurso,PRC2,,Hour20,405000.0,kWh,kW,True,"La magnitud y comportamiento horario coinciden con CapEfecNeta, DispoReal y DispoCome y la descripcion oficial corresponde a potencia neta.",405.0
2026-06-02,Recurso,PRC2,,Hour21,405000.0,kWh,kW,True,"La magnitud y comportamiento horario coinciden con CapEfecNeta, DispoReal y DispoCome y la descripcion oficial corresponde a potencia neta.",405.0
2026-06-02,Recurso,PRC2,,Hour22,405000.0,kWh,kW,True,"La magnitud y comportamiento horario coinciden con CapEfecNeta, DispoReal y DispoCome y la descripcion oficial corresponde a potencia neta.",405.0
2026-06-02,Recurso,PRC2,,Hour23,405000.0,kWh,kW,True,"La magnitud y comportamiento horario coinciden con CapEfecNeta, DispoReal y DispoCome y la descripcion oficial corresponde a potencia neta.",405.0
2026-06-02,Recurso,PRC2,,Hour24,405000.0,kWh,kW,True,"La magnitud y comportamiento horario coinciden con CapEfecNeta, DispoReal y DispoCome y la descripcion oficial corresponde a potencia neta.",405.0
2026-06-02,Recurso,PRC3,,Hour01,672000.0,kWh,kW,True,"La magnitud y comportamiento horario coinciden con CapEfecNeta, DispoReal y DispoCome y la descripcion oficial corresponde a potencia neta.",672.0
2026-06-02,Recurso,PRC3,,Hour02,672000.0,kWh,kW,True,"La magnitud y comportamiento horario coinciden con CapEfecNeta, DispoReal y DispoCome y la descripcion oficial corresponde a potencia neta.",672.0
2026-06-02,Recurso,PRC3,,Hour03,672000.0,kWh,kW,True,"La magnitud y comportamiento horario coinciden con CapEfecNeta, DispoReal y DispoCome y la descripcion oficial corresponde a potencia neta.",672.0
2026-06-02,Recurso,PRC3,,Hour04,672000.0,kWh,kW,True,"La magnitud y comportamiento horario coinciden con CapEfecNeta, DispoReal y DispoCome y la descripcion oficial corresponde a potencia neta.",672.0
2026-06-02,Recurso,PRC3,,Hour05,672000.0,kWh,kW,True,"La magnitud y comportamiento horario coinciden con CapEfecNeta, DispoReal y DispoCome y la descripcion oficial corresponde a potencia neta.",672.0
2026-06-02,Recurso,PRC3,,Hour06,672000.0,kWh,kW,True,"La magnitud y comportamiento horario coinciden con CapEfecNeta, DispoReal y DispoCome y la descripcion oficial corresponde a potencia neta.",672.0
2026-06-02,Recurso,PRC3,,Hour07,672000.0,kWh,kW,True,"La magnitud y comportamiento horario coinciden con CapEfecNeta, DispoReal y DispoCome y la descripcion oficial corresponde a potencia neta.",672.0
2026-06-02,Recurso,PRC3,,Hour08,672000.0,kWh,kW,True,"La magnitud y comportamiento horario coinciden con CapEfecNeta, DispoReal y DispoCome y la descripcion oficial corresponde a potencia neta.",672.0
2026-06-02,Recurso,PRC3,,Hour09,672000.0,kWh,kW,True,"La magnitud y comportamiento horario coinciden con CapEfecNeta, DispoReal y DispoCome y la descripcion oficial corresponde a potencia neta.",672.0
2026-06-02,Recurso,PRC3,,Hour10,672000.0,kWh,kW,True,"La magnitud y comportamiento horario coinciden con CapEfecNeta, DispoReal y DispoCome y la descripcion oficial corresponde a potencia neta.",672.0
2026-06-02,Recurso,PRC3,,Hour11,672000.0,kWh,kW,True,"La magnitud y comportamiento horario coinciden con CapEfecNeta, DispoReal y DispoCome y la descripcion oficial corresponde a potencia neta.",672.0
2026-06-02,Recurso,PRC3,,Hour12,672000.0,kWh,kW,True,"La magnitud y comportamiento horario coinciden con CapEfecNeta, DispoReal y DispoCome y la descripcion oficial corresponde a potencia neta.",672.0
2026-06-02,Recurso,PRC3,,Hour13,672000.0,kWh,kW,True,"La magnitud y comportamiento horario coinciden con CapEfecNeta, DispoReal y DispoCome y la descripcion oficial corresponde a potencia neta.",672.0
2026-06-02,Recurso,PRC3,,Hour14,672000.0,kWh,kW,True,"La magnitud y comportamiento horario coinciden con CapEfecNeta, DispoReal y DispoCome y la descripcion oficial corresponde a potencia neta.",672.0
2026-06-02,Recurso,PRC3,,Hour15,672000.0,kWh,kW,True,"La magnitud y comportamiento horario coinciden con CapEfecNeta, DispoReal y DispoCome y la descripcion oficial corresponde a potencia neta.",672.0
2026-06-02,Recurso,PRC3,,Hour16,672000.0,kWh,kW,True,"La magnitud y comportamiento horario coinciden con CapEfecNeta, DispoReal y DispoCome y la descripcion oficial corresponde a potencia neta.",672.0
2026-06-02,Recurso,PRC3,,Hour17,672000.0,kWh,kW,True,"La magnitud y comportamiento horario coinciden con CapEfecNeta, DispoReal y DispoCome y la descripcion oficial corresponde a potencia neta.",672.0
2026-06-02,Recurso,PRC3,,Hour18,672000.0,kWh,kW,True,"La magnitud y comportamiento horario coinciden con CapEfecNeta, DispoReal y DispoCome y la descripcion oficial corresponde a potencia neta.",672.0
2026-06-02,Recurso,PRC3,,Hour19,672000.0,kWh,kW,True,"La magnitud y comportamiento horario coinciden con CapEfecNeta, DispoReal y DispoCome y la descripcion oficial corresponde a potencia neta.",672.0
2026-06-02,Recurso,PRC3,,Hour20,672000.0,kWh,kW,True,"La magnitud y comportamiento horario coinciden con CapEfecNeta, DispoReal y DispoCome y la descripcion oficial corresponde a potencia neta.",672.0
2026-06-02,Recurso,PRC3,,Hour21,672000.0,kWh,kW,True,"La magnitud y comportamiento horario coinciden con CapEfecNeta, DispoReal y DispoCome y la descripcion oficial corresponde a potencia neta.",672.0
2026-06-02,Recurso,PRC3,,Hour22,672000.0,kWh,kW,True,"La magnitud y comportamiento horario coinciden con CapEfecNeta, DispoReal y DispoCome y la descripcion oficial corresponde a potencia neta.",672.0
2026-06-02,Recurso,PRC3,,Hour23,672000.0,kWh,kW,True,"La magnitud y comportamiento horario coinciden con CapEfecNeta, DispoReal y DispoCome y la descripcion oficial corresponde a potencia neta.",672.0
2026-06-02,Recurso,PRC3,,Hour24,672000.0,kWh,kW,True,"La magnitud y comportamiento horario coinciden con CapEfecNeta, DispoReal y DispoCome y la descripcion oficial corresponde a potencia neta.",672.0
2026-06-02,Recurso,PRDO,,Hour01,34000.0,kWh,kW,True,"La magnitud y comportamiento horario coinciden con CapEfecNeta, DispoReal y DispoCome y la descripcion oficial corresponde a potencia neta.",34.0
2026-06-02,Recurso,PRDO,,Hour02,34000.0,kWh,kW,True,"La magnitud y comportamiento horario coinciden con CapEfecNeta, DispoReal y DispoCome y la descripcion oficial corresponde a potencia neta.",34.0
2026-06-02,Recurso,PRDO,,Hour03,34000.0,kWh,kW,True,"La magnitud y comportamiento horario coinciden con CapEfecNeta, DispoReal y DispoCome y la descripcion oficial corresponde a potencia neta.",34.0
2026-06-02,Recurso,PRDO,,Hour04,34000.0,kWh,kW,True,"La magnitud y comportamiento horario coinciden con CapEfecNeta, DispoReal y DispoCome y la descripcion oficial corresponde a potencia neta.",34.0
2026-06-02,Recurso,PRDO,,Hour05,34000.0,kWh,kW,True,"La magnitud y comportamiento horario coinciden con CapEfecNeta, DispoReal y DispoCome y la descripcion oficial corresponde a potencia neta.",34.0
2026-06-02,Recurso,PRDO,,Hour06,34000.0,kWh,kW,True,"La magnitud y comportamiento horario coinciden con CapEfecNeta, DispoReal y DispoCome y la descripcion oficial corresponde a potencia neta.",34.0
2026-06-02,Recurso,PRDO,,Hour07,34000.0,kWh,kW,True,"La magnitud y comportamiento horario coinciden con CapEfecNeta, DispoReal y DispoCome y la descripcion oficial corresponde a potencia neta.",34.0
2026-06-02,Recurso,PRDO,,Hour08,34000.0,kWh,kW,True,"La magnitud y comportamiento horario coinciden con CapEfecNeta, DispoReal y DispoCome y la descripcion oficial corresponde a potencia neta.",34.0
2026-06-02,Recurso,PRDO,,Hour09,34000.0,kWh,kW,True,"La magnitud y comportamiento horario coinciden con CapEfecNeta, DispoReal y DispoCome y la descripcion oficial corresponde a potencia neta.",34.0
2026-06-02,Recurso,PRDO,,Hour10,34000.0,kWh,kW,True,"La magnitud y comportamiento horario coinciden con CapEfecNeta, DispoReal y DispoCome y la descripcion oficial corresponde a potencia neta.",34.0
2026-06-02,Recurso,PRDO,,Hour11,34000.0,kWh,kW,True,"La magnitud y comportamiento horario coinciden con CapEfecNeta, DispoReal y DispoCome y la descripcion oficial corresponde a potencia neta.",34.0
2026-06-02,Recurso,PRDO,,Hour12,34000.0,kWh,kW,True,"La magnitud y comportamiento horario coinciden con CapEfecNeta, DispoReal y DispoCome y la descripcion oficial corresponde a potencia neta.",34.0
2026-06-02,Recurso,PRDO,,Hour13,34000.0,kWh,kW,True,"La magnitud y comportamiento horario coinciden con CapEfecNeta, DispoReal y DispoCome y la descripcion oficial corresponde a potencia neta.",34.0
2026-06-02,Recurso,PRDO,,Hour14,34000.0,kWh,kW,True,"La magnitud y comportamiento horario coinciden con CapEfecNeta, DispoReal y DispoCome y la descripcion oficial corresponde a potencia neta.",34.0
2026-06-02,Recurso,PRDO,,Hour15,34000.0,kWh,kW,True,"La magnitud y comportamiento horario coinciden con CapEfecNeta, DispoReal y DispoCome y la descripcion oficial corresponde a potencia neta.",34.0
2026-06-02,Recurso,PRDO,,Hour16,34000.0,kWh,kW,True,"La magnitud y comportamiento horario coinciden con CapEfecNeta, DispoReal y DispoCome y la descripcion oficial corresponde a potencia neta.",34.0
2026-06-02,Recurso,PRDO,,Hour17,34000.0,kWh,kW,True,"La magnitud y comportamiento horario coinciden con CapEfecNeta, DispoReal y DispoCome y la descripcion oficial corresponde a potencia neta.",34.0
2026-06-02,Recurso,PRDO,,Hour18,34000.0,kWh,kW,True,"La magnitud y comportamiento horario coinciden con CapEfecNeta, DispoReal y DispoCome y la descripcion oficial corresponde a potencia neta.",34.0
2026-06-02,Recurso,PRDO,,Hour19,34000.0,kWh,kW,True,"La magnitud y comportamiento horario coinciden con CapEfecNeta, DispoReal y DispoCome y la descripcion oficial corresponde a potencia neta.",34.0
2026-06-02,Recurso,PRDO,,Hour20,34000.0,kWh,kW,True,"La magnitud y comportamiento horario coinciden con CapEfecNeta, DispoReal y DispoCome y la descripcion oficial corresponde a potencia neta.",34.0
2026-06-02,Recurso,PRDO,,Hour21,34000.0,kWh,kW,True,"La magnitud y comportamiento horario coinciden con CapEfecNeta, DispoReal y DispoCome y la descripcion oficial corresponde a potencia neta.",34.0
2026-06-02,Recurso,PRDO,,Hour22,34000.0,kWh,kW,True,"La magnitud y comportamiento horario coinciden con CapEfecNeta, DispoReal y DispoCome y la descripcion oficial corresponde a potencia neta.",34.0
2026-06-02,Recurso,PRDO,,Hour23,34000.0,kWh,kW,True,"La magnitud y comportamiento horario coinciden con CapEfecNeta, DispoReal y DispoCome y la descripcion oficial corresponde a potencia neta.",34.0
2026-06-02,Recurso,PRDO,,Hour24,34000.0,kWh,kW,True,"La magnitud y comportamiento horario coinciden con CapEfecNeta, DispoReal y DispoCome y la descripcion oficial corresponde a potencia neta.",34.0
2026-06-02,Recurso,PRG1,,Hour01,45000.0,kWh,kW,True,"La magnitud y comportamiento horario coinciden con CapEfecNeta, DispoReal y DispoCome y la descripcion oficial corresponde a potencia neta.",45.0
2026-06-02,Recurso,PRG1,,Hour02,45000.0,kWh,kW,True,"La magnitud y comportamiento horario coinciden con CapEfecNeta, DispoReal y DispoCome y la descripcion oficial corresponde a potencia neta.",45.0
2026-06-02,Recurso,PRG1,,Hour03,45000.0,kWh,kW,True,"La magnitud y comportamiento horario coinciden con CapEfecNeta, DispoReal y DispoCome y la descripcion oficial corresponde a potencia neta.",45.0
2026-06-02,Recurso,PRG1,,Hour04,45000.0,kWh,kW,True,"La magnitud y comportamiento horario coinciden con CapEfecNeta, DispoReal y DispoCome y la descripcion oficial corresponde a potencia neta.",45.0
2026-06-02,Recurso,PRG1,,Hour05,45000.0,kWh,kW,True,"La magnitud y comportamiento horario coinciden con CapEfecNeta, DispoReal y DispoCome y la descripcion oficial corresponde a potencia neta.",45.0
2026-06-02,Recurso,PRG1,,Hour06,45000.0,kWh,kW,True,"La magnitud y comportamiento horario coinciden con CapEfecNeta, DispoReal y DispoCome y la descripcion oficial corresponde a potencia neta.",45.0
2026-06-02,Recurso,PRG1,,Hour07,45000.0,kWh,kW,True,"La magnitud y comportamiento horario coinciden con CapEfecNeta, DispoReal y DispoCome y la descripcion oficial corresponde a potencia neta.",45.0
2026-06-02,Recurso,PRG1,,Hour08,45000.0,kWh,kW,True,"La magnitud y comportamiento horario coinciden con CapEfecNeta, DispoReal y DispoCome y la descripcion oficial corresponde a potencia neta.",45.0
2026-06-02,Recurso,PRG1,,Hour09,45000.0,kWh,kW,True,"La magnitud y comportamiento horario coinciden con CapEfecNeta, DispoReal y DispoCome y la descripcion oficial corresponde a potencia neta.",45.0
2026-06-02,Recurso,PRG1,,Hour10,45000.0,kWh,kW,True,"La magnitud y comportamiento horario coinciden con CapEfecNeta, DispoReal y DispoCome y la descripcion oficial corresponde a potencia neta.",45.0
2026-06-02,Recurso,PRG1,,Hour11,45000.0,kWh,kW,True,"La magnitud y comportamiento horario coinciden con CapEfecNeta, DispoReal y DispoCome y la descripcion oficial corresponde a potencia neta.",45.0
2026-06-02,Recurso,PRG1,,Hour12,45000.0,kWh,kW,True,"La magnitud y comportamiento horario coinciden con CapEfecNeta, DispoReal y DispoCome y la descripcion oficial corresponde a potencia neta.",45.0
2026-06-02,Recurso,PRG1,,Hour13,45000.0,kWh,kW,True,"La magnitud y comportamiento horario coinciden con CapEfecNeta, DispoReal y DispoCome y la descripcion oficial corresponde a potencia neta.",45.0
2026-06-02,Recurso,PRG1,,Hour14,45000.0,kWh,kW,True,"La magnitud y comportamiento horario coinciden con CapEfecNeta, DispoReal y DispoCome y la descripcion oficial corresponde a potencia neta.",45.0
2026-06-02,Recurso,PRG1,,Hour15,45000.0,kWh,kW,True,"La magnitud y comportamiento horario coinciden con CapEfecNeta, DispoReal y DispoCome y la descripcion oficial corresponde a potencia neta.",45.0
2026-06-02,Recurso,PRG1,,Hour16,45000.0,kWh,kW,True,"La magnitud y comportamiento horario coinciden con CapEfecNeta, DispoReal y DispoCome y la descripcion oficial corresponde a potencia neta.",45.0
2026-06-02,Recurso,PRG1,,Hour17,45000.0,kWh,kW,True,"La magnitud y comportamiento horario coinciden con CapEfecNeta, DispoReal y DispoCome y la descripcion oficial corresponde a potencia neta.",45.0
2026-06-02,Recurso,PRG1,,Hour18,45000.0,kWh,kW,True,"La magnitud y comportamiento horario coinciden con CapEfecNeta, DispoReal y DispoCome y la descripcion oficial corresponde a potencia neta.",45.0
2026-06-02,Recurso,PRG1,,Hour19,45000.0,kWh,kW,True,"La magnitud y comportamiento horario coinciden con CapEfecNeta, DispoReal y DispoCome y la descripcion oficial corresponde a potencia neta.",45.0
2026-06-02,Recurso,PRG1,,Hour20,45000.0,kWh,kW,True,"La magnitud y comportamiento horario coinciden con CapEfecNeta, DispoReal y DispoCome y la descripcion oficial corresponde a potencia neta.",45.0
2026-06-02,Recurso,PRG1,,Hour21,45000.0,kWh,kW,True,"La magnitud y comportamiento horario coinciden con CapEfecNeta, DispoReal y DispoCome y la descripcion oficial corresponde a potencia neta.",45.0
2026-06-02,Recurso,PRG1,,Hour22,45000.0,kWh,kW,True,"La magnitud y comportamiento horario coinciden con CapEfecNeta, DispoReal y DispoCome y la descripcion oficial corresponde a potencia neta.",45.0
2026-06-02,Recurso,PRG1,,Hour23,45000.0,kWh,kW,True,"La magnitud y comportamiento horario coinciden con CapEfecNeta, DispoReal y DispoCome y la descripcion oficial corresponde a potencia neta.",45.0
2026-06-02,Recurso,PRG1,,Hour24,45000.0,kWh,kW,True,"La magnitud y comportamiento horario coinciden con CapEfecNeta, DispoReal y DispoCome y la descripcion oficial corresponde a potencia neta.",45.0
2026-06-02,Recurso,PRG2,,Hour01,45000.0,kWh,kW,True,"La magnitud y comportamiento horario coinciden con CapEfecNeta, DispoReal y DispoCome y la descripcion oficial corresponde a potencia neta.",45.0
2026-06-02,Recurso,PRG2,,Hour02,45000.0,kWh,kW,True,"La magnitud y comportamiento horario coinciden con CapEfecNeta, DispoReal y DispoCome y la descripcion oficial corresponde a potencia neta.",45.0
2026-06-02,Recurso,PRG2,,Hour03,45000.0,kWh,kW,True,"La magnitud y comportamiento horario coinciden con CapEfecNeta, DispoReal y DispoCome y la descripcion oficial corresponde a potencia neta.",45.0
2026-06-02,Recurso,PRG2,,Hour04,45000.0,kWh,kW,True,"La magnitud y comportamiento horario coinciden con CapEfecNeta, DispoReal y DispoCome y la descripcion oficial corresponde a potencia neta.",45.0
2026-06-02,Recurso,PRG2,,Hour05,45000.0,kWh,kW,True,"La magnitud y comportamiento horario coinciden con CapEfecNeta, DispoReal y DispoCome y la descripcion oficial corresponde a potencia neta.",45.0
2026-06-02,Recurso,PRG2,,Hour06,45000.0,kWh,kW,True,"La magnitud y comportamiento horario coinciden con CapEfecNeta, DispoReal y DispoCome y la descripcion oficial corresponde a potencia neta.",45.0
2026-06-02,Recurso,PRG2,,Hour07,45000.0,kWh,kW,True,"La magnitud y comportamiento horario coinciden con CapEfecNeta, DispoReal y DispoCome y la descripcion oficial corresponde a potencia neta.",45.0
2026-06-02,Recurso,PRG2,,Hour08,45000.0,kWh,kW,True,"La magnitud y comportamiento horario coinciden con CapEfecNeta, DispoReal y DispoCome y la descripcion oficial corresponde a potencia neta.",45.0
2026-06-02,Recurso,PRG2,,Hour09,45000.0,kWh,kW,True,"La magnitud y comportamiento horario coinciden con CapEfecNeta, DispoReal y DispoCome y la descripcion oficial corresponde a potencia neta.",45.0
2026-06-02,Recurso,PRG2,,Hour10,45000.0,kWh,kW,True,"La magnitud y comportamiento horario coinciden con CapEfecNeta, DispoReal y DispoCome y la descripcion oficial corresponde a potencia neta.",45.0
2026-06-02,Recurso,PRG2,,Hour11,45000.0,kWh,kW,True,"La magnitud y comportamiento horario coinciden con CapEfecNeta, DispoReal y DispoCome y la descripcion oficial corresponde a potencia neta.",45.0
2026-06-02,Recurso,PRG2,,Hour12,45000.0,kWh,kW,True,"La magnitud y comportamiento horario coinciden con CapEfecNeta, DispoReal y DispoCome y la descripcion oficial corresponde a potencia neta.",45.0
2026-06-02,Recurso,PRG2,,Hour13,45000.0,kWh,kW,True,"La magnitud y comportamiento horario coinciden con CapEfecNeta, DispoReal y DispoCome y la descripcion oficial corresponde a potencia neta.",45.0
2026-06-02,Recurso,PRG2,,Hour14,45000.0,kWh,kW,True,"La magnitud y comportamiento horario coinciden con CapEfecNeta, DispoReal y DispoCome y la descripcion oficial corresponde a potencia neta.",45.0
2026-06-02,Recurso,PRG2,,Hour15,45000.0,kWh,kW,True,"La magnitud y comportamiento horario coinciden con CapEfecNeta, DispoReal y DispoCome y la descripcion oficial corresponde a potencia neta.",45.0
2026-06-02,Recurso,PRG2,,Hour16,45000.0,kWh,kW,True,"La magnitud y comportamiento horario coinciden con CapEfecNeta, DispoReal y DispoCome y la descripcion oficial corresponde a potencia neta.",45.0
2026-06-02,Recurso,PRG2,,Hour17,45000.0,kWh,kW,True,"La magnitud y comportamiento horario coinciden con CapEfecNeta, DispoReal y DispoCome y la descripcion oficial corresponde a potencia neta.",45.0
2026-06-02,Recurso,PRG2,,Hour18,45000.0,kWh,kW,True,"La magnitud y comportamiento horario coinciden con CapEfecNeta, DispoReal y DispoCome y la descripcion oficial corresponde a potencia neta.",45.0
2026-06-02,Recurso,PRG2,,Hour19,45000.0,kWh,kW,True,"La magnitud y comportamiento horario coinciden con CapEfecNeta, DispoReal y DispoCome y la descripcion oficial corresponde a potencia neta.",45.0
2026-06-02,Recurso,PRG2,,Hour20,45000.0,kWh,kW,True,"La magnitud y comportamiento horario coinciden con CapEfecNeta, DispoReal y DispoCome y la descripcion oficial corresponde a potencia neta.",45.0
2026-06-02,Recurso,PRG2,,Hour21,45000.0,kWh,kW,True,"La magnitud y comportamiento horario coinciden con CapEfecNeta, DispoReal y DispoCome y la descripcion oficial corresponde a potencia neta.",45.0
2026-06-02,Recurso,PRG2,,Hour22,45000.0,kWh,kW,True,"La magnitud y comportamiento horario coinciden con CapEfecNeta, DispoReal y DispoCome y la descripcion oficial corresponde a potencia neta.",45.0
2026-06-02,Recurso,PRG2,,Hour23,45000.0,kWh,kW,True,"La magnitud y comportamiento horario coinciden con CapEfecNeta, DispoReal y DispoCome y la descripcion oficial corresponde a potencia neta.",45.0
2026-06-02,Recurso,PRG2,,Hour24,45000.0,kWh,kW,True,"La magnitud y comportamiento horario coinciden con CapEfecNeta, DispoReal y DispoCome y la descripcion oficial corresponde a potencia neta.",45.0
2026-06-02,Recurso,QUI1,,Hour01,326000.0,kWh,kW,True,"La magnitud y comportamiento horario coinciden con CapEfecNeta, DispoReal y DispoCome y la descripcion oficial corresponde a potencia neta.",326.0
2026-06-02,Recurso,QUI1,,Hour02,326000.0,kWh,kW,True,"La magnitud y comportamiento horario coinciden con CapEfecNeta, DispoReal y DispoCome y la descripcion oficial corresponde a potencia neta.",326.0
2026-06-02,Recurso,QUI1,,Hour03,326000.0,kWh,kW,True,"La magnitud y comportamiento horario coinciden con CapEfecNeta, DispoReal y DispoCome y la descripcion oficial corresponde a potencia neta.",326.0
2026-06-02,Recurso,QUI1,,Hour04,326000.0,kWh,kW,True,"La magnitud y comportamiento horario coinciden con CapEfecNeta, DispoReal y DispoCome y la descripcion oficial corresponde a potencia neta.",326.0
2026-06-02,Recurso,QUI1,,Hour05,326000.0,kWh,kW,True,"La magnitud y comportamiento horario coinciden con CapEfecNeta, DispoReal y DispoCome y la descripcion oficial corresponde a potencia neta.",326.0
2026-06-02,Recurso,QUI1,,Hour06,326000.0,kWh,kW,True,"La magnitud y comportamiento horario coinciden con CapEfecNeta, DispoReal y DispoCome y la descripcion oficial corresponde a potencia neta.",326.0
2026-06-02,Recurso,QUI1,,Hour07,326000.0,kWh,kW,True,"La magnitud y comportamiento horario coinciden con CapEfecNeta, DispoReal y DispoCome y la descripcion oficial corresponde a potencia neta.",326.0
2026-06-02,Recurso,QUI1,,Hour08,326000.0,kWh,kW,True,"La magnitud y comportamiento horario coinciden con CapEfecNeta, DispoReal y DispoCome y la descripcion oficial corresponde a potencia neta.",326.0
2026-06-02,Recurso,QUI1,,Hour09,326000.0,kWh,kW,True,"La magnitud y comportamiento horario coinciden con CapEfecNeta, DispoReal y DispoCome y la descripcion oficial corresponde a potencia neta.",326.0
2026-06-02,Recurso,QUI1,,Hour10,326000.0,kWh,kW,True,"La magnitud y comportamiento horario coinciden con CapEfecNeta, DispoReal y DispoCome y la descripcion oficial corresponde a potencia neta.",326.0
2026-06-02,Recurso,QUI1,,Hour11,326000.0,kWh,kW,True,"La magnitud y comportamiento horario coinciden con CapEfecNeta, DispoReal y DispoCome y la descripcion oficial corresponde a potencia neta.",326.0
2026-06-02,Recurso,QUI1,,Hour12,326000.0,kWh,kW,True,"La magnitud y comportamiento horario coinciden con CapEfecNeta, DispoReal y DispoCome y la descripcion oficial corresponde a potencia neta.",326.0
2026-06-02,Recurso,QUI1,,Hour13,326000.0,kWh,kW,True,"La magnitud y comportamiento horario coinciden con CapEfecNeta, DispoReal y DispoCome y la descripcion oficial corresponde a potencia neta.",326.0
2026-06-02,Recurso,QUI1,,Hour14,326000.0,kWh,kW,True,"La magnitud y comportamiento horario coinciden con CapEfecNeta, DispoReal y DispoCome y la descripcion oficial corresponde a potencia neta.",326.0
2026-06-02,Recurso,QUI1,,Hour15,326000.0,kWh,kW,True,"La magnitud y comportamiento horario coinciden con CapEfecNeta, DispoReal y DispoCome y la descripcion oficial corresponde a potencia neta.",326.0
2026-06-02,Recurso,QUI1,,Hour16,326000.0,kWh,kW,True,"La magnitud y comportamiento horario coinciden con CapEfecNeta, DispoReal y DispoCome y la descripcion oficial corresponde a potencia neta.",326.0
2026-06-02,Recurso,QUI1,,Hour17,326000.0,kWh,kW,True,"La magnitud y comportamiento horario coinciden con CapEfecNeta, DispoReal y DispoCome y la descripcion oficial corresponde a potencia neta.",326.0
2026-06-02,Recurso,QUI1,,Hour18,326000.0,kWh,kW,True,"La magnitud y comportamiento horario coinciden con CapEfecNeta, DispoReal y DispoCome y la descripcion oficial corresponde a potencia neta.",326.0
2026-06-02,Recurso,QUI1,,Hour19,326000.0,kWh,kW,True,"La magnitud y comportamiento horario coinciden con CapEfecNeta, DispoReal y DispoCome y la descripcion oficial corresponde a potencia neta.",326.0
2026-06-02,Recurso,QUI1,,Hour20,326000.0,kWh,kW,True,"La magnitud y comportamiento horario coinciden con CapEfecNeta, DispoReal y DispoCome y la descripcion oficial corresponde a potencia neta.",326.0
2026-06-02,Recurso,QUI1,,Hour21,326000.0,kWh,kW,True,"La magnitud y comportamiento horario coinciden con CapEfecNeta, DispoReal y DispoCome y la descripcion oficial corresponde a potencia neta.",326.0
2026-06-02,Recurso,QUI1,,Hour22,326000.0,kWh,kW,True,"La magnitud y comportamiento horario coinciden con CapEfecNeta, DispoReal y DispoCome y la descripcion oficial corresponde a potencia neta.",326.0
2026-06-02,Recurso,QUI1,,Hour23,326000.0,kWh,kW,True,"La magnitud y comportamiento horario coinciden con CapEfecNeta, DispoReal y DispoCome y la descripcion oficial corresponde a potencia neta.",326.0
2026-06-02,Recurso,QUI1,,Hour24,326000.0,kWh,kW,True,"La magnitud y comportamiento horario coinciden con CapEfecNeta, DispoReal y DispoCome y la descripcion oficial corresponde a potencia neta.",326.0
2026-06-02,Recurso,SLVJ,,Hour01,315000.0,kWh,kW,True,"La magnitud y comportamiento horario coinciden con CapEfecNeta, DispoReal y DispoCome y la descripcion oficial corresponde a potencia neta.",315.0
2026-06-02,Recurso,SLVJ,,Hour02,315000.0,kWh,kW,True,"La magnitud y comportamiento horario coinciden con CapEfecNeta, DispoReal y DispoCome y la descripcion oficial corresponde a potencia neta.",315.0
2026-06-02,Recurso,SLVJ,,Hour03,315000.0,kWh,kW,True,"La magnitud y comportamiento horario coinciden con CapEfecNeta, DispoReal y DispoCome y la descripcion oficial corresponde a potencia neta.",315.0
2026-06-02,Recurso,SLVJ,,Hour04,315000.0,kWh,kW,True,"La magnitud y comportamiento horario coinciden con CapEfecNeta, DispoReal y DispoCome y la descripcion oficial corresponde a potencia neta.",315.0
2026-06-02,Recurso,SLVJ,,Hour05,315000.0,kWh,kW,True,"La magnitud y comportamiento horario coinciden con CapEfecNeta, DispoReal y DispoCome y la descripcion oficial corresponde a potencia neta.",315.0
2026-06-02,Recurso,SLVJ,,Hour06,315000.0,kWh,kW,True,"La magnitud y comportamiento horario coinciden con CapEfecNeta, DispoReal y DispoCome y la descripcion oficial corresponde a potencia neta.",315.0
2026-06-02,Recurso,SLVJ,,Hour07,315000.0,kWh,kW,True,"La magnitud y comportamiento horario coinciden con CapEfecNeta, DispoReal y DispoCome y la descripcion oficial corresponde a potencia neta.",315.0
2026-06-02,Recurso,SLVJ,,Hour08,315000.0,kWh,kW,True,"La magnitud y comportamiento horario coinciden con CapEfecNeta, DispoReal y DispoCome y la descripcion oficial corresponde a potencia neta.",315.0
2026-06-02,Recurso,SLVJ,,Hour09,315000.0,kWh,kW,True,"La magnitud y comportamiento horario coinciden con CapEfecNeta, DispoReal y DispoCome y la descripcion oficial corresponde a potencia neta.",315.0
2026-06-02,Recurso,SLVJ,,Hour10,315000.0,kWh,kW,True,"La magnitud y comportamiento horario coinciden con CapEfecNeta, DispoReal y DispoCome y la descripcion oficial corresponde a potencia neta.",315.0
2026-06-02,Recurso,SLVJ,,Hour11,315000.0,kWh,kW,True,"La magnitud y comportamiento horario coinciden con CapEfecNeta, DispoReal y DispoCome y la descripcion oficial corresponde a potencia neta.",315.0
2026-06-02,Recurso,SLVJ,,Hour12,315000.0,kWh,kW,True,"La magnitud y comportamiento horario coinciden con CapEfecNeta, DispoReal y DispoCome y la descripcion oficial corresponde a potencia neta.",315.0
2026-06-02,Recurso,SLVJ,,Hour13,315000.0,kWh,kW,True,"La magnitud y comportamiento horario coinciden con CapEfecNeta, DispoReal y DispoCome y la descripcion oficial corresponde a potencia neta.",315.0
2026-06-02,Recurso,SLVJ,,Hour14,315000.0,kWh,kW,True,"La magnitud y comportamiento horario coinciden con CapEfecNeta, DispoReal y DispoCome y la descripcion oficial corresponde a potencia neta.",315.0
2026-06-02,Recurso,SLVJ,,Hour15,315000.0,kWh,kW,True,"La magnitud y comportamiento horario coinciden con CapEfecNeta, DispoReal y DispoCome y la descripcion oficial corresponde a potencia neta.",315.0
2026-06-02,Recurso,SLVJ,,Hour16,315000.0,kWh,kW,True,"La magnitud y comportamiento horario coinciden con CapEfecNeta, DispoReal y DispoCome y la descripcion oficial corresponde a potencia neta.",315.0
2026-06-02,Recurso,SLVJ,,Hour17,315000.0,kWh,kW,True,"La magnitud y comportamiento horario coinciden con CapEfecNeta, DispoReal y DispoCome y la descripcion oficial corresponde a potencia neta.",315.0
2026-06-02,Recurso,SLVJ,,Hour18,315000.0,kWh,kW,True,"La magnitud y comportamiento horario coinciden con CapEfecNeta, DispoReal y DispoCome y la descripcion oficial corresponde a potencia neta.",315.0
2026-06-02,Recurso,SLVJ,,Hour19,315000.0,kWh,kW,True,"La magnitud y comportamiento horario coinciden con CapEfecNeta, DispoReal y DispoCome y la descripcion oficial corresponde a potencia neta.",315.0
2026-06-02,Recurso,SLVJ,,Hour20,315000.0,kWh,kW,True,"La magnitud y comportamiento horario coinciden con CapEfecNeta, DispoReal y DispoCome y la descripcion oficial corresponde a potencia neta.",315.0
2026-06-02,Recurso,SLVJ,,Hour21,315000.0,kWh,kW,True,"La magnitud y comportamiento horario coinciden con CapEfecNeta, DispoReal y DispoCome y la descripcion oficial corresponde a potencia neta.",315.0
2026-06-02,Recurso,SLVJ,,Hour22,315000.0,kWh,kW,True,"La magnitud y comportamiento horario coinciden con CapEfecNeta, DispoReal y DispoCome y la descripcion oficial corresponde a potencia neta.",315.0
2026-06-02,Recurso,SLVJ,,Hour23,315000.0,kWh,kW,True,"La magnitud y comportamiento horario coinciden con CapEfecNeta, DispoReal y DispoCome y la descripcion oficial corresponde a potencia neta.",315.0
2026-06-02,Recurso,SLVJ,,Hour24,315000.0,kWh,kW,True,"La magnitud y comportamiento horario coinciden con CapEfecNeta, DispoReal y DispoCome y la descripcion oficial corresponde a potencia neta.",315.0
2026-06-03,Recurso,PPA2,,Hour01,72000.0,kWh,kW,True,"La magnitud y comportamiento horario coinciden con CapEfecNeta, DispoReal y DispoCome y la descripcion oficial corresponde a potencia neta.",72.0
2026-06-03,Recurso,PPA2,,Hour02,72000.0,kWh,kW,True,"La magnitud y comportamiento horario coinciden con CapEfecNeta, DispoReal y DispoCome y la descripcion oficial corresponde a potencia neta.",72.0
2026-06-03,Recurso,PPA2,,Hour03,72000.0,kWh,kW,True,"La magnitud y comportamiento horario coinciden con CapEfecNeta, DispoReal y DispoCome y la descripcion oficial corresponde a potencia neta.",72.0
2026-06-03,Recurso,PPA2,,Hour04,72000.0,kWh,kW,True,"La magnitud y comportamiento horario coinciden con CapEfecNeta, DispoReal y DispoCome y la descripcion oficial corresponde a potencia neta.",72.0
2026-06-03,Recurso,PPA2,,Hour05,72000.0,kWh,kW,True,"La magnitud y comportamiento horario coinciden con CapEfecNeta, DispoReal y DispoCome y la descripcion oficial corresponde a potencia neta.",72.0
2026-06-03,Recurso,PPA2,,Hour06,72000.0,kWh,kW,True,"La magnitud y comportamiento horario coinciden con CapEfecNeta, DispoReal y DispoCome y la descripcion oficial corresponde a potencia neta.",72.0
2026-06-03,Recurso,PPA2,,Hour07,72000.0,kWh,kW,True,"La magnitud y comportamiento horario coinciden con CapEfecNeta, DispoReal y DispoCome y la descripcion oficial corresponde a potencia neta.",72.0
2026-06-03,Recurso,PPA2,,Hour08,72000.0,kWh,kW,True,"La magnitud y comportamiento horario coinciden con CapEfecNeta, DispoReal y DispoCome y la descripcion oficial corresponde a potencia neta.",72.0
2026-06-03,Recurso,PPA2,,Hour09,72000.0,kWh,kW,True,"La magnitud y comportamiento horario coinciden con CapEfecNeta, DispoReal y DispoCome y la descripcion oficial corresponde a potencia neta.",72.0
2026-06-03,Recurso,PPA2,,Hour10,72000.0,kWh,kW,True,"La magnitud y comportamiento horario coinciden con CapEfecNeta, DispoReal y DispoCome y la descripcion oficial corresponde a potencia neta.",72.0
2026-06-03,Recurso,PPA2,,Hour11,72000.0,kWh,kW,True,"La magnitud y comportamiento horario coinciden con CapEfecNeta, DispoReal y DispoCome y la descripcion oficial corresponde a potencia neta.",72.0
2026-06-03,Recurso,PPA2,,Hour12,72000.0,kWh,kW,True,"La magnitud y comportamiento horario coinciden con CapEfecNeta, DispoReal y DispoCome y la descripcion oficial corresponde a potencia neta.",72.0
2026-06-03,Recurso,PPA2,,Hour13,72000.0,kWh,kW,True,"La magnitud y comportamiento horario coinciden con CapEfecNeta, DispoReal y DispoCome y la descripcion oficial corresponde a potencia neta.",72.0
2026-06-03,Recurso,PPA2,,Hour14,72000.0,kWh,kW,True,"La magnitud y comportamiento horario coinciden con CapEfecNeta, DispoReal y DispoCome y la descripcion oficial corresponde a potencia neta.",72.0
2026-06-03,Recurso,PPA2,,Hour15,72000.0,kWh,kW,True,"La magnitud y comportamiento horario coinciden con CapEfecNeta, DispoReal y DispoCome y la descripcion oficial corresponde a potencia neta.",72.0
2026-06-03,Recurso,PPA2,,Hour16,72000.0,kWh,kW,True,"La magnitud y comportamiento horario coinciden con CapEfecNeta, DispoReal y DispoCome y la descripcion oficial corresponde a potencia neta.",72.0
2026-06-03,Recurso,PPA2,,Hour17,72000.0,kWh,kW,True,"La magnitud y comportamiento horario coinciden con CapEfecNeta, DispoReal y DispoCome y la descripcion oficial corresponde a potencia neta.",72.0
2026-06-03,Recurso,PPA2,,Hour18,72000.0,kWh,kW,True,"La magnitud y comportamiento horario coinciden con CapEfecNeta, DispoReal y DispoCome y la descripcion oficial corresponde a potencia neta.",72.0
2026-06-03,Recurso,PPA2,,Hour19,72000.0,kWh,kW,True,"La magnitud y comportamiento horario coinciden con CapEfecNeta, DispoReal y DispoCome y la descripcion oficial corresponde a potencia neta.",72.0
2026-06-03,Recurso,PPA2,,Hour20,72000.0,kWh,kW,True,"La magnitud y comportamiento horario coinciden con CapEfecNeta, DispoReal y DispoCome y la descripcion oficial corresponde a potencia neta.",72.0
2026-06-03,Recurso,PPA2,,Hour21,72000.0,kWh,kW,True,"La magnitud y comportamiento horario coinciden con CapEfecNeta, DispoReal y DispoCome y la descripcion oficial corresponde a potencia neta.",72.0
2026-06-03,Recurso,PPA2,,Hour22,72000.0,kWh,kW,True,"La magnitud y comportamiento horario coinciden con CapEfecNeta, DispoReal y DispoCome y la descripcion oficial corresponde a potencia neta.",72.0
2026-06-03,Recurso,PPA2,,Hour23,72000.0,kWh,kW,True,"La magnitud y comportamiento horario coinciden con CapEfecNeta, DispoReal y DispoCome y la descripcion oficial corresponde a potencia neta.",72.0
2026-06-03,Recurso,PPA2,,Hour24,72000.0,kWh,kW,True,"La magnitud y comportamiento horario coinciden con CapEfecNeta, DispoReal y DispoCome y la descripcion oficial corresponde a potencia neta.",72.0
2026-06-03,Recurso,PPA3,,Hour01,70000.0,kWh,kW,True,"La magnitud y comportamiento horario coinciden con CapEfecNeta, DispoReal y DispoCome y la descripcion oficial corresponde a potencia neta.",70.0
2026-06-03,Recurso,PPA3,,Hour02,70000.0,kWh,kW,True,"La magnitud y comportamiento horario coinciden con CapEfecNeta, DispoReal y DispoCome y la descripcion oficial corresponde a potencia neta.",70.0
2026-06-03,Recurso,PPA3,,Hour03,70000.0,kWh,kW,True,"La magnitud y comportamiento horario coinciden con CapEfecNeta, DispoReal y DispoCome y la descripcion oficial corresponde a potencia neta.",70.0
2026-06-03,Recurso,PPA3,,Hour04,70000.0,kWh,kW,True,"La magnitud y comportamiento horario coinciden con CapEfecNeta, DispoReal y DispoCome y la descripcion oficial corresponde a potencia neta.",70.0
2026-06-03,Recurso,PPA3,,Hour05,70000.0,kWh,kW,True,"La magnitud y comportamiento horario coinciden con CapEfecNeta, DispoReal y DispoCome y la descripcion oficial corresponde a potencia neta.",70.0
2026-06-03,Recurso,PPA3,,Hour06,70000.0,kWh,kW,True,"La magnitud y comportamiento horario coinciden con CapEfecNeta, DispoReal y DispoCome y la descripcion oficial corresponde a potencia neta.",70.0
2026-06-03,Recurso,PPA3,,Hour07,70000.0,kWh,kW,True,"La magnitud y comportamiento horario coinciden con CapEfecNeta, DispoReal y DispoCome y la descripcion oficial corresponde a potencia neta.",70.0
2026-06-03,Recurso,PPA3,,Hour08,70000.0,kWh,kW,True,"La magnitud y comportamiento horario coinciden con CapEfecNeta, DispoReal y DispoCome y la descripcion oficial corresponde a potencia neta.",70.0
2026-06-03,Recurso,PPA3,,Hour09,70000.0,kWh,kW,True,"La magnitud y comportamiento horario coinciden con CapEfecNeta, DispoReal y DispoCome y la descripcion oficial corresponde a potencia neta.",70.0
2026-06-03,Recurso,PPA3,,Hour10,70000.0,kWh,kW,True,"La magnitud y comportamiento horario coinciden con CapEfecNeta, DispoReal y DispoCome y la descripcion oficial corresponde a potencia neta.",70.0
2026-06-03,Recurso,PPA3,,Hour11,70000.0,kWh,kW,True,"La magnitud y comportamiento horario coinciden con CapEfecNeta, DispoReal y DispoCome y la descripcion oficial corresponde a potencia neta.",70.0
2026-06-03,Recurso,PPA3,,Hour12,70000.0,kWh,kW,True,"La magnitud y comportamiento horario coinciden con CapEfecNeta, DispoReal y DispoCome y la descripcion oficial corresponde a potencia neta.",70.0
2026-06-03,Recurso,PPA3,,Hour13,70000.0,kWh,kW,True,"La magnitud y comportamiento horario coinciden con CapEfecNeta, DispoReal y DispoCome y la descripcion oficial corresponde a potencia neta.",70.0
2026-06-03,Recurso,PPA3,,Hour14,70000.0,kWh,kW,True,"La magnitud y comportamiento horario coinciden con CapEfecNeta, DispoReal y DispoCome y la descripcion oficial corresponde a potencia neta.",70.0
2026-06-03,Recurso,PPA3,,Hour15,70000.0,kWh,kW,True,"La magnitud y comportamiento horario coinciden con CapEfecNeta, DispoReal y DispoCome y la descripcion oficial corresponde a potencia neta.",70.0
2026-06-03,Recurso,PPA3,,Hour16,70000.0,kWh,kW,True,"La magnitud y comportamiento horario coinciden con CapEfecNeta, DispoReal y DispoCome y la descripcion oficial corresponde a potencia neta.",70.0
2026-06-03,Recurso,PPA3,,Hour17,70000.0,kWh,kW,True,"La magnitud y comportamiento horario coinciden con CapEfecNeta, DispoReal y DispoCome y la descripcion oficial corresponde a potencia neta.",70.0
2026-06-03,Recurso,PPA3,,Hour18,70000.0,kWh,kW,True,"La magnitud y comportamiento horario coinciden con CapEfecNeta, DispoReal y DispoCome y la descripcion oficial corresponde a potencia neta.",70.0
2026-06-03,Recurso,PPA3,,Hour19,70000.0,kWh,kW,True,"La magnitud y comportamiento horario coinciden con CapEfecNeta, DispoReal y DispoCome y la descripcion oficial corresponde a potencia neta.",70.0
2026-06-03,Recurso,PPA3,,Hour20,70000.0,kWh,kW,True,"La magnitud y comportamiento horario coinciden con CapEfecNeta, DispoReal y DispoCome y la descripcion oficial corresponde a potencia neta.",70.0
2026-06-03,Recurso,PPA3,,Hour21,70000.0,kWh,kW,True,"La magnitud y comportamiento horario coinciden con CapEfecNeta, DispoReal y DispoCome y la descripcion oficial corresponde a potencia neta.",70.0
2026-06-03,Recurso,PPA3,,Hour22,70000.0,kWh,kW,True,"La magnitud y comportamiento horario coinciden con CapEfecNeta, DispoReal y DispoCome y la descripcion oficial corresponde a potencia neta.",70.0
2026-06-03,Recurso,PPA3,,Hour23,70000.0,kWh,kW,True,"La magnitud y comportamiento horario coinciden con CapEfecNeta, DispoReal y DispoCome y la descripcion oficial corresponde a potencia neta.",70.0
2026-06-03,Recurso,PPA3,,Hour24,70000.0,kWh,kW,True,"La magnitud y comportamiento horario coinciden con CapEfecNeta, DispoReal y DispoCome y la descripcion oficial corresponde a potencia neta.",70.0
2026-06-03,Recurso,PPA4,,Hour01,0.0,kWh,kW,True,"La magnitud y comportamiento horario coinciden con CapEfecNeta, DispoReal y DispoCome y la descripcion oficial corresponde a potencia neta.",0.0
2026-06-03,Recurso,PPA4,,Hour02,0.0,kWh,kW,True,"La magnitud y comportamiento horario coinciden con CapEfecNeta, DispoReal y DispoCome y la descripcion oficial corresponde a potencia neta.",0.0
2026-06-03,Recurso,PPA4,,Hour03,0.0,kWh,kW,True,"La magnitud y comportamiento horario coinciden con CapEfecNeta, DispoReal y DispoCome y la descripcion oficial corresponde a potencia neta.",0.0
2026-06-03,Recurso,PPA4,,Hour04,0.0,kWh,kW,True,"La magnitud y comportamiento horario coinciden con CapEfecNeta, DispoReal y DispoCome y la descripcion oficial corresponde a potencia neta.",0.0
2026-06-03,Recurso,PPA4,,Hour05,0.0,kWh,kW,True,"La magnitud y comportamiento horario coinciden con CapEfecNeta, DispoReal y DispoCome y la descripcion oficial corresponde a potencia neta.",0.0
2026-06-03,Recurso,PPA4,,Hour06,0.0,kWh,kW,True,"La magnitud y comportamiento horario coinciden con CapEfecNeta, DispoReal y DispoCome y la descripcion oficial corresponde a potencia neta.",0.0
2026-06-03,Recurso,PPA4,,Hour07,0.0,kWh,kW,True,"La magnitud y comportamiento horario coinciden con CapEfecNeta, DispoReal y DispoCome y la descripcion oficial corresponde a potencia neta.",0.0
2026-06-03,Recurso,PPA4,,Hour08,0.0,kWh,kW,True,"La magnitud y comportamiento horario coinciden con CapEfecNeta, DispoReal y DispoCome y la descripcion oficial corresponde a potencia neta.",0.0
2026-06-03,Recurso,PPA4,,Hour09,0.0,kWh,kW,True,"La magnitud y comportamiento horario coinciden con CapEfecNeta, DispoReal y DispoCome y la descripcion oficial corresponde a potencia neta.",0.0
2026-06-03,Recurso,PPA4,,Hour10,0.0,kWh,kW,True,"La magnitud y comportamiento horario coinciden con CapEfecNeta, DispoReal y DispoCome y la descripcion oficial corresponde a potencia neta.",0.0
2026-06-03,Recurso,PPA4,,Hour11,0.0,kWh,kW,True,"La magnitud y comportamiento horario coinciden con CapEfecNeta, DispoReal y DispoCome y la descripcion oficial corresponde a potencia neta.",0.0
2026-06-03,Recurso,PPA4,,Hour12,0.0,kWh,kW,True,"La magnitud y comportamiento horario coinciden con CapEfecNeta, DispoReal y DispoCome y la descripcion oficial corresponde a potencia neta.",0.0
2026-06-03,Recurso,PPA4,,Hour13,0.0,kWh,kW,True,"La magnitud y comportamiento horario coinciden con CapEfecNeta, DispoReal y DispoCome y la descripcion oficial corresponde a potencia neta.",0.0
2026-06-03,Recurso,PPA4,,Hour14,0.0,kWh,kW,True,"La magnitud y comportamiento horario coinciden con CapEfecNeta, DispoReal y DispoCome y la descripcion oficial corresponde a potencia neta.",0.0
2026-06-03,Recurso,PPA4,,Hour15,0.0,kWh,kW,True,"La magnitud y comportamiento horario coinciden con CapEfecNeta, DispoReal y DispoCome y la descripcion oficial corresponde a potencia neta.",0.0
2026-06-03,Recurso,PPA4,,Hour16,0.0,kWh,kW,True,"La magnitud y comportamiento horario coinciden con CapEfecNeta, DispoReal y DispoCome y la descripcion oficial corresponde a potencia neta.",0.0
2026-06-03,Recurso,PPA4,,Hour17,0.0,kWh,kW,True,"La magnitud y comportamiento horario coinciden con CapEfecNeta, DispoReal y DispoCome y la descripcion oficial corresponde a potencia neta.",0.0
2026-06-03,Recurso,PPA4,,Hour18,0.0,kWh,kW,True,"La magnitud y comportamiento horario coinciden con CapEfecNeta, DispoReal y DispoCome y la descripcion oficial corresponde a potencia neta.",0.0
2026-06-03,Recurso,PPA4,,Hour19,0.0,kWh,kW,True,"La magnitud y comportamiento horario coinciden con CapEfecNeta, DispoReal y DispoCome y la descripcion oficial corresponde a potencia neta.",0.0
2026-06-03,Recurso,PPA4,,Hour20,0.0,kWh,kW,True,"La magnitud y comportamiento horario coinciden con CapEfecNeta, DispoReal y DispoCome y la descripcion oficial corresponde a potencia neta.",0.0
2026-06-03,Recurso,PPA4,,Hour21,0.0,kWh,kW,True,"La magnitud y comportamiento horario coinciden con CapEfecNeta, DispoReal y DispoCome y la descripcion oficial corresponde a potencia neta.",0.0
2026-06-03,Recurso,PPA4,,Hour22,0.0,kWh,kW,True,"La magnitud y comportamiento horario coinciden con CapEfecNeta, DispoReal y DispoCome y la descripcion oficial corresponde a potencia neta.",0.0
2026-06-03,Recurso,PPA4,,Hour23,0.0,kWh,kW,True,"La magnitud y comportamiento horario coinciden con CapEfecNeta, DispoReal y DispoCome y la descripcion oficial corresponde a potencia neta.",0.0
2026-06-03,Recurso,PPA4,,Hour24,0.0,kWh,kW,True,"La magnitud y comportamiento horario coinciden con CapEfecNeta, DispoReal y DispoCome y la descripcion oficial corresponde a potencia neta.",0.0
2026-06-03,Recurso,PRC2,,Hour01,405000.0,kWh,kW,True,"La magnitud y comportamiento horario coinciden con CapEfecNeta, DispoReal y DispoCome y la descripcion oficial corresponde a potencia neta.",405.0
2026-06-03,Recurso,PRC2,,Hour02,405000.0,kWh,kW,True,"La magnitud y comportamiento horario coinciden con CapEfecNeta, DispoReal y DispoCome y la descripcion oficial corresponde a potencia neta.",405.0
2026-06-03,Recurso,PRC2,,Hour03,405000.0,kWh,kW,True,"La magnitud y comportamiento horario coinciden con CapEfecNeta, DispoReal y DispoCome y la descripcion oficial corresponde a potencia neta.",405.0
2026-06-03,Recurso,PRC2,,Hour04,405000.0,kWh,kW,True,"La magnitud y comportamiento horario coinciden con CapEfecNeta, DispoReal y DispoCome y la descripcion oficial corresponde a potencia neta.",405.0
2026-06-03,Recurso,PRC2,,Hour05,405000.0,kWh,kW,True,"La magnitud y comportamiento horario coinciden con CapEfecNeta, DispoReal y DispoCome y la descripcion oficial corresponde a potencia neta.",405.0
2026-06-03,Recurso,PRC2,,Hour06,405000.0,kWh,kW,True,"La magnitud y comportamiento horario coinciden con CapEfecNeta, DispoReal y DispoCome y la descripcion oficial corresponde a potencia neta.",405.0
2026-06-03,Recurso,PRC2,,Hour07,405000.0,kWh,kW,True,"La magnitud y comportamiento horario coinciden con CapEfecNeta, DispoReal y DispoCome y la descripcion oficial corresponde a potencia neta.",405.0
2026-06-03,Recurso,PRC2,,Hour08,405000.0,kWh,kW,True,"La magnitud y comportamiento horario coinciden con CapEfecNeta, DispoReal y DispoCome y la descripcion oficial corresponde a potencia neta.",405.0
2026-06-03,Recurso,PRC2,,Hour09,405000.0,kWh,kW,True,"La magnitud y comportamiento horario coinciden con CapEfecNeta, DispoReal y DispoCome y la descripcion oficial corresponde a potencia neta.",405.0
2026-06-03,Recurso,PRC2,,Hour10,405000.0,kWh,kW,True,"La magnitud y comportamiento horario coinciden con CapEfecNeta, DispoReal y DispoCome y la descripcion oficial corresponde a potencia neta.",405.0
2026-06-03,Recurso,PRC2,,Hour11,405000.0,kWh,kW,True,"La magnitud y comportamiento horario coinciden con CapEfecNeta, DispoReal y DispoCome y la descripcion oficial corresponde a potencia neta.",405.0
2026-06-03,Recurso,PRC2,,Hour12,405000.0,kWh,kW,True,"La magnitud y comportamiento horario coinciden con CapEfecNeta, DispoReal y DispoCome y la descripcion oficial corresponde a potencia neta.",405.0
2026-06-03,Recurso,PRC2,,Hour13,405000.0,kWh,kW,True,"La magnitud y comportamiento horario coinciden con CapEfecNeta, DispoReal y DispoCome y la descripcion oficial corresponde a potencia neta.",405.0
2026-06-03,Recurso,PRC2,,Hour14,405000.0,kWh,kW,True,"La magnitud y comportamiento horario coinciden con CapEfecNeta, DispoReal y DispoCome y la descripcion oficial corresponde a potencia neta.",405.0
2026-06-03,Recurso,PRC2,,Hour15,405000.0,kWh,kW,True,"La magnitud y comportamiento horario coinciden con CapEfecNeta, DispoReal y DispoCome y la descripcion oficial corresponde a potencia neta.",405.0
2026-06-03,Recurso,PRC2,,Hour16,405000.0,kWh,kW,True,"La magnitud y comportamiento horario coinciden con CapEfecNeta, DispoReal y DispoCome y la descripcion oficial corresponde a potencia neta.",405.0
2026-06-03,Recurso,PRC2,,Hour17,405000.0,kWh,kW,True,"La magnitud y comportamiento horario coinciden con CapEfecNeta, DispoReal y DispoCome y la descripcion oficial corresponde a potencia neta.",405.0
2026-06-03,Recurso,PRC2,,Hour18,405000.0,kWh,kW,True,"La magnitud y comportamiento horario coinciden con CapEfecNeta, DispoReal y DispoCome y la descripcion oficial corresponde a potencia neta.",405.0
2026-06-03,Recurso,PRC2,,Hour19,405000.0,kWh,kW,True,"La magnitud y comportamiento horario coinciden con CapEfecNeta, DispoReal y DispoCome y la descripcion oficial corresponde a potencia neta.",405.0
2026-06-03,Recurso,PRC2,,Hour20,405000.0,kWh,kW,True,"La magnitud y comportamiento horario coinciden con CapEfecNeta, DispoReal y DispoCome y la descripcion oficial corresponde a potencia neta.",405.0
2026-06-03,Recurso,PRC2,,Hour21,405000.0,kWh,kW,True,"La magnitud y comportamiento horario coinciden con CapEfecNeta, DispoReal y DispoCome y la descripcion oficial corresponde a potencia neta.",405.0
2026-06-03,Recurso,PRC2,,Hour22,405000.0,kWh,kW,True,"La magnitud y comportamiento horario coinciden con CapEfecNeta, DispoReal y DispoCome y la descripcion oficial corresponde a potencia neta.",405.0
2026-06-03,Recurso,PRC2,,Hour23,405000.0,kWh,kW,True,"La magnitud y comportamiento horario coinciden con CapEfecNeta, DispoReal y DispoCome y la descripcion oficial corresponde a potencia neta.",405.0
2026-06-03,Recurso,PRC2,,Hour24,405000.0,kWh,kW,True,"La magnitud y comportamiento horario coinciden con CapEfecNeta, DispoReal y DispoCome y la descripcion oficial corresponde a potencia neta.",405.0
2026-06-03,Recurso,PRC3,,Hour01,656000.0,kWh,kW,True,"La magnitud y comportamiento horario coinciden con CapEfecNeta, DispoReal y DispoCome y la descripcion oficial corresponde a potencia neta.",656.0
2026-06-03,Recurso,PRC3,,Hour02,656000.0,kWh,kW,True,"La magnitud y comportamiento horario coinciden con CapEfecNeta, DispoReal y DispoCome y la descripcion oficial corresponde a potencia neta.",656.0
2026-06-03,Recurso,PRC3,,Hour03,656000.0,kWh,kW,True,"La magnitud y comportamiento horario coinciden con CapEfecNeta, DispoReal y DispoCome y la descripcion oficial corresponde a potencia neta.",656.0
2026-06-03,Recurso,PRC3,,Hour04,656000.0,kWh,kW,True,"La magnitud y comportamiento horario coinciden con CapEfecNeta, DispoReal y DispoCome y la descripcion oficial corresponde a potencia neta.",656.0
2026-06-03,Recurso,PRC3,,Hour05,656000.0,kWh,kW,True,"La magnitud y comportamiento horario coinciden con CapEfecNeta, DispoReal y DispoCome y la descripcion oficial corresponde a potencia neta.",656.0
2026-06-03,Recurso,PRC3,,Hour06,656000.0,kWh,kW,True,"La magnitud y comportamiento horario coinciden con CapEfecNeta, DispoReal y DispoCome y la descripcion oficial corresponde a potencia neta.",656.0
2026-06-03,Recurso,PRC3,,Hour07,656000.0,kWh,kW,True,"La magnitud y comportamiento horario coinciden con CapEfecNeta, DispoReal y DispoCome y la descripcion oficial corresponde a potencia neta.",656.0
2026-06-03,Recurso,PRC3,,Hour08,656000.0,kWh,kW,True,"La magnitud y comportamiento horario coinciden con CapEfecNeta, DispoReal y DispoCome y la descripcion oficial corresponde a potencia neta.",656.0
2026-06-03,Recurso,PRC3,,Hour09,656000.0,kWh,kW,True,"La magnitud y comportamiento horario coinciden con CapEfecNeta, DispoReal y DispoCome y la descripcion oficial corresponde a potencia neta.",656.0
2026-06-03,Recurso,PRC3,,Hour10,656000.0,kWh,kW,True,"La magnitud y comportamiento horario coinciden con CapEfecNeta, DispoReal y DispoCome y la descripcion oficial corresponde a potencia neta.",656.0
2026-06-03,Recurso,PRC3,,Hour11,656000.0,kWh,kW,True,"La magnitud y comportamiento horario coinciden con CapEfecNeta, DispoReal y DispoCome y la descripcion oficial corresponde a potencia neta.",656.0
2026-06-03,Recurso,PRC3,,Hour12,656000.0,kWh,kW,True,"La magnitud y comportamiento horario coinciden con CapEfecNeta, DispoReal y DispoCome y la descripcion oficial corresponde a potencia neta.",656.0
2026-06-03,Recurso,PRC3,,Hour13,656000.0,kWh,kW,True,"La magnitud y comportamiento horario coinciden con CapEfecNeta, DispoReal y DispoCome y la descripcion oficial corresponde a potencia neta.",656.0
2026-06-03,Recurso,PRC3,,Hour14,656000.0,kWh,kW,True,"La magnitud y comportamiento horario coinciden con CapEfecNeta, DispoReal y DispoCome y la descripcion oficial corresponde a potencia neta.",656.0
2026-06-03,Recurso,PRC3,,Hour15,656000.0,kWh,kW,True,"La magnitud y comportamiento horario coinciden con CapEfecNeta, DispoReal y DispoCome y la descripcion oficial corresponde a potencia neta.",656.0
2026-06-03,Recurso,PRC3,,Hour16,656000.0,kWh,kW,True,"La magnitud y comportamiento horario coinciden con CapEfecNeta, DispoReal y DispoCome y la descripcion oficial corresponde a potencia neta.",656.0
2026-06-03,Recurso,PRC3,,Hour17,656000.0,kWh,kW,True,"La magnitud y comportamiento horario coinciden con CapEfecNeta, DispoReal y DispoCome y la descripcion oficial corresponde a potencia neta.",656.0
2026-06-03,Recurso,PRC3,,Hour18,656000.0,kWh,kW,True,"La magnitud y comportamiento horario coinciden con CapEfecNeta, DispoReal y DispoCome y la descripcion oficial corresponde a potencia neta.",656.0
2026-06-03,Recurso,PRC3,,Hour19,656000.0,kWh,kW,True,"La magnitud y comportamiento horario coinciden con CapEfecNeta, DispoReal y DispoCome y la descripcion oficial corresponde a potencia neta.",656.0
2026-06-03,Recurso,PRC3,,Hour20,656000.0,kWh,kW,True,"La magnitud y comportamiento horario coinciden con CapEfecNeta, DispoReal y DispoCome y la descripcion oficial corresponde a potencia neta.",656.0
2026-06-03,Recurso,PRC3,,Hour21,656000.0,kWh,kW,True,"La magnitud y comportamiento horario coinciden con CapEfecNeta, DispoReal y DispoCome y la descripcion oficial corresponde a potencia neta.",656.0
2026-06-03,Recurso,PRC3,,Hour22,656000.0,kWh,kW,True,"La magnitud y comportamiento horario coinciden con CapEfecNeta, DispoReal y DispoCome y la descripcion oficial corresponde a potencia neta.",656.0
2026-06-03,Recurso,PRC3,,Hour23,656000.0,kWh,kW,True,"La magnitud y comportamiento horario coinciden con CapEfecNeta, DispoReal y DispoCome y la descripcion oficial corresponde a potencia neta.",656.0
2026-06-03,Recurso,PRC3,,Hour24,656000.0,kWh,kW,True,"La magnitud y comportamiento horario coinciden con CapEfecNeta, DispoReal y DispoCome y la descripcion oficial corresponde a potencia neta.",656.0
2026-06-03,Recurso,PRDO,,Hour01,34000.0,kWh,kW,True,"La magnitud y comportamiento horario coinciden con CapEfecNeta, DispoReal y DispoCome y la descripcion oficial corresponde a potencia neta.",34.0
2026-06-03,Recurso,PRDO,,Hour02,34000.0,kWh,kW,True,"La magnitud y comportamiento horario coinciden con CapEfecNeta, DispoReal y DispoCome y la descripcion oficial corresponde a potencia neta.",34.0
2026-06-03,Recurso,PRDO,,Hour03,34000.0,kWh,kW,True,"La magnitud y comportamiento horario coinciden con CapEfecNeta, DispoReal y DispoCome y la descripcion oficial corresponde a potencia neta.",34.0
2026-06-03,Recurso,PRDO,,Hour04,34000.0,kWh,kW,True,"La magnitud y comportamiento horario coinciden con CapEfecNeta, DispoReal y DispoCome y la descripcion oficial corresponde a potencia neta.",34.0
2026-06-03,Recurso,PRDO,,Hour05,34000.0,kWh,kW,True,"La magnitud y comportamiento horario coinciden con CapEfecNeta, DispoReal y DispoCome y la descripcion oficial corresponde a potencia neta.",34.0
2026-06-03,Recurso,PRDO,,Hour06,34000.0,kWh,kW,True,"La magnitud y comportamiento horario coinciden con CapEfecNeta, DispoReal y DispoCome y la descripcion oficial corresponde a potencia neta.",34.0
2026-06-03,Recurso,PRDO,,Hour07,34000.0,kWh,kW,True,"La magnitud y comportamiento horario coinciden con CapEfecNeta, DispoReal y DispoCome y la descripcion oficial corresponde a potencia neta.",34.0
2026-06-03,Recurso,PRDO,,Hour08,34000.0,kWh,kW,True,"La magnitud y comportamiento horario coinciden con CapEfecNeta, DispoReal y DispoCome y la descripcion oficial corresponde a potencia neta.",34.0
2026-06-03,Recurso,PRDO,,Hour09,34000.0,kWh,kW,True,"La magnitud y comportamiento horario coinciden con CapEfecNeta, DispoReal y DispoCome y la descripcion oficial corresponde a potencia neta.",34.0
2026-06-03,Recurso,PRDO,,Hour10,34000.0,kWh,kW,True,"La magnitud y comportamiento horario coinciden con CapEfecNeta, DispoReal y DispoCome y la descripcion oficial corresponde a potencia neta.",34.0
2026-06-03,Recurso,PRDO,,Hour11,34000.0,kWh,kW,True,"La magnitud y comportamiento horario coinciden con CapEfecNeta, DispoReal y DispoCome y la descripcion oficial corresponde a potencia neta.",34.0
2026-06-03,Recurso,PRDO,,Hour12,34000.0,kWh,kW,True,"La magnitud y comportamiento horario coinciden con CapEfecNeta, DispoReal y DispoCome y la descripcion oficial corresponde a potencia neta.",34.0
2026-06-03,Recurso,PRDO,,Hour13,34000.0,kWh,kW,True,"La magnitud y comportamiento horario coinciden con CapEfecNeta, DispoReal y DispoCome y la descripcion oficial corresponde a potencia neta.",34.0
2026-06-03,Recurso,PRDO,,Hour14,34000.0,kWh,kW,True,"La magnitud y comportamiento horario coinciden con CapEfecNeta, DispoReal y DispoCome y la descripcion oficial corresponde a potencia neta.",34.0
2026-06-03,Recurso,PRDO,,Hour15,34000.0,kWh,kW,True,"La magnitud y comportamiento horario coinciden con CapEfecNeta, DispoReal y DispoCome y la descripcion oficial corresponde a potencia neta.",34.0
2026-06-03,Recurso,PRDO,,Hour16,34000.0,kWh,kW,True,"La magnitud y comportamiento horario coinciden con CapEfecNeta, DispoReal y DispoCome y la descripcion oficial corresponde a potencia neta.",34.0
2026-06-03,Recurso,PRDO,,Hour17,34000.0,kWh,kW,True,"La magnitud y comportamiento horario coinciden con CapEfecNeta, DispoReal y DispoCome y la descripcion oficial corresponde a potencia neta.",34.0
2026-06-03,Recurso,PRDO,,Hour18,34000.0,kWh,kW,True,"La magnitud y comportamiento horario coinciden con CapEfecNeta, DispoReal y DispoCome y la descripcion oficial corresponde a potencia neta.",34.0
2026-06-03,Recurso,PRDO,,Hour19,34000.0,kWh,kW,True,"La magnitud y comportamiento horario coinciden con CapEfecNeta, DispoReal y DispoCome y la descripcion oficial corresponde a potencia neta.",34.0
2026-06-03,Recurso,PRDO,,Hour20,34000.0,kWh,kW,True,"La magnitud y comportamiento horario coinciden con CapEfecNeta, DispoReal y DispoCome y la descripcion oficial corresponde a potencia neta.",34.0
2026-06-03,Recurso,PRDO,,Hour21,34000.0,kWh,kW,True,"La magnitud y comportamiento horario coinciden con CapEfecNeta, DispoReal y DispoCome y la descripcion oficial corresponde a potencia neta.",34.0
2026-06-03,Recurso,PRDO,,Hour22,34000.0,kWh,kW,True,"La magnitud y comportamiento horario coinciden con CapEfecNeta, DispoReal y DispoCome y la descripcion oficial corresponde a potencia neta.",34.0
2026-06-03,Recurso,PRDO,,Hour23,34000.0,kWh,kW,True,"La magnitud y comportamiento horario coinciden con CapEfecNeta, DispoReal y DispoCome y la descripcion oficial corresponde a potencia neta.",34.0
2026-06-03,Recurso,PRDO,,Hour24,34000.0,kWh,kW,True,"La magnitud y comportamiento horario coinciden con CapEfecNeta, DispoReal y DispoCome y la descripcion oficial corresponde a potencia neta.",34.0
2026-06-03,Recurso,PRG1,,Hour01,0.0,kWh,kW,True,"La magnitud y comportamiento horario coinciden con CapEfecNeta, DispoReal y DispoCome y la descripcion oficial corresponde a potencia neta.",0.0
2026-06-03,Recurso,PRG1,,Hour02,0.0,kWh,kW,True,"La magnitud y comportamiento horario coinciden con CapEfecNeta, DispoReal y DispoCome y la descripcion oficial corresponde a potencia neta.",0.0
2026-06-03,Recurso,PRG1,,Hour03,0.0,kWh,kW,True,"La magnitud y comportamiento horario coinciden con CapEfecNeta, DispoReal y DispoCome y la descripcion oficial corresponde a potencia neta.",0.0
2026-06-03,Recurso,PRG1,,Hour04,0.0,kWh,kW,True,"La magnitud y comportamiento horario coinciden con CapEfecNeta, DispoReal y DispoCome y la descripcion oficial corresponde a potencia neta.",0.0
2026-06-03,Recurso,PRG1,,Hour05,0.0,kWh,kW,True,"La magnitud y comportamiento horario coinciden con CapEfecNeta, DispoReal y DispoCome y la descripcion oficial corresponde a potencia neta.",0.0
2026-06-03,Recurso,PRG1,,Hour06,0.0,kWh,kW,True,"La magnitud y comportamiento horario coinciden con CapEfecNeta, DispoReal y DispoCome y la descripcion oficial corresponde a potencia neta.",0.0
2026-06-03,Recurso,PRG1,,Hour07,0.0,kWh,kW,True,"La magnitud y comportamiento horario coinciden con CapEfecNeta, DispoReal y DispoCome y la descripcion oficial corresponde a potencia neta.",0.0
2026-06-03,Recurso,PRG1,,Hour08,0.0,kWh,kW,True,"La magnitud y comportamiento horario coinciden con CapEfecNeta, DispoReal y DispoCome y la descripcion oficial corresponde a potencia neta.",0.0
2026-06-03,Recurso,PRG1,,Hour09,0.0,kWh,kW,True,"La magnitud y comportamiento horario coinciden con CapEfecNeta, DispoReal y DispoCome y la descripcion oficial corresponde a potencia neta.",0.0
2026-06-03,Recurso,PRG1,,Hour10,0.0,kWh,kW,True,"La magnitud y comportamiento horario coinciden con CapEfecNeta, DispoReal y DispoCome y la descripcion oficial corresponde a potencia neta.",0.0
2026-06-03,Recurso,PRG1,,Hour11,0.0,kWh,kW,True,"La magnitud y comportamiento horario coinciden con CapEfecNeta, DispoReal y DispoCome y la descripcion oficial corresponde a potencia neta.",0.0
2026-06-03,Recurso,PRG1,,Hour12,0.0,kWh,kW,True,"La magnitud y comportamiento horario coinciden con CapEfecNeta, DispoReal y DispoCome y la descripcion oficial corresponde a potencia neta.",0.0
2026-06-03,Recurso,PRG1,,Hour13,0.0,kWh,kW,True,"La magnitud y comportamiento horario coinciden con CapEfecNeta, DispoReal y DispoCome y la descripcion oficial corresponde a potencia neta.",0.0
2026-06-03,Recurso,PRG1,,Hour14,0.0,kWh,kW,True,"La magnitud y comportamiento horario coinciden con CapEfecNeta, DispoReal y DispoCome y la descripcion oficial corresponde a potencia neta.",0.0
2026-06-03,Recurso,PRG1,,Hour15,0.0,kWh,kW,True,"La magnitud y comportamiento horario coinciden con CapEfecNeta, DispoReal y DispoCome y la descripcion oficial corresponde a potencia neta.",0.0
2026-06-03,Recurso,PRG1,,Hour16,0.0,kWh,kW,True,"La magnitud y comportamiento horario coinciden con CapEfecNeta, DispoReal y DispoCome y la descripcion oficial corresponde a potencia neta.",0.0
2026-06-03,Recurso,PRG1,,Hour17,0.0,kWh,kW,True,"La magnitud y comportamiento horario coinciden con CapEfecNeta, DispoReal y DispoCome y la descripcion oficial corresponde a potencia neta.",0.0
2026-06-03,Recurso,PRG1,,Hour18,0.0,kWh,kW,True,"La magnitud y comportamiento horario coinciden con CapEfecNeta, DispoReal y DispoCome y la descripcion oficial corresponde a potencia neta.",0.0
2026-06-03,Recurso,PRG1,,Hour19,0.0,kWh,kW,True,"La magnitud y comportamiento horario coinciden con CapEfecNeta, DispoReal y DispoCome y la descripcion oficial corresponde a potencia neta.",0.0
2026-06-03,Recurso,PRG1,,Hour20,0.0,kWh,kW,True,"La magnitud y comportamiento horario coinciden con CapEfecNeta, DispoReal y DispoCome y la descripcion oficial corresponde a potencia neta.",0.0
2026-06-03,Recurso,PRG1,,Hour21,0.0,kWh,kW,True,"La magnitud y comportamiento horario coinciden con CapEfecNeta, DispoReal y DispoCome y la descripcion oficial corresponde a potencia neta.",0.0
2026-06-03,Recurso,PRG1,,Hour22,0.0,kWh,kW,True,"La magnitud y comportamiento horario coinciden con CapEfecNeta, DispoReal y DispoCome y la descripcion oficial corresponde a potencia neta.",0.0
2026-06-03,Recurso,PRG1,,Hour23,0.0,kWh,kW,True,"La magnitud y comportamiento horario coinciden con CapEfecNeta, DispoReal y DispoCome y la descripcion oficial corresponde a potencia neta.",0.0
2026-06-03,Recurso,PRG1,,Hour24,0.0,kWh,kW,True,"La magnitud y comportamiento horario coinciden con CapEfecNeta, DispoReal y DispoCome y la descripcion oficial corresponde a potencia neta.",0.0
2026-06-03,Recurso,PRG2,,Hour01,45000.0,kWh,kW,True,"La magnitud y comportamiento horario coinciden con CapEfecNeta, DispoReal y DispoCome y la descripcion oficial corresponde a potencia neta.",45.0
2026-06-03,Recurso,PRG2,,Hour02,45000.0,kWh,kW,True,"La magnitud y comportamiento horario coinciden con CapEfecNeta, DispoReal y DispoCome y la descripcion oficial corresponde a potencia neta.",45.0
2026-06-03,Recurso,PRG2,,Hour03,45000.0,kWh,kW,True,"La magnitud y comportamiento horario coinciden con CapEfecNeta, DispoReal y DispoCome y la descripcion oficial corresponde a potencia neta.",45.0
2026-06-03,Recurso,PRG2,,Hour04,45000.0,kWh,kW,True,"La magnitud y comportamiento horario coinciden con CapEfecNeta, DispoReal y DispoCome y la descripcion oficial corresponde a potencia neta.",45.0
2026-06-03,Recurso,PRG2,,Hour05,45000.0,kWh,kW,True,"La magnitud y comportamiento horario coinciden con CapEfecNeta, DispoReal y DispoCome y la descripcion oficial corresponde a potencia neta.",45.0
2026-06-03,Recurso,PRG2,,Hour06,45000.0,kWh,kW,True,"La magnitud y comportamiento horario coinciden con CapEfecNeta, DispoReal y DispoCome y la descripcion oficial corresponde a potencia neta.",45.0
2026-06-03,Recurso,PRG2,,Hour07,45000.0,kWh,kW,True,"La magnitud y comportamiento horario coinciden con CapEfecNeta, DispoReal y DispoCome y la descripcion oficial corresponde a potencia neta.",45.0
2026-06-03,Recurso,PRG2,,Hour08,45000.0,kWh,kW,True,"La magnitud y comportamiento horario coinciden con CapEfecNeta, DispoReal y DispoCome y la descripcion oficial corresponde a potencia neta.",45.0
2026-06-03,Recurso,PRG2,,Hour09,45000.0,kWh,kW,True,"La magnitud y comportamiento horario coinciden con CapEfecNeta, DispoReal y DispoCome y la descripcion oficial corresponde a potencia neta.",45.0
2026-06-03,Recurso,PRG2,,Hour10,45000.0,kWh,kW,True,"La magnitud y comportamiento horario coinciden con CapEfecNeta, DispoReal y DispoCome y la descripcion oficial corresponde a potencia neta.",45.0
2026-06-03,Recurso,PRG2,,Hour11,45000.0,kWh,kW,True,"La magnitud y comportamiento horario coinciden con CapEfecNeta, DispoReal y DispoCome y la descripcion oficial corresponde a potencia neta.",45.0
2026-06-03,Recurso,PRG2,,Hour12,45000.0,kWh,kW,True,"La magnitud y comportamiento horario coinciden con CapEfecNeta, DispoReal y DispoCome y la descripcion oficial corresponde a potencia neta.",45.0
2026-06-03,Recurso,PRG2,,Hour13,45000.0,kWh,kW,True,"La magnitud y comportamiento horario coinciden con CapEfecNeta, DispoReal y DispoCome y la descripcion oficial corresponde a potencia neta.",45.0
2026-06-03,Recurso,PRG2,,Hour14,45000.0,kWh,kW,True,"La magnitud y comportamiento horario coinciden con CapEfecNeta, DispoReal y DispoCome y la descripcion oficial corresponde a potencia neta.",45.0
2026-06-03,Recurso,PRG2,,Hour15,45000.0,kWh,kW,True,"La magnitud y comportamiento horario coinciden con CapEfecNeta, DispoReal y DispoCome y la descripcion oficial corresponde a potencia neta.",45.0
2026-06-03,Recurso,PRG2,,Hour16,45000.0,kWh,kW,True,"La magnitud y comportamiento horario coinciden con CapEfecNeta, DispoReal y DispoCome y la descripcion oficial corresponde a potencia neta.",45.0
2026-06-03,Recurso,PRG2,,Hour17,45000.0,kWh,kW,True,"La magnitud y comportamiento horario coinciden con CapEfecNeta, DispoReal y DispoCome y la descripcion oficial corresponde a potencia neta.",45.0
2026-06-03,Recurso,PRG2,,Hour18,45000.0,kWh,kW,True,"La magnitud y comportamiento horario coinciden con CapEfecNeta, DispoReal y DispoCome y la descripcion oficial corresponde a potencia neta.",45.0
2026-06-03,Recurso,PRG2,,Hour19,45000.0,kWh,kW,True,"La magnitud y comportamiento horario coinciden con CapEfecNeta, DispoReal y DispoCome y la descripcion oficial corresponde a potencia neta.",45.0
2026-06-03,Recurso,PRG2,,Hour20,45000.0,kWh,kW,True,"La magnitud y comportamiento horario coinciden con CapEfecNeta, DispoReal y DispoCome y la descripcion oficial corresponde a potencia neta.",45.0
2026-06-03,Recurso,PRG2,,Hour21,45000.0,kWh,kW,True,"La magnitud y comportamiento horario coinciden con CapEfecNeta, DispoReal y DispoCome y la descripcion oficial corresponde a potencia neta.",45.0
2026-06-03,Recurso,PRG2,,Hour22,45000.0,kWh,kW,True,"La magnitud y comportamiento horario coinciden con CapEfecNeta, DispoReal y DispoCome y la descripcion oficial corresponde a potencia neta.",45.0
2026-06-03,Recurso,PRG2,,Hour23,45000.0,kWh,kW,True,"La magnitud y comportamiento horario coinciden con CapEfecNeta, DispoReal y DispoCome y la descripcion oficial corresponde a potencia neta.",45.0
2026-06-03,Recurso,PRG2,,Hour24,45000.0,kWh,kW,True,"La magnitud y comportamiento horario coinciden con CapEfecNeta, DispoReal y DispoCome y la descripcion oficial corresponde a potencia neta.",45.0
2026-06-03,Recurso,QUI1,,Hour01,326000.0,kWh,kW,True,"La magnitud y comportamiento horario coinciden con CapEfecNeta, DispoReal y DispoCome y la descripcion oficial corresponde a potencia neta.",326.0
2026-06-03,Recurso,QUI1,,Hour02,326000.0,kWh,kW,True,"La magnitud y comportamiento horario coinciden con CapEfecNeta, DispoReal y DispoCome y la descripcion oficial corresponde a potencia neta.",326.0
2026-06-03,Recurso,QUI1,,Hour03,326000.0,kWh,kW,True,"La magnitud y comportamiento horario coinciden con CapEfecNeta, DispoReal y DispoCome y la descripcion oficial corresponde a potencia neta.",326.0
2026-06-03,Recurso,QUI1,,Hour04,326000.0,kWh,kW,True,"La magnitud y comportamiento horario coinciden con CapEfecNeta, DispoReal y DispoCome y la descripcion oficial corresponde a potencia neta.",326.0
2026-06-03,Recurso,QUI1,,Hour05,326000.0,kWh,kW,True,"La magnitud y comportamiento horario coinciden con CapEfecNeta, DispoReal y DispoCome y la descripcion oficial corresponde a potencia neta.",326.0
2026-06-03,Recurso,QUI1,,Hour06,326000.0,kWh,kW,True,"La magnitud y comportamiento horario coinciden con CapEfecNeta, DispoReal y DispoCome y la descripcion oficial corresponde a potencia neta.",326.0
2026-06-03,Recurso,QUI1,,Hour07,326000.0,kWh,kW,True,"La magnitud y comportamiento horario coinciden con CapEfecNeta, DispoReal y DispoCome y la descripcion oficial corresponde a potencia neta.",326.0
2026-06-03,Recurso,QUI1,,Hour08,326000.0,kWh,kW,True,"La magnitud y comportamiento horario coinciden con CapEfecNeta, DispoReal y DispoCome y la descripcion oficial corresponde a potencia neta.",326.0
2026-06-03,Recurso,QUI1,,Hour09,326000.0,kWh,kW,True,"La magnitud y comportamiento horario coinciden con CapEfecNeta, DispoReal y DispoCome y la descripcion oficial corresponde a potencia neta.",326.0
2026-06-03,Recurso,QUI1,,Hour10,326000.0,kWh,kW,True,"La magnitud y comportamiento horario coinciden con CapEfecNeta, DispoReal y DispoCome y la descripcion oficial corresponde a potencia neta.",326.0
2026-06-03,Recurso,QUI1,,Hour11,326000.0,kWh,kW,True,"La magnitud y comportamiento horario coinciden con CapEfecNeta, DispoReal y DispoCome y la descripcion oficial corresponde a potencia neta.",326.0
2026-06-03,Recurso,QUI1,,Hour12,326000.0,kWh,kW,True,"La magnitud y comportamiento horario coinciden con CapEfecNeta, DispoReal y DispoCome y la descripcion oficial corresponde a potencia neta.",326.0
2026-06-03,Recurso,QUI1,,Hour13,326000.0,kWh,kW,True,"La magnitud y comportamiento horario coinciden con CapEfecNeta, DispoReal y DispoCome y la descripcion oficial corresponde a potencia neta.",326.0
2026-06-03,Recurso,QUI1,,Hour14,326000.0,kWh,kW,True,"La magnitud y comportamiento horario coinciden con CapEfecNeta, DispoReal y DispoCome y la descripcion oficial corresponde a potencia neta.",326.0
2026-06-03,Recurso,QUI1,,Hour15,326000.0,kWh,kW,True,"La magnitud y comportamiento horario coinciden con CapEfecNeta, DispoReal y DispoCome y la descripcion oficial corresponde a potencia neta.",326.0
2026-06-03,Recurso,QUI1,,Hour16,326000.0,kWh,kW,True,"La magnitud y comportamiento horario coinciden con CapEfecNeta, DispoReal y DispoCome y la descripcion oficial corresponde a potencia neta.",326.0
2026-06-03,Recurso,QUI1,,Hour17,326000.0,kWh,kW,True,"La magnitud y comportamiento horario coinciden con CapEfecNeta, DispoReal y DispoCome y la descripcion oficial corresponde a potencia neta.",326.0
2026-06-03,Recurso,QUI1,,Hour18,326000.0,kWh,kW,True,"La magnitud y comportamiento horario coinciden con CapEfecNeta, DispoReal y DispoCome y la descripcion oficial corresponde a potencia neta.",326.0
2026-06-03,Recurso,QUI1,,Hour19,326000.0,kWh,kW,True,"La magnitud y comportamiento horario coinciden con CapEfecNeta, DispoReal y DispoCome y la descripcion oficial corresponde a potencia neta.",326.0
2026-06-03,Recurso,QUI1,,Hour20,326000.0,kWh,kW,True,"La magnitud y comportamiento horario coinciden con CapEfecNeta, DispoReal y DispoCome y la descripcion oficial corresponde a potencia neta.",326.0
2026-06-03,Recurso,QUI1,,Hour21,326000.0,kWh,kW,True,"La magnitud y comportamiento horario coinciden con CapEfecNeta, DispoReal y DispoCome y la descripcion oficial corresponde a potencia neta.",326.0
2026-06-03,Recurso,QUI1,,Hour22,326000.0,kWh,kW,True,"La magnitud y comportamiento horario coinciden con CapEfecNeta, DispoReal y DispoCome y la descripcion oficial corresponde a potencia neta.",326.0
2026-06-03,Recurso,QUI1,,Hour23,326000.0,kWh,kW,True,"La magnitud y comportamiento horario coinciden con CapEfecNeta, DispoReal y DispoCome y la descripcion oficial corresponde a potencia neta.",326.0
2026-06-03,Recurso,QUI1,,Hour24,326000.0,kWh,kW,True,"La magnitud y comportamiento horario coinciden con CapEfecNeta, DispoReal y DispoCome y la descripcion oficial corresponde a potencia neta.",326.0
2026-06-03,Recurso,SLVJ,,Hour01,315000.0,kWh,kW,True,"La magnitud y comportamiento horario coinciden con CapEfecNeta, DispoReal y DispoCome y la descripcion oficial corresponde a potencia neta.",315.0
2026-06-03,Recurso,SLVJ,,Hour02,315000.0,kWh,kW,True,"La magnitud y comportamiento horario coinciden con CapEfecNeta, DispoReal y DispoCome y la descripcion oficial corresponde a potencia neta.",315.0
2026-06-03,Recurso,SLVJ,,Hour03,315000.0,kWh,kW,True,"La magnitud y comportamiento horario coinciden con CapEfecNeta, DispoReal y DispoCome y la descripcion oficial corresponde a potencia neta.",315.0
2026-06-03,Recurso,SLVJ,,Hour04,315000.0,kWh,kW,True,"La magnitud y comportamiento horario coinciden con CapEfecNeta, DispoReal y DispoCome y la descripcion oficial corresponde a potencia neta.",315.0
2026-06-03,Recurso,SLVJ,,Hour05,315000.0,kWh,kW,True,"La magnitud y comportamiento horario coinciden con CapEfecNeta, DispoReal y DispoCome y la descripcion oficial corresponde a potencia neta.",315.0
2026-06-03,Recurso,SLVJ,,Hour06,315000.0,kWh,kW,True,"La magnitud y comportamiento horario coinciden con CapEfecNeta, DispoReal y DispoCome y la descripcion oficial corresponde a potencia neta.",315.0
2026-06-03,Recurso,SLVJ,,Hour07,315000.0,kWh,kW,True,"La magnitud y comportamiento horario coinciden con CapEfecNeta, DispoReal y DispoCome y la descripcion oficial corresponde a potencia neta.",315.0
2026-06-03,Recurso,SLVJ,,Hour08,315000.0,kWh,kW,True,"La magnitud y comportamiento horario coinciden con CapEfecNeta, DispoReal y DispoCome y la descripcion oficial corresponde a potencia neta.",315.0
2026-06-03,Recurso,SLVJ,,Hour09,315000.0,kWh,kW,True,"La magnitud y comportamiento horario coinciden con CapEfecNeta, DispoReal y DispoCome y la descripcion oficial corresponde a potencia neta.",315.0
2026-06-03,Recurso,SLVJ,,Hour10,315000.0,kWh,kW,True,"La magnitud y comportamiento horario coinciden con CapEfecNeta, DispoReal y DispoCome y la descripcion oficial corresponde a potencia neta.",315.0
2026-06-03,Recurso,SLVJ,,Hour11,315000.0,kWh,kW,True,"La magnitud y comportamiento horario coinciden con CapEfecNeta, DispoReal y DispoCome y la descripcion oficial corresponde a potencia neta.",315.0
2026-06-03,Recurso,SLVJ,,Hour12,315000.0,kWh,kW,True,"La magnitud y comportamiento horario coinciden con CapEfecNeta, DispoReal y DispoCome y la descripcion oficial corresponde a potencia neta.",315.0
2026-06-03,Recurso,SLVJ,,Hour13,315000.0,kWh,kW,True,"La magnitud y comportamiento horario coinciden con CapEfecNeta, DispoReal y DispoCome y la descripcion oficial corresponde a potencia neta.",315.0
2026-06-03,Recurso,SLVJ,,Hour14,315000.0,kWh,kW,True,"La magnitud y comportamiento horario coinciden con CapEfecNeta, DispoReal y DispoCome y la descripcion oficial corresponde a potencia neta.",315.0
2026-06-03,Recurso,SLVJ,,Hour15,315000.0,kWh,kW,True,"La magnitud y comportamiento horario coinciden con CapEfecNeta, DispoReal y DispoCome y la descripcion oficial corresponde a potencia neta.",315.0
2026-06-03,Recurso,SLVJ,,Hour16,315000.0,kWh,kW,True,"La magnitud y comportamiento horario coinciden con CapEfecNeta, DispoReal y DispoCome y la descripcion oficial corresponde a potencia neta.",315.0
2026-06-03,Recurso,SLVJ,,Hour17,315000.0,kWh,kW,True,"La magnitud y comportamiento horario coinciden con CapEfecNeta, DispoReal y DispoCome y la descripcion oficial corresponde a potencia neta.",315.0
2026-06-03,Recurso,SLVJ,,Hour18,315000.0,kWh,kW,True,"La magnitud y comportamiento horario coinciden con CapEfecNeta, DispoReal y DispoCome y la descripcion oficial corresponde a potencia neta.",315.0
2026-06-03,Recurso,SLVJ,,Hour19,315000.0,kWh,kW,True,"La magnitud y comportamiento horario coinciden con CapEfecNeta, DispoReal y DispoCome y la descripcion oficial corresponde a potencia neta.",315.0
2026-06-03,Recurso,SLVJ,,Hour20,315000.0,kWh,kW,True,"La magnitud y comportamiento horario coinciden con CapEfecNeta, DispoReal y DispoCome y la descripcion oficial corresponde a potencia neta.",315.0
2026-06-03,Recurso,SLVJ,,Hour21,315000.0,kWh,kW,True,"La magnitud y comportamiento horario coinciden con CapEfecNeta, DispoReal y DispoCome y la descripcion oficial corresponde a potencia neta.",315.0
2026-06-03,Recurso,SLVJ,,Hour22,315000.0,kWh,kW,True,"La magnitud y comportamiento horario coinciden con CapEfecNeta, DispoReal y DispoCome y la descripcion oficial corresponde a potencia neta.",315.0
2026-06-03,Recurso,SLVJ,,Hour23,315000.0,kWh,kW,True,"La magnitud y comportamiento horario coinciden con CapEfecNeta, DispoReal y DispoCome y la descripcion oficial corresponde a potencia neta.",315.0
2026-06-03,Recurso,SLVJ,,Hour24,315000.0,kWh,kW,True,"La magnitud y comportamiento horario coinciden con CapEfecNeta, DispoReal y DispoCome y la descripcion oficial corresponde a potencia neta.",315.0
2026-06-04,Recurso,PPA2,,Hour01,72000.0,kWh,kW,True,"La magnitud y comportamiento horario coinciden con CapEfecNeta, DispoReal y DispoCome y la descripcion oficial corresponde a potencia neta.",72.0
2026-06-04,Recurso,PPA2,,Hour02,72000.0,kWh,kW,True,"La magnitud y comportamiento horario coinciden con CapEfecNeta, DispoReal y DispoCome y la descripcion oficial corresponde a potencia neta.",72.0
2026-06-04,Recurso,PPA2,,Hour03,72000.0,kWh,kW,True,"La magnitud y comportamiento horario coinciden con CapEfecNeta, DispoReal y DispoCome y la descripcion oficial corresponde a potencia neta.",72.0
2026-06-04,Recurso,PPA2,,Hour04,72000.0,kWh,kW,True,"La magnitud y comportamiento horario coinciden con CapEfecNeta, DispoReal y DispoCome y la descripcion oficial corresponde a potencia neta.",72.0
2026-06-04,Recurso,PPA2,,Hour05,72000.0,kWh,kW,True,"La magnitud y comportamiento horario coinciden con CapEfecNeta, DispoReal y DispoCome y la descripcion oficial corresponde a potencia neta.",72.0
2026-06-04,Recurso,PPA2,,Hour06,72000.0,kWh,kW,True,"La magnitud y comportamiento horario coinciden con CapEfecNeta, DispoReal y DispoCome y la descripcion oficial corresponde a potencia neta.",72.0
2026-06-04,Recurso,PPA2,,Hour07,72000.0,kWh,kW,True,"La magnitud y comportamiento horario coinciden con CapEfecNeta, DispoReal y DispoCome y la descripcion oficial corresponde a potencia neta.",72.0
2026-06-04,Recurso,PPA2,,Hour08,72000.0,kWh,kW,True,"La magnitud y comportamiento horario coinciden con CapEfecNeta, DispoReal y DispoCome y la descripcion oficial corresponde a potencia neta.",72.0
2026-06-04,Recurso,PPA2,,Hour09,72000.0,kWh,kW,True,"La magnitud y comportamiento horario coinciden con CapEfecNeta, DispoReal y DispoCome y la descripcion oficial corresponde a potencia neta.",72.0
2026-06-04,Recurso,PPA2,,Hour10,72000.0,kWh,kW,True,"La magnitud y comportamiento horario coinciden con CapEfecNeta, DispoReal y DispoCome y la descripcion oficial corresponde a potencia neta.",72.0
2026-06-04,Recurso,PPA2,,Hour11,72000.0,kWh,kW,True,"La magnitud y comportamiento horario coinciden con CapEfecNeta, DispoReal y DispoCome y la descripcion oficial corresponde a potencia neta.",72.0
2026-06-04,Recurso,PPA2,,Hour12,72000.0,kWh,kW,True,"La magnitud y comportamiento horario coinciden con CapEfecNeta, DispoReal y DispoCome y la descripcion oficial corresponde a potencia neta.",72.0
2026-06-04,Recurso,PPA2,,Hour13,72000.0,kWh,kW,True,"La magnitud y comportamiento horario coinciden con CapEfecNeta, DispoReal y DispoCome y la descripcion oficial corresponde a potencia neta.",72.0
2026-06-04,Recurso,PPA2,,Hour14,72000.0,kWh,kW,True,"La magnitud y comportamiento horario coinciden con CapEfecNeta, DispoReal y DispoCome y la descripcion oficial corresponde a potencia neta.",72.0
2026-06-04,Recurso,PPA2,,Hour15,72000.0,kWh,kW,True,"La magnitud y comportamiento horario coinciden con CapEfecNeta, DispoReal y DispoCome y la descripcion oficial corresponde a potencia neta.",72.0
2026-06-04,Recurso,PPA2,,Hour16,72000.0,kWh,kW,True,"La magnitud y comportamiento horario coinciden con CapEfecNeta, DispoReal y DispoCome y la descripcion oficial corresponde a potencia neta.",72.0
2026-06-04,Recurso,PPA2,,Hour17,72000.0,kWh,kW,True,"La magnitud y comportamiento horario coinciden con CapEfecNeta, DispoReal y DispoCome y la descripcion oficial corresponde a potencia neta.",72.0
2026-06-04,Recurso,PPA2,,Hour18,72000.0,kWh,kW,True,"La magnitud y comportamiento horario coinciden con CapEfecNeta, DispoReal y DispoCome y la descripcion oficial corresponde a potencia neta.",72.0
2026-06-04,Recurso,PPA2,,Hour19,72000.0,kWh,kW,True,"La magnitud y comportamiento horario coinciden con CapEfecNeta, DispoReal y DispoCome y la descripcion oficial corresponde a potencia neta.",72.0
2026-06-04,Recurso,PPA2,,Hour20,72000.0,kWh,kW,True,"La magnitud y comportamiento horario coinciden con CapEfecNeta, DispoReal y DispoCome y la descripcion oficial corresponde a potencia neta.",72.0
2026-06-04,Recurso,PPA2,,Hour21,72000.0,kWh,kW,True,"La magnitud y comportamiento horario coinciden con CapEfecNeta, DispoReal y DispoCome y la descripcion oficial corresponde a potencia neta.",72.0
2026-06-04,Recurso,PPA2,,Hour22,72000.0,kWh,kW,True,"La magnitud y comportamiento horario coinciden con CapEfecNeta, DispoReal y DispoCome y la descripcion oficial corresponde a potencia neta.",72.0
2026-06-04,Recurso,PPA2,,Hour23,72000.0,kWh,kW,True,"La magnitud y comportamiento horario coinciden con CapEfecNeta, DispoReal y DispoCome y la descripcion oficial corresponde a potencia neta.",72.0
2026-06-04,Recurso,PPA2,,Hour24,72000.0,kWh,kW,True,"La magnitud y comportamiento horario coinciden con CapEfecNeta, DispoReal y DispoCome y la descripcion oficial corresponde a potencia neta.",72.0
2026-06-04,Recurso,PPA3,,Hour01,70000.0,kWh,kW,True,"La magnitud y comportamiento horario coinciden con CapEfecNeta, DispoReal y DispoCome y la descripcion oficial corresponde a potencia neta.",70.0
2026-06-04,Recurso,PPA3,,Hour02,70000.0,kWh,kW,True,"La magnitud y comportamiento horario coinciden con CapEfecNeta, DispoReal y DispoCome y la descripcion oficial corresponde a potencia neta.",70.0
2026-06-04,Recurso,PPA3,,Hour03,70000.0,kWh,kW,True,"La magnitud y comportamiento horario coinciden con CapEfecNeta, DispoReal y DispoCome y la descripcion oficial corresponde a potencia neta.",70.0
2026-06-04,Recurso,PPA3,,Hour04,70000.0,kWh,kW,True,"La magnitud y comportamiento horario coinciden con CapEfecNeta, DispoReal y DispoCome y la descripcion oficial corresponde a potencia neta.",70.0
2026-06-04,Recurso,PPA3,,Hour05,70000.0,kWh,kW,True,"La magnitud y comportamiento horario coinciden con CapEfecNeta, DispoReal y DispoCome y la descripcion oficial corresponde a potencia neta.",70.0
2026-06-04,Recurso,PPA3,,Hour06,70000.0,kWh,kW,True,"La magnitud y comportamiento horario coinciden con CapEfecNeta, DispoReal y DispoCome y la descripcion oficial corresponde a potencia neta.",70.0
2026-06-04,Recurso,PPA3,,Hour07,70000.0,kWh,kW,True,"La magnitud y comportamiento horario coinciden con CapEfecNeta, DispoReal y DispoCome y la descripcion oficial corresponde a potencia neta.",70.0
2026-06-04,Recurso,PPA3,,Hour08,70000.0,kWh,kW,True,"La magnitud y comportamiento horario coinciden con CapEfecNeta, DispoReal y DispoCome y la descripcion oficial corresponde a potencia neta.",70.0
2026-06-04,Recurso,PPA3,,Hour09,70000.0,kWh,kW,True,"La magnitud y comportamiento horario coinciden con CapEfecNeta, DispoReal y DispoCome y la descripcion oficial corresponde a potencia neta.",70.0
2026-06-04,Recurso,PPA3,,Hour10,70000.0,kWh,kW,True,"La magnitud y comportamiento horario coinciden con CapEfecNeta, DispoReal y DispoCome y la descripcion oficial corresponde a potencia neta.",70.0
2026-06-04,Recurso,PPA3,,Hour11,70000.0,kWh,kW,True,"La magnitud y comportamiento horario coinciden con CapEfecNeta, DispoReal y DispoCome y la descripcion oficial corresponde a potencia neta.",70.0
2026-06-04,Recurso,PPA3,,Hour12,70000.0,kWh,kW,True,"La magnitud y comportamiento horario coinciden con CapEfecNeta, DispoReal y DispoCome y la descripcion oficial corresponde a potencia neta.",70.0
2026-06-04,Recurso,PPA3,,Hour13,70000.0,kWh,kW,True,"La magnitud y comportamiento horario coinciden con CapEfecNeta, DispoReal y DispoCome y la descripcion oficial corresponde a potencia neta.",70.0
2026-06-04,Recurso,PPA3,,Hour14,70000.0,kWh,kW,True,"La magnitud y comportamiento horario coinciden con CapEfecNeta, DispoReal y DispoCome y la descripcion oficial corresponde a potencia neta.",70.0
2026-06-04,Recurso,PPA3,,Hour15,70000.0,kWh,kW,True,"La magnitud y comportamiento horario coinciden con CapEfecNeta, DispoReal y DispoCome y la descripcion oficial corresponde a potencia neta.",70.0
2026-06-04,Recurso,PPA3,,Hour16,70000.0,kWh,kW,True,"La magnitud y comportamiento horario coinciden con CapEfecNeta, DispoReal y DispoCome y la descripcion oficial corresponde a potencia neta.",70.0
2026-06-04,Recurso,PPA3,,Hour17,70000.0,kWh,kW,True,"La magnitud y comportamiento horario coinciden con CapEfecNeta, DispoReal y DispoCome y la descripcion oficial corresponde a potencia neta.",70.0
2026-06-04,Recurso,PPA3,,Hour18,70000.0,kWh,kW,True,"La magnitud y comportamiento horario coinciden con CapEfecNeta, DispoReal y DispoCome y la descripcion oficial corresponde a potencia neta.",70.0
2026-06-04,Recurso,PPA3,,Hour19,70000.0,kWh,kW,True,"La magnitud y comportamiento horario coinciden con CapEfecNeta, DispoReal y DispoCome y la descripcion oficial corresponde a potencia neta.",70.0
2026-06-04,Recurso,PPA3,,Hour20,70000.0,kWh,kW,True,"La magnitud y comportamiento horario coinciden con CapEfecNeta, DispoReal y DispoCome y la descripcion oficial corresponde a potencia neta.",70.0
2026-06-04,Recurso,PPA3,,Hour21,70000.0,kWh,kW,True,"La magnitud y comportamiento horario coinciden con CapEfecNeta, DispoReal y DispoCome y la descripcion oficial corresponde a potencia neta.",70.0
2026-06-04,Recurso,PPA3,,Hour22,70000.0,kWh,kW,True,"La magnitud y comportamiento horario coinciden con CapEfecNeta, DispoReal y DispoCome y la descripcion oficial corresponde a potencia neta.",70.0
2026-06-04,Recurso,PPA3,,Hour23,70000.0,kWh,kW,True,"La magnitud y comportamiento horario coinciden con CapEfecNeta, DispoReal y DispoCome y la descripcion oficial corresponde a potencia neta.",70.0
2026-06-04,Recurso,PPA3,,Hour24,70000.0,kWh,kW,True,"La magnitud y comportamiento horario coinciden con CapEfecNeta, DispoReal y DispoCome y la descripcion oficial corresponde a potencia neta.",70.0
2026-06-04,Recurso,PPA4,,Hour01,0.0,kWh,kW,True,"La magnitud y comportamiento horario coinciden con CapEfecNeta, DispoReal y DispoCome y la descripcion oficial corresponde a potencia neta.",0.0
2026-06-04,Recurso,PPA4,,Hour02,0.0,kWh,kW,True,"La magnitud y comportamiento horario coinciden con CapEfecNeta, DispoReal y DispoCome y la descripcion oficial corresponde a potencia neta.",0.0
2026-06-04,Recurso,PPA4,,Hour03,0.0,kWh,kW,True,"La magnitud y comportamiento horario coinciden con CapEfecNeta, DispoReal y DispoCome y la descripcion oficial corresponde a potencia neta.",0.0
2026-06-04,Recurso,PPA4,,Hour04,0.0,kWh,kW,True,"La magnitud y comportamiento horario coinciden con CapEfecNeta, DispoReal y DispoCome y la descripcion oficial corresponde a potencia neta.",0.0
2026-06-04,Recurso,PPA4,,Hour05,0.0,kWh,kW,True,"La magnitud y comportamiento horario coinciden con CapEfecNeta, DispoReal y DispoCome y la descripcion oficial corresponde a potencia neta.",0.0
2026-06-04,Recurso,PPA4,,Hour06,0.0,kWh,kW,True,"La magnitud y comportamiento horario coinciden con CapEfecNeta, DispoReal y DispoCome y la descripcion oficial corresponde a potencia neta.",0.0
2026-06-04,Recurso,PPA4,,Hour07,0.0,kWh,kW,True,"La magnitud y comportamiento horario coinciden con CapEfecNeta, DispoReal y DispoCome y la descripcion oficial corresponde a potencia neta.",0.0
2026-06-04,Recurso,PPA4,,Hour08,0.0,kWh,kW,True,"La magnitud y comportamiento horario coinciden con CapEfecNeta, DispoReal y DispoCome y la descripcion oficial corresponde a potencia neta.",0.0
2026-06-04,Recurso,PPA4,,Hour09,0.0,kWh,kW,True,"La magnitud y comportamiento horario coinciden con CapEfecNeta, DispoReal y DispoCome y la descripcion oficial corresponde a potencia neta.",0.0
2026-06-04,Recurso,PPA4,,Hour10,0.0,kWh,kW,True,"La magnitud y comportamiento horario coinciden con CapEfecNeta, DispoReal y DispoCome y la descripcion oficial corresponde a potencia neta.",0.0
2026-06-04,Recurso,PPA4,,Hour11,0.0,kWh,kW,True,"La magnitud y comportamiento horario coinciden con CapEfecNeta, DispoReal y DispoCome y la descripcion oficial corresponde a potencia neta.",0.0
2026-06-04,Recurso,PPA4,,Hour12,0.0,kWh,kW,True,"La magnitud y comportamiento horario coinciden con CapEfecNeta, DispoReal y DispoCome y la descripcion oficial corresponde a potencia neta.",0.0
2026-06-04,Recurso,PPA4,,Hour13,0.0,kWh,kW,True,"La magnitud y comportamiento horario coinciden con CapEfecNeta, DispoReal y DispoCome y la descripcion oficial corresponde a potencia neta.",0.0
2026-06-04,Recurso,PPA4,,Hour14,0.0,kWh,kW,True,"La magnitud y comportamiento horario coinciden con CapEfecNeta, DispoReal y DispoCome y la descripcion oficial corresponde a potencia neta.",0.0
2026-06-04,Recurso,PPA4,,Hour15,0.0,kWh,kW,True,"La magnitud y comportamiento horario coinciden con CapEfecNeta, DispoReal y DispoCome y la descripcion oficial corresponde a potencia neta.",0.0
2026-06-04,Recurso,PPA4,,Hour16,0.0,kWh,kW,True,"La magnitud y comportamiento horario coinciden con CapEfecNeta, DispoReal y DispoCome y la descripcion oficial corresponde a potencia neta.",0.0
2026-06-04,Recurso,PPA4,,Hour17,0.0,kWh,kW,True,"La magnitud y comportamiento horario coinciden con CapEfecNeta, DispoReal y DispoCome y la descripcion oficial corresponde a potencia neta.",0.0
2026-06-04,Recurso,PPA4,,Hour18,0.0,kWh,kW,True,"La magnitud y comportamiento horario coinciden con CapEfecNeta, DispoReal y DispoCome y la descripcion oficial corresponde a potencia neta.",0.0
2026-06-04,Recurso,PPA4,,Hour19,0.0,kWh,kW,True,"La magnitud y comportamiento horario coinciden con CapEfecNeta, DispoReal y DispoCome y la descripcion oficial corresponde a potencia neta.",0.0
2026-06-04,Recurso,PPA4,,Hour20,0.0,kWh,kW,True,"La magnitud y comportamiento horario coinciden con CapEfecNeta, DispoReal y DispoCome y la descripcion oficial corresponde a potencia neta.",0.0
2026-06-04,Recurso,PPA4,,Hour21,0.0,kWh,kW,True,"La magnitud y comportamiento horario coinciden con CapEfecNeta, DispoReal y DispoCome y la descripcion oficial corresponde a potencia neta.",0.0
2026-06-04,Recurso,PPA4,,Hour22,0.0,kWh,kW,True,"La magnitud y comportamiento horario coinciden con CapEfecNeta, DispoReal y DispoCome y la descripcion oficial corresponde a potencia neta.",0.0
2026-06-04,Recurso,PPA4,,Hour23,0.0,kWh,kW,True,"La magnitud y comportamiento horario coinciden con CapEfecNeta, DispoReal y DispoCome y la descripcion oficial corresponde a potencia neta.",0.0
2026-06-04,Recurso,PPA4,,Hour24,0.0,kWh,kW,True,"La magnitud y comportamiento horario coinciden con CapEfecNeta, DispoReal y DispoCome y la descripcion oficial corresponde a potencia neta.",0.0
2026-06-04,Recurso,PRC2,,Hour01,405000.0,kWh,kW,True,"La magnitud y comportamiento horario coinciden con CapEfecNeta, DispoReal y DispoCome y la descripcion oficial corresponde a potencia neta.",405.0
2026-06-04,Recurso,PRC2,,Hour02,405000.0,kWh,kW,True,"La magnitud y comportamiento horario coinciden con CapEfecNeta, DispoReal y DispoCome y la descripcion oficial corresponde a potencia neta.",405.0
2026-06-04,Recurso,PRC2,,Hour03,405000.0,kWh,kW,True,"La magnitud y comportamiento horario coinciden con CapEfecNeta, DispoReal y DispoCome y la descripcion oficial corresponde a potencia neta.",405.0
2026-06-04,Recurso,PRC2,,Hour04,405000.0,kWh,kW,True,"La magnitud y comportamiento horario coinciden con CapEfecNeta, DispoReal y DispoCome y la descripcion oficial corresponde a potencia neta.",405.0
2026-06-04,Recurso,PRC2,,Hour05,405000.0,kWh,kW,True,"La magnitud y comportamiento horario coinciden con CapEfecNeta, DispoReal y DispoCome y la descripcion oficial corresponde a potencia neta.",405.0
2026-06-04,Recurso,PRC2,,Hour06,405000.0,kWh,kW,True,"La magnitud y comportamiento horario coinciden con CapEfecNeta, DispoReal y DispoCome y la descripcion oficial corresponde a potencia neta.",405.0
2026-06-04,Recurso,PRC2,,Hour07,405000.0,kWh,kW,True,"La magnitud y comportamiento horario coinciden con CapEfecNeta, DispoReal y DispoCome y la descripcion oficial corresponde a potencia neta.",405.0
2026-06-04,Recurso,PRC2,,Hour08,405000.0,kWh,kW,True,"La magnitud y comportamiento horario coinciden con CapEfecNeta, DispoReal y DispoCome y la descripcion oficial corresponde a potencia neta.",405.0
2026-06-04,Recurso,PRC2,,Hour09,405000.0,kWh,kW,True,"La magnitud y comportamiento horario coinciden con CapEfecNeta, DispoReal y DispoCome y la descripcion oficial corresponde a potencia neta.",405.0
2026-06-04,Recurso,PRC2,,Hour10,405000.0,kWh,kW,True,"La magnitud y comportamiento horario coinciden con CapEfecNeta, DispoReal y DispoCome y la descripcion oficial corresponde a potencia neta.",405.0
2026-06-04,Recurso,PRC2,,Hour11,405000.0,kWh,kW,True,"La magnitud y comportamiento horario coinciden con CapEfecNeta, DispoReal y DispoCome y la descripcion oficial corresponde a potencia neta.",405.0
2026-06-04,Recurso,PRC2,,Hour12,405000.0,kWh,kW,True,"La magnitud y comportamiento horario coinciden con CapEfecNeta, DispoReal y DispoCome y la descripcion oficial corresponde a potencia neta.",405.0
2026-06-04,Recurso,PRC2,,Hour13,405000.0,kWh,kW,True,"La magnitud y comportamiento horario coinciden con CapEfecNeta, DispoReal y DispoCome y la descripcion oficial corresponde a potencia neta.",405.0
2026-06-04,Recurso,PRC2,,Hour14,405000.0,kWh,kW,True,"La magnitud y comportamiento horario coinciden con CapEfecNeta, DispoReal y DispoCome y la descripcion oficial corresponde a potencia neta.",405.0
2026-06-04,Recurso,PRC2,,Hour15,405000.0,kWh,kW,True,"La magnitud y comportamiento horario coinciden con CapEfecNeta, DispoReal y DispoCome y la descripcion oficial corresponde a potencia neta.",405.0
2026-06-04,Recurso,PRC2,,Hour16,405000.0,kWh,kW,True,"La magnitud y comportamiento horario coinciden con CapEfecNeta, DispoReal y DispoCome y la descripcion oficial corresponde a potencia neta.",405.0
2026-06-04,Recurso,PRC2,,Hour17,405000.0,kWh,kW,True,"La magnitud y comportamiento horario coinciden con CapEfecNeta, DispoReal y DispoCome y la descripcion oficial corresponde a potencia neta.",405.0
2026-06-04,Recurso,PRC2,,Hour18,405000.0,kWh,kW,True,"La magnitud y comportamiento horario coinciden con CapEfecNeta, DispoReal y DispoCome y la descripcion oficial corresponde a potencia neta.",405.0
2026-06-04,Recurso,PRC2,,Hour19,405000.0,kWh,kW,True,"La magnitud y comportamiento horario coinciden con CapEfecNeta, DispoReal y DispoCome y la descripcion oficial corresponde a potencia neta.",405.0
2026-06-04,Recurso,PRC2,,Hour20,405000.0,kWh,kW,True,"La magnitud y comportamiento horario coinciden con CapEfecNeta, DispoReal y DispoCome y la descripcion oficial corresponde a potencia neta.",405.0
2026-06-04,Recurso,PRC2,,Hour21,405000.0,kWh,kW,True,"La magnitud y comportamiento horario coinciden con CapEfecNeta, DispoReal y DispoCome y la descripcion oficial corresponde a potencia neta.",405.0
2026-06-04,Recurso,PRC2,,Hour22,405000.0,kWh,kW,True,"La magnitud y comportamiento horario coinciden con CapEfecNeta, DispoReal y DispoCome y la descripcion oficial corresponde a potencia neta.",405.0
2026-06-04,Recurso,PRC2,,Hour23,405000.0,kWh,kW,True,"La magnitud y comportamiento horario coinciden con CapEfecNeta, DispoReal y DispoCome y la descripcion oficial corresponde a potencia neta.",405.0
2026-06-04,Recurso,PRC2,,Hour24,405000.0,kWh,kW,True,"La magnitud y comportamiento horario coinciden con CapEfecNeta, DispoReal y DispoCome y la descripcion oficial corresponde a potencia neta.",405.0
2026-06-04,Recurso,PRC3,,Hour01,656000.0,kWh,kW,True,"La magnitud y comportamiento horario coinciden con CapEfecNeta, DispoReal y DispoCome y la descripcion oficial corresponde a potencia neta.",656.0
2026-06-04,Recurso,PRC3,,Hour02,656000.0,kWh,kW,True,"La magnitud y comportamiento horario coinciden con CapEfecNeta, DispoReal y DispoCome y la descripcion oficial corresponde a potencia neta.",656.0
2026-06-04,Recurso,PRC3,,Hour03,656000.0,kWh,kW,True,"La magnitud y comportamiento horario coinciden con CapEfecNeta, DispoReal y DispoCome y la descripcion oficial corresponde a potencia neta.",656.0
2026-06-04,Recurso,PRC3,,Hour04,656000.0,kWh,kW,True,"La magnitud y comportamiento horario coinciden con CapEfecNeta, DispoReal y DispoCome y la descripcion oficial corresponde a potencia neta.",656.0
2026-06-04,Recurso,PRC3,,Hour05,656000.0,kWh,kW,True,"La magnitud y comportamiento horario coinciden con CapEfecNeta, DispoReal y DispoCome y la descripcion oficial corresponde a potencia neta.",656.0
2026-06-04,Recurso,PRC3,,Hour06,656000.0,kWh,kW,True,"La magnitud y comportamiento horario coinciden con CapEfecNeta, DispoReal y DispoCome y la descripcion oficial corresponde a potencia neta.",656.0
2026-06-04,Recurso,PRC3,,Hour07,656000.0,kWh,kW,True,"La magnitud y comportamiento horario coinciden con CapEfecNeta, DispoReal y DispoCome y la descripcion oficial corresponde a potencia neta.",656.0
2026-06-04,Recurso,PRC3,,Hour08,656000.0,kWh,kW,True,"La magnitud y comportamiento horario coinciden con CapEfecNeta, DispoReal y DispoCome y la descripcion oficial corresponde a potencia neta.",656.0
2026-06-04,Recurso,PRC3,,Hour09,656000.0,kWh,kW,True,"La magnitud y comportamiento horario coinciden con CapEfecNeta, DispoReal y DispoCome y la descripcion oficial corresponde a potencia neta.",656.0
2026-06-04,Recurso,PRC3,,Hour10,656000.0,kWh,kW,True,"La magnitud y comportamiento horario coinciden con CapEfecNeta, DispoReal y DispoCome y la descripcion oficial corresponde a potencia neta.",656.0
2026-06-04,Recurso,PRC3,,Hour11,656000.0,kWh,kW,True,"La magnitud y comportamiento horario coinciden con CapEfecNeta, DispoReal y DispoCome y la descripcion oficial corresponde a potencia neta.",656.0
2026-06-04,Recurso,PRC3,,Hour12,656000.0,kWh,kW,True,"La magnitud y comportamiento horario coinciden con CapEfecNeta, DispoReal y DispoCome y la descripcion oficial corresponde a potencia neta.",656.0
2026-06-04,Recurso,PRC3,,Hour13,656000.0,kWh,kW,True,"La magnitud y comportamiento horario coinciden con CapEfecNeta, DispoReal y DispoCome y la descripcion oficial corresponde a potencia neta.",656.0
2026-06-04,Recurso,PRC3,,Hour14,656000.0,kWh,kW,True,"La magnitud y comportamiento horario coinciden con CapEfecNeta, DispoReal y DispoCome y la descripcion oficial corresponde a potencia neta.",656.0
2026-06-04,Recurso,PRC3,,Hour15,656000.0,kWh,kW,True,"La magnitud y comportamiento horario coinciden con CapEfecNeta, DispoReal y DispoCome y la descripcion oficial corresponde a potencia neta.",656.0
2026-06-04,Recurso,PRC3,,Hour16,656000.0,kWh,kW,True,"La magnitud y comportamiento horario coinciden con CapEfecNeta, DispoReal y DispoCome y la descripcion oficial corresponde a potencia neta.",656.0
2026-06-04,Recurso,PRC3,,Hour17,656000.0,kWh,kW,True,"La magnitud y comportamiento horario coinciden con CapEfecNeta, DispoReal y DispoCome y la descripcion oficial corresponde a potencia neta.",656.0
2026-06-04,Recurso,PRC3,,Hour18,656000.0,kWh,kW,True,"La magnitud y comportamiento horario coinciden con CapEfecNeta, DispoReal y DispoCome y la descripcion oficial corresponde a potencia neta.",656.0
2026-06-04,Recurso,PRC3,,Hour19,656000.0,kWh,kW,True,"La magnitud y comportamiento horario coinciden con CapEfecNeta, DispoReal y DispoCome y la descripcion oficial corresponde a potencia neta.",656.0
2026-06-04,Recurso,PRC3,,Hour20,656000.0,kWh,kW,True,"La magnitud y comportamiento horario coinciden con CapEfecNeta, DispoReal y DispoCome y la descripcion oficial corresponde a potencia neta.",656.0
2026-06-04,Recurso,PRC3,,Hour21,656000.0,kWh,kW,True,"La magnitud y comportamiento horario coinciden con CapEfecNeta, DispoReal y DispoCome y la descripcion oficial corresponde a potencia neta.",656.0
2026-06-04,Recurso,PRC3,,Hour22,656000.0,kWh,kW,True,"La magnitud y comportamiento horario coinciden con CapEfecNeta, DispoReal y DispoCome y la descripcion oficial corresponde a potencia neta.",656.0
2026-06-04,Recurso,PRC3,,Hour23,656000.0,kWh,kW,True,"La magnitud y comportamiento horario coinciden con CapEfecNeta, DispoReal y DispoCome y la descripcion oficial corresponde a potencia neta.",656.0
2026-06-04,Recurso,PRC3,,Hour24,656000.0,kWh,kW,True,"La magnitud y comportamiento horario coinciden con CapEfecNeta, DispoReal y DispoCome y la descripcion oficial corresponde a potencia neta.",656.0
2026-06-04,Recurso,PRDO,,Hour01,34000.0,kWh,kW,True,"La magnitud y comportamiento horario coinciden con CapEfecNeta, DispoReal y DispoCome y la descripcion oficial corresponde a potencia neta.",34.0
2026-06-04,Recurso,PRDO,,Hour02,34000.0,kWh,kW,True,"La magnitud y comportamiento horario coinciden con CapEfecNeta, DispoReal y DispoCome y la descripcion oficial corresponde a potencia neta.",34.0
2026-06-04,Recurso,PRDO,,Hour03,34000.0,kWh,kW,True,"La magnitud y comportamiento horario coinciden con CapEfecNeta, DispoReal y DispoCome y la descripcion oficial corresponde a potencia neta.",34.0
2026-06-04,Recurso,PRDO,,Hour04,34000.0,kWh,kW,True,"La magnitud y comportamiento horario coinciden con CapEfecNeta, DispoReal y DispoCome y la descripcion oficial corresponde a potencia neta.",34.0
2026-06-04,Recurso,PRDO,,Hour05,34000.0,kWh,kW,True,"La magnitud y comportamiento horario coinciden con CapEfecNeta, DispoReal y DispoCome y la descripcion oficial corresponde a potencia neta.",34.0
2026-06-04,Recurso,PRDO,,Hour06,34000.0,kWh,kW,True,"La magnitud y comportamiento horario coinciden con CapEfecNeta, DispoReal y DispoCome y la descripcion oficial corresponde a potencia neta.",34.0
2026-06-04,Recurso,PRDO,,Hour07,34000.0,kWh,kW,True,"La magnitud y comportamiento horario coinciden con CapEfecNeta, DispoReal y DispoCome y la descripcion oficial corresponde a potencia neta.",34.0
2026-06-04,Recurso,PRDO,,Hour08,34000.0,kWh,kW,True,"La magnitud y comportamiento horario coinciden con CapEfecNeta, DispoReal y DispoCome y la descripcion oficial corresponde a potencia neta.",34.0
2026-06-04,Recurso,PRDO,,Hour09,34000.0,kWh,kW,True,"La magnitud y comportamiento horario coinciden con CapEfecNeta, DispoReal y DispoCome y la descripcion oficial corresponde a potencia neta.",34.0
2026-06-04,Recurso,PRDO,,Hour10,34000.0,kWh,kW,True,"La magnitud y comportamiento horario coinciden con CapEfecNeta, DispoReal y DispoCome y la descripcion oficial corresponde a potencia neta.",34.0
2026-06-04,Recurso,PRDO,,Hour11,34000.0,kWh,kW,True,"La magnitud y comportamiento horario coinciden con CapEfecNeta, DispoReal y DispoCome y la descripcion oficial corresponde a potencia neta.",34.0
2026-06-04,Recurso,PRDO,,Hour12,34000.0,kWh,kW,True,"La magnitud y comportamiento horario coinciden con CapEfecNeta, DispoReal y DispoCome y la descripcion oficial corresponde a potencia neta.",34.0
2026-06-04,Recurso,PRDO,,Hour13,34000.0,kWh,kW,True,"La magnitud y comportamiento horario coinciden con CapEfecNeta, DispoReal y DispoCome y la descripcion oficial corresponde a potencia neta.",34.0
2026-06-04,Recurso,PRDO,,Hour14,34000.0,kWh,kW,True,"La magnitud y comportamiento horario coinciden con CapEfecNeta, DispoReal y DispoCome y la descripcion oficial corresponde a potencia neta.",34.0
2026-06-04,Recurso,PRDO,,Hour15,34000.0,kWh,kW,True,"La magnitud y comportamiento horario coinciden con CapEfecNeta, DispoReal y DispoCome y la descripcion oficial corresponde a potencia neta.",34.0
2026-06-04,Recurso,PRDO,,Hour16,34000.0,kWh,kW,True,"La magnitud y comportamiento horario coinciden con CapEfecNeta, DispoReal y DispoCome y la descripcion oficial corresponde a potencia neta.",34.0
2026-06-04,Recurso,PRDO,,Hour17,34000.0,kWh,kW,True,"La magnitud y comportamiento horario coinciden con CapEfecNeta, DispoReal y DispoCome y la descripcion oficial corresponde a potencia neta.",34.0
2026-06-04,Recurso,PRDO,,Hour18,34000.0,kWh,kW,True,"La magnitud y comportamiento horario coinciden con CapEfecNeta, DispoReal y DispoCome y la descripcion oficial corresponde a potencia neta.",34.0
2026-06-04,Recurso,PRDO,,Hour19,34000.0,kWh,kW,True,"La magnitud y comportamiento horario coinciden con CapEfecNeta, DispoReal y DispoCome y la descripcion oficial corresponde a potencia neta.",34.0
2026-06-04,Recurso,PRDO,,Hour20,34000.0,kWh,kW,True,"La magnitud y comportamiento horario coinciden con CapEfecNeta, DispoReal y DispoCome y la descripcion oficial corresponde a potencia neta.",34.0
2026-06-04,Recurso,PRDO,,Hour21,34000.0,kWh,kW,True,"La magnitud y comportamiento horario coinciden con CapEfecNeta, DispoReal y DispoCome y la descripcion oficial corresponde a potencia neta.",34.0
2026-06-04,Recurso,PRDO,,Hour22,34000.0,kWh,kW,True,"La magnitud y comportamiento horario coinciden con CapEfecNeta, DispoReal y DispoCome y la descripcion oficial corresponde a potencia neta.",34.0
2026-06-04,Recurso,PRDO,,Hour23,34000.0,kWh,kW,True,"La magnitud y comportamiento horario coinciden con CapEfecNeta, DispoReal y DispoCome y la descripcion oficial corresponde a potencia neta.",34.0
2026-06-04,Recurso,PRDO,,Hour24,34000.0,kWh,kW,True,"La magnitud y comportamiento horario coinciden con CapEfecNeta, DispoReal y DispoCome y la descripcion oficial corresponde a potencia neta.",34.0
2026-06-04,Recurso,PRG1,,Hour01,0.0,kWh,kW,True,"La magnitud y comportamiento horario coinciden con CapEfecNeta, DispoReal y DispoCome y la descripcion oficial corresponde a potencia neta.",0.0
2026-06-04,Recurso,PRG1,,Hour02,0.0,kWh,kW,True,"La magnitud y comportamiento horario coinciden con CapEfecNeta, DispoReal y DispoCome y la descripcion oficial corresponde a potencia neta.",0.0
2026-06-04,Recurso,PRG1,,Hour03,0.0,kWh,kW,True,"La magnitud y comportamiento horario coinciden con CapEfecNeta, DispoReal y DispoCome y la descripcion oficial corresponde a potencia neta.",0.0
2026-06-04,Recurso,PRG1,,Hour04,0.0,kWh,kW,True,"La magnitud y comportamiento horario coinciden con CapEfecNeta, DispoReal y DispoCome y la descripcion oficial corresponde a potencia neta.",0.0
2026-06-04,Recurso,PRG1,,Hour05,0.0,kWh,kW,True,"La magnitud y comportamiento horario coinciden con CapEfecNeta, DispoReal y DispoCome y la descripcion oficial corresponde a potencia neta.",0.0
2026-06-04,Recurso,PRG1,,Hour06,0.0,kWh,kW,True,"La magnitud y comportamiento horario coinciden con CapEfecNeta, DispoReal y DispoCome y la descripcion oficial corresponde a potencia neta.",0.0
2026-06-04,Recurso,PRG1,,Hour07,0.0,kWh,kW,True,"La magnitud y comportamiento horario coinciden con CapEfecNeta, DispoReal y DispoCome y la descripcion oficial corresponde a potencia neta.",0.0
2026-06-04,Recurso,PRG1,,Hour08,0.0,kWh,kW,True,"La magnitud y comportamiento horario coinciden con CapEfecNeta, DispoReal y DispoCome y la descripcion oficial corresponde a potencia neta.",0.0
2026-06-04,Recurso,PRG1,,Hour09,0.0,kWh,kW,True,"La magnitud y comportamiento horario coinciden con CapEfecNeta, DispoReal y DispoCome y la descripcion oficial corresponde a potencia neta.",0.0
2026-06-04,Recurso,PRG1,,Hour10,0.0,kWh,kW,True,"La magnitud y comportamiento horario coinciden con CapEfecNeta, DispoReal y DispoCome y la descripcion oficial corresponde a potencia neta.",0.0
2026-06-04,Recurso,PRG1,,Hour11,0.0,kWh,kW,True,"La magnitud y comportamiento horario coinciden con CapEfecNeta, DispoReal y DispoCome y la descripcion oficial corresponde a potencia neta.",0.0
2026-06-04,Recurso,PRG1,,Hour12,0.0,kWh,kW,True,"La magnitud y comportamiento horario coinciden con CapEfecNeta, DispoReal y DispoCome y la descripcion oficial corresponde a potencia neta.",0.0
2026-06-04,Recurso,PRG1,,Hour13,0.0,kWh,kW,True,"La magnitud y comportamiento horario coinciden con CapEfecNeta, DispoReal y DispoCome y la descripcion oficial corresponde a potencia neta.",0.0
2026-06-04,Recurso,PRG1,,Hour14,0.0,kWh,kW,True,"La magnitud y comportamiento horario coinciden con CapEfecNeta, DispoReal y DispoCome y la descripcion oficial corresponde a potencia neta.",0.0
2026-06-04,Recurso,PRG1,,Hour15,0.0,kWh,kW,True,"La magnitud y comportamiento horario coinciden con CapEfecNeta, DispoReal y DispoCome y la descripcion oficial corresponde a potencia neta.",0.0
2026-06-04,Recurso,PRG1,,Hour16,0.0,kWh,kW,True,"La magnitud y comportamiento horario coinciden con CapEfecNeta, DispoReal y DispoCome y la descripcion oficial corresponde a potencia neta.",0.0
2026-06-04,Recurso,PRG1,,Hour17,0.0,kWh,kW,True,"La magnitud y comportamiento horario coinciden con CapEfecNeta, DispoReal y DispoCome y la descripcion oficial corresponde a potencia neta.",0.0
2026-06-04,Recurso,PRG1,,Hour18,0.0,kWh,kW,True,"La magnitud y comportamiento horario coinciden con CapEfecNeta, DispoReal y DispoCome y la descripcion oficial corresponde a potencia neta.",0.0
2026-06-04,Recurso,PRG1,,Hour19,0.0,kWh,kW,True,"La magnitud y comportamiento horario coinciden con CapEfecNeta, DispoReal y DispoCome y la descripcion oficial corresponde a potencia neta.",0.0
2026-06-04,Recurso,PRG1,,Hour20,0.0,kWh,kW,True,"La magnitud y comportamiento horario coinciden con CapEfecNeta, DispoReal y DispoCome y la descripcion oficial corresponde a potencia neta.",0.0
2026-06-04,Recurso,PRG1,,Hour21,0.0,kWh,kW,True,"La magnitud y comportamiento horario coinciden con CapEfecNeta, DispoReal y DispoCome y la descripcion oficial corresponde a potencia neta.",0.0
2026-06-04,Recurso,PRG1,,Hour22,0.0,kWh,kW,True,"La magnitud y comportamiento horario coinciden con CapEfecNeta, DispoReal y DispoCome y la descripcion oficial corresponde a potencia neta.",0.0
2026-06-04,Recurso,PRG1,,Hour23,0.0,kWh,kW,True,"La magnitud y comportamiento horario coinciden con CapEfecNeta, DispoReal y DispoCome y la descripcion oficial corresponde a potencia neta.",0.0
2026-06-04,Recurso,PRG1,,Hour24,0.0,kWh,kW,True,"La magnitud y comportamiento horario coinciden con CapEfecNeta, DispoReal y DispoCome y la descripcion oficial corresponde a potencia neta.",0.0
2026-06-04,Recurso,PRG2,,Hour01,45000.0,kWh,kW,True,"La magnitud y comportamiento horario coinciden con CapEfecNeta, DispoReal y DispoCome y la descripcion oficial corresponde a potencia neta.",45.0
2026-06-04,Recurso,PRG2,,Hour02,45000.0,kWh,kW,True,"La magnitud y comportamiento horario coinciden con CapEfecNeta, DispoReal y DispoCome y la descripcion oficial corresponde a potencia neta.",45.0
2026-06-04,Recurso,PRG2,,Hour03,45000.0,kWh,kW,True,"La magnitud y comportamiento horario coinciden con CapEfecNeta, DispoReal y DispoCome y la descripcion oficial corresponde a potencia neta.",45.0
2026-06-04,Recurso,PRG2,,Hour04,45000.0,kWh,kW,True,"La magnitud y comportamiento horario coinciden con CapEfecNeta, DispoReal y DispoCome y la descripcion oficial corresponde a potencia neta.",45.0
2026-06-04,Recurso,PRG2,,Hour05,45000.0,kWh,kW,True,"La magnitud y comportamiento horario coinciden con CapEfecNeta, DispoReal y DispoCome y la descripcion oficial corresponde a potencia neta.",45.0
2026-06-04,Recurso,PRG2,,Hour06,45000.0,kWh,kW,True,"La magnitud y comportamiento horario coinciden con CapEfecNeta, DispoReal y DispoCome y la descripcion oficial corresponde a potencia neta.",45.0
2026-06-04,Recurso,PRG2,,Hour07,45000.0,kWh,kW,True,"La magnitud y comportamiento horario coinciden con CapEfecNeta, DispoReal y DispoCome y la descripcion oficial corresponde a potencia neta.",45.0
2026-06-04,Recurso,PRG2,,Hour08,45000.0,kWh,kW,True,"La magnitud y comportamiento horario coinciden con CapEfecNeta, DispoReal y DispoCome y la descripcion oficial corresponde a potencia neta.",45.0
2026-06-04,Recurso,PRG2,,Hour09,45000.0,kWh,kW,True,"La magnitud y comportamiento horario coinciden con CapEfecNeta, DispoReal y DispoCome y la descripcion oficial corresponde a potencia neta.",45.0
2026-06-04,Recurso,PRG2,,Hour10,45000.0,kWh,kW,True,"La magnitud y comportamiento horario coinciden con CapEfecNeta, DispoReal y DispoCome y la descripcion oficial corresponde a potencia neta.",45.0
2026-06-04,Recurso,PRG2,,Hour11,45000.0,kWh,kW,True,"La magnitud y comportamiento horario coinciden con CapEfecNeta, DispoReal y DispoCome y la descripcion oficial corresponde a potencia neta.",45.0
2026-06-04,Recurso,PRG2,,Hour12,45000.0,kWh,kW,True,"La magnitud y comportamiento horario coinciden con CapEfecNeta, DispoReal y DispoCome y la descripcion oficial corresponde a potencia neta.",45.0
2026-06-04,Recurso,PRG2,,Hour13,45000.0,kWh,kW,True,"La magnitud y comportamiento horario coinciden con CapEfecNeta, DispoReal y DispoCome y la descripcion oficial corresponde a potencia neta.",45.0
2026-06-04,Recurso,PRG2,,Hour14,45000.0,kWh,kW,True,"La magnitud y comportamiento horario coinciden con CapEfecNeta, DispoReal y DispoCome y la descripcion oficial corresponde a potencia neta.",45.0
2026-06-04,Recurso,PRG2,,Hour15,45000.0,kWh,kW,True,"La magnitud y comportamiento horario coinciden con CapEfecNeta, DispoReal y DispoCome y la descripcion oficial corresponde a potencia neta.",45.0
2026-06-04,Recurso,PRG2,,Hour16,45000.0,kWh,kW,True,"La magnitud y comportamiento horario coinciden con CapEfecNeta, DispoReal y DispoCome y la descripcion oficial corresponde a potencia neta.",45.0
2026-06-04,Recurso,PRG2,,Hour17,45000.0,kWh,kW,True,"La magnitud y comportamiento horario coinciden con CapEfecNeta, DispoReal y DispoCome y la descripcion oficial corresponde a potencia neta.",45.0
2026-06-04,Recurso,PRG2,,Hour18,45000.0,kWh,kW,True,"La magnitud y comportamiento horario coinciden con CapEfecNeta, DispoReal y DispoCome y la descripcion oficial corresponde a potencia neta.",45.0
2026-06-04,Recurso,PRG2,,Hour19,45000.0,kWh,kW,True,"La magnitud y comportamiento horario coinciden con CapEfecNeta, DispoReal y DispoCome y la descripcion oficial corresponde a potencia neta.",45.0
2026-06-04,Recurso,PRG2,,Hour20,45000.0,kWh,kW,True,"La magnitud y comportamiento horario coinciden con CapEfecNeta, DispoReal y DispoCome y la descripcion oficial corresponde a potencia neta.",45.0
2026-06-04,Recurso,PRG2,,Hour21,45000.0,kWh,kW,True,"La magnitud y comportamiento horario coinciden con CapEfecNeta, DispoReal y DispoCome y la descripcion oficial corresponde a potencia neta.",45.0
2026-06-04,Recurso,PRG2,,Hour22,45000.0,kWh,kW,True,"La magnitud y comportamiento horario coinciden con CapEfecNeta, DispoReal y DispoCome y la descripcion oficial corresponde a potencia neta.",45.0
2026-06-04,Recurso,PRG2,,Hour23,45000.0,kWh,kW,True,"La magnitud y comportamiento horario coinciden con CapEfecNeta, DispoReal y DispoCome y la descripcion oficial corresponde a potencia neta.",45.0
2026-06-04,Recurso,PRG2,,Hour24,45000.0,kWh,kW,True,"La magnitud y comportamiento horario coinciden con CapEfecNeta, DispoReal y DispoCome y la descripcion oficial corresponde a potencia neta.",45.0
2026-06-04,Recurso,QUI1,,Hour01,326000.0,kWh,kW,True,"La magnitud y comportamiento horario coinciden con CapEfecNeta, DispoReal y DispoCome y la descripcion oficial corresponde a potencia neta.",326.0
2026-06-04,Recurso,QUI1,,Hour02,326000.0,kWh,kW,True,"La magnitud y comportamiento horario coinciden con CapEfecNeta, DispoReal y DispoCome y la descripcion oficial corresponde a potencia neta.",326.0
2026-06-04,Recurso,QUI1,,Hour03,326000.0,kWh,kW,True,"La magnitud y comportamiento horario coinciden con CapEfecNeta, DispoReal y DispoCome y la descripcion oficial corresponde a potencia neta.",326.0
2026-06-04,Recurso,QUI1,,Hour04,326000.0,kWh,kW,True,"La magnitud y comportamiento horario coinciden con CapEfecNeta, DispoReal y DispoCome y la descripcion oficial corresponde a potencia neta.",326.0
2026-06-04,Recurso,QUI1,,Hour05,326000.0,kWh,kW,True,"La magnitud y comportamiento horario coinciden con CapEfecNeta, DispoReal y DispoCome y la descripcion oficial corresponde a potencia neta.",326.0
2026-06-04,Recurso,QUI1,,Hour06,326000.0,kWh,kW,True,"La magnitud y comportamiento horario coinciden con CapEfecNeta, DispoReal y DispoCome y la descripcion oficial corresponde a potencia neta.",326.0
2026-06-04,Recurso,QUI1,,Hour07,326000.0,kWh,kW,True,"La magnitud y comportamiento horario coinciden con CapEfecNeta, DispoReal y DispoCome y la descripcion oficial corresponde a potencia neta.",326.0
2026-06-04,Recurso,QUI1,,Hour08,326000.0,kWh,kW,True,"La magnitud y comportamiento horario coinciden con CapEfecNeta, DispoReal y DispoCome y la descripcion oficial corresponde a potencia neta.",326.0
2026-06-04,Recurso,QUI1,,Hour09,326000.0,kWh,kW,True,"La magnitud y comportamiento horario coinciden con CapEfecNeta, DispoReal y DispoCome y la descripcion oficial corresponde a potencia neta.",326.0
2026-06-04,Recurso,QUI1,,Hour10,326000.0,kWh,kW,True,"La magnitud y comportamiento horario coinciden con CapEfecNeta, DispoReal y DispoCome y la descripcion oficial corresponde a potencia neta.",326.0
2026-06-04,Recurso,QUI1,,Hour11,326000.0,kWh,kW,True,"La magnitud y comportamiento horario coinciden con CapEfecNeta, DispoReal y DispoCome y la descripcion oficial corresponde a potencia neta.",326.0
2026-06-04,Recurso,QUI1,,Hour12,326000.0,kWh,kW,True,"La magnitud y comportamiento horario coinciden con CapEfecNeta, DispoReal y DispoCome y la descripcion oficial corresponde a potencia neta.",326.0
2026-06-04,Recurso,QUI1,,Hour13,326000.0,kWh,kW,True,"La magnitud y comportamiento horario coinciden con CapEfecNeta, DispoReal y DispoCome y la descripcion oficial corresponde a potencia neta.",326.0
2026-06-04,Recurso,QUI1,,Hour14,326000.0,kWh,kW,True,"La magnitud y comportamiento horario coinciden con CapEfecNeta, DispoReal y DispoCome y la descripcion oficial corresponde a potencia neta.",326.0
2026-06-04,Recurso,QUI1,,Hour15,326000.0,kWh,kW,True,"La magnitud y comportamiento horario coinciden con CapEfecNeta, DispoReal y DispoCome y la descripcion oficial corresponde a potencia neta.",326.0
2026-06-04,Recurso,QUI1,,Hour16,326000.0,kWh,kW,True,"La magnitud y comportamiento horario coinciden con CapEfecNeta, DispoReal y DispoCome y la descripcion oficial corresponde a potencia neta.",326.0
2026-06-04,Recurso,QUI1,,Hour17,326000.0,kWh,kW,True,"La magnitud y comportamiento horario coinciden con CapEfecNeta, DispoReal y DispoCome y la descripcion oficial corresponde a potencia neta.",326.0
2026-06-04,Recurso,QUI1,,Hour18,326000.0,kWh,kW,True,"La magnitud y comportamiento horario coinciden con CapEfecNeta, DispoReal y DispoCome y la descripcion oficial corresponde a potencia neta.",326.0
2026-06-04,Recurso,QUI1,,Hour19,326000.0,kWh,kW,True,"La magnitud y comportamiento horario coinciden con CapEfecNeta, DispoReal y DispoCome y la descripcion oficial corresponde a potencia neta.",326.0
2026-06-04,Recurso,QUI1,,Hour20,326000.0,kWh,kW,True,"La magnitud y comportamiento horario coinciden con CapEfecNeta, DispoReal y DispoCome y la descripcion oficial corresponde a potencia neta.",326.0
2026-06-04,Recurso,QUI1,,Hour21,326000.0,kWh,kW,True,"La magnitud y comportamiento horario coinciden con CapEfecNeta, DispoReal y DispoCome y la descripcion oficial corresponde a potencia neta.",326.0
2026-06-04,Recurso,QUI1,,Hour22,326000.0,kWh,kW,True,"La magnitud y comportamiento horario coinciden con CapEfecNeta, DispoReal y DispoCome y la descripcion oficial corresponde a potencia neta.",326.0
2026-06-04,Recurso,QUI1,,Hour23,326000.0,kWh,kW,True,"La magnitud y comportamiento horario coinciden con CapEfecNeta, DispoReal y DispoCome y la descripcion oficial corresponde a potencia neta.",326.0
2026-06-04,Recurso,QUI1,,Hour24,326000.0,kWh,kW,True,"La magnitud y comportamiento horario coinciden con CapEfecNeta, DispoReal y DispoCome y la descripcion oficial corresponde a potencia neta.",326.0
2026-06-04,Recurso,SLVJ,,Hour01,315000.0,kWh,kW,True,"La magnitud y comportamiento horario coinciden con CapEfecNeta, DispoReal y DispoCome y la descripcion oficial corresponde a potencia neta.",315.0
2026-06-04,Recurso,SLVJ,,Hour02,315000.0,kWh,kW,True,"La magnitud y comportamiento horario coinciden con CapEfecNeta, DispoReal y DispoCome y la descripcion oficial corresponde a potencia neta.",315.0
2026-06-04,Recurso,SLVJ,,Hour03,315000.0,kWh,kW,True,"La magnitud y comportamiento horario coinciden con CapEfecNeta, DispoReal y DispoCome y la descripcion oficial corresponde a potencia neta.",315.0
2026-06-04,Recurso,SLVJ,,Hour04,315000.0,kWh,kW,True,"La magnitud y comportamiento horario coinciden con CapEfecNeta, DispoReal y DispoCome y la descripcion oficial corresponde a potencia neta.",315.0
2026-06-04,Recurso,SLVJ,,Hour05,315000.0,kWh,kW,True,"La magnitud y comportamiento horario coinciden con CapEfecNeta, DispoReal y DispoCome y la descripcion oficial corresponde a potencia neta.",315.0
2026-06-04,Recurso,SLVJ,,Hour06,315000.0,kWh,kW,True,"La magnitud y comportamiento horario coinciden con CapEfecNeta, DispoReal y DispoCome y la descripcion oficial corresponde a potencia neta.",315.0
2026-06-04,Recurso,SLVJ,,Hour07,315000.0,kWh,kW,True,"La magnitud y comportamiento horario coinciden con CapEfecNeta, DispoReal y DispoCome y la descripcion oficial corresponde a potencia neta.",315.0
2026-06-04,Recurso,SLVJ,,Hour08,315000.0,kWh,kW,True,"La magnitud y comportamiento horario coinciden con CapEfecNeta, DispoReal y DispoCome y la descripcion oficial corresponde a potencia neta.",315.0
2026-06-04,Recurso,SLVJ,,Hour09,315000.0,kWh,kW,True,"La magnitud y comportamiento horario coinciden con CapEfecNeta, DispoReal y DispoCome y la descripcion oficial corresponde a potencia neta.",315.0
2026-06-04,Recurso,SLVJ,,Hour10,315000.0,kWh,kW,True,"La magnitud y comportamiento horario coinciden con CapEfecNeta, DispoReal y DispoCome y la descripcion oficial corresponde a potencia neta.",315.0
2026-06-04,Recurso,SLVJ,,Hour11,315000.0,kWh,kW,True,"La magnitud y comportamiento horario coinciden con CapEfecNeta, DispoReal y DispoCome y la descripcion oficial corresponde a potencia neta.",315.0
2026-06-04,Recurso,SLVJ,,Hour12,315000.0,kWh,kW,True,"La magnitud y comportamiento horario coinciden con CapEfecNeta, DispoReal y DispoCome y la descripcion oficial corresponde a potencia neta.",315.0
2026-06-04,Recurso,SLVJ,,Hour13,315000.0,kWh,kW,True,"La magnitud y comportamiento horario coinciden con CapEfecNeta, DispoReal y DispoCome y la descripcion oficial corresponde a potencia neta.",315.0
2026-06-04,Recurso,SLVJ,,Hour14,315000.0,kWh,kW,True,"La magnitud y comportamiento horario coinciden con CapEfecNeta, DispoReal y DispoCome y la descripcion oficial corresponde a potencia neta.",315.0
2026-06-04,Recurso,SLVJ,,Hour15,315000.0,kWh,kW,True,"La magnitud y comportamiento horario coinciden con CapEfecNeta, DispoReal y DispoCome y la descripcion oficial corresponde a potencia neta.",315.0
2026-06-04,Recurso,SLVJ,,Hour16,315000.0,kWh,kW,True,"La magnitud y comportamiento horario coinciden con CapEfecNeta, DispoReal y DispoCome y la descripcion oficial corresponde a potencia neta.",315.0
2026-06-04,Recurso,SLVJ,,Hour17,315000.0,kWh,kW,True,"La magnitud y comportamiento horario coinciden con CapEfecNeta, DispoReal y DispoCome y la descripcion oficial corresponde a potencia neta.",315.0
2026-06-04,Recurso,SLVJ,,Hour18,315000.0,kWh,kW,True,"La magnitud y comportamiento horario coinciden con CapEfecNeta, DispoReal y DispoCome y la descripcion oficial corresponde a potencia neta.",315.0
2026-06-04,Recurso,SLVJ,,Hour19,315000.0,kWh,kW,True,"La magnitud y comportamiento horario coinciden con CapEfecNeta, DispoReal y DispoCome y la descripcion oficial corresponde a potencia neta.",315.0
2026-06-04,Recurso,SLVJ,,Hour20,315000.0,kWh,kW,True,"La magnitud y comportamiento horario coinciden con CapEfecNeta, DispoReal y DispoCome y la descripcion oficial corresponde a potencia neta.",315.0
2026-06-04,Recurso,SLVJ,,Hour21,315000.0,kWh,kW,True,"La magnitud y comportamiento horario coinciden con CapEfecNeta, DispoReal y DispoCome y la descripcion oficial corresponde a potencia neta.",315.0
2026-06-04,Recurso,SLVJ,,Hour22,315000.0,kWh,kW,True,"La magnitud y comportamiento horario coinciden con CapEfecNeta, DispoReal y DispoCome y la descripcion oficial corresponde a potencia neta.",315.0
2026-06-04,Recurso,SLVJ,,Hour23,315000.0,kWh,kW,True,"La magnitud y comportamiento horario coinciden con CapEfecNeta, DispoReal y DispoCome y la descripcion oficial corresponde a potencia neta.",315.0
2026-06-04,Recurso,SLVJ,,Hour24,315000.0,kWh,kW,True,"La magnitud y comportamiento horario coinciden con CapEfecNeta, DispoReal y DispoCome y la descripcion oficial corresponde a potencia neta.",315.0
2026-06-05,Recurso,PPA2,,Hour01,72000.0,kWh,kW,True,"La magnitud y comportamiento horario coinciden con CapEfecNeta, DispoReal y DispoCome y la descripcion oficial corresponde a potencia neta.",72.0
2026-06-05,Recurso,PPA2,,Hour02,72000.0,kWh,kW,True,"La magnitud y comportamiento horario coinciden con CapEfecNeta, DispoReal y DispoCome y la descripcion oficial corresponde a potencia neta.",72.0
2026-06-05,Recurso,PPA2,,Hour03,72000.0,kWh,kW,True,"La magnitud y comportamiento horario coinciden con CapEfecNeta, DispoReal y DispoCome y la descripcion oficial corresponde a potencia neta.",72.0
2026-06-05,Recurso,PPA2,,Hour04,72000.0,kWh,kW,True,"La magnitud y comportamiento horario coinciden con CapEfecNeta, DispoReal y DispoCome y la descripcion oficial corresponde a potencia neta.",72.0
2026-06-05,Recurso,PPA2,,Hour05,72000.0,kWh,kW,True,"La magnitud y comportamiento horario coinciden con CapEfecNeta, DispoReal y DispoCome y la descripcion oficial corresponde a potencia neta.",72.0
2026-06-05,Recurso,PPA2,,Hour06,72000.0,kWh,kW,True,"La magnitud y comportamiento horario coinciden con CapEfecNeta, DispoReal y DispoCome y la descripcion oficial corresponde a potencia neta.",72.0
2026-06-05,Recurso,PPA2,,Hour07,72000.0,kWh,kW,True,"La magnitud y comportamiento horario coinciden con CapEfecNeta, DispoReal y DispoCome y la descripcion oficial corresponde a potencia neta.",72.0
2026-06-05,Recurso,PPA2,,Hour08,72000.0,kWh,kW,True,"La magnitud y comportamiento horario coinciden con CapEfecNeta, DispoReal y DispoCome y la descripcion oficial corresponde a potencia neta.",72.0
2026-06-05,Recurso,PPA2,,Hour09,72000.0,kWh,kW,True,"La magnitud y comportamiento horario coinciden con CapEfecNeta, DispoReal y DispoCome y la descripcion oficial corresponde a potencia neta.",72.0
2026-06-05,Recurso,PPA2,,Hour10,72000.0,kWh,kW,True,"La magnitud y comportamiento horario coinciden con CapEfecNeta, DispoReal y DispoCome y la descripcion oficial corresponde a potencia neta.",72.0
2026-06-05,Recurso,PPA2,,Hour11,72000.0,kWh,kW,True,"La magnitud y comportamiento horario coinciden con CapEfecNeta, DispoReal y DispoCome y la descripcion oficial corresponde a potencia neta.",72.0
2026-06-05,Recurso,PPA2,,Hour12,72000.0,kWh,kW,True,"La magnitud y comportamiento horario coinciden con CapEfecNeta, DispoReal y DispoCome y la descripcion oficial corresponde a potencia neta.",72.0
2026-06-05,Recurso,PPA2,,Hour13,72000.0,kWh,kW,True,"La magnitud y comportamiento horario coinciden con CapEfecNeta, DispoReal y DispoCome y la descripcion oficial corresponde a potencia neta.",72.0
2026-06-05,Recurso,PPA2,,Hour14,72000.0,kWh,kW,True,"La magnitud y comportamiento horario coinciden con CapEfecNeta, DispoReal y DispoCome y la descripcion oficial corresponde a potencia neta.",72.0
2026-06-05,Recurso,PPA2,,Hour15,72000.0,kWh,kW,True,"La magnitud y comportamiento horario coinciden con CapEfecNeta, DispoReal y DispoCome y la descripcion oficial corresponde a potencia neta.",72.0
2026-06-05,Recurso,PPA2,,Hour16,72000.0,kWh,kW,True,"La magnitud y comportamiento horario coinciden con CapEfecNeta, DispoReal y DispoCome y la descripcion oficial corresponde a potencia neta.",72.0
2026-06-05,Recurso,PPA2,,Hour17,72000.0,kWh,kW,True,"La magnitud y comportamiento horario coinciden con CapEfecNeta, DispoReal y DispoCome y la descripcion oficial corresponde a potencia neta.",72.0
2026-06-05,Recurso,PPA2,,Hour18,72000.0,kWh,kW,True,"La magnitud y comportamiento horario coinciden con CapEfecNeta, DispoReal y DispoCome y la descripcion oficial corresponde a potencia neta.",72.0
2026-06-05,Recurso,PPA2,,Hour19,72000.0,kWh,kW,True,"La magnitud y comportamiento horario coinciden con CapEfecNeta, DispoReal y DispoCome y la descripcion oficial corresponde a potencia neta.",72.0
2026-06-05,Recurso,PPA2,,Hour20,72000.0,kWh,kW,True,"La magnitud y comportamiento horario coinciden con CapEfecNeta, DispoReal y DispoCome y la descripcion oficial corresponde a potencia neta.",72.0
2026-06-05,Recurso,PPA2,,Hour21,72000.0,kWh,kW,True,"La magnitud y comportamiento horario coinciden con CapEfecNeta, DispoReal y DispoCome y la descripcion oficial corresponde a potencia neta.",72.0
2026-06-05,Recurso,PPA2,,Hour22,72000.0,kWh,kW,True,"La magnitud y comportamiento horario coinciden con CapEfecNeta, DispoReal y DispoCome y la descripcion oficial corresponde a potencia neta.",72.0
2026-06-05,Recurso,PPA2,,Hour23,72000.0,kWh,kW,True,"La magnitud y comportamiento horario coinciden con CapEfecNeta, DispoReal y DispoCome y la descripcion oficial corresponde a potencia neta.",72.0
2026-06-05,Recurso,PPA2,,Hour24,72000.0,kWh,kW,True,"La magnitud y comportamiento horario coinciden con CapEfecNeta, DispoReal y DispoCome y la descripcion oficial corresponde a potencia neta.",72.0
2026-06-05,Recurso,PPA3,,Hour01,70000.0,kWh,kW,True,"La magnitud y comportamiento horario coinciden con CapEfecNeta, DispoReal y DispoCome y la descripcion oficial corresponde a potencia neta.",70.0
2026-06-05,Recurso,PPA3,,Hour02,70000.0,kWh,kW,True,"La magnitud y comportamiento horario coinciden con CapEfecNeta, DispoReal y DispoCome y la descripcion oficial corresponde a potencia neta.",70.0
2026-06-05,Recurso,PPA3,,Hour03,70000.0,kWh,kW,True,"La magnitud y comportamiento horario coinciden con CapEfecNeta, DispoReal y DispoCome y la descripcion oficial corresponde a potencia neta.",70.0
2026-06-05,Recurso,PPA3,,Hour04,70000.0,kWh,kW,True,"La magnitud y comportamiento horario coinciden con CapEfecNeta, DispoReal y DispoCome y la descripcion oficial corresponde a potencia neta.",70.0
2026-06-05,Recurso,PPA3,,Hour05,70000.0,kWh,kW,True,"La magnitud y comportamiento horario coinciden con CapEfecNeta, DispoReal y DispoCome y la descripcion oficial corresponde a potencia neta.",70.0
2026-06-05,Recurso,PPA3,,Hour06,70000.0,kWh,kW,True,"La magnitud y comportamiento horario coinciden con CapEfecNeta, DispoReal y DispoCome y la descripcion oficial corresponde a potencia neta.",70.0
2026-06-05,Recurso,PPA3,,Hour07,70000.0,kWh,kW,True,"La magnitud y comportamiento horario coinciden con CapEfecNeta, DispoReal y DispoCome y la descripcion oficial corresponde a potencia neta.",70.0
2026-06-05,Recurso,PPA3,,Hour08,70000.0,kWh,kW,True,"La magnitud y comportamiento horario coinciden con CapEfecNeta, DispoReal y DispoCome y la descripcion oficial corresponde a potencia neta.",70.0
2026-06-05,Recurso,PPA3,,Hour09,70000.0,kWh,kW,True,"La magnitud y comportamiento horario coinciden con CapEfecNeta, DispoReal y DispoCome y la descripcion oficial corresponde a potencia neta.",70.0
2026-06-05,Recurso,PPA3,,Hour10,70000.0,kWh,kW,True,"La magnitud y comportamiento horario coinciden con CapEfecNeta, DispoReal y DispoCome y la descripcion oficial corresponde a potencia neta.",70.0
2026-06-05,Recurso,PPA3,,Hour11,70000.0,kWh,kW,True,"La magnitud y comportamiento horario coinciden con CapEfecNeta, DispoReal y DispoCome y la descripcion oficial corresponde a potencia neta.",70.0
2026-06-05,Recurso,PPA3,,Hour12,70000.0,kWh,kW,True,"La magnitud y comportamiento horario coinciden con CapEfecNeta, DispoReal y DispoCome y la descripcion oficial corresponde a potencia neta.",70.0
2026-06-05,Recurso,PPA3,,Hour13,70000.0,kWh,kW,True,"La magnitud y comportamiento horario coinciden con CapEfecNeta, DispoReal y DispoCome y la descripcion oficial corresponde a potencia neta.",70.0
2026-06-05,Recurso,PPA3,,Hour14,70000.0,kWh,kW,True,"La magnitud y comportamiento horario coinciden con CapEfecNeta, DispoReal y DispoCome y la descripcion oficial corresponde a potencia neta.",70.0
2026-06-05,Recurso,PPA3,,Hour15,70000.0,kWh,kW,True,"La magnitud y comportamiento horario coinciden con CapEfecNeta, DispoReal y DispoCome y la descripcion oficial corresponde a potencia neta.",70.0
2026-06-05,Recurso,PPA3,,Hour16,70000.0,kWh,kW,True,"La magnitud y comportamiento horario coinciden con CapEfecNeta, DispoReal y DispoCome y la descripcion oficial corresponde a potencia neta.",70.0
2026-06-05,Recurso,PPA3,,Hour17,70000.0,kWh,kW,True,"La magnitud y comportamiento horario coinciden con CapEfecNeta, DispoReal y DispoCome y la descripcion oficial corresponde a potencia neta.",70.0
2026-06-05,Recurso,PPA3,,Hour18,70000.0,kWh,kW,True,"La magnitud y comportamiento horario coinciden con CapEfecNeta, DispoReal y DispoCome y la descripcion oficial corresponde a potencia neta.",70.0
2026-06-05,Recurso,PPA3,,Hour19,70000.0,kWh,kW,True,"La magnitud y comportamiento horario coinciden con CapEfecNeta, DispoReal y DispoCome y la descripcion oficial corresponde a potencia neta.",70.0
2026-06-05,Recurso,PPA3,,Hour20,70000.0,kWh,kW,True,"La magnitud y comportamiento horario coinciden con CapEfecNeta, DispoReal y DispoCome y la descripcion oficial corresponde a potencia neta.",70.0
2026-06-05,Recurso,PPA3,,Hour21,70000.0,kWh,kW,True,"La magnitud y comportamiento horario coinciden con CapEfecNeta, DispoReal y DispoCome y la descripcion oficial corresponde a potencia neta.",70.0
2026-06-05,Recurso,PPA3,,Hour22,70000.0,kWh,kW,True,"La magnitud y comportamiento horario coinciden con CapEfecNeta, DispoReal y DispoCome y la descripcion oficial corresponde a potencia neta.",70.0
2026-06-05,Recurso,PPA3,,Hour23,70000.0,kWh,kW,True,"La magnitud y comportamiento horario coinciden con CapEfecNeta, DispoReal y DispoCome y la descripcion oficial corresponde a potencia neta.",70.0
2026-06-05,Recurso,PPA3,,Hour24,70000.0,kWh,kW,True,"La magnitud y comportamiento horario coinciden con CapEfecNeta, DispoReal y DispoCome y la descripcion oficial corresponde a potencia neta.",70.0
2026-06-05,Recurso,PPA4,,Hour01,0.0,kWh,kW,True,"La magnitud y comportamiento horario coinciden con CapEfecNeta, DispoReal y DispoCome y la descripcion oficial corresponde a potencia neta.",0.0
2026-06-05,Recurso,PPA4,,Hour02,0.0,kWh,kW,True,"La magnitud y comportamiento horario coinciden con CapEfecNeta, DispoReal y DispoCome y la descripcion oficial corresponde a potencia neta.",0.0
2026-06-05,Recurso,PPA4,,Hour03,0.0,kWh,kW,True,"La magnitud y comportamiento horario coinciden con CapEfecNeta, DispoReal y DispoCome y la descripcion oficial corresponde a potencia neta.",0.0
2026-06-05,Recurso,PPA4,,Hour04,0.0,kWh,kW,True,"La magnitud y comportamiento horario coinciden con CapEfecNeta, DispoReal y DispoCome y la descripcion oficial corresponde a potencia neta.",0.0
2026-06-05,Recurso,PPA4,,Hour05,0.0,kWh,kW,True,"La magnitud y comportamiento horario coinciden con CapEfecNeta, DispoReal y DispoCome y la descripcion oficial corresponde a potencia neta.",0.0
2026-06-05,Recurso,PPA4,,Hour06,0.0,kWh,kW,True,"La magnitud y comportamiento horario coinciden con CapEfecNeta, DispoReal y DispoCome y la descripcion oficial corresponde a potencia neta.",0.0
2026-06-05,Recurso,PPA4,,Hour07,0.0,kWh,kW,True,"La magnitud y comportamiento horario coinciden con CapEfecNeta, DispoReal y DispoCome y la descripcion oficial corresponde a potencia neta.",0.0
2026-06-05,Recurso,PPA4,,Hour08,0.0,kWh,kW,True,"La magnitud y comportamiento horario coinciden con CapEfecNeta, DispoReal y DispoCome y la descripcion oficial corresponde a potencia neta.",0.0
2026-06-05,Recurso,PPA4,,Hour09,0.0,kWh,kW,True,"La magnitud y comportamiento horario coinciden con CapEfecNeta, DispoReal y DispoCome y la descripcion oficial corresponde a potencia neta.",0.0
2026-06-05,Recurso,PPA4,,Hour10,0.0,kWh,kW,True,"La magnitud y comportamiento horario coinciden con CapEfecNeta, DispoReal y DispoCome y la descripcion oficial corresponde a potencia neta.",0.0
2026-06-05,Recurso,PPA4,,Hour11,0.0,kWh,kW,True,"La magnitud y comportamiento horario coinciden con CapEfecNeta, DispoReal y DispoCome y la descripcion oficial corresponde a potencia neta.",0.0
2026-06-05,Recurso,PPA4,,Hour12,0.0,kWh,kW,True,"La magnitud y comportamiento horario coinciden con CapEfecNeta, DispoReal y DispoCome y la descripcion oficial corresponde a potencia neta.",0.0
2026-06-05,Recurso,PPA4,,Hour13,0.0,kWh,kW,True,"La magnitud y comportamiento horario coinciden con CapEfecNeta, DispoReal y DispoCome y la descripcion oficial corresponde a potencia neta.",0.0
2026-06-05,Recurso,PPA4,,Hour14,0.0,kWh,kW,True,"La magnitud y comportamiento horario coinciden con CapEfecNeta, DispoReal y DispoCome y la descripcion oficial corresponde a potencia neta.",0.0
2026-06-05,Recurso,PPA4,,Hour15,0.0,kWh,kW,True,"La magnitud y comportamiento horario coinciden con CapEfecNeta, DispoReal y DispoCome y la descripcion oficial corresponde a potencia neta.",0.0
2026-06-05,Recurso,PPA4,,Hour16,0.0,kWh,kW,True,"La magnitud y comportamiento horario coinciden con CapEfecNeta, DispoReal y DispoCome y la descripcion oficial corresponde a potencia neta.",0.0
2026-06-05,Recurso,PPA4,,Hour17,0.0,kWh,kW,True,"La magnitud y comportamiento horario coinciden con CapEfecNeta, DispoReal y DispoCome y la descripcion oficial corresponde a potencia neta.",0.0
2026-06-05,Recurso,PPA4,,Hour18,0.0,kWh,kW,True,"La magnitud y comportamiento horario coinciden con CapEfecNeta, DispoReal y DispoCome y la descripcion oficial corresponde a potencia neta.",0.0
2026-06-05,Recurso,PPA4,,Hour19,0.0,kWh,kW,True,"La magnitud y comportamiento horario coinciden con CapEfecNeta, DispoReal y DispoCome y la descripcion oficial corresponde a potencia neta.",0.0
2026-06-05,Recurso,PPA4,,Hour20,0.0,kWh,kW,True,"La magnitud y comportamiento horario coinciden con CapEfecNeta, DispoReal y DispoCome y la descripcion oficial corresponde a potencia neta.",0.0
2026-06-05,Recurso,PPA4,,Hour21,0.0,kWh,kW,True,"La magnitud y comportamiento horario coinciden con CapEfecNeta, DispoReal y DispoCome y la descripcion oficial corresponde a potencia neta.",0.0
2026-06-05,Recurso,PPA4,,Hour22,0.0,kWh,kW,True,"La magnitud y comportamiento horario coinciden con CapEfecNeta, DispoReal y DispoCome y la descripcion oficial corresponde a potencia neta.",0.0
2026-06-05,Recurso,PPA4,,Hour23,0.0,kWh,kW,True,"La magnitud y comportamiento horario coinciden con CapEfecNeta, DispoReal y DispoCome y la descripcion oficial corresponde a potencia neta.",0.0
2026-06-05,Recurso,PPA4,,Hour24,0.0,kWh,kW,True,"La magnitud y comportamiento horario coinciden con CapEfecNeta, DispoReal y DispoCome y la descripcion oficial corresponde a potencia neta.",0.0
2026-06-05,Recurso,PRC2,,Hour01,405000.0,kWh,kW,True,"La magnitud y comportamiento horario coinciden con CapEfecNeta, DispoReal y DispoCome y la descripcion oficial corresponde a potencia neta.",405.0
2026-06-05,Recurso,PRC2,,Hour02,405000.0,kWh,kW,True,"La magnitud y comportamiento horario coinciden con CapEfecNeta, DispoReal y DispoCome y la descripcion oficial corresponde a potencia neta.",405.0
2026-06-05,Recurso,PRC2,,Hour03,405000.0,kWh,kW,True,"La magnitud y comportamiento horario coinciden con CapEfecNeta, DispoReal y DispoCome y la descripcion oficial corresponde a potencia neta.",405.0
2026-06-05,Recurso,PRC2,,Hour04,405000.0,kWh,kW,True,"La magnitud y comportamiento horario coinciden con CapEfecNeta, DispoReal y DispoCome y la descripcion oficial corresponde a potencia neta.",405.0
2026-06-05,Recurso,PRC2,,Hour05,405000.0,kWh,kW,True,"La magnitud y comportamiento horario coinciden con CapEfecNeta, DispoReal y DispoCome y la descripcion oficial corresponde a potencia neta.",405.0
2026-06-05,Recurso,PRC2,,Hour06,405000.0,kWh,kW,True,"La magnitud y comportamiento horario coinciden con CapEfecNeta, DispoReal y DispoCome y la descripcion oficial corresponde a potencia neta.",405.0
2026-06-05,Recurso,PRC2,,Hour07,405000.0,kWh,kW,True,"La magnitud y comportamiento horario coinciden con CapEfecNeta, DispoReal y DispoCome y la descripcion oficial corresponde a potencia neta.",405.0
2026-06-05,Recurso,PRC2,,Hour08,405000.0,kWh,kW,True,"La magnitud y comportamiento horario coinciden con CapEfecNeta, DispoReal y DispoCome y la descripcion oficial corresponde a potencia neta.",405.0
2026-06-05,Recurso,PRC2,,Hour09,405000.0,kWh,kW,True,"La magnitud y comportamiento horario coinciden con CapEfecNeta, DispoReal y DispoCome y la descripcion oficial corresponde a potencia neta.",405.0
2026-06-05,Recurso,PRC2,,Hour10,405000.0,kWh,kW,True,"La magnitud y comportamiento horario coinciden con CapEfecNeta, DispoReal y DispoCome y la descripcion oficial corresponde a potencia neta.",405.0
2026-06-05,Recurso,PRC2,,Hour11,405000.0,kWh,kW,True,"La magnitud y comportamiento horario coinciden con CapEfecNeta, DispoReal y DispoCome y la descripcion oficial corresponde a potencia neta.",405.0
2026-06-05,Recurso,PRC2,,Hour12,405000.0,kWh,kW,True,"La magnitud y comportamiento horario coinciden con CapEfecNeta, DispoReal y DispoCome y la descripcion oficial corresponde a potencia neta.",405.0
2026-06-05,Recurso,PRC2,,Hour13,405000.0,kWh,kW,True,"La magnitud y comportamiento horario coinciden con CapEfecNeta, DispoReal y DispoCome y la descripcion oficial corresponde a potencia neta.",405.0
2026-06-05,Recurso,PRC2,,Hour14,405000.0,kWh,kW,True,"La magnitud y comportamiento horario coinciden con CapEfecNeta, DispoReal y DispoCome y la descripcion oficial corresponde a potencia neta.",405.0
2026-06-05,Recurso,PRC2,,Hour15,405000.0,kWh,kW,True,"La magnitud y comportamiento horario coinciden con CapEfecNeta, DispoReal y DispoCome y la descripcion oficial corresponde a potencia neta.",405.0
2026-06-05,Recurso,PRC2,,Hour16,405000.0,kWh,kW,True,"La magnitud y comportamiento horario coinciden con CapEfecNeta, DispoReal y DispoCome y la descripcion oficial corresponde a potencia neta.",405.0
2026-06-05,Recurso,PRC2,,Hour17,405000.0,kWh,kW,True,"La magnitud y comportamiento horario coinciden con CapEfecNeta, DispoReal y DispoCome y la descripcion oficial corresponde a potencia neta.",405.0
2026-06-05,Recurso,PRC2,,Hour18,405000.0,kWh,kW,True,"La magnitud y comportamiento horario coinciden con CapEfecNeta, DispoReal y DispoCome y la descripcion oficial corresponde a potencia neta.",405.0
2026-06-05,Recurso,PRC2,,Hour19,405000.0,kWh,kW,True,"La magnitud y comportamiento horario coinciden con CapEfecNeta, DispoReal y DispoCome y la descripcion oficial corresponde a potencia neta.",405.0
2026-06-05,Recurso,PRC2,,Hour20,405000.0,kWh,kW,True,"La magnitud y comportamiento horario coinciden con CapEfecNeta, DispoReal y DispoCome y la descripcion oficial corresponde a potencia neta.",405.0
2026-06-05,Recurso,PRC2,,Hour21,405000.0,kWh,kW,True,"La magnitud y comportamiento horario coinciden con CapEfecNeta, DispoReal y DispoCome y la descripcion oficial corresponde a potencia neta.",405.0
2026-06-05,Recurso,PRC2,,Hour22,405000.0,kWh,kW,True,"La magnitud y comportamiento horario coinciden con CapEfecNeta, DispoReal y DispoCome y la descripcion oficial corresponde a potencia neta.",405.0
2026-06-05,Recurso,PRC2,,Hour23,405000.0,kWh,kW,True,"La magnitud y comportamiento horario coinciden con CapEfecNeta, DispoReal y DispoCome y la descripcion oficial corresponde a potencia neta.",405.0
2026-06-05,Recurso,PRC2,,Hour24,405000.0,kWh,kW,True,"La magnitud y comportamiento horario coinciden con CapEfecNeta, DispoReal y DispoCome y la descripcion oficial corresponde a potencia neta.",405.0
2026-06-05,Recurso,PRC3,,Hour01,656000.0,kWh,kW,True,"La magnitud y comportamiento horario coinciden con CapEfecNeta, DispoReal y DispoCome y la descripcion oficial corresponde a potencia neta.",656.0
2026-06-05,Recurso,PRC3,,Hour02,656000.0,kWh,kW,True,"La magnitud y comportamiento horario coinciden con CapEfecNeta, DispoReal y DispoCome y la descripcion oficial corresponde a potencia neta.",656.0
2026-06-05,Recurso,PRC3,,Hour03,656000.0,kWh,kW,True,"La magnitud y comportamiento horario coinciden con CapEfecNeta, DispoReal y DispoCome y la descripcion oficial corresponde a potencia neta.",656.0
2026-06-05,Recurso,PRC3,,Hour04,656000.0,kWh,kW,True,"La magnitud y comportamiento horario coinciden con CapEfecNeta, DispoReal y DispoCome y la descripcion oficial corresponde a potencia neta.",656.0
2026-06-05,Recurso,PRC3,,Hour05,656000.0,kWh,kW,True,"La magnitud y comportamiento horario coinciden con CapEfecNeta, DispoReal y DispoCome y la descripcion oficial corresponde a potencia neta.",656.0
2026-06-05,Recurso,PRC3,,Hour06,656000.0,kWh,kW,True,"La magnitud y comportamiento horario coinciden con CapEfecNeta, DispoReal y DispoCome y la descripcion oficial corresponde a potencia neta.",656.0
2026-06-05,Recurso,PRC3,,Hour07,656000.0,kWh,kW,True,"La magnitud y comportamiento horario coinciden con CapEfecNeta, DispoReal y DispoCome y la descripcion oficial corresponde a potencia neta.",656.0
2026-06-05,Recurso,PRC3,,Hour08,656000.0,kWh,kW,True,"La magnitud y comportamiento horario coinciden con CapEfecNeta, DispoReal y DispoCome y la descripcion oficial corresponde a potencia neta.",656.0
2026-06-05,Recurso,PRC3,,Hour09,656000.0,kWh,kW,True,"La magnitud y comportamiento horario coinciden con CapEfecNeta, DispoReal y DispoCome y la descripcion oficial corresponde a potencia neta.",656.0
2026-06-05,Recurso,PRC3,,Hour10,656000.0,kWh,kW,True,"La magnitud y comportamiento horario coinciden con CapEfecNeta, DispoReal y DispoCome y la descripcion oficial corresponde a potencia neta.",656.0
2026-06-05,Recurso,PRC3,,Hour11,656000.0,kWh,kW,True,"La magnitud y comportamiento horario coinciden con CapEfecNeta, DispoReal y DispoCome y la descripcion oficial corresponde a potencia neta.",656.0
2026-06-05,Recurso,PRC3,,Hour12,656000.0,kWh,kW,True,"La magnitud y comportamiento horario coinciden con CapEfecNeta, DispoReal y DispoCome y la descripcion oficial corresponde a potencia neta.",656.0
2026-06-05,Recurso,PRC3,,Hour13,656000.0,kWh,kW,True,"La magnitud y comportamiento horario coinciden con CapEfecNeta, DispoReal y DispoCome y la descripcion oficial corresponde a potencia neta.",656.0
2026-06-05,Recurso,PRC3,,Hour14,656000.0,kWh,kW,True,"La magnitud y comportamiento horario coinciden con CapEfecNeta, DispoReal y DispoCome y la descripcion oficial corresponde a potencia neta.",656.0
2026-06-05,Recurso,PRC3,,Hour15,656000.0,kWh,kW,True,"La magnitud y comportamiento horario coinciden con CapEfecNeta, DispoReal y DispoCome y la descripcion oficial corresponde a potencia neta.",656.0
2026-06-05,Recurso,PRC3,,Hour16,656000.0,kWh,kW,True,"La magnitud y comportamiento horario coinciden con CapEfecNeta, DispoReal y DispoCome y la descripcion oficial corresponde a potencia neta.",656.0
2026-06-05,Recurso,PRC3,,Hour17,656000.0,kWh,kW,True,"La magnitud y comportamiento horario coinciden con CapEfecNeta, DispoReal y DispoCome y la descripcion oficial corresponde a potencia neta.",656.0
2026-06-05,Recurso,PRC3,,Hour18,656000.0,kWh,kW,True,"La magnitud y comportamiento horario coinciden con CapEfecNeta, DispoReal y DispoCome y la descripcion oficial corresponde a potencia neta.",656.0
2026-06-05,Recurso,PRC3,,Hour19,656000.0,kWh,kW,True,"La magnitud y comportamiento horario coinciden con CapEfecNeta, DispoReal y DispoCome y la descripcion oficial corresponde a potencia neta.",656.0
2026-06-05,Recurso,PRC3,,Hour20,656000.0,kWh,kW,True,"La magnitud y comportamiento horario coinciden con CapEfecNeta, DispoReal y DispoCome y la descripcion oficial corresponde a potencia neta.",656.0
2026-06-05,Recurso,PRC3,,Hour21,656000.0,kWh,kW,True,"La magnitud y comportamiento horario coinciden con CapEfecNeta, DispoReal y DispoCome y la descripcion oficial corresponde a potencia neta.",656.0
2026-06-05,Recurso,PRC3,,Hour22,656000.0,kWh,kW,True,"La magnitud y comportamiento horario coinciden con CapEfecNeta, DispoReal y DispoCome y la descripcion oficial corresponde a potencia neta.",656.0
2026-06-05,Recurso,PRC3,,Hour23,656000.0,kWh,kW,True,"La magnitud y comportamiento horario coinciden con CapEfecNeta, DispoReal y DispoCome y la descripcion oficial corresponde a potencia neta.",656.0
2026-06-05,Recurso,PRC3,,Hour24,656000.0,kWh,kW,True,"La magnitud y comportamiento horario coinciden con CapEfecNeta, DispoReal y DispoCome y la descripcion oficial corresponde a potencia neta.",656.0
2026-06-05,Recurso,PRDO,,Hour01,34000.0,kWh,kW,True,"La magnitud y comportamiento horario coinciden con CapEfecNeta, DispoReal y DispoCome y la descripcion oficial corresponde a potencia neta.",34.0
2026-06-05,Recurso,PRDO,,Hour02,34000.0,kWh,kW,True,"La magnitud y comportamiento horario coinciden con CapEfecNeta, DispoReal y DispoCome y la descripcion oficial corresponde a potencia neta.",34.0
2026-06-05,Recurso,PRDO,,Hour03,34000.0,kWh,kW,True,"La magnitud y comportamiento horario coinciden con CapEfecNeta, DispoReal y DispoCome y la descripcion oficial corresponde a potencia neta.",34.0
2026-06-05,Recurso,PRDO,,Hour04,34000.0,kWh,kW,True,"La magnitud y comportamiento horario coinciden con CapEfecNeta, DispoReal y DispoCome y la descripcion oficial corresponde a potencia neta.",34.0
2026-06-05,Recurso,PRDO,,Hour05,34000.0,kWh,kW,True,"La magnitud y comportamiento horario coinciden con CapEfecNeta, DispoReal y DispoCome y la descripcion oficial corresponde a potencia neta.",34.0
2026-06-05,Recurso,PRDO,,Hour06,34000.0,kWh,kW,True,"La magnitud y comportamiento horario coinciden con CapEfecNeta, DispoReal y DispoCome y la descripcion oficial corresponde a potencia neta.",34.0
2026-06-05,Recurso,PRDO,,Hour07,34000.0,kWh,kW,True,"La magnitud y comportamiento horario coinciden con CapEfecNeta, DispoReal y DispoCome y la descripcion oficial corresponde a potencia neta.",34.0
2026-06-05,Recurso,PRDO,,Hour08,34000.0,kWh,kW,True,"La magnitud y comportamiento horario coinciden con CapEfecNeta, DispoReal y DispoCome y la descripcion oficial corresponde a potencia neta.",34.0
2026-06-05,Recurso,PRDO,,Hour09,34000.0,kWh,kW,True,"La magnitud y comportamiento horario coinciden con CapEfecNeta, DispoReal y DispoCome y la descripcion oficial corresponde a potencia neta.",34.0
2026-06-05,Recurso,PRDO,,Hour10,34000.0,kWh,kW,True,"La magnitud y comportamiento horario coinciden con CapEfecNeta, DispoReal y DispoCome y la descripcion oficial corresponde a potencia neta.",34.0
2026-06-05,Recurso,PRDO,,Hour11,34000.0,kWh,kW,True,"La magnitud y comportamiento horario coinciden con CapEfecNeta, DispoReal y DispoCome y la descripcion oficial corresponde a potencia neta.",34.0
2026-06-05,Recurso,PRDO,,Hour12,34000.0,kWh,kW,True,"La magnitud y comportamiento horario coinciden con CapEfecNeta, DispoReal y DispoCome y la descripcion oficial corresponde a potencia neta.",34.0
2026-06-05,Recurso,PRDO,,Hour13,34000.0,kWh,kW,True,"La magnitud y comportamiento horario coinciden con CapEfecNeta, DispoReal y DispoCome y la descripcion oficial corresponde a potencia neta.",34.0
2026-06-05,Recurso,PRDO,,Hour14,34000.0,kWh,kW,True,"La magnitud y comportamiento horario coinciden con CapEfecNeta, DispoReal y DispoCome y la descripcion oficial corresponde a potencia neta.",34.0
2026-06-05,Recurso,PRDO,,Hour15,34000.0,kWh,kW,True,"La magnitud y comportamiento horario coinciden con CapEfecNeta, DispoReal y DispoCome y la descripcion oficial corresponde a potencia neta.",34.0
2026-06-05,Recurso,PRDO,,Hour16,34000.0,kWh,kW,True,"La magnitud y comportamiento horario coinciden con CapEfecNeta, DispoReal y DispoCome y la descripcion oficial corresponde a potencia neta.",34.0
2026-06-05,Recurso,PRDO,,Hour17,34000.0,kWh,kW,True,"La magnitud y comportamiento horario coinciden con CapEfecNeta, DispoReal y DispoCome y la descripcion oficial corresponde a potencia neta.",34.0
2026-06-05,Recurso,PRDO,,Hour18,34000.0,kWh,kW,True,"La magnitud y comportamiento horario coinciden con CapEfecNeta, DispoReal y DispoCome y la descripcion oficial corresponde a potencia neta.",34.0
2026-06-05,Recurso,PRDO,,Hour19,34000.0,kWh,kW,True,"La magnitud y comportamiento horario coinciden con CapEfecNeta, DispoReal y DispoCome y la descripcion oficial corresponde a potencia neta.",34.0
2026-06-05,Recurso,PRDO,,Hour20,34000.0,kWh,kW,True,"La magnitud y comportamiento horario coinciden con CapEfecNeta, DispoReal y DispoCome y la descripcion oficial corresponde a potencia neta.",34.0
2026-06-05,Recurso,PRDO,,Hour21,34000.0,kWh,kW,True,"La magnitud y comportamiento horario coinciden con CapEfecNeta, DispoReal y DispoCome y la descripcion oficial corresponde a potencia neta.",34.0
2026-06-05,Recurso,PRDO,,Hour22,34000.0,kWh,kW,True,"La magnitud y comportamiento horario coinciden con CapEfecNeta, DispoReal y DispoCome y la descripcion oficial corresponde a potencia neta.",34.0
2026-06-05,Recurso,PRDO,,Hour23,34000.0,kWh,kW,True,"La magnitud y comportamiento horario coinciden con CapEfecNeta, DispoReal y DispoCome y la descripcion oficial corresponde a potencia neta.",34.0
2026-06-05,Recurso,PRDO,,Hour24,34000.0,kWh,kW,True,"La magnitud y comportamiento horario coinciden con CapEfecNeta, DispoReal y DispoCome y la descripcion oficial corresponde a potencia neta.",34.0
2026-06-05,Recurso,PRG1,,Hour01,0.0,kWh,kW,True,"La magnitud y comportamiento horario coinciden con CapEfecNeta, DispoReal y DispoCome y la descripcion oficial corresponde a potencia neta.",0.0
2026-06-05,Recurso,PRG1,,Hour02,0.0,kWh,kW,True,"La magnitud y comportamiento horario coinciden con CapEfecNeta, DispoReal y DispoCome y la descripcion oficial corresponde a potencia neta.",0.0
2026-06-05,Recurso,PRG1,,Hour03,0.0,kWh,kW,True,"La magnitud y comportamiento horario coinciden con CapEfecNeta, DispoReal y DispoCome y la descripcion oficial corresponde a potencia neta.",0.0
2026-06-05,Recurso,PRG1,,Hour04,0.0,kWh,kW,True,"La magnitud y comportamiento horario coinciden con CapEfecNeta, DispoReal y DispoCome y la descripcion oficial corresponde a potencia neta.",0.0
2026-06-05,Recurso,PRG1,,Hour05,0.0,kWh,kW,True,"La magnitud y comportamiento horario coinciden con CapEfecNeta, DispoReal y DispoCome y la descripcion oficial corresponde a potencia neta.",0.0
2026-06-05,Recurso,PRG1,,Hour06,0.0,kWh,kW,True,"La magnitud y comportamiento horario coinciden con CapEfecNeta, DispoReal y DispoCome y la descripcion oficial corresponde a potencia neta.",0.0
2026-06-05,Recurso,PRG1,,Hour07,0.0,kWh,kW,True,"La magnitud y comportamiento horario coinciden con CapEfecNeta, DispoReal y DispoCome y la descripcion oficial corresponde a potencia neta.",0.0
2026-06-05,Recurso,PRG1,,Hour08,0.0,kWh,kW,True,"La magnitud y comportamiento horario coinciden con CapEfecNeta, DispoReal y DispoCome y la descripcion oficial corresponde a potencia neta.",0.0
2026-06-05,Recurso,PRG1,,Hour09,0.0,kWh,kW,True,"La magnitud y comportamiento horario coinciden con CapEfecNeta, DispoReal y DispoCome y la descripcion oficial corresponde a potencia neta.",0.0
2026-06-05,Recurso,PRG1,,Hour10,0.0,kWh,kW,True,"La magnitud y comportamiento horario coinciden con CapEfecNeta, DispoReal y DispoCome y la descripcion oficial corresponde a potencia neta.",0.0
2026-06-05,Recurso,PRG1,,Hour11,0.0,kWh,kW,True,"La magnitud y comportamiento horario coinciden con CapEfecNeta, DispoReal y DispoCome y la descripcion oficial corresponde a potencia neta.",0.0
2026-06-05,Recurso,PRG1,,Hour12,0.0,kWh,kW,True,"La magnitud y comportamiento horario coinciden con CapEfecNeta, DispoReal y DispoCome y la descripcion oficial corresponde a potencia neta.",0.0
2026-06-05,Recurso,PRG1,,Hour13,0.0,kWh,kW,True,"La magnitud y comportamiento horario coinciden con CapEfecNeta, DispoReal y DispoCome y la descripcion oficial corresponde a potencia neta.",0.0
2026-06-05,Recurso,PRG1,,Hour14,0.0,kWh,kW,True,"La magnitud y comportamiento horario coinciden con CapEfecNeta, DispoReal y DispoCome y la descripcion oficial corresponde a potencia neta.",0.0
2026-06-05,Recurso,PRG1,,Hour15,0.0,kWh,kW,True,"La magnitud y comportamiento horario coinciden con CapEfecNeta, DispoReal y DispoCome y la descripcion oficial corresponde a potencia neta.",0.0
2026-06-05,Recurso,PRG1,,Hour16,0.0,kWh,kW,True,"La magnitud y comportamiento horario coinciden con CapEfecNeta, DispoReal y DispoCome y la descripcion oficial corresponde a potencia neta.",0.0
2026-06-05,Recurso,PRG1,,Hour17,0.0,kWh,kW,True,"La magnitud y comportamiento horario coinciden con CapEfecNeta, DispoReal y DispoCome y la descripcion oficial corresponde a potencia neta.",0.0
2026-06-05,Recurso,PRG1,,Hour18,0.0,kWh,kW,True,"La magnitud y comportamiento horario coinciden con CapEfecNeta, DispoReal y DispoCome y la descripcion oficial corresponde a potencia neta.",0.0
2026-06-05,Recurso,PRG1,,Hour19,0.0,kWh,kW,True,"La magnitud y comportamiento horario coinciden con CapEfecNeta, DispoReal y DispoCome y la descripcion oficial corresponde a potencia neta.",0.0
2026-06-05,Recurso,PRG1,,Hour20,0.0,kWh,kW,True,"La magnitud y comportamiento horario coinciden con CapEfecNeta, DispoReal y DispoCome y la descripcion oficial corresponde a potencia neta.",0.0
2026-06-05,Recurso,PRG1,,Hour21,0.0,kWh,kW,True,"La magnitud y comportamiento horario coinciden con CapEfecNeta, DispoReal y DispoCome y la descripcion oficial corresponde a potencia neta.",0.0
2026-06-05,Recurso,PRG1,,Hour22,0.0,kWh,kW,True,"La magnitud y comportamiento horario coinciden con CapEfecNeta, DispoReal y DispoCome y la descripcion oficial corresponde a potencia neta.",0.0
2026-06-05,Recurso,PRG1,,Hour23,0.0,kWh,kW,True,"La magnitud y comportamiento horario coinciden con CapEfecNeta, DispoReal y DispoCome y la descripcion oficial corresponde a potencia neta.",0.0
2026-06-05,Recurso,PRG1,,Hour24,0.0,kWh,kW,True,"La magnitud y comportamiento horario coinciden con CapEfecNeta, DispoReal y DispoCome y la descripcion oficial corresponde a potencia neta.",0.0
2026-06-05,Recurso,PRG2,,Hour01,45000.0,kWh,kW,True,"La magnitud y comportamiento horario coinciden con CapEfecNeta, DispoReal y DispoCome y la descripcion oficial corresponde a potencia neta.",45.0
2026-06-05,Recurso,PRG2,,Hour02,45000.0,kWh,kW,True,"La magnitud y comportamiento horario coinciden con CapEfecNeta, DispoReal y DispoCome y la descripcion oficial corresponde a potencia neta.",45.0
2026-06-05,Recurso,PRG2,,Hour03,45000.0,kWh,kW,True,"La magnitud y comportamiento horario coinciden con CapEfecNeta, DispoReal y DispoCome y la descripcion oficial corresponde a potencia neta.",45.0
2026-06-05,Recurso,PRG2,,Hour04,45000.0,kWh,kW,True,"La magnitud y comportamiento horario coinciden con CapEfecNeta, DispoReal y DispoCome y la descripcion oficial corresponde a potencia neta.",45.0
2026-06-05,Recurso,PRG2,,Hour05,45000.0,kWh,kW,True,"La magnitud y comportamiento horario coinciden con CapEfecNeta, DispoReal y DispoCome y la descripcion oficial corresponde a potencia neta.",45.0
2026-06-05,Recurso,PRG2,,Hour06,45000.0,kWh,kW,True,"La magnitud y comportamiento horario coinciden con CapEfecNeta, DispoReal y DispoCome y la descripcion oficial corresponde a potencia neta.",45.0
2026-06-05,Recurso,PRG2,,Hour07,45000.0,kWh,kW,True,"La magnitud y comportamiento horario coinciden con CapEfecNeta, DispoReal y DispoCome y la descripcion oficial corresponde a potencia neta.",45.0
2026-06-05,Recurso,PRG2,,Hour08,45000.0,kWh,kW,True,"La magnitud y comportamiento horario coinciden con CapEfecNeta, DispoReal y DispoCome y la descripcion oficial corresponde a potencia neta.",45.0
2026-06-05,Recurso,PRG2,,Hour09,45000.0,kWh,kW,True,"La magnitud y comportamiento horario coinciden con CapEfecNeta, DispoReal y DispoCome y la descripcion oficial corresponde a potencia neta.",45.0
2026-06-05,Recurso,PRG2,,Hour10,45000.0,kWh,kW,True,"La magnitud y comportamiento horario coinciden con CapEfecNeta, DispoReal y DispoCome y la descripcion oficial corresponde a potencia neta.",45.0
2026-06-05,Recurso,PRG2,,Hour11,45000.0,kWh,kW,True,"La magnitud y comportamiento horario coinciden con CapEfecNeta, DispoReal y DispoCome y la descripcion oficial corresponde a potencia neta.",45.0
2026-06-05,Recurso,PRG2,,Hour12,45000.0,kWh,kW,True,"La magnitud y comportamiento horario coinciden con CapEfecNeta, DispoReal y DispoCome y la descripcion oficial corresponde a potencia neta.",45.0
2026-06-05,Recurso,PRG2,,Hour13,45000.0,kWh,kW,True,"La magnitud y comportamiento horario coinciden con CapEfecNeta, DispoReal y DispoCome y la descripcion oficial corresponde a potencia neta.",45.0
2026-06-05,Recurso,PRG2,,Hour14,45000.0,kWh,kW,True,"La magnitud y comportamiento horario coinciden con CapEfecNeta, DispoReal y DispoCome y la descripcion oficial corresponde a potencia neta.",45.0
2026-06-05,Recurso,PRG2,,Hour15,45000.0,kWh,kW,True,"La magnitud y comportamiento horario coinciden con CapEfecNeta, DispoReal y DispoCome y la descripcion oficial corresponde a potencia neta.",45.0
2026-06-05,Recurso,PRG2,,Hour16,45000.0,kWh,kW,True,"La magnitud y comportamiento horario coinciden con CapEfecNeta, DispoReal y DispoCome y la descripcion oficial corresponde a potencia neta.",45.0
2026-06-05,Recurso,PRG2,,Hour17,45000.0,kWh,kW,True,"La magnitud y comportamiento horario coinciden con CapEfecNeta, DispoReal y DispoCome y la descripcion oficial corresponde a potencia neta.",45.0
2026-06-05,Recurso,PRG2,,Hour18,45000.0,kWh,kW,True,"La magnitud y comportamiento horario coinciden con CapEfecNeta, DispoReal y DispoCome y la descripcion oficial corresponde a potencia neta.",45.0
2026-06-05,Recurso,PRG2,,Hour19,45000.0,kWh,kW,True,"La magnitud y comportamiento horario coinciden con CapEfecNeta, DispoReal y DispoCome y la descripcion oficial corresponde a potencia neta.",45.0
2026-06-05,Recurso,PRG2,,Hour20,45000.0,kWh,kW,True,"La magnitud y comportamiento horario coinciden con CapEfecNeta, DispoReal y DispoCome y la descripcion oficial corresponde a potencia neta.",45.0
2026-06-05,Recurso,PRG2,,Hour21,45000.0,kWh,kW,True,"La magnitud y comportamiento horario coinciden con CapEfecNeta, DispoReal y DispoCome y la descripcion oficial corresponde a potencia neta.",45.0
2026-06-05,Recurso,PRG2,,Hour22,45000.0,kWh,kW,True,"La magnitud y comportamiento horario coinciden con CapEfecNeta, DispoReal y DispoCome y la descripcion oficial corresponde a potencia neta.",45.0
2026-06-05,Recurso,PRG2,,Hour23,45000.0,kWh,kW,True,"La magnitud y comportamiento horario coinciden con CapEfecNeta, DispoReal y DispoCome y la descripcion oficial corresponde a potencia neta.",45.0
2026-06-05,Recurso,PRG2,,Hour24,45000.0,kWh,kW,True,"La magnitud y comportamiento horario coinciden con CapEfecNeta, DispoReal y DispoCome y la descripcion oficial corresponde a potencia neta.",45.0
2026-06-05,Recurso,QUI1,,Hour01,326000.0,kWh,kW,True,"La magnitud y comportamiento horario coinciden con CapEfecNeta, DispoReal y DispoCome y la descripcion oficial corresponde a potencia neta.",326.0
2026-06-05,Recurso,QUI1,,Hour02,326000.0,kWh,kW,True,"La magnitud y comportamiento horario coinciden con CapEfecNeta, DispoReal y DispoCome y la descripcion oficial corresponde a potencia neta.",326.0
2026-06-05,Recurso,QUI1,,Hour03,326000.0,kWh,kW,True,"La magnitud y comportamiento horario coinciden con CapEfecNeta, DispoReal y DispoCome y la descripcion oficial corresponde a potencia neta.",326.0
2026-06-05,Recurso,QUI1,,Hour04,326000.0,kWh,kW,True,"La magnitud y comportamiento horario coinciden con CapEfecNeta, DispoReal y DispoCome y la descripcion oficial corresponde a potencia neta.",326.0
2026-06-05,Recurso,QUI1,,Hour05,326000.0,kWh,kW,True,"La magnitud y comportamiento horario coinciden con CapEfecNeta, DispoReal y DispoCome y la descripcion oficial corresponde a potencia neta.",326.0
2026-06-05,Recurso,QUI1,,Hour06,326000.0,kWh,kW,True,"La magnitud y comportamiento horario coinciden con CapEfecNeta, DispoReal y DispoCome y la descripcion oficial corresponde a potencia neta.",326.0
2026-06-05,Recurso,QUI1,,Hour07,326000.0,kWh,kW,True,"La magnitud y comportamiento horario coinciden con CapEfecNeta, DispoReal y DispoCome y la descripcion oficial corresponde a potencia neta.",326.0
2026-06-05,Recurso,QUI1,,Hour08,326000.0,kWh,kW,True,"La magnitud y comportamiento horario coinciden con CapEfecNeta, DispoReal y DispoCome y la descripcion oficial corresponde a potencia neta.",326.0
2026-06-05,Recurso,QUI1,,Hour09,326000.0,kWh,kW,True,"La magnitud y comportamiento horario coinciden con CapEfecNeta, DispoReal y DispoCome y la descripcion oficial corresponde a potencia neta.",326.0
2026-06-05,Recurso,QUI1,,Hour10,326000.0,kWh,kW,True,"La magnitud y comportamiento horario coinciden con CapEfecNeta, DispoReal y DispoCome y la descripcion oficial corresponde a potencia neta.",326.0
2026-06-05,Recurso,QUI1,,Hour11,326000.0,kWh,kW,True,"La magnitud y comportamiento horario coinciden con CapEfecNeta, DispoReal y DispoCome y la descripcion oficial corresponde a potencia neta.",326.0
2026-06-05,Recurso,QUI1,,Hour12,326000.0,kWh,kW,True,"La magnitud y comportamiento horario coinciden con CapEfecNeta, DispoReal y DispoCome y la descripcion oficial corresponde a potencia neta.",326.0
2026-06-05,Recurso,QUI1,,Hour13,326000.0,kWh,kW,True,"La magnitud y comportamiento horario coinciden con CapEfecNeta, DispoReal y DispoCome y la descripcion oficial corresponde a potencia neta.",326.0
2026-06-05,Recurso,QUI1,,Hour14,326000.0,kWh,kW,True,"La magnitud y comportamiento horario coinciden con CapEfecNeta, DispoReal y DispoCome y la descripcion oficial corresponde a potencia neta.",326.0
2026-06-05,Recurso,QUI1,,Hour15,326000.0,kWh,kW,True,"La magnitud y comportamiento horario coinciden con CapEfecNeta, DispoReal y DispoCome y la descripcion oficial corresponde a potencia neta.",326.0
2026-06-05,Recurso,QUI1,,Hour16,326000.0,kWh,kW,True,"La magnitud y comportamiento horario coinciden con CapEfecNeta, DispoReal y DispoCome y la descripcion oficial corresponde a potencia neta.",326.0
2026-06-05,Recurso,QUI1,,Hour17,326000.0,kWh,kW,True,"La magnitud y comportamiento horario coinciden con CapEfecNeta, DispoReal y DispoCome y la descripcion oficial corresponde a potencia neta.",326.0
2026-06-05,Recurso,QUI1,,Hour18,326000.0,kWh,kW,True,"La magnitud y comportamiento horario coinciden con CapEfecNeta, DispoReal y DispoCome y la descripcion oficial corresponde a potencia neta.",326.0
2026-06-05,Recurso,QUI1,,Hour19,326000.0,kWh,kW,True,"La magnitud y comportamiento horario coinciden con CapEfecNeta, DispoReal y DispoCome y la descripcion oficial corresponde a potencia neta.",326.0
2026-06-05,Recurso,QUI1,,Hour20,326000.0,kWh,kW,True,"La magnitud y comportamiento horario coinciden con CapEfecNeta, DispoReal y DispoCome y la descripcion oficial corresponde a potencia neta.",326.0
2026-06-05,Recurso,QUI1,,Hour21,326000.0,kWh,kW,True,"La magnitud y comportamiento horario coinciden con CapEfecNeta, DispoReal y DispoCome y la descripcion oficial corresponde a potencia neta.",326.0
2026-06-05,Recurso,QUI1,,Hour22,326000.0,kWh,kW,True,"La magnitud y comportamiento horario coinciden con CapEfecNeta, DispoReal y DispoCome y la descripcion oficial corresponde a potencia neta.",326.0
2026-06-05,Recurso,QUI1,,Hour23,326000.0,kWh,kW,True,"La magnitud y comportamiento horario coinciden con CapEfecNeta, DispoReal y DispoCome y la descripcion oficial corresponde a potencia neta.",326.0
2026-06-05,Recurso,QUI1,,Hour24,326000.0,kWh,kW,True,"La magnitud y comportamiento horario coinciden con CapEfecNeta, DispoReal y DispoCome y la descripcion oficial corresponde a potencia neta.",326.0
2026-06-05,Recurso,SLVJ,,Hour01,315000.0,kWh,kW,True,"La magnitud y comportamiento horario coinciden con CapEfecNeta, DispoReal y DispoCome y la descripcion oficial corresponde a potencia neta.",315.0
2026-06-05,Recurso,SLVJ,,Hour02,315000.0,kWh,kW,True,"La magnitud y comportamiento horario coinciden con CapEfecNeta, DispoReal y DispoCome y la descripcion oficial corresponde a potencia neta.",315.0
2026-06-05,Recurso,SLVJ,,Hour03,315000.0,kWh,kW,True,"La magnitud y comportamiento horario coinciden con CapEfecNeta, DispoReal y DispoCome y la descripcion oficial corresponde a potencia neta.",315.0
2026-06-05,Recurso,SLVJ,,Hour04,315000.0,kWh,kW,True,"La magnitud y comportamiento horario coinciden con CapEfecNeta, DispoReal y DispoCome y la descripcion oficial corresponde a potencia neta.",315.0
2026-06-05,Recurso,SLVJ,,Hour05,315000.0,kWh,kW,True,"La magnitud y comportamiento horario coinciden con CapEfecNeta, DispoReal y DispoCome y la descripcion oficial corresponde a potencia neta.",315.0
2026-06-05,Recurso,SLVJ,,Hour06,315000.0,kWh,kW,True,"La magnitud y comportamiento horario coinciden con CapEfecNeta, DispoReal y DispoCome y la descripcion oficial corresponde a potencia neta.",315.0
2026-06-05,Recurso,SLVJ,,Hour07,315000.0,kWh,kW,True,"La magnitud y comportamiento horario coinciden con CapEfecNeta, DispoReal y DispoCome y la descripcion oficial corresponde a potencia neta.",315.0
2026-06-05,Recurso,SLVJ,,Hour08,315000.0,kWh,kW,True,"La magnitud y comportamiento horario coinciden con CapEfecNeta, DispoReal y DispoCome y la descripcion oficial corresponde a potencia neta.",315.0
2026-06-05,Recurso,SLVJ,,Hour09,315000.0,kWh,kW,True,"La magnitud y comportamiento horario coinciden con CapEfecNeta, DispoReal y DispoCome y la descripcion oficial corresponde a potencia neta.",315.0
2026-06-05,Recurso,SLVJ,,Hour10,315000.0,kWh,kW,True,"La magnitud y comportamiento horario coinciden con CapEfecNeta, DispoReal y DispoCome y la descripcion oficial corresponde a potencia neta.",315.0
2026-06-05,Recurso,SLVJ,,Hour11,315000.0,kWh,kW,True,"La magnitud y comportamiento horario coinciden con CapEfecNeta, DispoReal y DispoCome y la descripcion oficial corresponde a potencia neta.",315.0
2026-06-05,Recurso,SLVJ,,Hour12,315000.0,kWh,kW,True,"La magnitud y comportamiento horario coinciden con CapEfecNeta, DispoReal y DispoCome y la descripcion oficial corresponde a potencia neta.",315.0
2026-06-05,Recurso,SLVJ,,Hour13,315000.0,kWh,kW,True,"La magnitud y comportamiento horario coinciden con CapEfecNeta, DispoReal y DispoCome y la descripcion oficial corresponde a potencia neta.",315.0
2026-06-05,Recurso,SLVJ,,Hour14,315000.0,kWh,kW,True,"La magnitud y comportamiento horario coinciden con CapEfecNeta, DispoReal y DispoCome y la descripcion oficial corresponde a potencia neta.",315.0
2026-06-05,Recurso,SLVJ,,Hour15,315000.0,kWh,kW,True,"La magnitud y comportamiento horario coinciden con CapEfecNeta, DispoReal y DispoCome y la descripcion oficial corresponde a potencia neta.",315.0
2026-06-05,Recurso,SLVJ,,Hour16,315000.0,kWh,kW,True,"La magnitud y comportamiento horario coinciden con CapEfecNeta, DispoReal y DispoCome y la descripcion oficial corresponde a potencia neta.",315.0
2026-06-05,Recurso,SLVJ,,Hour17,315000.0,kWh,kW,True,"La magnitud y comportamiento horario coinciden con CapEfecNeta, DispoReal y DispoCome y la descripcion oficial corresponde a potencia neta.",315.0
2026-06-05,Recurso,SLVJ,,Hour18,315000.0,kWh,kW,True,"La magnitud y comportamiento horario coinciden con CapEfecNeta, DispoReal y DispoCome y la descripcion oficial corresponde a potencia neta.",315.0
2026-06-05,Recurso,SLVJ,,Hour19,315000.0,kWh,kW,True,"La magnitud y comportamiento horario coinciden con CapEfecNeta, DispoReal y DispoCome y la descripcion oficial corresponde a potencia neta.",315.0
2026-06-05,Recurso,SLVJ,,Hour20,315000.0,kWh,kW,True,"La magnitud y comportamiento horario coinciden con CapEfecNeta, DispoReal y DispoCome y la descripcion oficial corresponde a potencia neta.",315.0
2026-06-05,Recurso,SLVJ,,Hour21,315000.0,kWh,kW,True,"La magnitud y comportamiento horario coinciden con CapEfecNeta, DispoReal y DispoCome y la descripcion oficial corresponde a potencia neta.",315.0
2026-06-05,Recurso,SLVJ,,Hour22,315000.0,kWh,kW,True,"La magnitud y comportamiento horario coinciden con CapEfecNeta, DispoReal y DispoCome y la descripcion oficial corresponde a potencia neta.",315.0
2026-06-05,Recurso,SLVJ,,Hour23,315000.0,kWh,kW,True,"La magnitud y comportamiento horario coinciden con CapEfecNeta, DispoReal y DispoCome y la descripcion oficial corresponde a potencia neta.",315.0
2026-06-05,Recurso,SLVJ,,Hour24,315000.0,kWh,kW,True,"La magnitud y comportamiento horario coinciden con CapEfecNeta, DispoReal y DispoCome y la descripcion oficial corresponde a potencia neta.",315.0
2026-06-06,Recurso,PPA2,,Hour01,72000.0,kWh,kW,True,"La magnitud y comportamiento horario coinciden con CapEfecNeta, DispoReal y DispoCome y la descripcion oficial corresponde a potencia neta.",72.0
2026-06-06,Recurso,PPA2,,Hour02,72000.0,kWh,kW,True,"La magnitud y comportamiento horario coinciden con CapEfecNeta, DispoReal y DispoCome y la descripcion oficial corresponde a potencia neta.",72.0
2026-06-06,Recurso,PPA2,,Hour03,72000.0,kWh,kW,True,"La magnitud y comportamiento horario coinciden con CapEfecNeta, DispoReal y DispoCome y la descripcion oficial corresponde a potencia neta.",72.0
2026-06-06,Recurso,PPA2,,Hour04,72000.0,kWh,kW,True,"La magnitud y comportamiento horario coinciden con CapEfecNeta, DispoReal y DispoCome y la descripcion oficial corresponde a potencia neta.",72.0
2026-06-06,Recurso,PPA2,,Hour05,72000.0,kWh,kW,True,"La magnitud y comportamiento horario coinciden con CapEfecNeta, DispoReal y DispoCome y la descripcion oficial corresponde a potencia neta.",72.0
2026-06-06,Recurso,PPA2,,Hour06,72000.0,kWh,kW,True,"La magnitud y comportamiento horario coinciden con CapEfecNeta, DispoReal y DispoCome y la descripcion oficial corresponde a potencia neta.",72.0
2026-06-06,Recurso,PPA2,,Hour07,72000.0,kWh,kW,True,"La magnitud y comportamiento horario coinciden con CapEfecNeta, DispoReal y DispoCome y la descripcion oficial corresponde a potencia neta.",72.0
2026-06-06,Recurso,PPA2,,Hour08,72000.0,kWh,kW,True,"La magnitud y comportamiento horario coinciden con CapEfecNeta, DispoReal y DispoCome y la descripcion oficial corresponde a potencia neta.",72.0
2026-06-06,Recurso,PPA2,,Hour09,72000.0,kWh,kW,True,"La magnitud y comportamiento horario coinciden con CapEfecNeta, DispoReal y DispoCome y la descripcion oficial corresponde a potencia neta.",72.0
2026-06-06,Recurso,PPA2,,Hour10,72000.0,kWh,kW,True,"La magnitud y comportamiento horario coinciden con CapEfecNeta, DispoReal y DispoCome y la descripcion oficial corresponde a potencia neta.",72.0
2026-06-06,Recurso,PPA2,,Hour11,72000.0,kWh,kW,True,"La magnitud y comportamiento horario coinciden con CapEfecNeta, DispoReal y DispoCome y la descripcion oficial corresponde a potencia neta.",72.0
2026-06-06,Recurso,PPA2,,Hour12,72000.0,kWh,kW,True,"La magnitud y comportamiento horario coinciden con CapEfecNeta, DispoReal y DispoCome y la descripcion oficial corresponde a potencia neta.",72.0
2026-06-06,Recurso,PPA2,,Hour13,72000.0,kWh,kW,True,"La magnitud y comportamiento horario coinciden con CapEfecNeta, DispoReal y DispoCome y la descripcion oficial corresponde a potencia neta.",72.0
2026-06-06,Recurso,PPA2,,Hour14,72000.0,kWh,kW,True,"La magnitud y comportamiento horario coinciden con CapEfecNeta, DispoReal y DispoCome y la descripcion oficial corresponde a potencia neta.",72.0
2026-06-06,Recurso,PPA2,,Hour15,72000.0,kWh,kW,True,"La magnitud y comportamiento horario coinciden con CapEfecNeta, DispoReal y DispoCome y la descripcion oficial corresponde a potencia neta.",72.0
2026-06-06,Recurso,PPA2,,Hour16,72000.0,kWh,kW,True,"La magnitud y comportamiento horario coinciden con CapEfecNeta, DispoReal y DispoCome y la descripcion oficial corresponde a potencia neta.",72.0
2026-06-06,Recurso,PPA2,,Hour17,72000.0,kWh,kW,True,"La magnitud y comportamiento horario coinciden con CapEfecNeta, DispoReal y DispoCome y la descripcion oficial corresponde a potencia neta.",72.0
2026-06-06,Recurso,PPA2,,Hour18,72000.0,kWh,kW,True,"La magnitud y comportamiento horario coinciden con CapEfecNeta, DispoReal y DispoCome y la descripcion oficial corresponde a potencia neta.",72.0
2026-06-06,Recurso,PPA2,,Hour19,72000.0,kWh,kW,True,"La magnitud y comportamiento horario coinciden con CapEfecNeta, DispoReal y DispoCome y la descripcion oficial corresponde a potencia neta.",72.0
2026-06-06,Recurso,PPA2,,Hour20,72000.0,kWh,kW,True,"La magnitud y comportamiento horario coinciden con CapEfecNeta, DispoReal y DispoCome y la descripcion oficial corresponde a potencia neta.",72.0
2026-06-06,Recurso,PPA2,,Hour21,72000.0,kWh,kW,True,"La magnitud y comportamiento horario coinciden con CapEfecNeta, DispoReal y DispoCome y la descripcion oficial corresponde a potencia neta.",72.0
2026-06-06,Recurso,PPA2,,Hour22,72000.0,kWh,kW,True,"La magnitud y comportamiento horario coinciden con CapEfecNeta, DispoReal y DispoCome y la descripcion oficial corresponde a potencia neta.",72.0
2026-06-06,Recurso,PPA2,,Hour23,72000.0,kWh,kW,True,"La magnitud y comportamiento horario coinciden con CapEfecNeta, DispoReal y DispoCome y la descripcion oficial corresponde a potencia neta.",72.0
2026-06-06,Recurso,PPA2,,Hour24,72000.0,kWh,kW,True,"La magnitud y comportamiento horario coinciden con CapEfecNeta, DispoReal y DispoCome y la descripcion oficial corresponde a potencia neta.",72.0
2026-06-06,Recurso,PPA3,,Hour01,70000.0,kWh,kW,True,"La magnitud y comportamiento horario coinciden con CapEfecNeta, DispoReal y DispoCome y la descripcion oficial corresponde a potencia neta.",70.0
2026-06-06,Recurso,PPA3,,Hour02,70000.0,kWh,kW,True,"La magnitud y comportamiento horario coinciden con CapEfecNeta, DispoReal y DispoCome y la descripcion oficial corresponde a potencia neta.",70.0
2026-06-06,Recurso,PPA3,,Hour03,70000.0,kWh,kW,True,"La magnitud y comportamiento horario coinciden con CapEfecNeta, DispoReal y DispoCome y la descripcion oficial corresponde a potencia neta.",70.0
2026-06-06,Recurso,PPA3,,Hour04,70000.0,kWh,kW,True,"La magnitud y comportamiento horario coinciden con CapEfecNeta, DispoReal y DispoCome y la descripcion oficial corresponde a potencia neta.",70.0
2026-06-06,Recurso,PPA3,,Hour05,70000.0,kWh,kW,True,"La magnitud y comportamiento horario coinciden con CapEfecNeta, DispoReal y DispoCome y la descripcion oficial corresponde a potencia neta.",70.0
2026-06-06,Recurso,PPA3,,Hour06,70000.0,kWh,kW,True,"La magnitud y comportamiento horario coinciden con CapEfecNeta, DispoReal y DispoCome y la descripcion oficial corresponde a potencia neta.",70.0
2026-06-06,Recurso,PPA3,,Hour07,70000.0,kWh,kW,True,"La magnitud y comportamiento horario coinciden con CapEfecNeta, DispoReal y DispoCome y la descripcion oficial corresponde a potencia neta.",70.0
2026-06-06,Recurso,PPA3,,Hour08,70000.0,kWh,kW,True,"La magnitud y comportamiento horario coinciden con CapEfecNeta, DispoReal y DispoCome y la descripcion oficial corresponde a potencia neta.",70.0
2026-06-06,Recurso,PPA3,,Hour09,70000.0,kWh,kW,True,"La magnitud y comportamiento horario coinciden con CapEfecNeta, DispoReal y DispoCome y la descripcion oficial corresponde a potencia neta.",70.0
2026-06-06,Recurso,PPA3,,Hour10,70000.0,kWh,kW,True,"La magnitud y comportamiento horario coinciden con CapEfecNeta, DispoReal y DispoCome y la descripcion oficial corresponde a potencia neta.",70.0
2026-06-06,Recurso,PPA3,,Hour11,70000.0,kWh,kW,True,"La magnitud y comportamiento horario coinciden con CapEfecNeta, DispoReal y DispoCome y la descripcion oficial corresponde a potencia neta.",70.0
2026-06-06,Recurso,PPA3,,Hour12,70000.0,kWh,kW,True,"La magnitud y comportamiento horario coinciden con CapEfecNeta, DispoReal y DispoCome y la descripcion oficial corresponde a potencia neta.",70.0
2026-06-06,Recurso,PPA3,,Hour13,70000.0,kWh,kW,True,"La magnitud y comportamiento horario coinciden con CapEfecNeta, DispoReal y DispoCome y la descripcion oficial corresponde a potencia neta.",70.0
2026-06-06,Recurso,PPA3,,Hour14,70000.0,kWh,kW,True,"La magnitud y comportamiento horario coinciden con CapEfecNeta, DispoReal y DispoCome y la descripcion oficial corresponde a potencia neta.",70.0
2026-06-06,Recurso,PPA3,,Hour15,70000.0,kWh,kW,True,"La magnitud y comportamiento horario coinciden con CapEfecNeta, DispoReal y DispoCome y la descripcion oficial corresponde a potencia neta.",70.0
2026-06-06,Recurso,PPA3,,Hour16,70000.0,kWh,kW,True,"La magnitud y comportamiento horario coinciden con CapEfecNeta, DispoReal y DispoCome y la descripcion oficial corresponde a potencia neta.",70.0
2026-06-06,Recurso,PPA3,,Hour17,70000.0,kWh,kW,True,"La magnitud y comportamiento horario coinciden con CapEfecNeta, DispoReal y DispoCome y la descripcion oficial corresponde a potencia neta.",70.0
2026-06-06,Recurso,PPA3,,Hour18,70000.0,kWh,kW,True,"La magnitud y comportamiento horario coinciden con CapEfecNeta, DispoReal y DispoCome y la descripcion oficial corresponde a potencia neta.",70.0
2026-06-06,Recurso,PPA3,,Hour19,70000.0,kWh,kW,True,"La magnitud y comportamiento horario coinciden con CapEfecNeta, DispoReal y DispoCome y la descripcion oficial corresponde a potencia neta.",70.0
2026-06-06,Recurso,PPA3,,Hour20,70000.0,kWh,kW,True,"La magnitud y comportamiento horario coinciden con CapEfecNeta, DispoReal y DispoCome y la descripcion oficial corresponde a potencia neta.",70.0
2026-06-06,Recurso,PPA3,,Hour21,70000.0,kWh,kW,True,"La magnitud y comportamiento horario coinciden con CapEfecNeta, DispoReal y DispoCome y la descripcion oficial corresponde a potencia neta.",70.0
2026-06-06,Recurso,PPA3,,Hour22,70000.0,kWh,kW,True,"La magnitud y comportamiento horario coinciden con CapEfecNeta, DispoReal y DispoCome y la descripcion oficial corresponde a potencia neta.",70.0
2026-06-06,Recurso,PPA3,,Hour23,70000.0,kWh,kW,True,"La magnitud y comportamiento horario coinciden con CapEfecNeta, DispoReal y DispoCome y la descripcion oficial corresponde a potencia neta.",70.0
2026-06-06,Recurso,PPA3,,Hour24,70000.0,kWh,kW,True,"La magnitud y comportamiento horario coinciden con CapEfecNeta, DispoReal y DispoCome y la descripcion oficial corresponde a potencia neta.",70.0
2026-06-06,Recurso,PPA4,,Hour01,0.0,kWh,kW,True,"La magnitud y comportamiento horario coinciden con CapEfecNeta, DispoReal y DispoCome y la descripcion oficial corresponde a potencia neta.",0.0
2026-06-06,Recurso,PPA4,,Hour02,0.0,kWh,kW,True,"La magnitud y comportamiento horario coinciden con CapEfecNeta, DispoReal y DispoCome y la descripcion oficial corresponde a potencia neta.",0.0
2026-06-06,Recurso,PPA4,,Hour03,0.0,kWh,kW,True,"La magnitud y comportamiento horario coinciden con CapEfecNeta, DispoReal y DispoCome y la descripcion oficial corresponde a potencia neta.",0.0
2026-06-06,Recurso,PPA4,,Hour04,0.0,kWh,kW,True,"La magnitud y comportamiento horario coinciden con CapEfecNeta, DispoReal y DispoCome y la descripcion oficial corresponde a potencia neta.",0.0
2026-06-06,Recurso,PPA4,,Hour05,0.0,kWh,kW,True,"La magnitud y comportamiento horario coinciden con CapEfecNeta, DispoReal y DispoCome y la descripcion oficial corresponde a potencia neta.",0.0
2026-06-06,Recurso,PPA4,,Hour06,0.0,kWh,kW,True,"La magnitud y comportamiento horario coinciden con CapEfecNeta, DispoReal y DispoCome y la descripcion oficial corresponde a potencia neta.",0.0
2026-06-06,Recurso,PPA4,,Hour07,0.0,kWh,kW,True,"La magnitud y comportamiento horario coinciden con CapEfecNeta, DispoReal y DispoCome y la descripcion oficial corresponde a potencia neta.",0.0
2026-06-06,Recurso,PPA4,,Hour08,0.0,kWh,kW,True,"La magnitud y comportamiento horario coinciden con CapEfecNeta, DispoReal y DispoCome y la descripcion oficial corresponde a potencia neta.",0.0
2026-06-06,Recurso,PPA4,,Hour09,0.0,kWh,kW,True,"La magnitud y comportamiento horario coinciden con CapEfecNeta, DispoReal y DispoCome y la descripcion oficial corresponde a potencia neta.",0.0
2026-06-06,Recurso,PPA4,,Hour10,0.0,kWh,kW,True,"La magnitud y comportamiento horario coinciden con CapEfecNeta, DispoReal y DispoCome y la descripcion oficial corresponde a potencia neta.",0.0
2026-06-06,Recurso,PPA4,,Hour11,0.0,kWh,kW,True,"La magnitud y comportamiento horario coinciden con CapEfecNeta, DispoReal y DispoCome y la descripcion oficial corresponde a potencia neta.",0.0
2026-06-06,Recurso,PPA4,,Hour12,0.0,kWh,kW,True,"La magnitud y comportamiento horario coinciden con CapEfecNeta, DispoReal y DispoCome y la descripcion oficial corresponde a potencia neta.",0.0
2026-06-06,Recurso,PPA4,,Hour13,0.0,kWh,kW,True,"La magnitud y comportamiento horario coinciden con CapEfecNeta, DispoReal y DispoCome y la descripcion oficial corresponde a potencia neta.",0.0
2026-06-06,Recurso,PPA4,,Hour14,0.0,kWh,kW,True,"La magnitud y comportamiento horario coinciden con CapEfecNeta, DispoReal y DispoCome y la descripcion oficial corresponde a potencia neta.",0.0
2026-06-06,Recurso,PPA4,,Hour15,0.0,kWh,kW,True,"La magnitud y comportamiento horario coinciden con CapEfecNeta, DispoReal y DispoCome y la descripcion oficial corresponde a potencia neta.",0.0
2026-06-06,Recurso,PPA4,,Hour16,0.0,kWh,kW,True,"La magnitud y comportamiento horario coinciden con CapEfecNeta, DispoReal y DispoCome y la descripcion oficial corresponde a potencia neta.",0.0
2026-06-06,Recurso,PPA4,,Hour17,0.0,kWh,kW,True,"La magnitud y comportamiento horario coinciden con CapEfecNeta, DispoReal y DispoCome y la descripcion oficial corresponde a potencia neta.",0.0
2026-06-06,Recurso,PPA4,,Hour18,0.0,kWh,kW,True,"La magnitud y comportamiento horario coinciden con CapEfecNeta, DispoReal y DispoCome y la descripcion oficial corresponde a potencia neta.",0.0
2026-06-06,Recurso,PPA4,,Hour19,0.0,kWh,kW,True,"La magnitud y comportamiento horario coinciden con CapEfecNeta, DispoReal y DispoCome y la descripcion oficial corresponde a potencia neta.",0.0
2026-06-06,Recurso,PPA4,,Hour20,0.0,kWh,kW,True,"La magnitud y comportamiento horario coinciden con CapEfecNeta, DispoReal y DispoCome y la descripcion oficial corresponde a potencia neta.",0.0
2026-06-06,Recurso,PPA4,,Hour21,0.0,kWh,kW,True,"La magnitud y comportamiento horario coinciden con CapEfecNeta, DispoReal y DispoCome y la descripcion oficial corresponde a potencia neta.",0.0
2026-06-06,Recurso,PPA4,,Hour22,0.0,kWh,kW,True,"La magnitud y comportamiento horario coinciden con CapEfecNeta, DispoReal y DispoCome y la descripcion oficial corresponde a potencia neta.",0.0
2026-06-06,Recurso,PPA4,,Hour23,0.0,kWh,kW,True,"La magnitud y comportamiento horario coinciden con CapEfecNeta, DispoReal y DispoCome y la descripcion oficial corresponde a potencia neta.",0.0
2026-06-06,Recurso,PPA4,,Hour24,0.0,kWh,kW,True,"La magnitud y comportamiento horario coinciden con CapEfecNeta, DispoReal y DispoCome y la descripcion oficial corresponde a potencia neta.",0.0
2026-06-06,Recurso,PRC2,,Hour01,405000.0,kWh,kW,True,"La magnitud y comportamiento horario coinciden con CapEfecNeta, DispoReal y DispoCome y la descripcion oficial corresponde a potencia neta.",405.0
2026-06-06,Recurso,PRC2,,Hour02,405000.0,kWh,kW,True,"La magnitud y comportamiento horario coinciden con CapEfecNeta, DispoReal y DispoCome y la descripcion oficial corresponde a potencia neta.",405.0
2026-06-06,Recurso,PRC2,,Hour03,405000.0,kWh,kW,True,"La magnitud y comportamiento horario coinciden con CapEfecNeta, DispoReal y DispoCome y la descripcion oficial corresponde a potencia neta.",405.0
2026-06-06,Recurso,PRC2,,Hour04,405000.0,kWh,kW,True,"La magnitud y comportamiento horario coinciden con CapEfecNeta, DispoReal y DispoCome y la descripcion oficial corresponde a potencia neta.",405.0
2026-06-06,Recurso,PRC2,,Hour05,405000.0,kWh,kW,True,"La magnitud y comportamiento horario coinciden con CapEfecNeta, DispoReal y DispoCome y la descripcion oficial corresponde a potencia neta.",405.0
2026-06-06,Recurso,PRC2,,Hour06,405000.0,kWh,kW,True,"La magnitud y comportamiento horario coinciden con CapEfecNeta, DispoReal y DispoCome y la descripcion oficial corresponde a potencia neta.",405.0
2026-06-06,Recurso,PRC2,,Hour07,405000.0,kWh,kW,True,"La magnitud y comportamiento horario coinciden con CapEfecNeta, DispoReal y DispoCome y la descripcion oficial corresponde a potencia neta.",405.0
2026-06-06,Recurso,PRC2,,Hour08,405000.0,kWh,kW,True,"La magnitud y comportamiento horario coinciden con CapEfecNeta, DispoReal y DispoCome y la descripcion oficial corresponde a potencia neta.",405.0
2026-06-06,Recurso,PRC2,,Hour09,405000.0,kWh,kW,True,"La magnitud y comportamiento horario coinciden con CapEfecNeta, DispoReal y DispoCome y la descripcion oficial corresponde a potencia neta.",405.0
2026-06-06,Recurso,PRC2,,Hour10,405000.0,kWh,kW,True,"La magnitud y comportamiento horario coinciden con CapEfecNeta, DispoReal y DispoCome y la descripcion oficial corresponde a potencia neta.",405.0
2026-06-06,Recurso,PRC2,,Hour11,405000.0,kWh,kW,True,"La magnitud y comportamiento horario coinciden con CapEfecNeta, DispoReal y DispoCome y la descripcion oficial corresponde a potencia neta.",405.0
2026-06-06,Recurso,PRC2,,Hour12,405000.0,kWh,kW,True,"La magnitud y comportamiento horario coinciden con CapEfecNeta, DispoReal y DispoCome y la descripcion oficial corresponde a potencia neta.",405.0
2026-06-06,Recurso,PRC2,,Hour13,405000.0,kWh,kW,True,"La magnitud y comportamiento horario coinciden con CapEfecNeta, DispoReal y DispoCome y la descripcion oficial corresponde a potencia neta.",405.0
2026-06-06,Recurso,PRC2,,Hour14,405000.0,kWh,kW,True,"La magnitud y comportamiento horario coinciden con CapEfecNeta, DispoReal y DispoCome y la descripcion oficial corresponde a potencia neta.",405.0
2026-06-06,Recurso,PRC2,,Hour15,405000.0,kWh,kW,True,"La magnitud y comportamiento horario coinciden con CapEfecNeta, DispoReal y DispoCome y la descripcion oficial corresponde a potencia neta.",405.0
2026-06-06,Recurso,PRC2,,Hour16,405000.0,kWh,kW,True,"La magnitud y comportamiento horario coinciden con CapEfecNeta, DispoReal y DispoCome y la descripcion oficial corresponde a potencia neta.",405.0
2026-06-06,Recurso,PRC2,,Hour17,405000.0,kWh,kW,True,"La magnitud y comportamiento horario coinciden con CapEfecNeta, DispoReal y DispoCome y la descripcion oficial corresponde a potencia neta.",405.0
2026-06-06,Recurso,PRC2,,Hour18,405000.0,kWh,kW,True,"La magnitud y comportamiento horario coinciden con CapEfecNeta, DispoReal y DispoCome y la descripcion oficial corresponde a potencia neta.",405.0
2026-06-06,Recurso,PRC2,,Hour19,405000.0,kWh,kW,True,"La magnitud y comportamiento horario coinciden con CapEfecNeta, DispoReal y DispoCome y la descripcion oficial corresponde a potencia neta.",405.0
2026-06-06,Recurso,PRC2,,Hour20,405000.0,kWh,kW,True,"La magnitud y comportamiento horario coinciden con CapEfecNeta, DispoReal y DispoCome y la descripcion oficial corresponde a potencia neta.",405.0
2026-06-06,Recurso,PRC2,,Hour21,405000.0,kWh,kW,True,"La magnitud y comportamiento horario coinciden con CapEfecNeta, DispoReal y DispoCome y la descripcion oficial corresponde a potencia neta.",405.0
2026-06-06,Recurso,PRC2,,Hour22,405000.0,kWh,kW,True,"La magnitud y comportamiento horario coinciden con CapEfecNeta, DispoReal y DispoCome y la descripcion oficial corresponde a potencia neta.",405.0
2026-06-06,Recurso,PRC2,,Hour23,405000.0,kWh,kW,True,"La magnitud y comportamiento horario coinciden con CapEfecNeta, DispoReal y DispoCome y la descripcion oficial corresponde a potencia neta.",405.0
2026-06-06,Recurso,PRC2,,Hour24,405000.0,kWh,kW,True,"La magnitud y comportamiento horario coinciden con CapEfecNeta, DispoReal y DispoCome y la descripcion oficial corresponde a potencia neta.",405.0
2026-06-06,Recurso,PRC3,,Hour01,656000.0,kWh,kW,True,"La magnitud y comportamiento horario coinciden con CapEfecNeta, DispoReal y DispoCome y la descripcion oficial corresponde a potencia neta.",656.0
2026-06-06,Recurso,PRC3,,Hour02,656000.0,kWh,kW,True,"La magnitud y comportamiento horario coinciden con CapEfecNeta, DispoReal y DispoCome y la descripcion oficial corresponde a potencia neta.",656.0
2026-06-06,Recurso,PRC3,,Hour03,656000.0,kWh,kW,True,"La magnitud y comportamiento horario coinciden con CapEfecNeta, DispoReal y DispoCome y la descripcion oficial corresponde a potencia neta.",656.0
2026-06-06,Recurso,PRC3,,Hour04,656000.0,kWh,kW,True,"La magnitud y comportamiento horario coinciden con CapEfecNeta, DispoReal y DispoCome y la descripcion oficial corresponde a potencia neta.",656.0
2026-06-06,Recurso,PRC3,,Hour05,656000.0,kWh,kW,True,"La magnitud y comportamiento horario coinciden con CapEfecNeta, DispoReal y DispoCome y la descripcion oficial corresponde a potencia neta.",656.0
2026-06-06,Recurso,PRC3,,Hour06,656000.0,kWh,kW,True,"La magnitud y comportamiento horario coinciden con CapEfecNeta, DispoReal y DispoCome y la descripcion oficial corresponde a potencia neta.",656.0
2026-06-06,Recurso,PRC3,,Hour07,656000.0,kWh,kW,True,"La magnitud y comportamiento horario coinciden con CapEfecNeta, DispoReal y DispoCome y la descripcion oficial corresponde a potencia neta.",656.0
2026-06-06,Recurso,PRC3,,Hour08,656000.0,kWh,kW,True,"La magnitud y comportamiento horario coinciden con CapEfecNeta, DispoReal y DispoCome y la descripcion oficial corresponde a potencia neta.",656.0
2026-06-06,Recurso,PRC3,,Hour09,656000.0,kWh,kW,True,"La magnitud y comportamiento horario coinciden con CapEfecNeta, DispoReal y DispoCome y la descripcion oficial corresponde a potencia neta.",656.0
2026-06-06,Recurso,PRC3,,Hour10,656000.0,kWh,kW,True,"La magnitud y comportamiento horario coinciden con CapEfecNeta, DispoReal y DispoCome y la descripcion oficial corresponde a potencia neta.",656.0
2026-06-06,Recurso,PRC3,,Hour11,656000.0,kWh,kW,True,"La magnitud y comportamiento horario coinciden con CapEfecNeta, DispoReal y DispoCome y la descripcion oficial corresponde a potencia neta.",656.0
2026-06-06,Recurso,PRC3,,Hour12,656000.0,kWh,kW,True,"La magnitud y comportamiento horario coinciden con CapEfecNeta, DispoReal y DispoCome y la descripcion oficial corresponde a potencia neta.",656.0
2026-06-06,Recurso,PRC3,,Hour13,656000.0,kWh,kW,True,"La magnitud y comportamiento horario coinciden con CapEfecNeta, DispoReal y DispoCome y la descripcion oficial corresponde a potencia neta.",656.0
2026-06-06,Recurso,PRC3,,Hour14,656000.0,kWh,kW,True,"La magnitud y comportamiento horario coinciden con CapEfecNeta, DispoReal y DispoCome y la descripcion oficial corresponde a potencia neta.",656.0
2026-06-06,Recurso,PRC3,,Hour15,656000.0,kWh,kW,True,"La magnitud y comportamiento horario coinciden con CapEfecNeta, DispoReal y DispoCome y la descripcion oficial corresponde a potencia neta.",656.0
2026-06-06,Recurso,PRC3,,Hour16,656000.0,kWh,kW,True,"La magnitud y comportamiento horario coinciden con CapEfecNeta, DispoReal y DispoCome y la descripcion oficial corresponde a potencia neta.",656.0
2026-06-06,Recurso,PRC3,,Hour17,656000.0,kWh,kW,True,"La magnitud y comportamiento horario coinciden con CapEfecNeta, DispoReal y DispoCome y la descripcion oficial corresponde a potencia neta.",656.0
2026-06-06,Recurso,PRC3,,Hour18,656000.0,kWh,kW,True,"La magnitud y comportamiento horario coinciden con CapEfecNeta, DispoReal y DispoCome y la descripcion oficial corresponde a potencia neta.",656.0
2026-06-06,Recurso,PRC3,,Hour19,656000.0,kWh,kW,True,"La magnitud y comportamiento horario coinciden con CapEfecNeta, DispoReal y DispoCome y la descripcion oficial corresponde a potencia neta.",656.0
2026-06-06,Recurso,PRC3,,Hour20,656000.0,kWh,kW,True,"La magnitud y comportamiento horario coinciden con CapEfecNeta, DispoReal y DispoCome y la descripcion oficial corresponde a potencia neta.",656.0
2026-06-06,Recurso,PRC3,,Hour21,656000.0,kWh,kW,True,"La magnitud y comportamiento horario coinciden con CapEfecNeta, DispoReal y DispoCome y la descripcion oficial corresponde a potencia neta.",656.0
2026-06-06,Recurso,PRC3,,Hour22,656000.0,kWh,kW,True,"La magnitud y comportamiento horario coinciden con CapEfecNeta, DispoReal y DispoCome y la descripcion oficial corresponde a potencia neta.",656.0
2026-06-06,Recurso,PRC3,,Hour23,656000.0,kWh,kW,True,"La magnitud y comportamiento horario coinciden con CapEfecNeta, DispoReal y DispoCome y la descripcion oficial corresponde a potencia neta.",656.0
2026-06-06,Recurso,PRC3,,Hour24,656000.0,kWh,kW,True,"La magnitud y comportamiento horario coinciden con CapEfecNeta, DispoReal y DispoCome y la descripcion oficial corresponde a potencia neta.",656.0
2026-06-06,Recurso,PRDO,,Hour01,34000.0,kWh,kW,True,"La magnitud y comportamiento horario coinciden con CapEfecNeta, DispoReal y DispoCome y la descripcion oficial corresponde a potencia neta.",34.0
2026-06-06,Recurso,PRDO,,Hour02,34000.0,kWh,kW,True,"La magnitud y comportamiento horario coinciden con CapEfecNeta, DispoReal y DispoCome y la descripcion oficial corresponde a potencia neta.",34.0
2026-06-06,Recurso,PRDO,,Hour03,34000.0,kWh,kW,True,"La magnitud y comportamiento horario coinciden con CapEfecNeta, DispoReal y DispoCome y la descripcion oficial corresponde a potencia neta.",34.0
2026-06-06,Recurso,PRDO,,Hour04,34000.0,kWh,kW,True,"La magnitud y comportamiento horario coinciden con CapEfecNeta, DispoReal y DispoCome y la descripcion oficial corresponde a potencia neta.",34.0
2026-06-06,Recurso,PRDO,,Hour05,34000.0,kWh,kW,True,"La magnitud y comportamiento horario coinciden con CapEfecNeta, DispoReal y DispoCome y la descripcion oficial corresponde a potencia neta.",34.0
2026-06-06,Recurso,PRDO,,Hour06,34000.0,kWh,kW,True,"La magnitud y comportamiento horario coinciden con CapEfecNeta, DispoReal y DispoCome y la descripcion oficial corresponde a potencia neta.",34.0
2026-06-06,Recurso,PRDO,,Hour07,34000.0,kWh,kW,True,"La magnitud y comportamiento horario coinciden con CapEfecNeta, DispoReal y DispoCome y la descripcion oficial corresponde a potencia neta.",34.0
2026-06-06,Recurso,PRDO,,Hour08,34000.0,kWh,kW,True,"La magnitud y comportamiento horario coinciden con CapEfecNeta, DispoReal y DispoCome y la descripcion oficial corresponde a potencia neta.",34.0
2026-06-06,Recurso,PRDO,,Hour09,34000.0,kWh,kW,True,"La magnitud y comportamiento horario coinciden con CapEfecNeta, DispoReal y DispoCome y la descripcion oficial corresponde a potencia neta.",34.0
2026-06-06,Recurso,PRDO,,Hour10,34000.0,kWh,kW,True,"La magnitud y comportamiento horario coinciden con CapEfecNeta, DispoReal y DispoCome y la descripcion oficial corresponde a potencia neta.",34.0
2026-06-06,Recurso,PRDO,,Hour11,34000.0,kWh,kW,True,"La magnitud y comportamiento horario coinciden con CapEfecNeta, DispoReal y DispoCome y la descripcion oficial corresponde a potencia neta.",34.0
2026-06-06,Recurso,PRDO,,Hour12,34000.0,kWh,kW,True,"La magnitud y comportamiento horario coinciden con CapEfecNeta, DispoReal y DispoCome y la descripcion oficial corresponde a potencia neta.",34.0
2026-06-06,Recurso,PRDO,,Hour13,34000.0,kWh,kW,True,"La magnitud y comportamiento horario coinciden con CapEfecNeta, DispoReal y DispoCome y la descripcion oficial corresponde a potencia neta.",34.0
2026-06-06,Recurso,PRDO,,Hour14,34000.0,kWh,kW,True,"La magnitud y comportamiento horario coinciden con CapEfecNeta, DispoReal y DispoCome y la descripcion oficial corresponde a potencia neta.",34.0
2026-06-06,Recurso,PRDO,,Hour15,34000.0,kWh,kW,True,"La magnitud y comportamiento horario coinciden con CapEfecNeta, DispoReal y DispoCome y la descripcion oficial corresponde a potencia neta.",34.0
2026-06-06,Recurso,PRDO,,Hour16,34000.0,kWh,kW,True,"La magnitud y comportamiento horario coinciden con CapEfecNeta, DispoReal y DispoCome y la descripcion oficial corresponde a potencia neta.",34.0
2026-06-06,Recurso,PRDO,,Hour17,34000.0,kWh,kW,True,"La magnitud y comportamiento horario coinciden con CapEfecNeta, DispoReal y DispoCome y la descripcion oficial corresponde a potencia neta.",34.0
2026-06-06,Recurso,PRDO,,Hour18,34000.0,kWh,kW,True,"La magnitud y comportamiento horario coinciden con CapEfecNeta, DispoReal y DispoCome y la descripcion oficial corresponde a potencia neta.",34.0
2026-06-06,Recurso,PRDO,,Hour19,34000.0,kWh,kW,True,"La magnitud y comportamiento horario coinciden con CapEfecNeta, DispoReal y DispoCome y la descripcion oficial corresponde a potencia neta.",34.0
2026-06-06,Recurso,PRDO,,Hour20,34000.0,kWh,kW,True,"La magnitud y comportamiento horario coinciden con CapEfecNeta, DispoReal y DispoCome y la descripcion oficial corresponde a potencia neta.",34.0
2026-06-06,Recurso,PRDO,,Hour21,34000.0,kWh,kW,True,"La magnitud y comportamiento horario coinciden con CapEfecNeta, DispoReal y DispoCome y la descripcion oficial corresponde a potencia neta.",34.0
2026-06-06,Recurso,PRDO,,Hour22,34000.0,kWh,kW,True,"La magnitud y comportamiento horario coinciden con CapEfecNeta, DispoReal y DispoCome y la descripcion oficial corresponde a potencia neta.",34.0
2026-06-06,Recurso,PRDO,,Hour23,34000.0,kWh,kW,True,"La magnitud y comportamiento horario coinciden con CapEfecNeta, DispoReal y DispoCome y la descripcion oficial corresponde a potencia neta.",34.0
2026-06-06,Recurso,PRDO,,Hour24,34000.0,kWh,kW,True,"La magnitud y comportamiento horario coinciden con CapEfecNeta, DispoReal y DispoCome y la descripcion oficial corresponde a potencia neta.",34.0
2026-06-06,Recurso,PRG1,,Hour01,0.0,kWh,kW,True,"La magnitud y comportamiento horario coinciden con CapEfecNeta, DispoReal y DispoCome y la descripcion oficial corresponde a potencia neta.",0.0
2026-06-06,Recurso,PRG1,,Hour02,0.0,kWh,kW,True,"La magnitud y comportamiento horario coinciden con CapEfecNeta, DispoReal y DispoCome y la descripcion oficial corresponde a potencia neta.",0.0
2026-06-06,Recurso,PRG1,,Hour03,0.0,kWh,kW,True,"La magnitud y comportamiento horario coinciden con CapEfecNeta, DispoReal y DispoCome y la descripcion oficial corresponde a potencia neta.",0.0
2026-06-06,Recurso,PRG1,,Hour04,0.0,kWh,kW,True,"La magnitud y comportamiento horario coinciden con CapEfecNeta, DispoReal y DispoCome y la descripcion oficial corresponde a potencia neta.",0.0
2026-06-06,Recurso,PRG1,,Hour05,0.0,kWh,kW,True,"La magnitud y comportamiento horario coinciden con CapEfecNeta, DispoReal y DispoCome y la descripcion oficial corresponde a potencia neta.",0.0
2026-06-06,Recurso,PRG1,,Hour06,0.0,kWh,kW,True,"La magnitud y comportamiento horario coinciden con CapEfecNeta, DispoReal y DispoCome y la descripcion oficial corresponde a potencia neta.",0.0
2026-06-06,Recurso,PRG1,,Hour07,0.0,kWh,kW,True,"La magnitud y comportamiento horario coinciden con CapEfecNeta, DispoReal y DispoCome y la descripcion oficial corresponde a potencia neta.",0.0
2026-06-06,Recurso,PRG1,,Hour08,0.0,kWh,kW,True,"La magnitud y comportamiento horario coinciden con CapEfecNeta, DispoReal y DispoCome y la descripcion oficial corresponde a potencia neta.",0.0
2026-06-06,Recurso,PRG1,,Hour09,0.0,kWh,kW,True,"La magnitud y comportamiento horario coinciden con CapEfecNeta, DispoReal y DispoCome y la descripcion oficial corresponde a potencia neta.",0.0
2026-06-06,Recurso,PRG1,,Hour10,0.0,kWh,kW,True,"La magnitud y comportamiento horario coinciden con CapEfecNeta, DispoReal y DispoCome y la descripcion oficial corresponde a potencia neta.",0.0
2026-06-06,Recurso,PRG1,,Hour11,0.0,kWh,kW,True,"La magnitud y comportamiento horario coinciden con CapEfecNeta, DispoReal y DispoCome y la descripcion oficial corresponde a potencia neta.",0.0
2026-06-06,Recurso,PRG1,,Hour12,0.0,kWh,kW,True,"La magnitud y comportamiento horario coinciden con CapEfecNeta, DispoReal y DispoCome y la descripcion oficial corresponde a potencia neta.",0.0
2026-06-06,Recurso,PRG1,,Hour13,0.0,kWh,kW,True,"La magnitud y comportamiento horario coinciden con CapEfecNeta, DispoReal y DispoCome y la descripcion oficial corresponde a potencia neta.",0.0
2026-06-06,Recurso,PRG1,,Hour14,0.0,kWh,kW,True,"La magnitud y comportamiento horario coinciden con CapEfecNeta, DispoReal y DispoCome y la descripcion oficial corresponde a potencia neta.",0.0
2026-06-06,Recurso,PRG1,,Hour15,0.0,kWh,kW,True,"La magnitud y comportamiento horario coinciden con CapEfecNeta, DispoReal y DispoCome y la descripcion oficial corresponde a potencia neta.",0.0
2026-06-06,Recurso,PRG1,,Hour16,0.0,kWh,kW,True,"La magnitud y comportamiento horario coinciden con CapEfecNeta, DispoReal y DispoCome y la descripcion oficial corresponde a potencia neta.",0.0
2026-06-06,Recurso,PRG1,,Hour17,0.0,kWh,kW,True,"La magnitud y comportamiento horario coinciden con CapEfecNeta, DispoReal y DispoCome y la descripcion oficial corresponde a potencia neta.",0.0
2026-06-06,Recurso,PRG1,,Hour18,0.0,kWh,kW,True,"La magnitud y comportamiento horario coinciden con CapEfecNeta, DispoReal y DispoCome y la descripcion oficial corresponde a potencia neta.",0.0
2026-06-06,Recurso,PRG1,,Hour19,0.0,kWh,kW,True,"La magnitud y comportamiento horario coinciden con CapEfecNeta, DispoReal y DispoCome y la descripcion oficial corresponde a potencia neta.",0.0
2026-06-06,Recurso,PRG1,,Hour20,0.0,kWh,kW,True,"La magnitud y comportamiento horario coinciden con CapEfecNeta, DispoReal y DispoCome y la descripcion oficial corresponde a potencia neta.",0.0
2026-06-06,Recurso,PRG1,,Hour21,0.0,kWh,kW,True,"La magnitud y comportamiento horario coinciden con CapEfecNeta, DispoReal y DispoCome y la descripcion oficial corresponde a potencia neta.",0.0
2026-06-06,Recurso,PRG1,,Hour22,0.0,kWh,kW,True,"La magnitud y comportamiento horario coinciden con CapEfecNeta, DispoReal y DispoCome y la descripcion oficial corresponde a potencia neta.",0.0
2026-06-06,Recurso,PRG1,,Hour23,0.0,kWh,kW,True,"La magnitud y comportamiento horario coinciden con CapEfecNeta, DispoReal y DispoCome y la descripcion oficial corresponde a potencia neta.",0.0
2026-06-06,Recurso,PRG1,,Hour24,0.0,kWh,kW,True,"La magnitud y comportamiento horario coinciden con CapEfecNeta, DispoReal y DispoCome y la descripcion oficial corresponde a potencia neta.",0.0
2026-06-06,Recurso,PRG2,,Hour01,45000.0,kWh,kW,True,"La magnitud y comportamiento horario coinciden con CapEfecNeta, DispoReal y DispoCome y la descripcion oficial corresponde a potencia neta.",45.0
2026-06-06,Recurso,PRG2,,Hour02,45000.0,kWh,kW,True,"La magnitud y comportamiento horario coinciden con CapEfecNeta, DispoReal y DispoCome y la descripcion oficial corresponde a potencia neta.",45.0
2026-06-06,Recurso,PRG2,,Hour03,45000.0,kWh,kW,True,"La magnitud y comportamiento horario coinciden con CapEfecNeta, DispoReal y DispoCome y la descripcion oficial corresponde a potencia neta.",45.0
2026-06-06,Recurso,PRG2,,Hour04,45000.0,kWh,kW,True,"La magnitud y comportamiento horario coinciden con CapEfecNeta, DispoReal y DispoCome y la descripcion oficial corresponde a potencia neta.",45.0
2026-06-06,Recurso,PRG2,,Hour05,45000.0,kWh,kW,True,"La magnitud y comportamiento horario coinciden con CapEfecNeta, DispoReal y DispoCome y la descripcion oficial corresponde a potencia neta.",45.0
2026-06-06,Recurso,PRG2,,Hour06,45000.0,kWh,kW,True,"La magnitud y comportamiento horario coinciden con CapEfecNeta, DispoReal y DispoCome y la descripcion oficial corresponde a potencia neta.",45.0
2026-06-06,Recurso,PRG2,,Hour07,45000.0,kWh,kW,True,"La magnitud y comportamiento horario coinciden con CapEfecNeta, DispoReal y DispoCome y la descripcion oficial corresponde a potencia neta.",45.0
2026-06-06,Recurso,PRG2,,Hour08,45000.0,kWh,kW,True,"La magnitud y comportamiento horario coinciden con CapEfecNeta, DispoReal y DispoCome y la descripcion oficial corresponde a potencia neta.",45.0
2026-06-06,Recurso,PRG2,,Hour09,45000.0,kWh,kW,True,"La magnitud y comportamiento horario coinciden con CapEfecNeta, DispoReal y DispoCome y la descripcion oficial corresponde a potencia neta.",45.0
2026-06-06,Recurso,PRG2,,Hour10,45000.0,kWh,kW,True,"La magnitud y comportamiento horario coinciden con CapEfecNeta, DispoReal y DispoCome y la descripcion oficial corresponde a potencia neta.",45.0
2026-06-06,Recurso,PRG2,,Hour11,45000.0,kWh,kW,True,"La magnitud y comportamiento horario coinciden con CapEfecNeta, DispoReal y DispoCome y la descripcion oficial corresponde a potencia neta.",45.0
2026-06-06,Recurso,PRG2,,Hour12,45000.0,kWh,kW,True,"La magnitud y comportamiento horario coinciden con CapEfecNeta, DispoReal y DispoCome y la descripcion oficial corresponde a potencia neta.",45.0
2026-06-06,Recurso,PRG2,,Hour13,45000.0,kWh,kW,True,"La magnitud y comportamiento horario coinciden con CapEfecNeta, DispoReal y DispoCome y la descripcion oficial corresponde a potencia neta.",45.0
2026-06-06,Recurso,PRG2,,Hour14,45000.0,kWh,kW,True,"La magnitud y comportamiento horario coinciden con CapEfecNeta, DispoReal y DispoCome y la descripcion oficial corresponde a potencia neta.",45.0
2026-06-06,Recurso,PRG2,,Hour15,45000.0,kWh,kW,True,"La magnitud y comportamiento horario coinciden con CapEfecNeta, DispoReal y DispoCome y la descripcion oficial corresponde a potencia neta.",45.0
2026-06-06,Recurso,PRG2,,Hour16,45000.0,kWh,kW,True,"La magnitud y comportamiento horario coinciden con CapEfecNeta, DispoReal y DispoCome y la descripcion oficial corresponde a potencia neta.",45.0
2026-06-06,Recurso,PRG2,,Hour17,45000.0,kWh,kW,True,"La magnitud y comportamiento horario coinciden con CapEfecNeta, DispoReal y DispoCome y la descripcion oficial corresponde a potencia neta.",45.0
2026-06-06,Recurso,PRG2,,Hour18,45000.0,kWh,kW,True,"La magnitud y comportamiento horario coinciden con CapEfecNeta, DispoReal y DispoCome y la descripcion oficial corresponde a potencia neta.",45.0
2026-06-06,Recurso,PRG2,,Hour19,45000.0,kWh,kW,True,"La magnitud y comportamiento horario coinciden con CapEfecNeta, DispoReal y DispoCome y la descripcion oficial corresponde a potencia neta.",45.0
2026-06-06,Recurso,PRG2,,Hour20,45000.0,kWh,kW,True,"La magnitud y comportamiento horario coinciden con CapEfecNeta, DispoReal y DispoCome y la descripcion oficial corresponde a potencia neta.",45.0
2026-06-06,Recurso,PRG2,,Hour21,45000.0,kWh,kW,True,"La magnitud y comportamiento horario coinciden con CapEfecNeta, DispoReal y DispoCome y la descripcion oficial corresponde a potencia neta.",45.0
2026-06-06,Recurso,PRG2,,Hour22,45000.0,kWh,kW,True,"La magnitud y comportamiento horario coinciden con CapEfecNeta, DispoReal y DispoCome y la descripcion oficial corresponde a potencia neta.",45.0
2026-06-06,Recurso,PRG2,,Hour23,45000.0,kWh,kW,True,"La magnitud y comportamiento horario coinciden con CapEfecNeta, DispoReal y DispoCome y la descripcion oficial corresponde a potencia neta.",45.0
2026-06-06,Recurso,PRG2,,Hour24,45000.0,kWh,kW,True,"La magnitud y comportamiento horario coinciden con CapEfecNeta, DispoReal y DispoCome y la descripcion oficial corresponde a potencia neta.",45.0
2026-06-06,Recurso,QUI1,,Hour01,326000.0,kWh,kW,True,"La magnitud y comportamiento horario coinciden con CapEfecNeta, DispoReal y DispoCome y la descripcion oficial corresponde a potencia neta.",326.0
2026-06-06,Recurso,QUI1,,Hour02,326000.0,kWh,kW,True,"La magnitud y comportamiento horario coinciden con CapEfecNeta, DispoReal y DispoCome y la descripcion oficial corresponde a potencia neta.",326.0
2026-06-06,Recurso,QUI1,,Hour03,326000.0,kWh,kW,True,"La magnitud y comportamiento horario coinciden con CapEfecNeta, DispoReal y DispoCome y la descripcion oficial corresponde a potencia neta.",326.0
2026-06-06,Recurso,QUI1,,Hour04,326000.0,kWh,kW,True,"La magnitud y comportamiento horario coinciden con CapEfecNeta, DispoReal y DispoCome y la descripcion oficial corresponde a potencia neta.",326.0
2026-06-06,Recurso,QUI1,,Hour05,326000.0,kWh,kW,True,"La magnitud y comportamiento horario coinciden con CapEfecNeta, DispoReal y DispoCome y la descripcion oficial corresponde a potencia neta.",326.0
2026-06-06,Recurso,QUI1,,Hour06,326000.0,kWh,kW,True,"La magnitud y comportamiento horario coinciden con CapEfecNeta, DispoReal y DispoCome y la descripcion oficial corresponde a potencia neta.",326.0
2026-06-06,Recurso,QUI1,,Hour07,326000.0,kWh,kW,True,"La magnitud y comportamiento horario coinciden con CapEfecNeta, DispoReal y DispoCome y la descripcion oficial corresponde a potencia neta.",326.0
2026-06-06,Recurso,QUI1,,Hour08,326000.0,kWh,kW,True,"La magnitud y comportamiento horario coinciden con CapEfecNeta, DispoReal y DispoCome y la descripcion oficial corresponde a potencia neta.",326.0
2026-06-06,Recurso,QUI1,,Hour09,326000.0,kWh,kW,True,"La magnitud y comportamiento horario coinciden con CapEfecNeta, DispoReal y DispoCome y la descripcion oficial corresponde a potencia neta.",326.0
2026-06-06,Recurso,QUI1,,Hour10,326000.0,kWh,kW,True,"La magnitud y comportamiento horario coinciden con CapEfecNeta, DispoReal y DispoCome y la descripcion oficial corresponde a potencia neta.",326.0
2026-06-06,Recurso,QUI1,,Hour11,326000.0,kWh,kW,True,"La magnitud y comportamiento horario coinciden con CapEfecNeta, DispoReal y DispoCome y la descripcion oficial corresponde a potencia neta.",326.0
2026-06-06,Recurso,QUI1,,Hour12,326000.0,kWh,kW,True,"La magnitud y comportamiento horario coinciden con CapEfecNeta, DispoReal y DispoCome y la descripcion oficial corresponde a potencia neta.",326.0
2026-06-06,Recurso,QUI1,,Hour13,326000.0,kWh,kW,True,"La magnitud y comportamiento horario coinciden con CapEfecNeta, DispoReal y DispoCome y la descripcion oficial corresponde a potencia neta.",326.0
2026-06-06,Recurso,QUI1,,Hour14,326000.0,kWh,kW,True,"La magnitud y comportamiento horario coinciden con CapEfecNeta, DispoReal y DispoCome y la descripcion oficial corresponde a potencia neta.",326.0
2026-06-06,Recurso,QUI1,,Hour15,326000.0,kWh,kW,True,"La magnitud y comportamiento horario coinciden con CapEfecNeta, DispoReal y DispoCome y la descripcion oficial corresponde a potencia neta.",326.0
2026-06-06,Recurso,QUI1,,Hour16,326000.0,kWh,kW,True,"La magnitud y comportamiento horario coinciden con CapEfecNeta, DispoReal y DispoCome y la descripcion oficial corresponde a potencia neta.",326.0
2026-06-06,Recurso,QUI1,,Hour17,326000.0,kWh,kW,True,"La magnitud y comportamiento horario coinciden con CapEfecNeta, DispoReal y DispoCome y la descripcion oficial corresponde a potencia neta.",326.0
2026-06-06,Recurso,QUI1,,Hour18,326000.0,kWh,kW,True,"La magnitud y comportamiento horario coinciden con CapEfecNeta, DispoReal y DispoCome y la descripcion oficial corresponde a potencia neta.",326.0
2026-06-06,Recurso,QUI1,,Hour19,326000.0,kWh,kW,True,"La magnitud y comportamiento horario coinciden con CapEfecNeta, DispoReal y DispoCome y la descripcion oficial corresponde a potencia neta.",326.0
2026-06-06,Recurso,QUI1,,Hour20,326000.0,kWh,kW,True,"La magnitud y comportamiento horario coinciden con CapEfecNeta, DispoReal y DispoCome y la descripcion oficial corresponde a potencia neta.",326.0
2026-06-06,Recurso,QUI1,,Hour21,326000.0,kWh,kW,True,"La magnitud y comportamiento horario coinciden con CapEfecNeta, DispoReal y DispoCome y la descripcion oficial corresponde a potencia neta.",326.0
2026-06-06,Recurso,QUI1,,Hour22,326000.0,kWh,kW,True,"La magnitud y comportamiento horario coinciden con CapEfecNeta, DispoReal y DispoCome y la descripcion oficial corresponde a potencia neta.",326.0
2026-06-06,Recurso,QUI1,,Hour23,326000.0,kWh,kW,True,"La magnitud y comportamiento horario coinciden con CapEfecNeta, DispoReal y DispoCome y la descripcion oficial corresponde a potencia neta.",326.0
2026-06-06,Recurso,QUI1,,Hour24,326000.0,kWh,kW,True,"La magnitud y comportamiento horario coinciden con CapEfecNeta, DispoReal y DispoCome y la descripcion oficial corresponde a potencia neta.",326.0
2026-06-06,Recurso,SLVJ,,Hour01,315000.0,kWh,kW,True,"La magnitud y comportamiento horario coinciden con CapEfecNeta, DispoReal y DispoCome y la descripcion oficial corresponde a potencia neta.",315.0
2026-06-06,Recurso,SLVJ,,Hour02,315000.0,kWh,kW,True,"La magnitud y comportamiento horario coinciden con CapEfecNeta, DispoReal y DispoCome y la descripcion oficial corresponde a potencia neta.",315.0
2026-06-06,Recurso,SLVJ,,Hour03,315000.0,kWh,kW,True,"La magnitud y comportamiento horario coinciden con CapEfecNeta, DispoReal y DispoCome y la descripcion oficial corresponde a potencia neta.",315.0
2026-06-06,Recurso,SLVJ,,Hour04,315000.0,kWh,kW,True,"La magnitud y comportamiento horario coinciden con CapEfecNeta, DispoReal y DispoCome y la descripcion oficial corresponde a potencia neta.",315.0
2026-06-06,Recurso,SLVJ,,Hour05,315000.0,kWh,kW,True,"La magnitud y comportamiento horario coinciden con CapEfecNeta, DispoReal y DispoCome y la descripcion oficial corresponde a potencia neta.",315.0
2026-06-06,Recurso,SLVJ,,Hour06,315000.0,kWh,kW,True,"La magnitud y comportamiento horario coinciden con CapEfecNeta, DispoReal y DispoCome y la descripcion oficial corresponde a potencia neta.",315.0
2026-06-06,Recurso,SLVJ,,Hour07,315000.0,kWh,kW,True,"La magnitud y comportamiento horario coinciden con CapEfecNeta, DispoReal y DispoCome y la descripcion oficial corresponde a potencia neta.",315.0
2026-06-06,Recurso,SLVJ,,Hour08,315000.0,kWh,kW,True,"La magnitud y comportamiento horario coinciden con CapEfecNeta, DispoReal y DispoCome y la descripcion oficial corresponde a potencia neta.",315.0
2026-06-06,Recurso,SLVJ,,Hour09,315000.0,kWh,kW,True,"La magnitud y comportamiento horario coinciden con CapEfecNeta, DispoReal y DispoCome y la descripcion oficial corresponde a potencia neta.",315.0
2026-06-06,Recurso,SLVJ,,Hour10,315000.0,kWh,kW,True,"La magnitud y comportamiento horario coinciden con CapEfecNeta, DispoReal y DispoCome y la descripcion oficial corresponde a potencia neta.",315.0
2026-06-06,Recurso,SLVJ,,Hour11,315000.0,kWh,kW,True,"La magnitud y comportamiento horario coinciden con CapEfecNeta, DispoReal y DispoCome y la descripcion oficial corresponde a potencia neta.",315.0
2026-06-06,Recurso,SLVJ,,Hour12,315000.0,kWh,kW,True,"La magnitud y comportamiento horario coinciden con CapEfecNeta, DispoReal y DispoCome y la descripcion oficial corresponde a potencia neta.",315.0
2026-06-06,Recurso,SLVJ,,Hour13,315000.0,kWh,kW,True,"La magnitud y comportamiento horario coinciden con CapEfecNeta, DispoReal y DispoCome y la descripcion oficial corresponde a potencia neta.",315.0
2026-06-06,Recurso,SLVJ,,Hour14,315000.0,kWh,kW,True,"La magnitud y comportamiento horario coinciden con CapEfecNeta, DispoReal y DispoCome y la descripcion oficial corresponde a potencia neta.",315.0
2026-06-06,Recurso,SLVJ,,Hour15,315000.0,kWh,kW,True,"La magnitud y comportamiento horario coinciden con CapEfecNeta, DispoReal y DispoCome y la descripcion oficial corresponde a potencia neta.",315.0
2026-06-06,Recurso,SLVJ,,Hour16,315000.0,kWh,kW,True,"La magnitud y comportamiento horario coinciden con CapEfecNeta, DispoReal y DispoCome y la descripcion oficial corresponde a potencia neta.",315.0
2026-06-06,Recurso,SLVJ,,Hour17,315000.0,kWh,kW,True,"La magnitud y comportamiento horario coinciden con CapEfecNeta, DispoReal y DispoCome y la descripcion oficial corresponde a potencia neta.",315.0
2026-06-06,Recurso,SLVJ,,Hour18,315000.0,kWh,kW,True,"La magnitud y comportamiento horario coinciden con CapEfecNeta, DispoReal y DispoCome y la descripcion oficial corresponde a potencia neta.",315.0
2026-06-06,Recurso,SLVJ,,Hour19,315000.0,kWh,kW,True,"La magnitud y comportamiento horario coinciden con CapEfecNeta, DispoReal y DispoCome y la descripcion oficial corresponde a potencia neta.",315.0
2026-06-06,Recurso,SLVJ,,Hour20,315000.0,kWh,kW,True,"La magnitud y comportamiento horario coinciden con CapEfecNeta, DispoReal y DispoCome y la descripcion oficial corresponde a potencia neta.",315.0
2026-06-06,Recurso,SLVJ,,Hour21,315000.0,kWh,kW,True,"La magnitud y comportamiento horario coinciden con CapEfecNeta, DispoReal y DispoCome y la descripcion oficial corresponde a potencia neta.",315.0
2026-06-06,Recurso,SLVJ,,Hour22,315000.0,kWh,kW,True,"La magnitud y comportamiento horario coinciden con CapEfecNeta, DispoReal y DispoCome y la descripcion oficial corresponde a potencia neta.",315.0
2026-06-06,Recurso,SLVJ,,Hour23,315000.0,kWh,kW,True,"La magnitud y comportamiento horario coinciden con CapEfecNeta, DispoReal y DispoCome y la descripcion oficial corresponde a potencia neta.",315.0
2026-06-06,Recurso,SLVJ,,Hour24,315000.0,kWh,kW,True,"La magnitud y comportamiento horario coinciden con CapEfecNeta, DispoReal y DispoCome y la descripcion oficial corresponde a potencia neta.",315.0
2026-06-07,Recurso,PPA2,,Hour01,72000.0,kWh,kW,True,"La magnitud y comportamiento horario coinciden con CapEfecNeta, DispoReal y DispoCome y la descripcion oficial corresponde a potencia neta.",72.0
2026-06-07,Recurso,PPA2,,Hour02,72000.0,kWh,kW,True,"La magnitud y comportamiento horario coinciden con CapEfecNeta, DispoReal y DispoCome y la descripcion oficial corresponde a potencia neta.",72.0
2026-06-07,Recurso,PPA2,,Hour03,72000.0,kWh,kW,True,"La magnitud y comportamiento horario coinciden con CapEfecNeta, DispoReal y DispoCome y la descripcion oficial corresponde a potencia neta.",72.0
2026-06-07,Recurso,PPA2,,Hour04,72000.0,kWh,kW,True,"La magnitud y comportamiento horario coinciden con CapEfecNeta, DispoReal y DispoCome y la descripcion oficial corresponde a potencia neta.",72.0
2026-06-07,Recurso,PPA2,,Hour05,72000.0,kWh,kW,True,"La magnitud y comportamiento horario coinciden con CapEfecNeta, DispoReal y DispoCome y la descripcion oficial corresponde a potencia neta.",72.0
2026-06-07,Recurso,PPA2,,Hour06,72000.0,kWh,kW,True,"La magnitud y comportamiento horario coinciden con CapEfecNeta, DispoReal y DispoCome y la descripcion oficial corresponde a potencia neta.",72.0
2026-06-07,Recurso,PPA2,,Hour07,72000.0,kWh,kW,True,"La magnitud y comportamiento horario coinciden con CapEfecNeta, DispoReal y DispoCome y la descripcion oficial corresponde a potencia neta.",72.0
2026-06-07,Recurso,PPA2,,Hour08,72000.0,kWh,kW,True,"La magnitud y comportamiento horario coinciden con CapEfecNeta, DispoReal y DispoCome y la descripcion oficial corresponde a potencia neta.",72.0
2026-06-07,Recurso,PPA2,,Hour09,72000.0,kWh,kW,True,"La magnitud y comportamiento horario coinciden con CapEfecNeta, DispoReal y DispoCome y la descripcion oficial corresponde a potencia neta.",72.0
2026-06-07,Recurso,PPA2,,Hour10,72000.0,kWh,kW,True,"La magnitud y comportamiento horario coinciden con CapEfecNeta, DispoReal y DispoCome y la descripcion oficial corresponde a potencia neta.",72.0
2026-06-07,Recurso,PPA2,,Hour11,72000.0,kWh,kW,True,"La magnitud y comportamiento horario coinciden con CapEfecNeta, DispoReal y DispoCome y la descripcion oficial corresponde a potencia neta.",72.0
2026-06-07,Recurso,PPA2,,Hour12,72000.0,kWh,kW,True,"La magnitud y comportamiento horario coinciden con CapEfecNeta, DispoReal y DispoCome y la descripcion oficial corresponde a potencia neta.",72.0
2026-06-07,Recurso,PPA2,,Hour13,72000.0,kWh,kW,True,"La magnitud y comportamiento horario coinciden con CapEfecNeta, DispoReal y DispoCome y la descripcion oficial corresponde a potencia neta.",72.0
2026-06-07,Recurso,PPA2,,Hour14,72000.0,kWh,kW,True,"La magnitud y comportamiento horario coinciden con CapEfecNeta, DispoReal y DispoCome y la descripcion oficial corresponde a potencia neta.",72.0
2026-06-07,Recurso,PPA2,,Hour15,72000.0,kWh,kW,True,"La magnitud y comportamiento horario coinciden con CapEfecNeta, DispoReal y DispoCome y la descripcion oficial corresponde a potencia neta.",72.0
2026-06-07,Recurso,PPA2,,Hour16,72000.0,kWh,kW,True,"La magnitud y comportamiento horario coinciden con CapEfecNeta, DispoReal y DispoCome y la descripcion oficial corresponde a potencia neta.",72.0
2026-06-07,Recurso,PPA2,,Hour17,72000.0,kWh,kW,True,"La magnitud y comportamiento horario coinciden con CapEfecNeta, DispoReal y DispoCome y la descripcion oficial corresponde a potencia neta.",72.0
2026-06-07,Recurso,PPA2,,Hour18,72000.0,kWh,kW,True,"La magnitud y comportamiento horario coinciden con CapEfecNeta, DispoReal y DispoCome y la descripcion oficial corresponde a potencia neta.",72.0
2026-06-07,Recurso,PPA2,,Hour19,72000.0,kWh,kW,True,"La magnitud y comportamiento horario coinciden con CapEfecNeta, DispoReal y DispoCome y la descripcion oficial corresponde a potencia neta.",72.0
2026-06-07,Recurso,PPA2,,Hour20,72000.0,kWh,kW,True,"La magnitud y comportamiento horario coinciden con CapEfecNeta, DispoReal y DispoCome y la descripcion oficial corresponde a potencia neta.",72.0
2026-06-07,Recurso,PPA2,,Hour21,72000.0,kWh,kW,True,"La magnitud y comportamiento horario coinciden con CapEfecNeta, DispoReal y DispoCome y la descripcion oficial corresponde a potencia neta.",72.0
2026-06-07,Recurso,PPA2,,Hour22,72000.0,kWh,kW,True,"La magnitud y comportamiento horario coinciden con CapEfecNeta, DispoReal y DispoCome y la descripcion oficial corresponde a potencia neta.",72.0
2026-06-07,Recurso,PPA2,,Hour23,72000.0,kWh,kW,True,"La magnitud y comportamiento horario coinciden con CapEfecNeta, DispoReal y DispoCome y la descripcion oficial corresponde a potencia neta.",72.0
2026-06-07,Recurso,PPA2,,Hour24,72000.0,kWh,kW,True,"La magnitud y comportamiento horario coinciden con CapEfecNeta, DispoReal y DispoCome y la descripcion oficial corresponde a potencia neta.",72.0
2026-06-07,Recurso,PPA3,,Hour01,70000.0,kWh,kW,True,"La magnitud y comportamiento horario coinciden con CapEfecNeta, DispoReal y DispoCome y la descripcion oficial corresponde a potencia neta.",70.0
2026-06-07,Recurso,PPA3,,Hour02,70000.0,kWh,kW,True,"La magnitud y comportamiento horario coinciden con CapEfecNeta, DispoReal y DispoCome y la descripcion oficial corresponde a potencia neta.",70.0
2026-06-07,Recurso,PPA3,,Hour03,70000.0,kWh,kW,True,"La magnitud y comportamiento horario coinciden con CapEfecNeta, DispoReal y DispoCome y la descripcion oficial corresponde a potencia neta.",70.0
2026-06-07,Recurso,PPA3,,Hour04,70000.0,kWh,kW,True,"La magnitud y comportamiento horario coinciden con CapEfecNeta, DispoReal y DispoCome y la descripcion oficial corresponde a potencia neta.",70.0
2026-06-07,Recurso,PPA3,,Hour05,70000.0,kWh,kW,True,"La magnitud y comportamiento horario coinciden con CapEfecNeta, DispoReal y DispoCome y la descripcion oficial corresponde a potencia neta.",70.0
2026-06-07,Recurso,PPA3,,Hour06,70000.0,kWh,kW,True,"La magnitud y comportamiento horario coinciden con CapEfecNeta, DispoReal y DispoCome y la descripcion oficial corresponde a potencia neta.",70.0
2026-06-07,Recurso,PPA3,,Hour07,70000.0,kWh,kW,True,"La magnitud y comportamiento horario coinciden con CapEfecNeta, DispoReal y DispoCome y la descripcion oficial corresponde a potencia neta.",70.0
2026-06-07,Recurso,PPA3,,Hour08,70000.0,kWh,kW,True,"La magnitud y comportamiento horario coinciden con CapEfecNeta, DispoReal y DispoCome y la descripcion oficial corresponde a potencia neta.",70.0
2026-06-07,Recurso,PPA3,,Hour09,70000.0,kWh,kW,True,"La magnitud y comportamiento horario coinciden con CapEfecNeta, DispoReal y DispoCome y la descripcion oficial corresponde a potencia neta.",70.0
2026-06-07,Recurso,PPA3,,Hour10,70000.0,kWh,kW,True,"La magnitud y comportamiento horario coinciden con CapEfecNeta, DispoReal y DispoCome y la descripcion oficial corresponde a potencia neta.",70.0
2026-06-07,Recurso,PPA3,,Hour11,70000.0,kWh,kW,True,"La magnitud y comportamiento horario coinciden con CapEfecNeta, DispoReal y DispoCome y la descripcion oficial corresponde a potencia neta.",70.0
2026-06-07,Recurso,PPA3,,Hour12,70000.0,kWh,kW,True,"La magnitud y comportamiento horario coinciden con CapEfecNeta, DispoReal y DispoCome y la descripcion oficial corresponde a potencia neta.",70.0
2026-06-07,Recurso,PPA3,,Hour13,70000.0,kWh,kW,True,"La magnitud y comportamiento horario coinciden con CapEfecNeta, DispoReal y DispoCome y la descripcion oficial corresponde a potencia neta.",70.0
2026-06-07,Recurso,PPA3,,Hour14,70000.0,kWh,kW,True,"La magnitud y comportamiento horario coinciden con CapEfecNeta, DispoReal y DispoCome y la descripcion oficial corresponde a potencia neta.",70.0
2026-06-07,Recurso,PPA3,,Hour15,70000.0,kWh,kW,True,"La magnitud y comportamiento horario coinciden con CapEfecNeta, DispoReal y DispoCome y la descripcion oficial corresponde a potencia neta.",70.0
2026-06-07,Recurso,PPA3,,Hour16,70000.0,kWh,kW,True,"La magnitud y comportamiento horario coinciden con CapEfecNeta, DispoReal y DispoCome y la descripcion oficial corresponde a potencia neta.",70.0
2026-06-07,Recurso,PPA3,,Hour17,70000.0,kWh,kW,True,"La magnitud y comportamiento horario coinciden con CapEfecNeta, DispoReal y DispoCome y la descripcion oficial corresponde a potencia neta.",70.0
2026-06-07,Recurso,PPA3,,Hour18,70000.0,kWh,kW,True,"La magnitud y comportamiento horario coinciden con CapEfecNeta, DispoReal y DispoCome y la descripcion oficial corresponde a potencia neta.",70.0
2026-06-07,Recurso,PPA3,,Hour19,70000.0,kWh,kW,True,"La magnitud y comportamiento horario coinciden con CapEfecNeta, DispoReal y DispoCome y la descripcion oficial corresponde a potencia neta.",70.0
2026-06-07,Recurso,PPA3,,Hour20,70000.0,kWh,kW,True,"La magnitud y comportamiento horario coinciden con CapEfecNeta, DispoReal y DispoCome y la descripcion oficial corresponde a potencia neta.",70.0
2026-06-07,Recurso,PPA3,,Hour21,70000.0,kWh,kW,True,"La magnitud y comportamiento horario coinciden con CapEfecNeta, DispoReal y DispoCome y la descripcion oficial corresponde a potencia neta.",70.0
2026-06-07,Recurso,PPA3,,Hour22,70000.0,kWh,kW,True,"La magnitud y comportamiento horario coinciden con CapEfecNeta, DispoReal y DispoCome y la descripcion oficial corresponde a potencia neta.",70.0
2026-06-07,Recurso,PPA3,,Hour23,70000.0,kWh,kW,True,"La magnitud y comportamiento horario coinciden con CapEfecNeta, DispoReal y DispoCome y la descripcion oficial corresponde a potencia neta.",70.0
2026-06-07,Recurso,PPA3,,Hour24,70000.0,kWh,kW,True,"La magnitud y comportamiento horario coinciden con CapEfecNeta, DispoReal y DispoCome y la descripcion oficial corresponde a potencia neta.",70.0
2026-06-07,Recurso,PPA4,,Hour01,0.0,kWh,kW,True,"La magnitud y comportamiento horario coinciden con CapEfecNeta, DispoReal y DispoCome y la descripcion oficial corresponde a potencia neta.",0.0
2026-06-07,Recurso,PPA4,,Hour02,0.0,kWh,kW,True,"La magnitud y comportamiento horario coinciden con CapEfecNeta, DispoReal y DispoCome y la descripcion oficial corresponde a potencia neta.",0.0
2026-06-07,Recurso,PPA4,,Hour03,0.0,kWh,kW,True,"La magnitud y comportamiento horario coinciden con CapEfecNeta, DispoReal y DispoCome y la descripcion oficial corresponde a potencia neta.",0.0
2026-06-07,Recurso,PPA4,,Hour04,0.0,kWh,kW,True,"La magnitud y comportamiento horario coinciden con CapEfecNeta, DispoReal y DispoCome y la descripcion oficial corresponde a potencia neta.",0.0
2026-06-07,Recurso,PPA4,,Hour05,0.0,kWh,kW,True,"La magnitud y comportamiento horario coinciden con CapEfecNeta, DispoReal y DispoCome y la descripcion oficial corresponde a potencia neta.",0.0
2026-06-07,Recurso,PPA4,,Hour06,0.0,kWh,kW,True,"La magnitud y comportamiento horario coinciden con CapEfecNeta, DispoReal y DispoCome y la descripcion oficial corresponde a potencia neta.",0.0
2026-06-07,Recurso,PPA4,,Hour07,0.0,kWh,kW,True,"La magnitud y comportamiento horario coinciden con CapEfecNeta, DispoReal y DispoCome y la descripcion oficial corresponde a potencia neta.",0.0
2026-06-07,Recurso,PPA4,,Hour08,0.0,kWh,kW,True,"La magnitud y comportamiento horario coinciden con CapEfecNeta, DispoReal y DispoCome y la descripcion oficial corresponde a potencia neta.",0.0
2026-06-07,Recurso,PPA4,,Hour09,0.0,kWh,kW,True,"La magnitud y comportamiento horario coinciden con CapEfecNeta, DispoReal y DispoCome y la descripcion oficial corresponde a potencia neta.",0.0
2026-06-07,Recurso,PPA4,,Hour10,0.0,kWh,kW,True,"La magnitud y comportamiento horario coinciden con CapEfecNeta, DispoReal y DispoCome y la descripcion oficial corresponde a potencia neta.",0.0
2026-06-07,Recurso,PPA4,,Hour11,0.0,kWh,kW,True,"La magnitud y comportamiento horario coinciden con CapEfecNeta, DispoReal y DispoCome y la descripcion oficial corresponde a potencia neta.",0.0
2026-06-07,Recurso,PPA4,,Hour12,0.0,kWh,kW,True,"La magnitud y comportamiento horario coinciden con CapEfecNeta, DispoReal y DispoCome y la descripcion oficial corresponde a potencia neta.",0.0
2026-06-07,Recurso,PPA4,,Hour13,0.0,kWh,kW,True,"La magnitud y comportamiento horario coinciden con CapEfecNeta, DispoReal y DispoCome y la descripcion oficial corresponde a potencia neta.",0.0
2026-06-07,Recurso,PPA4,,Hour14,0.0,kWh,kW,True,"La magnitud y comportamiento horario coinciden con CapEfecNeta, DispoReal y DispoCome y la descripcion oficial corresponde a potencia neta.",0.0
2026-06-07,Recurso,PPA4,,Hour15,0.0,kWh,kW,True,"La magnitud y comportamiento horario coinciden con CapEfecNeta, DispoReal y DispoCome y la descripcion oficial corresponde a potencia neta.",0.0
2026-06-07,Recurso,PPA4,,Hour16,0.0,kWh,kW,True,"La magnitud y comportamiento horario coinciden con CapEfecNeta, DispoReal y DispoCome y la descripcion oficial corresponde a potencia neta.",0.0
2026-06-07,Recurso,PPA4,,Hour17,0.0,kWh,kW,True,"La magnitud y comportamiento horario coinciden con CapEfecNeta, DispoReal y DispoCome y la descripcion oficial corresponde a potencia neta.",0.0
2026-06-07,Recurso,PPA4,,Hour18,0.0,kWh,kW,True,"La magnitud y comportamiento horario coinciden con CapEfecNeta, DispoReal y DispoCome y la descripcion oficial corresponde a potencia neta.",0.0
2026-06-07,Recurso,PPA4,,Hour19,0.0,kWh,kW,True,"La magnitud y comportamiento horario coinciden con CapEfecNeta, DispoReal y DispoCome y la descripcion oficial corresponde a potencia neta.",0.0
2026-06-07,Recurso,PPA4,,Hour20,0.0,kWh,kW,True,"La magnitud y comportamiento horario coinciden con CapEfecNeta, DispoReal y DispoCome y la descripcion oficial corresponde a potencia neta.",0.0
2026-06-07,Recurso,PPA4,,Hour21,0.0,kWh,kW,True,"La magnitud y comportamiento horario coinciden con CapEfecNeta, DispoReal y DispoCome y la descripcion oficial corresponde a potencia neta.",0.0
2026-06-07,Recurso,PPA4,,Hour22,0.0,kWh,kW,True,"La magnitud y comportamiento horario coinciden con CapEfecNeta, DispoReal y DispoCome y la descripcion oficial corresponde a potencia neta.",0.0
2026-06-07,Recurso,PPA4,,Hour23,0.0,kWh,kW,True,"La magnitud y comportamiento horario coinciden con CapEfecNeta, DispoReal y DispoCome y la descripcion oficial corresponde a potencia neta.",0.0
2026-06-07,Recurso,PPA4,,Hour24,0.0,kWh,kW,True,"La magnitud y comportamiento horario coinciden con CapEfecNeta, DispoReal y DispoCome y la descripcion oficial corresponde a potencia neta.",0.0
2026-06-07,Recurso,PRC2,,Hour01,405000.0,kWh,kW,True,"La magnitud y comportamiento horario coinciden con CapEfecNeta, DispoReal y DispoCome y la descripcion oficial corresponde a potencia neta.",405.0
2026-06-07,Recurso,PRC2,,Hour02,405000.0,kWh,kW,True,"La magnitud y comportamiento horario coinciden con CapEfecNeta, DispoReal y DispoCome y la descripcion oficial corresponde a potencia neta.",405.0
2026-06-07,Recurso,PRC2,,Hour03,405000.0,kWh,kW,True,"La magnitud y comportamiento horario coinciden con CapEfecNeta, DispoReal y DispoCome y la descripcion oficial corresponde a potencia neta.",405.0
2026-06-07,Recurso,PRC2,,Hour04,405000.0,kWh,kW,True,"La magnitud y comportamiento horario coinciden con CapEfecNeta, DispoReal y DispoCome y la descripcion oficial corresponde a potencia neta.",405.0
2026-06-07,Recurso,PRC2,,Hour05,405000.0,kWh,kW,True,"La magnitud y comportamiento horario coinciden con CapEfecNeta, DispoReal y DispoCome y la descripcion oficial corresponde a potencia neta.",405.0
2026-06-07,Recurso,PRC2,,Hour06,405000.0,kWh,kW,True,"La magnitud y comportamiento horario coinciden con CapEfecNeta, DispoReal y DispoCome y la descripcion oficial corresponde a potencia neta.",405.0
2026-06-07,Recurso,PRC2,,Hour07,405000.0,kWh,kW,True,"La magnitud y comportamiento horario coinciden con CapEfecNeta, DispoReal y DispoCome y la descripcion oficial corresponde a potencia neta.",405.0
2026-06-07,Recurso,PRC2,,Hour08,405000.0,kWh,kW,True,"La magnitud y comportamiento horario coinciden con CapEfecNeta, DispoReal y DispoCome y la descripcion oficial corresponde a potencia neta.",405.0
2026-06-07,Recurso,PRC2,,Hour09,405000.0,kWh,kW,True,"La magnitud y comportamiento horario coinciden con CapEfecNeta, DispoReal y DispoCome y la descripcion oficial corresponde a potencia neta.",405.0
2026-06-07,Recurso,PRC2,,Hour10,405000.0,kWh,kW,True,"La magnitud y comportamiento horario coinciden con CapEfecNeta, DispoReal y DispoCome y la descripcion oficial corresponde a potencia neta.",405.0
2026-06-07,Recurso,PRC2,,Hour11,405000.0,kWh,kW,True,"La magnitud y comportamiento horario coinciden con CapEfecNeta, DispoReal y DispoCome y la descripcion oficial corresponde a potencia neta.",405.0
2026-06-07,Recurso,PRC2,,Hour12,405000.0,kWh,kW,True,"La magnitud y comportamiento horario coinciden con CapEfecNeta, DispoReal y DispoCome y la descripcion oficial corresponde a potencia neta.",405.0
2026-06-07,Recurso,PRC2,,Hour13,405000.0,kWh,kW,True,"La magnitud y comportamiento horario coinciden con CapEfecNeta, DispoReal y DispoCome y la descripcion oficial corresponde a potencia neta.",405.0
2026-06-07,Recurso,PRC2,,Hour14,405000.0,kWh,kW,True,"La magnitud y comportamiento horario coinciden con CapEfecNeta, DispoReal y DispoCome y la descripcion oficial corresponde a potencia neta.",405.0
2026-06-07,Recurso,PRC2,,Hour15,405000.0,kWh,kW,True,"La magnitud y comportamiento horario coinciden con CapEfecNeta, DispoReal y DispoCome y la descripcion oficial corresponde a potencia neta.",405.0
2026-06-07,Recurso,PRC2,,Hour16,405000.0,kWh,kW,True,"La magnitud y comportamiento horario coinciden con CapEfecNeta, DispoReal y DispoCome y la descripcion oficial corresponde a potencia neta.",405.0
2026-06-07,Recurso,PRC2,,Hour17,405000.0,kWh,kW,True,"La magnitud y comportamiento horario coinciden con CapEfecNeta, DispoReal y DispoCome y la descripcion oficial corresponde a potencia neta.",405.0
2026-06-07,Recurso,PRC2,,Hour18,405000.0,kWh,kW,True,"La magnitud y comportamiento horario coinciden con CapEfecNeta, DispoReal y DispoCome y la descripcion oficial corresponde a potencia neta.",405.0
2026-06-07,Recurso,PRC2,,Hour19,405000.0,kWh,kW,True,"La magnitud y comportamiento horario coinciden con CapEfecNeta, DispoReal y DispoCome y la descripcion oficial corresponde a potencia neta.",405.0
2026-06-07,Recurso,PRC2,,Hour20,405000.0,kWh,kW,True,"La magnitud y comportamiento horario coinciden con CapEfecNeta, DispoReal y DispoCome y la descripcion oficial corresponde a potencia neta.",405.0
2026-06-07,Recurso,PRC2,,Hour21,405000.0,kWh,kW,True,"La magnitud y comportamiento horario coinciden con CapEfecNeta, DispoReal y DispoCome y la descripcion oficial corresponde a potencia neta.",405.0
2026-06-07,Recurso,PRC2,,Hour22,405000.0,kWh,kW,True,"La magnitud y comportamiento horario coinciden con CapEfecNeta, DispoReal y DispoCome y la descripcion oficial corresponde a potencia neta.",405.0
2026-06-07,Recurso,PRC2,,Hour23,405000.0,kWh,kW,True,"La magnitud y comportamiento horario coinciden con CapEfecNeta, DispoReal y DispoCome y la descripcion oficial corresponde a potencia neta.",405.0
2026-06-07,Recurso,PRC2,,Hour24,405000.0,kWh,kW,True,"La magnitud y comportamiento horario coinciden con CapEfecNeta, DispoReal y DispoCome y la descripcion oficial corresponde a potencia neta.",405.0
2026-06-07,Recurso,PRC3,,Hour01,700000.0,kWh,kW,True,"La magnitud y comportamiento horario coinciden con CapEfecNeta, DispoReal y DispoCome y la descripcion oficial corresponde a potencia neta.",700.0
2026-06-07,Recurso,PRC3,,Hour02,700000.0,kWh,kW,True,"La magnitud y comportamiento horario coinciden con CapEfecNeta, DispoReal y DispoCome y la descripcion oficial corresponde a potencia neta.",700.0
2026-06-07,Recurso,PRC3,,Hour03,700000.0,kWh,kW,True,"La magnitud y comportamiento horario coinciden con CapEfecNeta, DispoReal y DispoCome y la descripcion oficial corresponde a potencia neta.",700.0
2026-06-07,Recurso,PRC3,,Hour04,700000.0,kWh,kW,True,"La magnitud y comportamiento horario coinciden con CapEfecNeta, DispoReal y DispoCome y la descripcion oficial corresponde a potencia neta.",700.0
2026-06-07,Recurso,PRC3,,Hour05,700000.0,kWh,kW,True,"La magnitud y comportamiento horario coinciden con CapEfecNeta, DispoReal y DispoCome y la descripcion oficial corresponde a potencia neta.",700.0
2026-06-07,Recurso,PRC3,,Hour06,700000.0,kWh,kW,True,"La magnitud y comportamiento horario coinciden con CapEfecNeta, DispoReal y DispoCome y la descripcion oficial corresponde a potencia neta.",700.0
2026-06-07,Recurso,PRC3,,Hour07,700000.0,kWh,kW,True,"La magnitud y comportamiento horario coinciden con CapEfecNeta, DispoReal y DispoCome y la descripcion oficial corresponde a potencia neta.",700.0
2026-06-07,Recurso,PRC3,,Hour08,700000.0,kWh,kW,True,"La magnitud y comportamiento horario coinciden con CapEfecNeta, DispoReal y DispoCome y la descripcion oficial corresponde a potencia neta.",700.0
2026-06-07,Recurso,PRC3,,Hour09,700000.0,kWh,kW,True,"La magnitud y comportamiento horario coinciden con CapEfecNeta, DispoReal y DispoCome y la descripcion oficial corresponde a potencia neta.",700.0
2026-06-07,Recurso,PRC3,,Hour10,700000.0,kWh,kW,True,"La magnitud y comportamiento horario coinciden con CapEfecNeta, DispoReal y DispoCome y la descripcion oficial corresponde a potencia neta.",700.0
2026-06-07,Recurso,PRC3,,Hour11,700000.0,kWh,kW,True,"La magnitud y comportamiento horario coinciden con CapEfecNeta, DispoReal y DispoCome y la descripcion oficial corresponde a potencia neta.",700.0
2026-06-07,Recurso,PRC3,,Hour12,700000.0,kWh,kW,True,"La magnitud y comportamiento horario coinciden con CapEfecNeta, DispoReal y DispoCome y la descripcion oficial corresponde a potencia neta.",700.0
2026-06-07,Recurso,PRC3,,Hour13,700000.0,kWh,kW,True,"La magnitud y comportamiento horario coinciden con CapEfecNeta, DispoReal y DispoCome y la descripcion oficial corresponde a potencia neta.",700.0
2026-06-07,Recurso,PRC3,,Hour14,700000.0,kWh,kW,True,"La magnitud y comportamiento horario coinciden con CapEfecNeta, DispoReal y DispoCome y la descripcion oficial corresponde a potencia neta.",700.0
2026-06-07,Recurso,PRC3,,Hour15,700000.0,kWh,kW,True,"La magnitud y comportamiento horario coinciden con CapEfecNeta, DispoReal y DispoCome y la descripcion oficial corresponde a potencia neta.",700.0
2026-06-07,Recurso,PRC3,,Hour16,700000.0,kWh,kW,True,"La magnitud y comportamiento horario coinciden con CapEfecNeta, DispoReal y DispoCome y la descripcion oficial corresponde a potencia neta.",700.0
2026-06-07,Recurso,PRC3,,Hour17,700000.0,kWh,kW,True,"La magnitud y comportamiento horario coinciden con CapEfecNeta, DispoReal y DispoCome y la descripcion oficial corresponde a potencia neta.",700.0
2026-06-07,Recurso,PRC3,,Hour18,700000.0,kWh,kW,True,"La magnitud y comportamiento horario coinciden con CapEfecNeta, DispoReal y DispoCome y la descripcion oficial corresponde a potencia neta.",700.0
2026-06-07,Recurso,PRC3,,Hour19,700000.0,kWh,kW,True,"La magnitud y comportamiento horario coinciden con CapEfecNeta, DispoReal y DispoCome y la descripcion oficial corresponde a potencia neta.",700.0
2026-06-07,Recurso,PRC3,,Hour20,700000.0,kWh,kW,True,"La magnitud y comportamiento horario coinciden con CapEfecNeta, DispoReal y DispoCome y la descripcion oficial corresponde a potencia neta.",700.0
2026-06-07,Recurso,PRC3,,Hour21,700000.0,kWh,kW,True,"La magnitud y comportamiento horario coinciden con CapEfecNeta, DispoReal y DispoCome y la descripcion oficial corresponde a potencia neta.",700.0
2026-06-07,Recurso,PRC3,,Hour22,700000.0,kWh,kW,True,"La magnitud y comportamiento horario coinciden con CapEfecNeta, DispoReal y DispoCome y la descripcion oficial corresponde a potencia neta.",700.0
2026-06-07,Recurso,PRC3,,Hour23,700000.0,kWh,kW,True,"La magnitud y comportamiento horario coinciden con CapEfecNeta, DispoReal y DispoCome y la descripcion oficial corresponde a potencia neta.",700.0
2026-06-07,Recurso,PRC3,,Hour24,700000.0,kWh,kW,True,"La magnitud y comportamiento horario coinciden con CapEfecNeta, DispoReal y DispoCome y la descripcion oficial corresponde a potencia neta.",700.0
2026-06-07,Recurso,PRDO,,Hour01,34000.0,kWh,kW,True,"La magnitud y comportamiento horario coinciden con CapEfecNeta, DispoReal y DispoCome y la descripcion oficial corresponde a potencia neta.",34.0
2026-06-07,Recurso,PRDO,,Hour02,34000.0,kWh,kW,True,"La magnitud y comportamiento horario coinciden con CapEfecNeta, DispoReal y DispoCome y la descripcion oficial corresponde a potencia neta.",34.0
2026-06-07,Recurso,PRDO,,Hour03,34000.0,kWh,kW,True,"La magnitud y comportamiento horario coinciden con CapEfecNeta, DispoReal y DispoCome y la descripcion oficial corresponde a potencia neta.",34.0
2026-06-07,Recurso,PRDO,,Hour04,34000.0,kWh,kW,True,"La magnitud y comportamiento horario coinciden con CapEfecNeta, DispoReal y DispoCome y la descripcion oficial corresponde a potencia neta.",34.0
2026-06-07,Recurso,PRDO,,Hour05,34000.0,kWh,kW,True,"La magnitud y comportamiento horario coinciden con CapEfecNeta, DispoReal y DispoCome y la descripcion oficial corresponde a potencia neta.",34.0
2026-06-07,Recurso,PRDO,,Hour06,34000.0,kWh,kW,True,"La magnitud y comportamiento horario coinciden con CapEfecNeta, DispoReal y DispoCome y la descripcion oficial corresponde a potencia neta.",34.0
2026-06-07,Recurso,PRDO,,Hour07,34000.0,kWh,kW,True,"La magnitud y comportamiento horario coinciden con CapEfecNeta, DispoReal y DispoCome y la descripcion oficial corresponde a potencia neta.",34.0
2026-06-07,Recurso,PRDO,,Hour08,34000.0,kWh,kW,True,"La magnitud y comportamiento horario coinciden con CapEfecNeta, DispoReal y DispoCome y la descripcion oficial corresponde a potencia neta.",34.0
2026-06-07,Recurso,PRDO,,Hour09,34000.0,kWh,kW,True,"La magnitud y comportamiento horario coinciden con CapEfecNeta, DispoReal y DispoCome y la descripcion oficial corresponde a potencia neta.",34.0
2026-06-07,Recurso,PRDO,,Hour10,34000.0,kWh,kW,True,"La magnitud y comportamiento horario coinciden con CapEfecNeta, DispoReal y DispoCome y la descripcion oficial corresponde a potencia neta.",34.0
2026-06-07,Recurso,PRDO,,Hour11,34000.0,kWh,kW,True,"La magnitud y comportamiento horario coinciden con CapEfecNeta, DispoReal y DispoCome y la descripcion oficial corresponde a potencia neta.",34.0
2026-06-07,Recurso,PRDO,,Hour12,34000.0,kWh,kW,True,"La magnitud y comportamiento horario coinciden con CapEfecNeta, DispoReal y DispoCome y la descripcion oficial corresponde a potencia neta.",34.0
2026-06-07,Recurso,PRDO,,Hour13,34000.0,kWh,kW,True,"La magnitud y comportamiento horario coinciden con CapEfecNeta, DispoReal y DispoCome y la descripcion oficial corresponde a potencia neta.",34.0
2026-06-07,Recurso,PRDO,,Hour14,34000.0,kWh,kW,True,"La magnitud y comportamiento horario coinciden con CapEfecNeta, DispoReal y DispoCome y la descripcion oficial corresponde a potencia neta.",34.0
2026-06-07,Recurso,PRDO,,Hour15,34000.0,kWh,kW,True,"La magnitud y comportamiento horario coinciden con CapEfecNeta, DispoReal y DispoCome y la descripcion oficial corresponde a potencia neta.",34.0
2026-06-07,Recurso,PRDO,,Hour16,34000.0,kWh,kW,True,"La magnitud y comportamiento horario coinciden con CapEfecNeta, DispoReal y DispoCome y la descripcion oficial corresponde a potencia neta.",34.0
2026-06-07,Recurso,PRDO,,Hour17,34000.0,kWh,kW,True,"La magnitud y comportamiento horario coinciden con CapEfecNeta, DispoReal y DispoCome y la descripcion oficial corresponde a potencia neta.",34.0
2026-06-07,Recurso,PRDO,,Hour18,34000.0,kWh,kW,True,"La magnitud y comportamiento horario coinciden con CapEfecNeta, DispoReal y DispoCome y la descripcion oficial corresponde a potencia neta.",34.0
2026-06-07,Recurso,PRDO,,Hour19,34000.0,kWh,kW,True,"La magnitud y comportamiento horario coinciden con CapEfecNeta, DispoReal y DispoCome y la descripcion oficial corresponde a potencia neta.",34.0
2026-06-07,Recurso,PRDO,,Hour20,34000.0,kWh,kW,True,"La magnitud y comportamiento horario coinciden con CapEfecNeta, DispoReal y DispoCome y la descripcion oficial corresponde a potencia neta.",34.0
2026-06-07,Recurso,PRDO,,Hour21,34000.0,kWh,kW,True,"La magnitud y comportamiento horario coinciden con CapEfecNeta, DispoReal y DispoCome y la descripcion oficial corresponde a potencia neta.",34.0
2026-06-07,Recurso,PRDO,,Hour22,34000.0,kWh,kW,True,"La magnitud y comportamiento horario coinciden con CapEfecNeta, DispoReal y DispoCome y la descripcion oficial corresponde a potencia neta.",34.0
2026-06-07,Recurso,PRDO,,Hour23,34000.0,kWh,kW,True,"La magnitud y comportamiento horario coinciden con CapEfecNeta, DispoReal y DispoCome y la descripcion oficial corresponde a potencia neta.",34.0
2026-06-07,Recurso,PRDO,,Hour24,34000.0,kWh,kW,True,"La magnitud y comportamiento horario coinciden con CapEfecNeta, DispoReal y DispoCome y la descripcion oficial corresponde a potencia neta.",34.0
2026-06-07,Recurso,PRG1,,Hour01,0.0,kWh,kW,True,"La magnitud y comportamiento horario coinciden con CapEfecNeta, DispoReal y DispoCome y la descripcion oficial corresponde a potencia neta.",0.0
2026-06-07,Recurso,PRG1,,Hour02,0.0,kWh,kW,True,"La magnitud y comportamiento horario coinciden con CapEfecNeta, DispoReal y DispoCome y la descripcion oficial corresponde a potencia neta.",0.0
2026-06-07,Recurso,PRG1,,Hour03,0.0,kWh,kW,True,"La magnitud y comportamiento horario coinciden con CapEfecNeta, DispoReal y DispoCome y la descripcion oficial corresponde a potencia neta.",0.0
2026-06-07,Recurso,PRG1,,Hour04,0.0,kWh,kW,True,"La magnitud y comportamiento horario coinciden con CapEfecNeta, DispoReal y DispoCome y la descripcion oficial corresponde a potencia neta.",0.0
2026-06-07,Recurso,PRG1,,Hour05,0.0,kWh,kW,True,"La magnitud y comportamiento horario coinciden con CapEfecNeta, DispoReal y DispoCome y la descripcion oficial corresponde a potencia neta.",0.0
2026-06-07,Recurso,PRG1,,Hour06,0.0,kWh,kW,True,"La magnitud y comportamiento horario coinciden con CapEfecNeta, DispoReal y DispoCome y la descripcion oficial corresponde a potencia neta.",0.0
2026-06-07,Recurso,PRG1,,Hour07,0.0,kWh,kW,True,"La magnitud y comportamiento horario coinciden con CapEfecNeta, DispoReal y DispoCome y la descripcion oficial corresponde a potencia neta.",0.0
2026-06-07,Recurso,PRG1,,Hour08,0.0,kWh,kW,True,"La magnitud y comportamiento horario coinciden con CapEfecNeta, DispoReal y DispoCome y la descripcion oficial corresponde a potencia neta.",0.0
2026-06-07,Recurso,PRG1,,Hour09,0.0,kWh,kW,True,"La magnitud y comportamiento horario coinciden con CapEfecNeta, DispoReal y DispoCome y la descripcion oficial corresponde a potencia neta.",0.0
2026-06-07,Recurso,PRG1,,Hour10,0.0,kWh,kW,True,"La magnitud y comportamiento horario coinciden con CapEfecNeta, DispoReal y DispoCome y la descripcion oficial corresponde a potencia neta.",0.0
2026-06-07,Recurso,PRG1,,Hour11,0.0,kWh,kW,True,"La magnitud y comportamiento horario coinciden con CapEfecNeta, DispoReal y DispoCome y la descripcion oficial corresponde a potencia neta.",0.0
2026-06-07,Recurso,PRG1,,Hour12,0.0,kWh,kW,True,"La magnitud y comportamiento horario coinciden con CapEfecNeta, DispoReal y DispoCome y la descripcion oficial corresponde a potencia neta.",0.0
2026-06-07,Recurso,PRG1,,Hour13,0.0,kWh,kW,True,"La magnitud y comportamiento horario coinciden con CapEfecNeta, DispoReal y DispoCome y la descripcion oficial corresponde a potencia neta.",0.0
2026-06-07,Recurso,PRG1,,Hour14,0.0,kWh,kW,True,"La magnitud y comportamiento horario coinciden con CapEfecNeta, DispoReal y DispoCome y la descripcion oficial corresponde a potencia neta.",0.0
2026-06-07,Recurso,PRG1,,Hour15,0.0,kWh,kW,True,"La magnitud y comportamiento horario coinciden con CapEfecNeta, DispoReal y DispoCome y la descripcion oficial corresponde a potencia neta.",0.0
2026-06-07,Recurso,PRG1,,Hour16,0.0,kWh,kW,True,"La magnitud y comportamiento horario coinciden con CapEfecNeta, DispoReal y DispoCome y la descripcion oficial corresponde a potencia neta.",0.0
2026-06-07,Recurso,PRG1,,Hour17,0.0,kWh,kW,True,"La magnitud y comportamiento horario coinciden con CapEfecNeta, DispoReal y DispoCome y la descripcion oficial corresponde a potencia neta.",0.0
2026-06-07,Recurso,PRG1,,Hour18,0.0,kWh,kW,True,"La magnitud y comportamiento horario coinciden con CapEfecNeta, DispoReal y DispoCome y la descripcion oficial corresponde a potencia neta.",0.0
2026-06-07,Recurso,PRG1,,Hour19,0.0,kWh,kW,True,"La magnitud y comportamiento horario coinciden con CapEfecNeta, DispoReal y DispoCome y la descripcion oficial corresponde a potencia neta.",0.0
2026-06-07,Recurso,PRG1,,Hour20,0.0,kWh,kW,True,"La magnitud y comportamiento horario coinciden con CapEfecNeta, DispoReal y DispoCome y la descripcion oficial corresponde a potencia neta.",0.0
2026-06-07,Recurso,PRG1,,Hour21,0.0,kWh,kW,True,"La magnitud y comportamiento horario coinciden con CapEfecNeta, DispoReal y DispoCome y la descripcion oficial corresponde a potencia neta.",0.0
2026-06-07,Recurso,PRG1,,Hour22,0.0,kWh,kW,True,"La magnitud y comportamiento horario coinciden con CapEfecNeta, DispoReal y DispoCome y la descripcion oficial corresponde a potencia neta.",0.0
2026-06-07,Recurso,PRG1,,Hour23,0.0,kWh,kW,True,"La magnitud y comportamiento horario coinciden con CapEfecNeta, DispoReal y DispoCome y la descripcion oficial corresponde a potencia neta.",0.0
2026-06-07,Recurso,PRG1,,Hour24,0.0,kWh,kW,True,"La magnitud y comportamiento horario coinciden con CapEfecNeta, DispoReal y DispoCome y la descripcion oficial corresponde a potencia neta.",0.0
2026-06-07,Recurso,PRG2,,Hour01,45000.0,kWh,kW,True,"La magnitud y comportamiento horario coinciden con CapEfecNeta, DispoReal y DispoCome y la descripcion oficial corresponde a potencia neta.",45.0
2026-06-07,Recurso,PRG2,,Hour02,45000.0,kWh,kW,True,"La magnitud y comportamiento horario coinciden con CapEfecNeta, DispoReal y DispoCome y la descripcion oficial corresponde a potencia neta.",45.0
2026-06-07,Recurso,PRG2,,Hour03,45000.0,kWh,kW,True,"La magnitud y comportamiento horario coinciden con CapEfecNeta, DispoReal y DispoCome y la descripcion oficial corresponde a potencia neta.",45.0
2026-06-07,Recurso,PRG2,,Hour04,45000.0,kWh,kW,True,"La magnitud y comportamiento horario coinciden con CapEfecNeta, DispoReal y DispoCome y la descripcion oficial corresponde a potencia neta.",45.0
2026-06-07,Recurso,PRG2,,Hour05,45000.0,kWh,kW,True,"La magnitud y comportamiento horario coinciden con CapEfecNeta, DispoReal y DispoCome y la descripcion oficial corresponde a potencia neta.",45.0
2026-06-07,Recurso,PRG2,,Hour06,45000.0,kWh,kW,True,"La magnitud y comportamiento horario coinciden con CapEfecNeta, DispoReal y DispoCome y la descripcion oficial corresponde a potencia neta.",45.0
2026-06-07,Recurso,PRG2,,Hour07,45000.0,kWh,kW,True,"La magnitud y comportamiento horario coinciden con CapEfecNeta, DispoReal y DispoCome y la descripcion oficial corresponde a potencia neta.",45.0
2026-06-07,Recurso,PRG2,,Hour08,45000.0,kWh,kW,True,"La magnitud y comportamiento horario coinciden con CapEfecNeta, DispoReal y DispoCome y la descripcion oficial corresponde a potencia neta.",45.0
2026-06-07,Recurso,PRG2,,Hour09,45000.0,kWh,kW,True,"La magnitud y comportamiento horario coinciden con CapEfecNeta, DispoReal y DispoCome y la descripcion oficial corresponde a potencia neta.",45.0
2026-06-07,Recurso,PRG2,,Hour10,45000.0,kWh,kW,True,"La magnitud y comportamiento horario coinciden con CapEfecNeta, DispoReal y DispoCome y la descripcion oficial corresponde a potencia neta.",45.0
2026-06-07,Recurso,PRG2,,Hour11,45000.0,kWh,kW,True,"La magnitud y comportamiento horario coinciden con CapEfecNeta, DispoReal y DispoCome y la descripcion oficial corresponde a potencia neta.",45.0
2026-06-07,Recurso,PRG2,,Hour12,45000.0,kWh,kW,True,"La magnitud y comportamiento horario coinciden con CapEfecNeta, DispoReal y DispoCome y la descripcion oficial corresponde a potencia neta.",45.0
2026-06-07,Recurso,PRG2,,Hour13,45000.0,kWh,kW,True,"La magnitud y comportamiento horario coinciden con CapEfecNeta, DispoReal y DispoCome y la descripcion oficial corresponde a potencia neta.",45.0
2026-06-07,Recurso,PRG2,,Hour14,45000.0,kWh,kW,True,"La magnitud y comportamiento horario coinciden con CapEfecNeta, DispoReal y DispoCome y la descripcion oficial corresponde a potencia neta.",45.0
2026-06-07,Recurso,PRG2,,Hour15,45000.0,kWh,kW,True,"La magnitud y comportamiento horario coinciden con CapEfecNeta, DispoReal y DispoCome y la descripcion oficial corresponde a potencia neta.",45.0
2026-06-07,Recurso,PRG2,,Hour16,45000.0,kWh,kW,True,"La magnitud y comportamiento horario coinciden con CapEfecNeta, DispoReal y DispoCome y la descripcion oficial corresponde a potencia neta.",45.0
2026-06-07,Recurso,PRG2,,Hour17,45000.0,kWh,kW,True,"La magnitud y comportamiento horario coinciden con CapEfecNeta, DispoReal y DispoCome y la descripcion oficial corresponde a potencia neta.",45.0
2026-06-07,Recurso,PRG2,,Hour18,45000.0,kWh,kW,True,"La magnitud y comportamiento horario coinciden con CapEfecNeta, DispoReal y DispoCome y la descripcion oficial corresponde a potencia neta.",45.0
2026-06-07,Recurso,PRG2,,Hour19,45000.0,kWh,kW,True,"La magnitud y comportamiento horario coinciden con CapEfecNeta, DispoReal y DispoCome y la descripcion oficial corresponde a potencia neta.",45.0
2026-06-07,Recurso,PRG2,,Hour20,45000.0,kWh,kW,True,"La magnitud y comportamiento horario coinciden con CapEfecNeta, DispoReal y DispoCome y la descripcion oficial corresponde a potencia neta.",45.0
2026-06-07,Recurso,PRG2,,Hour21,45000.0,kWh,kW,True,"La magnitud y comportamiento horario coinciden con CapEfecNeta, DispoReal y DispoCome y la descripcion oficial corresponde a potencia neta.",45.0
2026-06-07,Recurso,PRG2,,Hour22,45000.0,kWh,kW,True,"La magnitud y comportamiento horario coinciden con CapEfecNeta, DispoReal y DispoCome y la descripcion oficial corresponde a potencia neta.",45.0
2026-06-07,Recurso,PRG2,,Hour23,45000.0,kWh,kW,True,"La magnitud y comportamiento horario coinciden con CapEfecNeta, DispoReal y DispoCome y la descripcion oficial corresponde a potencia neta.",45.0
2026-06-07,Recurso,PRG2,,Hour24,45000.0,kWh,kW,True,"La magnitud y comportamiento horario coinciden con CapEfecNeta, DispoReal y DispoCome y la descripcion oficial corresponde a potencia neta.",45.0
2026-06-07,Recurso,QUI1,,Hour01,326000.0,kWh,kW,True,"La magnitud y comportamiento horario coinciden con CapEfecNeta, DispoReal y DispoCome y la descripcion oficial corresponde a potencia neta.",326.0
2026-06-07,Recurso,QUI1,,Hour02,326000.0,kWh,kW,True,"La magnitud y comportamiento horario coinciden con CapEfecNeta, DispoReal y DispoCome y la descripcion oficial corresponde a potencia neta.",326.0
2026-06-07,Recurso,QUI1,,Hour03,326000.0,kWh,kW,True,"La magnitud y comportamiento horario coinciden con CapEfecNeta, DispoReal y DispoCome y la descripcion oficial corresponde a potencia neta.",326.0
2026-06-07,Recurso,QUI1,,Hour04,326000.0,kWh,kW,True,"La magnitud y comportamiento horario coinciden con CapEfecNeta, DispoReal y DispoCome y la descripcion oficial corresponde a potencia neta.",326.0
2026-06-07,Recurso,QUI1,,Hour05,326000.0,kWh,kW,True,"La magnitud y comportamiento horario coinciden con CapEfecNeta, DispoReal y DispoCome y la descripcion oficial corresponde a potencia neta.",326.0
2026-06-07,Recurso,QUI1,,Hour06,326000.0,kWh,kW,True,"La magnitud y comportamiento horario coinciden con CapEfecNeta, DispoReal y DispoCome y la descripcion oficial corresponde a potencia neta.",326.0
2026-06-07,Recurso,QUI1,,Hour07,326000.0,kWh,kW,True,"La magnitud y comportamiento horario coinciden con CapEfecNeta, DispoReal y DispoCome y la descripcion oficial corresponde a potencia neta.",326.0
2026-06-07,Recurso,QUI1,,Hour08,326000.0,kWh,kW,True,"La magnitud y comportamiento horario coinciden con CapEfecNeta, DispoReal y DispoCome y la descripcion oficial corresponde a potencia neta.",326.0
2026-06-07,Recurso,QUI1,,Hour09,326000.0,kWh,kW,True,"La magnitud y comportamiento horario coinciden con CapEfecNeta, DispoReal y DispoCome y la descripcion oficial corresponde a potencia neta.",326.0
2026-06-07,Recurso,QUI1,,Hour10,326000.0,kWh,kW,True,"La magnitud y comportamiento horario coinciden con CapEfecNeta, DispoReal y DispoCome y la descripcion oficial corresponde a potencia neta.",326.0
2026-06-07,Recurso,QUI1,,Hour11,326000.0,kWh,kW,True,"La magnitud y comportamiento horario coinciden con CapEfecNeta, DispoReal y DispoCome y la descripcion oficial corresponde a potencia neta.",326.0
2026-06-07,Recurso,QUI1,,Hour12,326000.0,kWh,kW,True,"La magnitud y comportamiento horario coinciden con CapEfecNeta, DispoReal y DispoCome y la descripcion oficial corresponde a potencia neta.",326.0
2026-06-07,Recurso,QUI1,,Hour13,326000.0,kWh,kW,True,"La magnitud y comportamiento horario coinciden con CapEfecNeta, DispoReal y DispoCome y la descripcion oficial corresponde a potencia neta.",326.0
2026-06-07,Recurso,QUI1,,Hour14,326000.0,kWh,kW,True,"La magnitud y comportamiento horario coinciden con CapEfecNeta, DispoReal y DispoCome y la descripcion oficial corresponde a potencia neta.",326.0
2026-06-07,Recurso,QUI1,,Hour15,326000.0,kWh,kW,True,"La magnitud y comportamiento horario coinciden con CapEfecNeta, DispoReal y DispoCome y la descripcion oficial corresponde a potencia neta.",326.0
2026-06-07,Recurso,QUI1,,Hour16,326000.0,kWh,kW,True,"La magnitud y comportamiento horario coinciden con CapEfecNeta, DispoReal y DispoCome y la descripcion oficial corresponde a potencia neta.",326.0
2026-06-07,Recurso,QUI1,,Hour17,326000.0,kWh,kW,True,"La magnitud y comportamiento horario coinciden con CapEfecNeta, DispoReal y DispoCome y la descripcion oficial corresponde a potencia neta.",326.0
2026-06-07,Recurso,QUI1,,Hour18,326000.0,kWh,kW,True,"La magnitud y comportamiento horario coinciden con CapEfecNeta, DispoReal y DispoCome y la descripcion oficial corresponde a potencia neta.",326.0
2026-06-07,Recurso,QUI1,,Hour19,326000.0,kWh,kW,True,"La magnitud y comportamiento horario coinciden con CapEfecNeta, DispoReal y DispoCome y la descripcion oficial corresponde a potencia neta.",326.0
2026-06-07,Recurso,QUI1,,Hour20,326000.0,kWh,kW,True,"La magnitud y comportamiento horario coinciden con CapEfecNeta, DispoReal y DispoCome y la descripcion oficial corresponde a potencia neta.",326.0
2026-06-07,Recurso,QUI1,,Hour21,326000.0,kWh,kW,True,"La magnitud y comportamiento horario coinciden con CapEfecNeta, DispoReal y DispoCome y la descripcion oficial corresponde a potencia neta.",326.0
2026-06-07,Recurso,QUI1,,Hour22,326000.0,kWh,kW,True,"La magnitud y comportamiento horario coinciden con CapEfecNeta, DispoReal y DispoCome y la descripcion oficial corresponde a potencia neta.",326.0
2026-06-07,Recurso,QUI1,,Hour23,326000.0,kWh,kW,True,"La magnitud y comportamiento horario coinciden con CapEfecNeta, DispoReal y DispoCome y la descripcion oficial corresponde a potencia neta.",326.0
2026-06-07,Recurso,QUI1,,Hour24,326000.0,kWh,kW,True,"La magnitud y comportamiento horario coinciden con CapEfecNeta, DispoReal y DispoCome y la descripcion oficial corresponde a potencia neta.",326.0
2026-06-07,Recurso,SLVJ,,Hour01,315000.0,kWh,kW,True,"La magnitud y comportamiento horario coinciden con CapEfecNeta, DispoReal y DispoCome y la descripcion oficial corresponde a potencia neta.",315.0
2026-06-07,Recurso,SLVJ,,Hour02,315000.0,kWh,kW,True,"La magnitud y comportamiento horario coinciden con CapEfecNeta, DispoReal y DispoCome y la descripcion oficial corresponde a potencia neta.",315.0
2026-06-07,Recurso,SLVJ,,Hour03,315000.0,kWh,kW,True,"La magnitud y comportamiento horario coinciden con CapEfecNeta, DispoReal y DispoCome y la descripcion oficial corresponde a potencia neta.",315.0
2026-06-07,Recurso,SLVJ,,Hour04,315000.0,kWh,kW,True,"La magnitud y comportamiento horario coinciden con CapEfecNeta, DispoReal y DispoCome y la descripcion oficial corresponde a potencia neta.",315.0
2026-06-07,Recurso,SLVJ,,Hour05,315000.0,kWh,kW,True,"La magnitud y comportamiento horario coinciden con CapEfecNeta, DispoReal y DispoCome y la descripcion oficial corresponde a potencia neta.",315.0
2026-06-07,Recurso,SLVJ,,Hour06,315000.0,kWh,kW,True,"La magnitud y comportamiento horario coinciden con CapEfecNeta, DispoReal y DispoCome y la descripcion oficial corresponde a potencia neta.",315.0
2026-06-07,Recurso,SLVJ,,Hour07,315000.0,kWh,kW,True,"La magnitud y comportamiento horario coinciden con CapEfecNeta, DispoReal y DispoCome y la descripcion oficial corresponde a potencia neta.",315.0
2026-06-07,Recurso,SLVJ,,Hour08,315000.0,kWh,kW,True,"La magnitud y comportamiento horario coinciden con CapEfecNeta, DispoReal y DispoCome y la descripcion oficial corresponde a potencia neta.",315.0
2026-06-07,Recurso,SLVJ,,Hour09,315000.0,kWh,kW,True,"La magnitud y comportamiento horario coinciden con CapEfecNeta, DispoReal y DispoCome y la descripcion oficial corresponde a potencia neta.",315.0
2026-06-07,Recurso,SLVJ,,Hour10,315000.0,kWh,kW,True,"La magnitud y comportamiento horario coinciden con CapEfecNeta, DispoReal y DispoCome y la descripcion oficial corresponde a potencia neta.",315.0
2026-06-07,Recurso,SLVJ,,Hour11,315000.0,kWh,kW,True,"La magnitud y comportamiento horario coinciden con CapEfecNeta, DispoReal y DispoCome y la descripcion oficial corresponde a potencia neta.",315.0
2026-06-07,Recurso,SLVJ,,Hour12,315000.0,kWh,kW,True,"La magnitud y comportamiento horario coinciden con CapEfecNeta, DispoReal y DispoCome y la descripcion oficial corresponde a potencia neta.",315.0
2026-06-07,Recurso,SLVJ,,Hour13,315000.0,kWh,kW,True,"La magnitud y comportamiento horario coinciden con CapEfecNeta, DispoReal y DispoCome y la descripcion oficial corresponde a potencia neta.",315.0
2026-06-07,Recurso,SLVJ,,Hour14,315000.0,kWh,kW,True,"La magnitud y comportamiento horario coinciden con CapEfecNeta, DispoReal y DispoCome y la descripcion oficial corresponde a potencia neta.",315.0
2026-06-07,Recurso,SLVJ,,Hour15,315000.0,kWh,kW,True,"La magnitud y comportamiento horario coinciden con CapEfecNeta, DispoReal y DispoCome y la descripcion oficial corresponde a potencia neta.",315.0
2026-06-07,Recurso,SLVJ,,Hour16,315000.0,kWh,kW,True,"La magnitud y comportamiento horario coinciden con CapEfecNeta, DispoReal y DispoCome y la descripcion oficial corresponde a potencia neta.",315.0
2026-06-07,Recurso,SLVJ,,Hour17,315000.0,kWh,kW,True,"La magnitud y comportamiento horario coinciden con CapEfecNeta, DispoReal y DispoCome y la descripcion oficial corresponde a potencia neta.",315.0
2026-06-07,Recurso,SLVJ,,Hour18,315000.0,kWh,kW,True,"La magnitud y comportamiento horario coinciden con CapEfecNeta, DispoReal y DispoCome y la descripcion oficial corresponde a potencia neta.",315.0
2026-06-07,Recurso,SLVJ,,Hour19,315000.0,kWh,kW,True,"La magnitud y comportamiento horario coinciden con CapEfecNeta, DispoReal y DispoCome y la descripcion oficial corresponde a potencia neta.",315.0
2026-06-07,Recurso,SLVJ,,Hour20,315000.0,kWh,kW,True,"La magnitud y comportamiento horario coinciden con CapEfecNeta, DispoReal y DispoCome y la descripcion oficial corresponde a potencia neta.",315.0
2026-06-07,Recurso,SLVJ,,Hour21,315000.0,kWh,kW,True,"La magnitud y comportamiento horario coinciden con CapEfecNeta, DispoReal y DispoCome y la descripcion oficial corresponde a potencia neta.",315.0
2026-06-07,Recurso,SLVJ,,Hour22,315000.0,kWh,kW,True,"La magnitud y comportamiento horario coinciden con CapEfecNeta, DispoReal y DispoCome y la descripcion oficial corresponde a potencia neta.",315.0
2026-06-07,Recurso,SLVJ,,Hour23,315000.0,kWh,kW,True,"La magnitud y comportamiento horario coinciden con CapEfecNeta, DispoReal y DispoCome y la descripcion oficial corresponde a potencia neta.",315.0
2026-06-07,Recurso,SLVJ,,Hour24,315000.0,kWh,kW,True,"La magnitud y comportamiento horario coinciden con CapEfecNeta, DispoReal y DispoCome y la descripcion oficial corresponde a potencia neta.",315.0
