Date,DemaSIN_GWh,DemaReal_GWh,Gene_GWh,ImpoEner_GWh,ExpoEner_GWh,diff_dema_real_vs_dema_sin_gwh,diff_dema_real_vs_dema_sin_rel,gene_plus_impo_minus_expo_gwh,diff_balance_vs_dema_sin_gwh,diff_balance_vs_dema_sin_rel,atypical_daily_closure
2023-01-01,168.12069693,173.8333418,176.93265376,0.0,8.81626683,5.712644869999991,0.03397942653294229,168.11638693,-0.004310000000003811,-2.5636343880958065e-05,False
2023-01-02,192.25538055,196.82221884,200.37085832999998,0.0,8.12183778,4.566838289999993,0.02375402070379139,192.24902054999998,-0.006360000000029231,-3.308099873113918e-05,False
2023-01-03,201.59109962999997,207.72812412,211.13445097,0.0,9.54335134,6.137024490000016,0.030442933746896078,201.59109963,2.842170943040401e-14,1.4098692592366019e-16,False
2023-01-04,205.93924784,212.62907445,216.47177391,0.0,10.55462607,6.689826609999983,0.03248446656072813,205.91714783999998,-0.0221000000000231,-0.00010731320149908099,False
2023-01-05,207.00046921,213.18084771,217.23425989999998,0.0,10.23379069,6.180378499999989,0.029856833289252375,207.00046920999998,-2.842170943040401e-14,-1.3730263288229775e-16,False
2023-01-06,209.74577078,216.84223826,220.45881741999997,0.0,10.71304664,7.096467480000001,0.033833661835515186,209.74577078,0.0,0.0,False
2023-01-07,201.55770375999998,208.29228738999998,212.13319235,0.0,10.61690859,6.734583630000003,0.033412682841530324,201.51628376,-0.04141999999998802,-0.0002054994635645775,False
2023-01-08,182.95254346,190.00161193,193.5478053,0.0,10.60777184,7.049068470000009,0.03852949151013683,182.94003346,-0.012509999999991805,-6.837838798741238e-05,False
2023-01-09,187.38115875999998,194.43475873,198.05226449999998,0.0,10.73398574,7.053599970000022,0.037643058761496706,187.31827875999997,-0.06288000000000693,-0.0003355726926662055,False
2023-01-10,205.90205424,212.02496768999998,216.20118641,0.0,10.31011217,6.12291344999997,0.02973701973299929,205.89107424,-0.010980000000017753,-5.332632566754013e-05,False
2023-01-11,211.26784009999997,214.93206963,218.7469659,0.0,7.4940958,3.6642295300000285,0.017344000526846058,211.2528701,-0.014969999999976835,-7.085792136129684e-05,False
2023-01-12,211.88667159999997,214.645831,218.62215852999998,0.0,7.175476929999999,2.7591594000000157,0.013021863900947775,211.44668159999998,-0.43998999999999455,-0.0020765345770809426,False
2023-01-13,216.35208237999998,221.52245136999997,225.60645393,0.0,9.25437155,5.170368989999986,0.023897939567407395,216.35208237999998,0.0,0.0,False
2023-01-14,207.31490551,211.91925342,216.11907818999998,0.0,8.88752268,4.604347910000001,0.022209439782794136,207.23155551,-0.08334999999999582,-0.00040204538016672115,False
2023-01-15,188.37436184,191.50363364999998,195.50185675,0.0,7.65566491,3.1292718099999774,0.016611983602407076,187.84619184,-0.5281700000000171,-0.002803831661808788,False
2023-01-16,211.02494787999998,217.01931012999998,220.84423141,0.0,9.84289353,5.994362249999995,0.028405941146867186,211.00133788,-0.023609999999990805,-0.00011188250601259102,False
2023-01-17,215.1520301,220.33214386999998,225.08216349,0.0,9.93013339,5.180113769999991,0.02407652750286548,215.1520301,0.0,0.0,False
2023-01-18,214.63226141999996,220.94564069,225.07319145999998,0.0,10.44093004,6.313379270000041,0.029414866284457577,214.63226141999996,0.0,0.0,False
2023-01-19,216.04428740999998,222.24630961999998,226.65781532,0.0,10.62422791,6.2020222099999955,0.028707179830356044,216.03358741,-0.010699999999985721,-4.952688232704668e-05,False
2023-01-20,215.87220795,222.13093457,226.17850163999998,0.0,10.387413689999999,6.2587266200000045,0.028992739173954445,215.79108795,-0.08111999999999853,-0.00037577787696870836,False
2023-01-21,206.16899056,210.21396943,213.99969377,0.0,7.830703209999999,4.044978869999994,0.01961972486266217,206.16899056,0.0,0.0,False
2023-01-22,189.26279071,195.26820808,199.33713975,0.0,10.41732904,6.0054173700000035,0.03173057602855424,188.91981071,-0.34297999999998297,-0.001812189277740905,False
2023-01-23,215.09438072999998,221.54846071999998,225.7182059,0.0,10.62942517,6.454079989999997,0.030005804745320448,215.08878073,-0.005599999999986949,-2.603508274359069e-05,False
2023-01-24,219.43774594999996,225.75956746,229.69240685999998,0.0,10.53105091,6.321821510000035,0.028809179945917304,219.16135594999997,-0.27638999999999214,-0.0012595371812785985,False
2023-01-25,220.97275338999998,225.41615459,229.50172507,0.0,8.57598168,4.443401200000011,0.020108366899686262,220.92574338999998,-0.04701000000000022,-0.00021274116052231637,False
2023-01-26,221.00560878999997,226.88927616,231.01080503,0.0,10.00519624,5.88366737000004,0.026622253626109166,221.00560879,2.842170943040401e-14,1.2860175624506608e-16,False
2023-01-27,219.67169284999997,226.66657719999998,230.2694281,0.0,10.59773525,6.994884350000007,0.031842447514511464,219.67169285,2.842170943040401e-14,1.2938266674992764e-16,False
2023-01-28,209.18866789999998,215.92528937999998,219.74710917,0.0,10.630431269999999,6.736621479999997,0.03220356794480069,209.11667789999998,-0.07198999999999955,-0.0003441391004717974,False
2023-01-29,189.45453038,195.95577013,199.38872433999998,0.0,10.27028396,6.501239749999996,0.03431556762965805,189.11844037999998,-0.3360900000000129,-0.0017739876651452862,False
2023-01-30,215.04961963,221.36780445,225.56013295,0.0,10.611733319999999,6.318184819999999,0.029380125530427098,214.94839962999998,-0.10122000000001208,-0.0004706820694412966,False
2023-01-31,217.74472161,224.50191282,228.27160640999998,0.0,10.6269148,6.757191210000002,0.031032629218460357,217.64469160999997,-0.10003000000003226,-0.00045939115887821524,False
2023-02-01,217.26141812999998,223.95496167,227.76219189,0.0,10.619973759999999,6.693543540000007,0.030808707766028093,217.14221813,-0.11919999999997799,-0.0005486478042256623,False
2023-02-02,216.17528405000002,223.33909864999998,226.70193379999998,0.0,10.62257975,7.1638145999999665,0.03313891609525083,216.07935404999998,-0.09593000000003826,-0.0004437602588177946,False
2023-02-03,218.2814857,225.41442354,228.79294285999998,0.0,10.60860716,7.132937840000011,0.032677704282273956,218.1843357,-0.09714999999999918,-0.0004450675222795553,False
2023-02-04,209.18632940999998,216.25068779,219.5165791,0.0,10.53558969,7.064358380000016,0.03377065030934239,208.98098941,-0.20533999999997832,-0.0009816129026171544,False
2023-02-05,189.28770105,195.58734321999998,198.84523991999998,0.0,10.07822887,6.29964216999997,0.033280779126457515,188.76701104999998,-0.5206900000000303,-0.002750786221776189,False
2023-02-06,217.41976391999998,223.77890208,227.80333432999998,0.0,10.38984041,6.359138160000015,0.02924820653535376,217.41349391999998,-0.006270000000000664,-2.883822467173556e-05,False
2023-02-07,219.37586266,223.14237418,226.97980085999998,0.0032798799999999998,7.64360808,3.7665115199999946,0.017169215766629387,219.33947265999998,-0.03639000000001147,-0.00016587968958285335,False
2023-02-08,220.71338981999997,227.22964674,231.07102417,0.0,10.38523435,6.516256920000018,0.029523613974277996,220.68578982,-0.02759999999997831,-0.0001250490512718197,False
2023-02-09,222.95366391999997,228.70532572,233.25786176,0.0,10.30419784,5.751661800000022,0.025797565731253594,222.95366392,2.842170943040401e-14,1.274780998468016e-16,False
2023-02-10,223.06055740999997,222.93741732,226.63807339,0.00407116,3.58158714,-0.12314008999996418,-0.0005520478000672462,223.06055740999997,0.0,0.0,False
2023-02-11,214.95815775,211.81758958,215.74886544,0.0024741999999999998,0.83448189,-3.1405681699999946,-0.01461013716749717,214.91685775,-0.041300000000006776,-0.00019213041473885062,False
2023-02-12,196.20678596,192.74983675,196.24272788,0.0062501499999999995,0.061922069999999996,-3.4569492100000048,-0.01761890748623119,196.18705595999998,-0.019730000000009795,-0.00010055717442939044,False
2023-02-13,218.53937398,215.59854398,219.17775053999998,0.00489353,0.64327009,-2.9408300000000054,-0.01345675127754846,218.53937398,0.0,0.0,False
2023-02-14,222.26004318,221.14633978999998,224.89602718999998,0.01001875,2.9575027599999997,-1.113703390000012,-0.005010812443233739,221.94854317999997,-0.31150000000002365,-0.0014015114707223897,False
2023-02-15,223.00673639,225.6401343,229.67980631999998,0.0006374,6.70094733,2.6333979100000136,0.011808602523085486,222.97949638999998,-0.027240000000006148,-0.00012214877649421372,False
2023-02-16,221.90919416,223.02861597999998,227.32427840999998,0.00140771,5.72334196,1.1194218199999852,0.00504450401091928,221.60234415999997,-0.3068500000000256,-0.0013827728101197193,False
2023-02-17,220.82406771,226.17891353,229.84495407,0.0,9.020886359999999,5.35484581999998,0.024249375874337658,220.82406771,0.0,0.0,False
2023-02-18,209.73622374,215.39686883,219.35135058999998,0.0,9.61512685,5.660645089999974,0.02698935352730106,209.73622373999999,-2.842170943040401e-14,-1.355116866490218e-16,False
2023-02-19,189.61219058,188.40694009999999,191.41388166,0.0,3.24300108,-1.2052504800000179,-0.006356397636213723,188.17088058,-1.4413100000000156,-0.00760135725235402,False
2023-02-20,213.10666368999998,216.9922535,221.23384377,0.0,8.12718008,3.8855898100000275,0.01823307513111031,213.10666369,2.842170943040401e-14,1.3336846881404063e-16,False
2023-02-21,215.67107205,218.41024822999998,221.83796582,0.0,6.50869377,2.739176179999987,0.012700712033206527,215.32927205,-0.3418000000000063,-0.0015848207956269875,False
2023-02-22,216.20356927,221.88342228,225.81680948,0.0,9.62144021,5.679853009999988,0.02627085680952314,216.19536927,-0.008200000000016416,-3.792721844372545e-05,False
2023-02-23,218.66944834999998,220.40126995,224.83648764999998,0.00579445,6.3329137499999995,1.7318216000000177,0.007919815104797277,218.50936835,-0.16007999999999356,-0.0007320638580647591,False
2023-02-24,220.10290218999998,225.74854919999999,229.66441275999998,0.0,9.56839057,5.645647010000005,0.02565003438767245,220.09602218999999,-0.006879999999995334,-3.12581066925519e-05,False
2023-02-25,210.86257902999998,211.363351,214.83717955,0.0,3.9746005199999996,0.5007719700000166,0.00237487358972675,210.86257903,2.842170943040401e-14,1.3478782988023863e-16,False
2023-02-26,192.36407591999998,198.30059996,202.27092516,0.0,10.27504924,5.936524040000023,0.030860876759904454,191.99587592,-0.3681999999999732,-0.0019140788020789265,False
2023-02-27,218.98004846,224.97109826,229.38938578,0.0,10.43554732,5.991049799999985,0.027358884255130392,218.95383846,-0.026210000000020273,-0.00011969126952133231,False
2023-02-28,222.97246213999998,223.56468347999999,228.00952325999998,0.0,5.08677112,0.5922213400000089,0.002656029064379102,222.92275213999997,-0.049710000000004584,-0.00022294232894460602,False
2023-03-01,222.38257611,224.08003510999998,228.00094006999998,0.0,5.6487339599999995,1.6974589999999807,0.007633057542963008,222.35220611,-0.030370000000004893,-0.00013656645467126247,False
2023-03-02,224.91526516999997,224.76370265,228.92280044,0.00128056,4.48801583,-0.1515625199999704,-0.0006738649770410797,224.43606517,-0.4791999999999632,-0.0021305801526533322,False
2023-03-03,225.69930666,222.13358685999998,225.69191451999998,0.01332648,0.024624339999999998,-3.5657198000000108,-0.015798541221801424,225.68061665999997,-0.018690000000020746,-8.280929293316752e-05,False
2023-03-04,216.07542011,215.73877685999997,219.25442417,0.007488119999999999,3.33560218,-0.33664325000003714,-0.001557989565998105,215.92631011,-0.1491100000000074,-0.0006900831197000485,False
2023-03-05,192.93730266999998,193.0608834,196.13604277,0.0050160199999999995,3.2447861199999997,0.12358073000001468,0.0006405227412730404,192.89627267,-0.04102999999997792,-0.00021265975750762745,False
2023-03-06,219.06871005,215.60755050999998,218.99834758,0.01134922,0.00725675,-3.4611595400000112,-0.01579942447832938,219.00244005,-0.06627000000000294,-0.000302507829552096,False
2023-03-07,220.11557805,216.66409313,220.10055309999998,0.01579583,0.029470879999999998,-3.451484920000013,-0.015680330081935392,220.08687805,-0.028700000000014825,-0.00013038604652277505,False
2023-03-08,218.46977368,215.36996409,218.35036028,0.023491869999999998,0.03993847,-3.0998095900000067,-0.014188734385473396,218.33391367999997,-0.1358600000000365,-0.0006218709238882409,False
2023-03-09,214.76258016,211.60706299999998,214.78823118,0.00811129,0.03484231,-3.1555171600000165,-0.01469304921578577,214.76150016,-0.0010800000000017462,-5.0288090187645204e-06,False
2023-03-10,215.91517473,212.50128184,215.61112312,0.22003354,0.02292193,-3.4138928899999996,-0.015811268912752623,215.80823473,-0.10693999999998027,-0.0004952870965818303,False
2023-03-11,207.24042556999999,203.22901245999998,201.83051447999998,4.7714607099999995,0.00725962,-4.0114131100000066,-0.01935632538375127,206.59471556999995,-0.6457100000000366,-0.003115753107648073,False
2023-03-12,189.21075469999997,184.62608140999998,185.50650803,2.87167305,0.02039638,-4.584673289999984,-0.024230511089441707,188.3577847,-0.8529699999999707,-0.004508041846523912,False
2023-03-13,212.63698152999999,209.0295504,212.64896151,0.03522147,0.04720145,-3.6074311299999806,-0.016965210397754938,212.63698153,2.842170943040401e-14,1.336630591061796e-16,False
2023-03-14,216.43312197999998,212.51934115,214.13130802999999,2.0146627699999997,0.030408819999999996,-3.913780829999979,-0.018083095573336698,216.11556198,-0.3175599999999861,-0.0014672430776530173,False
2023-03-15,215.12729683999999,211.41655411,213.72287326999998,1.43305295,0.02862938,-3.7107427299999927,-0.017249055719599553,215.12729683999996,-2.842170943040401e-14,-1.3211577446418867e-16,False
2023-03-16,216.33063327,213.00982994999998,214.78063716,1.50780692,0.01996081,-3.32080332000001,-0.015350592145936865,216.26848327000002,-0.06214999999997417,-0.00028729172129037043,False
2023-03-17,217.47297437,214.38719215999998,214.8628201,2.49387335,0.01359908,-3.085782210000019,-0.014189267512155282,217.34309437,-0.1298800000000142,-0.0005972236337699665,False
2023-03-18,210.31808852999998,207.74449862,209.47287171999997,1.09180835,0.41452153999999997,-2.5735899099999813,-0.012236655096990774,210.15015852999997,-0.16793000000001257,-0.0007984572376714943,False
2023-03-19,190.00906113,186.76740037,189.48167708,0.011379670000000001,0.02396562,-3.241660760000002,-0.017060558800309683,189.46909112999998,-0.5399700000000109,-0.00284181184196566,False
2023-03-20,196.71017045,193.25333028,194.38320907,2.08397342,0.021122039999999998,-3.4568401699999924,-0.017573266100537777,196.44606045,-0.2641099999999881,-0.001342635204859018,False
2023-03-21,220.99400509999998,217.52421128999998,220.95972222,0.00781342,0.03086054,-3.4697938099999988,-0.01570085038474195,220.9366751,-0.05732999999997901,-0.0002594188017635914,False
2023-03-22,222.2011319,218.91792243999998,222.19665118999998,0.007819669999999999,0.029768959999999997,-3.2832094600000232,-0.014775844892984648,222.17470189999997,-0.02643000000003326,-0.00011894628877015752,False
2023-03-23,222.49434467999998,218.8628373,222.26386123,0.00191531,0.02325186,-3.631507379999988,-0.016321796336994376,222.24252468,-0.25181999999998084,-0.0011318040481530357,False
2023-03-24,224.52028038999998,221.20191108,224.37691325999998,0.030592469999999997,0.061225339999999996,-3.31836930999998,-0.014779819908632977,224.34628038999998,-0.1740000000000066,-0.0007749856703268061,False
2023-03-25,214.30893923,211.0492287,214.25143651,0.0038173,0.02549458,-3.2597105300000067,-0.015210333930595541,214.22975923,-0.0791799999999796,-0.000369466622738505,False
2023-03-26,195.58914646,192.58827673,194.8711054,0.7367471699999999,0.02208611,-3.000869730000005,-0.015342721129026012,195.58576646,-0.003379999999992833,-1.7281122501774803e-05,False
2023-03-27,219.17418841999998,215.97144651,218.99552899,0.01484712,0.02620769,-3.202741909999986,-0.014612769565103274,218.98416842,-0.19001999999997565,-0.0008669816522182958,False
2023-03-28,222.35180108,218.71981766,222.17219787,0.01301736,0.02641415,-3.6319834200000116,-0.016334400721554128,222.15880108,-0.19300000000001205,-0.0008679938685568486,False
2023-03-29,221.94705646,217.44246757,221.96687948,0.008361799999999999,0.03501482,-4.504588890000008,-0.02029578117343421,221.94022646,-0.006830000000007885,-3.077310467164862e-05,False
2023-03-30,222.55056269,217.40002856,222.55822172,0.01013266,0.029481689999999998,-5.150534129999983,-0.02314320875105752,222.53887269,-0.011689999999987322,-5.252738909616154e-05,False
2023-03-31,223.01837036999999,218.20506605999998,222.99570864,0.00868002,0.03604829,-4.813304310000007,-0.021582546325733008,222.96834037000002,-0.05002999999996405,-0.00022433129574465758,False
2023-04-01,213.68633584,210.19125821,213.71604233,0.00522702,0.03493351,-3.4950776299999973,-0.016356111944457578,213.68633584,0.0,0.0,False
2023-04-02,194.23223728999997,191.18668861999998,192.74924399,1.4970025299999998,0.01400923,-3.045548669999988,-0.015679934044382178,194.23223729,2.842170943040401e-14,1.4632848710880445e-16,False
2023-04-03,218.29560497,214.76610299,218.10453601,0.18359363,0.024614669999999998,-3.529501979999992,-0.016168451859051608,218.26351497,-0.03209000000001083,-0.0001470025015135825,False
2023-04-04,221.06317758,217.31307469,220.00827705999998,0.92669347,0.01602295,-3.7501028899999937,-0.01696394185161334,220.91894757999998,-0.14423000000002162,-0.0006524379210455644,False
2023-04-05,217.49949607,213.82226247999998,216.97738242,0.52465252,0.02262887,-3.6772335900000144,-0.016906860275283278,217.47940606999998,-0.020090000000010377,-9.236803010129557e-05,False
2023-04-06,187.27283196,184.15694467,187.28456986,0.01058448,0.03287238,-3.115887289999989,-0.016638223801013048,187.26228196000002,-0.01054999999996653,-5.6334919964364765e-05,False
2023-04-07,175.97535683,172.68275513,175.94909375,0.01831633,0.03176325,-3.292601700000006,-0.018710584023311883,175.93564683,-0.03971000000001368,-0.00022565659598789903,False
2023-04-08,190.23125349999998,186.83937426,190.21815898999998,0.014677409999999998,0.0333129,-3.39187923999998,-0.017830294326478695,190.19952349999997,-0.03173000000001025,-0.0001667969874361904,False
2023-04-09,189.89260044,186.1808879,189.90029611999998,0.01484423,0.03308991,-3.7117125400000077,-0.01954637795996053,189.88205043999997,-0.010550000000023374,-5.5557720393411737e-05,False
2023-04-10,219.15557963999998,215.70732468999998,219.03185677,0.14748582999999998,0.027762959999999996,-3.448254950000006,-0.0157342786146004,219.15157964,-0.003999999999990678,-1.8251873881383047e-05,False
2023-04-11,223.03372606,219.58730789999998,223.05093211,0.0045203,0.02349635,-3.4464181600000074,-0.015452452958046625,223.03195606,-0.001769999999993388,-7.93601950369258e-06,False
2023-04-12,223.72389937999998,219.97425352,223.30821340999998,0.00566906,0.02487309,-3.749645859999987,-0.016760148872745736,223.28900937999998,-0.4348899999999958,-0.0019438692120296256,False
2023-04-13,224.44678753999997,220.78667452,223.3435418,1.11955973,0.01631399,-3.660113019999983,-0.016307264007276973,224.44678754,2.842170943040401e-14,1.266300566914499e-16,False
2023-04-14,227.98508189999998,224.29413547,227.88953536,0.0082485,0.02688196,-3.690946429999997,-0.016189420813151886,227.8709019,-0.11417999999997619,-0.0005008222426152358,False
2023-04-15,217.44693159,213.67869876,217.44764819,0.015138639999999998,0.025705239999999997,-3.768232829999988,-0.01732943666965629,217.43708159,-0.009850000000000136,-4.529840880244051e-05,False
2023-04-16,193.16816663999998,188.63029845999998,192.0016278,0.011352679999999999,0.06838384,-4.537868180000004,-0.023491801257590504,191.94459664,-1.2235699999999952,-0.006334221736857477,False
2023-04-17,214.95048531999998,211.06626913,214.69903553,0.0118122,0.04361241,-3.8842161899999894,-0.018070283415352606,214.66723532,-0.28324999999998113,-0.0013177453383196723,False
2023-04-18,221.62408745,217.95456514,221.62155625,0.01480021,0.07769901,-3.6695223099999907,-0.016557416444310736,221.55865745,-0.0654299999999921,-0.00029522964201602676,False
2023-04-19,223.48925174,220.14089177999998,223.47736903999999,0.01421369,0.01213099,-3.3483599600000105,-0.014982196834662016,223.47945173999997,-0.009800000000012687,-4.38499834945695e-05,False
2023-04-20,225.01482491,221.06454929999998,223.02596014999997,1.9667379299999999,0.00790317,-3.9502756100000056,-0.017555623775366853,224.98479490999998,-0.03003000000001066,-0.00013345787332911006,False
2023-04-21,221.01291091,217.55781166999998,219.04751025,1.89297017,0.00799951,-3.45509924000001,-0.015633019925279306,220.93248091,-0.08042999999997846,-0.0003639153914982408,False
2023-04-22,211.45757899999998,207.54182906,211.19499229,0.050690769999999996,0.012174059999999999,-3.9157499399999836,-0.018517898287296594,211.23350899999997,-0.22407000000001176,-0.0010596451593726597,False
2023-04-23,191.99235908,188.03095202999998,191.38207672,0.01904061,0.01359825,-3.9614070500000196,-0.020633149511691595,191.38751907999998,-0.6048400000000242,-0.003150333705457505,False
2023-04-24,216.84154141999997,212.87866392,213.19374209999998,3.54424254,0.010763219999999999,-3.962877499999962,-0.01827545346730529,216.72722141999998,-0.1143199999999922,-0.0005272052543592927,False
2023-04-25,220.82313392999998,216.81169744,217.03605924,3.75101469,0.0,-4.011436489999994,-0.0181658344332329,220.78707393,-0.03605999999999199,-0.00016329810812042392,False
2023-04-26,223.91696106999999,220.11509783,222.47769584999998,1.22331453,0.007949310000000001,-3.8018632399999888,-0.01697889798893558,223.69306107,-0.22389999999998622,-0.0009999242528572524,False
2023-04-27,225.97717896999998,222.26414752999997,225.89520338,0.03216969,0.021594099999999998,-3.713031440000009,-0.01643100182471496,225.90577897,-0.07139999999998281,-0.0003159611086633737,False
2023-04-28,225.12618847999997,221.40717204,223.7433907,1.3715423299999998,0.00668455,-3.7190164399999617,-0.016519697086820072,225.10824848000001,-0.017939999999953216,-7.968864093990998e-05,False
2023-04-29,215.55754306,212.10942394,215.04372257,0.51813453,0.00431404,-3.448119120000001,-0.015996281415400177,215.55754306,0.0,0.0,False
2023-04-30,190.99227412,187.26588193999999,183.88076752999999,6.84757659,0.0,-3.726392180000005,-0.019510695902069428,190.72834411999997,-0.2639300000000162,-0.0013818883576106834,False
2023-05-01,193.75687316999998,190.32043672,190.57895499999998,3.15129937,0.0023812,-3.4364364499999738,-0.01773581702562306,193.72787316999998,-0.028999999999996362,-0.00014967210982266474,False
2023-05-02,225.02259694999998,221.01953397,223.03884009,1.9572794999999998,0.012382639999999999,-4.0030629799999815,-0.017789604396439625,224.98373695,-0.03885999999997125,-0.0001726937673224256,False
2023-05-03,231.25600931,227.20461278,230.78273729,0.29179082,0.0088788,-4.051396530000005,-0.01751909730730104,231.06564931,-0.1903599999999983,-0.0008231569876518091,False
2023-05-04,233.44027302,229.12136904,232.70495653999998,0.26320419,0.014707709999999999,-4.318903980000016,-0.01850110918791632,232.95345301999998,-0.4868200000000229,-0.002085415655585335,False
2023-05-05,238.03892291,233.63521763,232.10094877999998,5.70714307,9.894e-05,-4.403705279999997,-0.018499937851193318,237.80799291,-0.23093000000000075,-0.0009701354601041988,False
2023-05-06,225.85335178999998,224.68797565,228.97042245999998,0.0,3.62160067,-1.165376139999978,-0.005159879766068528,225.34882179,-0.5045299999999884,-0.002233883163572015,False
2023-05-07,203.03868887,198.59282969999998,200.81104897,1.50708361,0.67797371,-4.445859170000006,-0.021896610910675084,201.64015887,-1.3985299999999938,-0.006887997591904436,False
2023-05-08,227.94049078999998,223.87734632,221.75076685,5.93996394,0.0,-4.0631444699999975,-0.017825461619029963,227.69073079,-0.24975999999998066,-0.0010957245864232294,False
2023-05-09,232.95485773,229.09655551999998,227.73199229,5.18358544,0.0,-3.858302210000005,-0.016562445821464114,232.91557773,-0.03927999999999088,-0.00016861635933566708,False
2023-05-10,227.63084971,224.28145537,225.14041472999997,2.49679273,0.00755775,-3.3493943400000035,-0.01471414944093521,227.62964971,-0.0012000000000114142,-5.271693188951344e-06,False
2023-05-11,230.57959628999998,226.77318531999998,224.88467065999998,5.65560563,0.0,-3.8064109700000017,-0.016508012986598684,230.54027628999998,-0.039320000000003574,-0.00017052679696147446,False
2023-05-12,233.05671911000002,229.35598424999998,227.23950598,5.72025313,0.0,-3.70073486000004,-0.0158791167838132,232.95975911,-0.09696000000002414,-0.00041603606353979506,False
2023-05-13,224.07040862,220.16423245,218.86134592,5.205078439999999,0.00122574,-3.906176170000009,-0.017432806920187643,224.06519862,-0.005210000000005266,-2.3251620024672163e-05,False
2023-05-14,199.44304008,196.02436760999998,194.67668415,4.7543883,0.00111237,-3.4186724700000184,-0.017141096869706413,199.42996008,-0.013080000000002201,-6.558263449431773e-05,False
2023-05-15,224.45535613999996,220.65819143,218.61189112,5.6767715999999995,0.00486658,-3.7971647099999757,-0.016917238132787362,224.28379614,-0.17155999999997107,-0.0007643390781593273,False
2023-05-16,226.49120961,222.85208398,225.26723012,1.6210617699999998,0.39940228,-3.6391256299999952,-0.016067403394004927,226.48888961,-0.0023199999999974352,-1.0243223143151084e-05,False
2023-05-17,224.74034522,220.88283249999998,222.59828119,2.02529089,0.008536859999999999,-3.8575127200000168,-0.01716430895495808,224.61503522,-0.1253099999999847,-0.0005575767887929416,False
2023-05-18,232.44314744999997,228.45768414999998,227.50068917,4.9255882799999995,0.0,-3.985463299999992,-0.017145970288744653,232.42627745,-0.016869999999983065,-7.25768868002956e-05,False
2023-05-19,235.18904611,231.62888119,231.77942043,3.40929947,0.00691379,-3.5601649200000054,-0.015137460604074582,235.18180611,-0.007239999999995916,-3.078374660616509e-05,False
2023-05-20,220.75907841999998,217.04892776,214.65082159,5.54476683,0.0,-3.7101506599999823,-0.016806333341097403,220.19558841999998,-0.5634900000000016,-0.002552511108639197,False
2023-05-21,193.87685309,189.52662186999999,186.22919844,7.11400465,0.0,-4.350231220000012,-0.02243811548756974,193.34320309,-0.5336499999999944,-0.0027525204349807945,False
2023-05-22,194.43991506999998,191.53520731,188.77452184999999,5.55292322,0.0,-2.9047077599999795,-0.014938845035774988,194.32744506999998,-0.11247000000000185,-0.0005784306167769704,False
2023-05-23,220.82806266999998,217.52058437,219.20104199,1.4332839299999998,0.00979325,-3.3074782999999854,-0.014977617699533957,220.62453266999998,-0.20353000000000065,-0.0009216672805944545,False
2023-05-24,224.9421798,221.84522407,219.24737503,5.699305819999999,0.00450105,-3.0969557299999906,-0.013767785716105124,224.94217980000002,2.842170943040401e-14,1.2635117813686275e-16,False
2023-05-25,224.13391253999998,220.65097877999997,217.6586485,6.474703269999999,0.006449229999999999,-3.4829337600000088,-0.015539521532148456,224.12690254,-0.007009999999979755,-3.127594535132526e-05,False
2023-05-26,222.91400706,219.82930499999998,214.49012865999998,8.3954884,0.0,-3.084702060000012,-0.013838080884570557,222.88561706,-0.02839000000000169,-0.0001273585288535062,False
2023-05-27,213.89401854,210.85632299,203.98504004,9.5804485,0.0,-3.037695549999995,-0.014201872360595818,213.56548854,-0.32853000000000065,-0.001535947579284751,False
2023-05-28,194.30254286000002,190.7269537,185.01236301999998,8.87521984,0.0,-3.575589160000021,-0.018402173782029838,193.88758285999998,-0.4149600000000362,-0.002135638545394774,False
2023-05-29,219.96424434,216.26743338,214.44776337,5.4381809699999994,0.0,-3.6968109599999934,-0.016806417657070718,219.88594433999998,-0.07830000000001291,-0.0003559669446957213,False
2023-05-30,221.88966600999998,218.4480721,218.76859062999998,3.1160553799999997,0.0,-3.4415939099999946,-0.015510383930384982,221.88464600999998,-0.005020000000001801,-2.2623856668365813e-05,False
2023-05-31,224.16086605,220.65532506999998,221.76475967,2.10603632,0.008409940000000001,-3.505540980000035,-0.015638505693576814,223.86238604999997,-0.2984800000000405,-0.0013315437491817296,False
2023-06-01,220.59397027999998,217.04130431,218.56459442,2.03244889,0.00984303,-3.5526659699999925,-0.01610500035649475,220.58720028,-0.0067699999999888405,-3.068986877291196e-05,False
2023-06-02,223.33587005,219.65367569,220.75899761,2.42106642,0.00516398,-3.682194360000011,-0.01648725016351224,223.17490005,-0.16097000000002026,-0.0007207530074053156,False
2023-06-03,218.50368906,214.82616376,217.65889804,0.7436343299999999,0.01038331,-3.6775253000000134,-0.01683049524619323,218.39214905999998,-0.11154000000001929,-0.0005104719306107046,False
2023-06-04,193.56248743,189.83637425,193.17256299,0.02307957,0.02146513,-3.7261131799999987,-0.01925018235440641,193.17417743,-0.38831000000001836,-0.002006122183878459,False
2023-06-05,218.90719134,215.64674205999998,218.53190647,0.38580501999999994,0.01431015,-3.2604492800000173,-0.014894208180378992,218.90340134,-0.003790000000009286,-1.731327315840791e-05,False
2023-06-06,225.74367493999998,222.14814724,224.37507184,1.21376036,0.00603726,-3.595527699999991,-0.015927479256974266,225.58279494,-0.16087999999996327,-0.000712666700596255,False
2023-06-07,229.46147016999998,226.05212018,224.31131206999999,5.149850669999999,0.0012925699999999998,-3.4093499899999813,-0.014858049970106585,229.45987017,-0.001599999999996271,-6.972848203277382e-06,False
2023-06-08,222.95864883000002,219.15076195999998,215.65843374,7.23947509,0.0,-3.807886870000033,-0.01707889283498235,222.89790883,-0.060740000000009786,-0.00027242719813180426,False
2023-06-09,224.09521274,220.19202353999998,220.20031215,3.77986737,0.00464678,-3.903189200000014,-0.017417548337048044,223.97553274,-0.11967999999998824,-0.0005340587089597648,False
2023-06-10,215.25151118,211.4350293,212.01955944,3.1413656899999998,0.00509395,-3.8164818799999978,-0.017730337218439026,215.15583117999998,-0.09568000000001575,-0.0004445032672500272,False
2023-06-11,194.80552848,190.56448059,189.42870363999998,5.37869938,0.0018745399999999998,-4.241047890000004,-0.021770675211794197,194.80552848,0.0,0.0,False
2023-06-12,202.33217558,198.42370795,198.36401748999998,3.9039328099999997,0.00405472,-3.9084676300000183,-0.0193170839921832,202.26389557999997,-0.06828000000004408,-0.00033746486343219737,False
2023-06-13,227.98592619999997,223.66781435,223.47967136,4.507403569999999,0.00114873,-4.31811184999998,-0.018940256190252417,227.9859262,2.842170943040401e-14,1.2466431548704963e-16,False
2023-06-14,230.78469887999998,226.27238911999999,227.28758206999998,3.30413802,0.0010212099999999998,-4.512309759999994,-0.019552031750364168,230.59069888,-0.1939999999999884,-0.0008406103218344716,False
2023-06-15,227.45094086,222.96905038,225.85419212,1.5822216199999999,0.00977288,-4.481890480000004,-0.01970486674204916,227.42664086,-0.02430000000001087,-0.00010683622546528809,False
2023-06-16,226.79245763999998,223.22609678999999,221.74361812,4.73193887,0.00095935,-3.5663608499999953,-0.015725218056682793,226.47459764,-0.3178599999999676,-0.0014015457273474415,False
2023-06-17,212.2769151,208.94499939,202.40184255,9.83769255,0.0,-3.331915710000004,-0.015696081264561415,212.2395351,-0.03737999999998465,-0.00017609074440513503,False
2023-06-18,191.61225869999998,188.43986396,184.46979996,7.136894819999999,0.00347608,-3.1723947399999872,-0.016556324535409214,191.60321869999999,-0.009039999999998827,-4.717860987251557e-05,False
2023-06-19,200.68515811,197.48617303999998,195.43847797,5.24822268,0.00154254,-3.1989850700000204,-0.01594031716210217,200.68515811,0.0,0.0,False
2023-06-20,230.73027840999998,226.80449209999998,224.05690212,6.44411237,0.0014860799999999999,-3.9257863100000066,-0.017014612633648434,230.49952840999998,-0.23075000000000045,-0.0010000854746509058,False
2023-06-21,235.65761463999996,231.72091279999998,231.46992452,4.03613133,0.005251209999999999,-3.9367018399999836,-0.016705175625297945,235.50080463999998,-0.1568099999999788,-0.0006654145262376862,False
2023-06-22,234.48054272999997,230.71927073999998,231.41936012,2.87375182,0.0043192099999999995,-3.761271989999983,-0.0160408703690652,234.28879272999998,-0.19174999999998477,-0.0008177650809209417,False
2023-06-23,231.26097166,227.05916405999997,228.21619536999998,2.6483773999999998,0.00998111,-4.2018076000000235,-0.018169116776770803,230.85459165999995,-0.40638000000004126,-0.0017572355468500813,False
2023-06-24,217.425942,213.92893600999997,212.37695576,4.79003624,0.0,-3.4970059900000194,-0.01608366489220509,217.166992,-0.2589499999999987,-0.001190980237307647,False
2023-06-25,195.52048466,192.23540461,188.36762722999998,6.94264743,0.0,-3.285080050000005,-0.01680171801799995,195.31027465999998,-0.21021000000001777,-0.0010751303136628475,False
2023-06-26,215.77470959,212.43061537999998,210.23368053,5.54113558,0.00010651999999999999,-3.3440942100000086,-0.015498082311658407,215.77470959,0.0,0.0,False
2023-06-27,223.51653605,219.43890739,218.01823502,5.50436922,0.00866819,-4.077628660000016,-0.018243073788007623,223.51393604999998,-0.0026000000000294676,-1.1632248986928892e-05,False
2023-06-28,227.66603856999998,223.90051216999998,220.23719455,7.42065323,0.00016921,-3.765526399999999,-0.016539693068196557,227.65767857,-0.008359999999981937,-3.672045269681936e-05,False
2023-06-29,231.76725899,227.69769043,223.15897632999997,8.56685266,0.0,-4.069568559999993,-0.017558858734984573,231.72582898999997,-0.04143000000001962,-0.00017875691407217786,False
2023-06-30,230.52295174999998,226.7969819,223.35636997999998,7.147351769999999,0.0,-3.7259698499999843,-0.01616311877717393,230.50372174999998,-0.019229999999993197,-8.34190255417515e-05,False
2023-07-01,217.54395127,213.17916505,206.91122101,10.43271026,0.0,-4.364786220000013,-0.02006392820631796,217.34393126999998,-0.2000200000000234,-0.0009194463869591707,False
2023-07-02,189.58290474,186.24848391999998,178.63344456,10.91103018,0.0,-3.3344208200000196,-0.017588193537666014,189.54447474,-0.03843000000000529,-0.00020270815057248654,False
2023-07-03,193.56068785,190.88553487,186.66091036,6.89977749,0.0,-2.675152980000007,-0.013820745367846176,193.56068785,0.0,0.0,False
2023-07-04,218.55840465999998,215.16389869,213.13398585,5.42625021,0.0036214,-3.394505969999983,-0.015531344929428089,218.55661466,-0.0017899999999713145,-8.190030498968571e-06,False
2023-07-05,223.62474075,220.08858218999998,219.02394241,4.48628834,0.0,-3.5361585600000183,-0.015812912954713033,223.51023074999998,-0.11451000000002409,-0.0005120631984456491,False
2023-07-06,223.12801525999998,219.45039749,220.67451555999997,2.1519778599999997,0.009248159999999998,-3.6776177699999835,-0.016482097802531154,222.81724525999996,-0.3107700000000193,-0.001392787900873382,False
2023-07-07,221.92430837999999,218.50607137,217.35347839,4.5043799899999994,0.0,-3.4182370099999844,-0.015402715614852578,221.85785837999998,-0.06645000000000323,-0.0002994264147315543,False
2023-07-08,212.38125387,208.90919846999998,212.199212,0.01845682,0.008034949999999999,-3.4720554000000163,-0.016348219707400753,212.20963387,-0.1716199999999901,-0.0008080750860668704,False
2023-07-09,195.9774186,191.41958547,185.10507062,9.95608798,0.0,-4.557833130000006,-0.023256930122662643,195.0611586,-0.9162599999999941,-0.004675334569387956,False
2023-07-10,222.86464937,218.97759284999998,217.69560706,4.48743343,0.00167112,-3.887056520000016,-0.017441332804408665,222.18136937,-0.6832799999999963,-0.003065896731184202,False
2023-07-11,226.38541905,222.76602957,221.28481359999998,4.97245298,0.00091753,-3.6193894799999953,-0.015987732315925384,226.25634904999995,-0.12907000000004132,-0.0005701338917571128,False
2023-07-12,224.54958097999997,221.29091266999998,221.37012746,3.10010602,0.0045725,-3.2586683099999902,-0.014512021335235674,224.46566098,-0.08391999999997779,-0.00037372592562286865,False
2023-07-13,230.29793866999998,226.77936454,226.56079086,3.7261761499999997,0.03658834,-3.5185741299999904,-0.015278357028813222,230.25037866999998,-0.047560000000004266,-0.00020651509203542743,False
2023-07-14,230.00580958999998,226.79974059999998,229.03099527,1.01862739,0.043813069999999996,-3.2060689900000057,-0.013939078302913426,230.00580959,2.842170943040401e-14,1.235695284439446e-16,False
2023-07-15,218.70885927,215.05250497999998,214.54944297999998,4.113572339999999,0.0019260499999999997,-3.6563542900000243,-0.016717906637180112,218.66108926999996,-0.0477700000000425,-0.00021841822118906295,False
2023-07-16,196.34067616999997,193.07481123,191.04355199,5.23371418,0.0,-3.2658649399999717,-0.016633664524880465,196.27726617,-0.06340999999997621,-0.00032295905890164696,False
2023-07-17,222.96668408,219.45614206,217.2041595,5.66232458,0.0,-3.5105420200000026,-0.015744693134246132,222.86648408,-0.10020000000000095,-0.0004493944932331209,False
2023-07-18,227.84994696,224.80986647,223.4602865,4.40148474,0.01182428,-3.0400804900000082,-0.013342467402609082,227.84994695999998,-2.842170943040401e-14,-1.2473871427055261e-16,False
2023-07-19,229.92193663999998,226.15206332999998,222.80134331,7.01180333,0.0,-3.7698733100000084,-0.01639631852920012,229.81314663999999,-0.10878999999999905,-0.0004731605935032501,False
2023-07-20,214.79757053,211.14800599999998,208.94459849999998,5.775032029999999,0.0,-3.6495645300000206,-0.016990716054166445,214.71963053,-0.07794000000001233,-0.0003628532660201887,False
2023-07-21,231.67422498,227.1792141,224.36249139,7.258643589999999,0.0,-4.495010879999995,-0.019402291646332438,231.62113498,-0.05308999999999742,-0.00022915799116013263,False
2023-07-22,218.23280187,214.52967553,214.75110888999998,3.44285714,0.0067341599999999995,-3.7031263400000114,-0.01696869722731206,218.18723186999998,-0.04557000000002631,-0.00020881370540791616,False
2023-07-23,200.63386083999998,195.17216940999998,194.10432167,5.33616917,0.0,-5.461691430000002,-0.027222181774967442,199.44049084,-1.1933699999999874,-0.00594799898184518,False
2023-07-24,229.18752684999998,224.94200585,220.79783634,8.38969051,0.0,-4.2455209999999965,-0.01852422362748663,229.18752685,2.842170943040401e-14,1.240107165561659e-16,False
2023-07-25,233.1657773,228.66067626,224.96188239,8.18072491,0.0,-4.50510104,-0.019321450566922454,233.1426073,-0.02316999999999325,-9.937135830264594e-05,False
2023-07-26,230.77191838,226.73935996,224.03538747,6.43027091,0.0,-4.032558419999987,-0.017474216309801546,230.46565837999998,-0.30626000000000886,-0.001327111210713717,False
2023-07-27,229.48480347999998,225.49666378,222.45036194,7.02311396,0.00193242,-3.9881396999999765,-0.01737866577447491,229.47154347999998,-0.013260000000002492,-5.778160383137581e-05,False
2023-07-28,232.29863023,228.46836890999998,226.64853718999998,5.64528304,0.0,-3.8302613200000053,-0.016488523054172317,232.29382023,-0.004809999999991987,-2.0706105736523644e-05,False
2023-07-29,224.26674404,220.47930286,218.84587731,5.1107277799999995,0.00063105,-3.787441180000002,-0.01688810882867447,223.95597403999997,-0.3107700000000193,-0.0013857159309567124,False
2023-07-30,204.8554034,200.35015826,198.35293889,5.98098451,0.0,-4.5052451399999995,-0.02199231782626242,204.3339234,-0.5214799999999968,-0.002545600415439161,False
2023-07-31,225.76691008999998,221.85084104999999,218.97183764,6.73189245,0.0,-3.9160690399999964,-0.017345628898579026,225.70373009,-0.06317999999998847,-0.00027984614740398544,False
2023-08-01,229.45278065,225.40328971999998,220.72587517999997,8.19177547,0.0,-4.049490930000019,-0.017648471805521433,228.91765064999998,-0.5351300000000094,-0.0023322009804547968,False
2023-08-02,232.34853981,228.64092566,224.01913284,8.14146697,0.0,-3.707614150000012,-0.015957122661635254,232.16059981,-0.18793999999999755,-0.0008088710183144815,False
2023-08-03,236.29384211,231.88326329999998,229.97258004999998,6.25084206,0.0,-4.4105788100000325,-0.018665652776286953,236.22342210999997,-0.07042000000004123,-0.0002980187692206518,False
2023-08-04,237.65320761,233.27737911,236.53742828,1.0664120099999999,0.009022679999999998,-4.3758285000000114,-0.018412663325718497,237.59481761,-0.05839000000000283,-0.00024569413805608525,False
2023-08-05,225.70737175999997,221.29069908,223.09835546999997,2.17235616,0.00133987,-4.4166726799999765,-0.019568136590134635,225.26937175999996,-0.4380000000000166,-0.0019405657714438873,False
2023-08-06,204.56130793999998,200.45375135,201.55724634999999,2.44191402,0.0007424299999999999,-4.107556589999973,-0.020079831476267074,203.99841794,-0.5628899999999817,-0.0027516933953369294,False
2023-08-07,207.13951138999997,203.65425856,206.14074363999998,1.0910776,0.37318985,-3.485252829999979,-0.01682563025572646,206.85863139,-0.2808799999999678,-0.0013559943156915635,False
2023-08-08,233.39632013999997,230.36252944,234.21167155999998,0.00639555,0.9202669699999999,-3.033790699999969,-0.012998451295976671,233.29780014,-0.09851999999997929,-0.0004221146243474758,False
2023-08-09,235.56596322,231.42133662999998,235.23158512,0.31600531,0.08802721,-4.144626590000001,-0.017594335503084747,235.45956322,-0.1063999999999794,-0.0004516781564941545,False
2023-08-10,233.98541415999998,229.34834683,232.46803039999998,1.3392148,0.21547103999999997,-4.637067329999979,-0.019817762344917524,233.59177415999997,-0.3936400000000049,-0.0016823270861269694,False
2023-08-11,237.48478013,233.15348778999999,236.0310753,1.44609465,0.00348982,-4.3312923400000045,-0.01823818914891742,237.47368013,-0.011099999999999,-4.673983736525272e-05,False
2023-08-12,227.0750019,222.70150364999998,225.66131253,1.41247283,0.00448346,-4.3734982500000115,-0.019260148468152504,227.06930190000003,-0.005699999999961847,-2.510183838937952e-05,False
2023-08-13,205.21435794999996,201.1577207,203.40212619,1.8056481699999998,0.00240641,-4.056637249999966,-0.019767804214695137,205.20536795,-0.008989999999954534,-4.380785092115693e-05,False
2023-08-14,228.22765959,224.43131164,227.07212407999998,1.16036948,0.00483397,-3.796347950000012,-0.016634039698868962,228.22765958999997,-2.842170943040401e-14,-1.2453227396478691e-16,False
2023-08-15,229.75193319999997,227.66628895999997,230.39057153,0.9491925999999999,1.77892093,-2.0856442399999935,-0.009077809317862983,229.5608432,-0.19108999999997422,-0.0008317231430371888,False
2023-08-16,230.12198231999997,227.25720067999998,228.62159795,1.6816645,0.20487012999999996,-2.8647816399999897,-0.012448969938110127,230.09839232000002,-0.023589999999956035,-0.00010251084995066906,False
2023-08-17,233.44054743,229.98056513999998,231.95877015,1.69038853,0.22094124999999998,-3.4599822900000277,-0.014821685127505733,233.42821743,-0.012330000000019936,-5.2818587583706884e-05,False
2023-08-18,235.09557098,231.63483802999997,234.45243025,0.6480009099999999,0.0048601799999999995,-3.460732950000022,-0.01472053656976138,235.09557098,0.0,0.0,False
2023-08-19,227.60534138999998,223.87769144,227.58117101,0.00760526,0.00452488,-3.7276499499999716,-0.016377690994574125,227.58425139,-0.02108999999998673,-9.266039132117369e-05,False
2023-08-20,201.56256817,197.51730563,201.16974528,0.01039886,0.0033559700000000002,-4.045262539999982,-0.02006951279062968,201.17678817,-0.3857799999999827,-0.0019139466395100293,False
2023-08-21,202.40821652,199.36196970999998,202.28662346,0.00874109,0.10620803,-3.0462468100000137,-0.015050015569397666,202.18915651999998,-0.21906000000001313,-0.001082268317790191,False
2023-08-22,219.18162568,215.44088127999999,218.53280672999998,0.21462012,0.00414117,-3.740744400000011,-0.017066870402090227,218.74328567999999,-0.43834000000001083,-0.0019998939173851045,False
2023-08-23,224.7262244,221.45654629999999,224.31821265,0.005492169999999999,0.00601042,-3.2696781000000215,-0.01454960634313946,224.3176944,-0.40853000000001316,-0.0018179008751237364,False
2023-08-24,228.53149171,225.44727813999998,228.52281567999998,0.00706151,0.00578548,-3.0842135700000313,-0.013495792404461311,228.52409171,-0.007400000000018281,-3.2380657670622793e-05,False
2023-08-25,233.26869187,229.93976204,232.99141723,0.00691705,0.04622241,-3.3289298299999928,-0.014270795636197918,232.95211186999998,-0.31658000000001607,-0.0013571474056897667,False
2023-08-26,222.89956515999998,219.40444064,222.38197657,0.03374670999999999,0.01073812,-3.4951245199999903,-0.015680266210888066,222.40498516,-0.4945799999999849,-0.0022188468588755185,False
2023-08-27,201.76144094999998,198.76582283,200.98215904,0.11716104999999999,0.00377914,-2.995618119999989,-0.014847327149801411,201.09554095,-0.6658999999999935,-0.0033004324159491664,False
2023-08-28,230.86232161,230.12341475,233.22605718999998,0.00162098,2.3870065599999997,-0.7389068600000144,-0.003200638609397091,230.84067161,-0.021650000000022374,-9.3778836880087e-05,False
2023-08-29,236.73948244,236.76445671,240.01808759,0.0025347,3.3007998499999998,0.024974270000001297,0.00010549262734968957,236.71982244,-0.019659999999987576,-8.304487192992944e-05,False
2023-08-30,240.83315641999997,241.74874555,244.9882083,0.0008344699999999999,4.19157635,0.9155891300000292,0.003801756965736443,240.79746642,-0.03568999999995981,-0.00014819388048761188,False
2023-08-31,239.50016344999997,242.69043064,245.80082699,0.00272721,6.3493907499999995,3.1902671900000144,0.013320521973948635,239.45416344999998,-0.04599999999999227,-0.00019206667476699075,False
2023-09-01,240.23836622999997,242.01406871,244.53612235,0.00136846,4.36180458,1.7757024800000352,0.007391419230265698,240.17568623,-0.06267999999997187,-0.00026090753522675533,False
2023-09-02,225.27461308,231.7890038,234.91575688999998,0.0,9.65914381,6.514390719999994,0.028917553695615893,225.25661308,-0.018000000000000682,-7.990247881863406e-05,False
2023-09-03,200.77334875,199.53274484,201.57402700999998,0.01510301,1.75496127,-1.2406039100000044,-0.0061791264514135585,199.83416874999998,-0.9391800000000217,-0.00467781209930146,False
2023-09-04,225.64764200999997,226.54297997,229.14768630999998,0.0049561299999999996,3.6587804299999998,0.8953379600000346,0.003967858702287508,225.49386201,-0.15377999999998337,-0.0006815050165388758,False
2023-09-05,235.29298495999998,238.18636948,240.84301624,0.005401399999999999,5.6205726799999995,2.893384520000012,0.012296943406501856,235.22784496,-0.06513999999998532,-0.00027684633271603563,False
2023-09-06,239.51818469,242.8698021,245.46514373,0.00962848,5.99140752,3.3516174099999887,0.01399316471247421,239.48336469,-0.0348199999999963,-0.0001453751832874928,False
2023-09-07,239.59829256,244.90045229,248.32628660999998,0.0,8.97685405,5.30215973,0.022129371930612724,239.34943255999997,-0.24886000000003605,-0.0010386551479189558,False
2023-09-08,239.59255272999997,245.3419604,249.25757688,0.0,9.67410415,5.749407670000039,0.0239966042537187,239.58347272999998,-0.009079999999983102,-3.789767209590807e-05,False
2023-09-09,225.36756444999997,231.24536490999998,234.41236726999998,0.0,9.37635282,5.877800460000003,0.026080951242227455,225.03601444999998,-0.3315499999999929,-0.0014711522521403055,False
2023-09-10,199.33371194,201.39838048,204.36175232999997,0.0,5.53753039,2.0646685399999853,0.010357849256434137,198.82422193999997,-0.509490000000028,-0.0025559650449562986,False
2023-09-11,230.01969325999997,233.88769943,236.84340876,0.0022872199999999995,6.82600272,3.8680061700000294,0.01681597829811848,230.01969326,2.842170943040401e-14,1.2356206995840948e-16,False
2023-09-12,237.48778481,241.28527001999998,244.61812794999997,0.00359883,7.24840197,3.7974852099999907,0.01599023382629189,237.37332480999996,-0.11446000000003664,-0.0004819616305386374,False
2023-09-13,236.89980021999997,243.68186411,246.62178551999997,0.0,9.9950753,6.782063890000018,0.028628406962360325,236.62671021999998,-0.2730899999999963,-0.0011527658518343529,False
2023-09-14,237.60514436,244.56843655999998,247.62856946999997,0.0,10.16988511,6.963292199999984,0.029306150835900126,237.45868435999998,-0.1464600000000189,-0.0006164007955068288,False
2023-09-15,233.91637285,238.26014884999998,241.05803932999999,0.0,7.45990648,4.343775999999991,0.018569781786012297,233.59813284999998,-0.31824000000000296,-0.0013604862118996514,False
2023-09-16,221.96458318,223.27339082999998,226.30335628,0.00199296,4.41121606,1.3088076499999772,0.00589647064972799,221.89413318,-0.0704499999999939,-0.0003173929777024976,False
2023-09-17,202.6381488,205.06136336,207.65188769999997,0.0026209299999999996,5.535469829999999,2.423214559999991,0.01195833348434138,202.11903879999997,-0.5191100000000404,-0.002561758499444209,False
2023-09-18,226.64559333,232.67139656999998,235.90542041999998,0.0,9.26335709,6.025803239999988,0.026586897858747738,226.64206332999998,-0.0035300000000120235,-1.5574977426859922e-05,False
2023-09-19,233.32736153,240.18719184,243.26887508,0.0,10.19098355,6.859830310000007,0.02940002520500797,233.07789153,-0.2494700000000023,-0.0010691845069697357,False
2023-09-20,236.48158565,240.366191,243.63621708,0.0,7.8970014299999995,3.884605349999987,0.016426671613024964,235.73921565,-0.742369999999994,-0.0031392296273703288,False
2023-09-21,239.48060608999998,245.98858034999998,249.29673248999998,0.0,10.0968164,6.5079742599999975,0.027175370758641786,239.19991609,-0.2806899999999928,-0.001172078209516915,False
2023-09-22,240.30736678999997,246.93741240999998,250.43913122,0.0,10.258584429999999,6.630045620000004,0.02758985589398878,240.18054679,-0.12681999999998084,-0.0005277407916953558,False
2023-09-23,224.30880828,230.52640702,233.43277339999997,0.0,9.16477512,6.21759874,0.02771892369130106,224.26799827999997,-0.04081000000002177,-0.00018193668056530133,False
2023-09-24,204.28068833999998,210.48274533999998,212.91562517999998,0.0,8.96634684,6.202056999999996,0.03036046652475264,203.94927833999998,-0.3314100000000053,-0.0016223266266286232,False
2023-09-25,233.46329532,240.91407436999998,244.07663082,0.0,10.623545499999999,7.450779049999994,0.03191413468137452,233.45308531999999,-0.010210000000000719,-4.3732784573293324e-05,False
2023-09-26,236.70594223999998,243.95475363,247.13926994,0.0,10.6329677,7.248811390000014,0.030623698422620617,236.50630224,-0.19963999999998805,-0.0008434093293592513,False
2023-09-27,238.99938919999997,245.99162199,249.63402105999998,0.0,10.66911186,6.992232790000031,0.029256278911025904,238.9649092,-0.03447999999997364,-0.00014426815112535712,False
2023-09-28,235.95385661,242.12761074,245.8858359,0.0,9.94547929,6.173754129999992,0.026165090999993177,235.94035660999998,-0.013500000000021828,-5.721457658704648e-05,False
2023-09-29,236.28179298999999,241.00719001,244.57322123999998,0.0,8.64352825,4.725397020000003,0.019998989173914017,235.92969298999998,-0.3521000000000072,-0.0014901698329964378,False
2023-09-30,228.93132849999998,235.36864072,238.90991601,0.0,10.07028751,6.437312220000024,0.028118965902039154,228.8396285,-0.09169999999997458,-0.00040055679841116454,False
2023-10-01,206.46949815,213.7134602,216.75776165,0.0,10.775513499999999,7.243962049999993,0.03508490171626832,205.98224815,-0.48724999999998886,-0.0023599127443318622,False
2023-10-02,233.19244916999997,237.75908625,241.08486054,0.0,7.89560137,4.566637080000021,0.019583125852719572,233.18925916999999,-0.003189999999989368,-1.3679688220366952e-05,False
2023-10-03,233.64745574999998,236.44372123,239.64985205,0.0,6.3196863,2.7962654800000166,0.011967883283916379,233.33016575,-0.31728999999998564,-0.0013579861119458634,False
2023-10-04,228.13453503999997,233.04507812,236.09991189,0.0,8.156336849999999,4.910543080000025,0.021524768615760147,227.94357503999998,-0.1909599999999898,-0.0008370499449656222,False
2023-10-05,231.40134465,237.09451765,240.23322663,0.0,9.075821979999999,5.693173000000002,0.0246030247084824,231.15740465,-0.24394000000000915,-0.0010541857497369956,False
2023-10-06,231.04558178999997,234.33781944999998,237.82175103999998,0.0,7.26058925,3.292237660000012,0.014249299356835853,230.56116178999997,-0.4844200000000001,-0.0020966425596499615,False
2023-10-07,222.00843208,224.97943207,228.00639490999998,0.0,6.2281428299999995,2.9709999899999957,0.013382374543906539,221.77825208,-0.23018000000001848,-0.0010368074664707954,False
2023-10-08,198.24581015,201.02611283,203.61202624999999,0.0,6.1746861,2.780302679999977,0.014024521768688573,197.43734014999998,-0.8084700000000282,-0.004078118974561481,False
2023-10-09,226.21416443,229.96653107999998,232.48207863,0.0,6.2880442,3.7523666499999706,0.016587673276140528,226.19403443,-0.020130000000023074,-8.898647019184392e-05,False
2023-10-10,232.53713608,235.28982441,237.89778521,0.0,5.3859191299999996,2.752688329999984,0.011837628932752373,232.51186608,-0.02527000000000612,-0.00010867081458899732,False
2023-10-11,233.08257311,235.30085115999998,238.35839009999998,0.0,5.32267699,2.218278049999981,0.009517133865486787,233.03571311,-0.04686000000000945,-0.0002010446314143552,False
2023-10-12,237.42116244999997,240.74762431,243.74264054,0.0,6.3566180899999996,3.3264618600000233,0.014010806053148544,237.38602244999998,-0.035139999999984184,-0.00014800702531049455,False
2023-10-13,235.88045744,239.10452032999999,242.08496463999998,0.0,6.2415072,3.224062889999999,0.013668206874747527,235.84345743999998,-0.03700000000000614,-0.00015685911584861873,False
2023-10-14,220.53989344,223.3753253,226.62586241999998,0.0,6.17330898,2.83543186,0.012856775324285747,220.45255343999997,-0.08734000000001174,-0.00039602812279300134,False
2023-10-15,199.06765692,199.93874510999999,202.7305472,0.00032942999999999997,3.91646971,0.8710881899999947,0.0043758398701104016,198.81440691999998,-0.2532500000000084,-0.0012721805436318712,False
2023-10-16,199.68748316999998,201.3899826,204.29556692,0.0,4.69842375,1.7024994300000174,0.008525819460354599,199.59714317,-0.09033999999996922,-0.0004524069238884645,False
2023-10-17,228.31152090999998,230.66745935,233.46890075,0.0,5.27749984,2.355938440000017,0.010318964328255357,228.19140091,-0.1201199999999858,-0.0005261232526559047,False
2023-10-18,233.62555666999998,237.22090183999998,240.0565556,0.0,6.574698929999999,3.5953451700000016,0.015389348756388357,233.48185666999998,-0.1436999999999955,-0.0006150868169057984,False
2023-10-19,237.38463344,242.23459354,245.33031323,0.0,9.12829979,4.849960100000004,0.020430808977472643,236.20201344,-1.1826199999999858,-0.004981872595805146,False
2023-10-20,231.04493157,232.44740481,235.12362796999997,0.0,4.4128964,1.4024732400000062,0.006070132032197802,230.71073156999998,-0.3342000000000098,-0.0014464718950078193,False
2023-10-21,218.76755612,220.39882662,222.9721779,0.0,4.3137317799999995,1.6312704999999994,0.007456638127388519,218.65844611999998,-0.10911000000001536,-0.0004987485435919279,False
2023-10-22,198.55466805,200.59338587,202.74390474,0.0,5.03818669,2.038717819999988,0.010267790931445633,197.70571805,-0.8489500000000021,-0.004275648658062371,False
2023-10-23,229.22098952,229.32999052,232.15733616999998,0.00784229,3.01730894,0.10900100000000634,0.00047552800565192475,229.14786952,-0.07311999999998875,-0.0003189934750439112,False
2023-10-24,230.11134353,228.3639596,231.353403,0.01471494,1.32738441,-1.7473839300000122,-0.0075936453335782765,230.04073352999998,-0.07061000000001627,-0.0003068514525048207,False
2023-10-25,226.70466029,226.48627777,229.95989587,0.00740976,3.77934534,-0.2183825200000058,-0.0009632908283431468,226.18796029,-0.516699999999986,-0.002279176790362513,False
2023-10-26,222.32065419999998,221.54129838999998,224.78606238999998,0.008516349999999999,2.5640345399999998,-0.7793558099999984,-0.0035055483837272664,222.2305442,-0.09010999999998148,-0.00040531546798579677,False
2023-10-27,221.22609956,222.63194177999998,226.44583251999998,0.006157559999999999,5.232290519999999,1.4058422199999825,0.006354775601956929,221.21969955999998,-0.006400000000013506,-2.8929678788997162e-05,False
2023-10-28,210.93538800999997,215.84481096,220.04140797999997,0.0,9.24171997,4.909422950000021,0.023274534426472225,210.79968800999998,-0.13569999999998572,-0.0006433249597433717,False
2023-10-29,189.53411324,195.33016906,198.89025442,0.0,9.35775118,5.796055819999992,0.03058054152320676,189.53250323999998,-0.001610000000027867,-8.494513058919287e-06,False
2023-10-30,220.84153437999998,225.67286758999998,229.69046566999998,0.0,8.85491129,4.831333209999997,0.021876922851327262,220.83555438,-0.005979999999993879,-2.707823968341095e-05,False
2023-10-31,222.30716148,225.45421991999999,229.60210132,0.0,7.30459984,3.147058439999995,0.014156352044840094,222.29750148,-0.009659999999996671,-4.345339095549443e-05,False
2023-11-01,220.48217753,224.80515327999998,229.63647453,0.0,9.461217,4.3229757499999835,0.019606916978184216,220.17525752999998,-0.3069200000000194,-0.0013920399527905525,False
2023-11-02,219.96103958,224.04628717,228.53424926,0.0,8.57534968,4.0852475899999945,0.018572596300692544,219.95889958,-0.002139999999997144,-9.7289956625197e-06,False
2023-11-03,222.62173205,227.04094812,231.68263876999998,0.0,9.10209672,4.4192160700000045,0.019850784688924553,222.58054205,-0.04119000000000028,-0.0001850223678555747,False
2023-11-04,215.23464503999998,217.61347325999998,221.65467432,0.0,6.42002928,2.3788282200000026,0.011052255177403771,215.23464504,2.842170943040401e-14,1.320498817702978e-16,False
2023-11-05,197.32419752,199.39277733,203.10892764,0.0,5.827090119999999,2.0685798099999886,0.010483153287828907,197.28183751999998,-0.042360000000030595,-0.0002146721006973164,False
2023-11-06,200.60597033,203.99881483000001,207.80331633,0.0,7.3387459999999995,3.392844500000024,0.01691297868362911,200.46457033000002,-0.141399999999976,-0.0007048643655389257,False
2023-11-07,224.63891775,228.71842998999998,232.71693241999998,0.0,8.53714467,4.0795122399999855,0.01816030935717053,224.17978774999997,-0.459130000000016,-0.0020438577811836703,False
2023-11-08,232.92999734,236.23295973,239.73800971999998,0.0,7.134632379999999,3.3029623900000047,0.014180064516030466,232.60337733999998,-0.3266200000000197,-0.0014022238600864428,False
2023-11-09,237.71772203,240.10962694,243.85515826,0.0,6.185986229999999,2.391904909999994,0.010061954529827334,237.66917203,-0.048550000000005866,-0.00020423382651243332,False
2023-11-10,235.36660518,237.6221601,241.17981827,0.0,6.09537309,2.2555549200000087,0.009583156107787852,235.08444518,-0.28216000000000463,-0.0011988106799782352,False
2023-11-11,225.26459734,225.17686634,228.52507967,0.00965284,3.3995351699999996,-0.0877309999999909,-0.00038945755807147684,225.13519734,-0.12940000000000396,-0.0005744355816582038,False
2023-11-12,203.27680062,205.84606345,208.95726313,0.0,5.71171251,2.5692628300000138,0.012639232918678814,203.24555062,-0.03125,-0.00015373126645385315,False
2023-11-13,208.38704643,209.81301842,212.82001080999999,0.00019973,4.9321641099999995,1.4259719899999936,0.006842901295589871,207.88804642999997,-0.49900000000002365,-0.0023945826218504636,False
2023-11-14,233.24172174999998,237.37202915999998,241.07456739,0.0,8.135815639999999,4.13030741,0.017708270111412863,232.93875175,-0.30296999999998775,-0.0012989528534038434,False
2023-11-15,230.76053736999998,233.13053992,236.10905795999997,0.0,5.528520589999999,2.3700025500000095,0.01027039795023515,230.58053736999997,-0.18000000000000682,-0.0007800293847963959,False
2023-11-16,233.44922719,232.96262578,236.35167159999997,0.00948921,2.9504336199999996,-0.4866014099999916,-0.0020843993182464286,233.41072718999996,-0.03850000000002751,-0.0001649180871723044,False
2023-11-17,235.87621012999998,237.08460416,241.2297156,0.0,5.43986547,1.2083940300000222,0.005123000871236791,235.78985013,-0.0863599999999849,-0.0003661242477670332,False
2023-11-18,219.63656891999997,220.61362642,224.51378637,0.0,5.001527449999999,0.9770575000000292,0.004448519227942915,219.51225892,-0.12430999999997994,-0.0005659804312698874,False
2023-11-19,196.97523649000001,197.34217042,200.92556803999997,0.0,5.32303155,0.36693392999998764,0.0018628429468524387,195.60253648999998,-1.3727000000000373,-0.006968896316414506,False
2023-11-20,224.71238673,227.5621178,231.78756084999998,0.0,7.497954119999999,2.8497310700000185,0.012681682178134989,224.28960672999997,-0.42278000000001725,-0.0018814272152607352,False
2023-11-21,230.48249052999998,232.96976537,237.27133791,0.0,7.25985738,2.487274840000026,0.010791599979158843,230.01148053,-0.4710099999999784,-0.002043582568536463,False
2023-11-22,231.10513361,232.67227981,236.78190216,0.0,6.17975855,1.5671461999999963,0.006781096445242207,230.60214360999998,-0.5029900000000112,-0.0021764553307103457,False
2023-11-23,233.52070350999998,237.04788925,240.87709485999997,0.0,7.60344135,3.5271857400000215,0.01510438126891382,233.27365350999997,-0.24705000000000155,-0.0010579361756223136,False
2023-11-24,233.30603602,233.59962073,237.63724079999997,0.0,4.59726478,0.29358471000000463,0.0012583674002109285,233.03997601999998,-0.2660600000000102,-0.0011403905554213882,False
2023-11-25,219.13649091999997,215.14980792,218.77195177,0.01089618,0.01538703,-3.986682999999971,-0.018192693436235533,218.76746092,-0.3690299999999809,-0.001684018934731881,False
2023-11-26,201.70357246999998,198.05973325,201.46577588,0.00365887,0.70130228,-3.6438392199999896,-0.0180653182062105,200.76813247,-0.9354399999999714,-0.004637696737568207,False
2023-11-27,229.60097593,231.52953842,235.58429439999998,0.0,6.04411847,1.9285624899999902,0.008399626709722541,229.54017592999998,-0.06080000000002883,-0.00026480723678877277,False
2023-11-28,233.82006772999998,235.62632306999998,239.37391115,0.0,5.68679342,1.806255340000007,0.007724979970862688,233.68711773,-0.13294999999996548,-0.0005685996129018635,False
2023-11-29,233.52259155000002,235.06443689999998,238.41052496,0.00183446,5.19638787,1.54184534999996,0.006602553268041445,233.21597155,-0.30662000000000944,-0.0013130207144620455,False
2023-11-30,233.99683176,237.81598669,240.93281383,0.0,7.1288820699999995,3.8191549299999963,0.01632139589786041,233.80393175999998,-0.19290000000000873,-0.0008243701359078979,False
2023-12-01,231.98506747,234.44214134999999,237.64593707,0.0,5.6678796,2.457073879999996,0.010591517405825018,231.97805747,-0.007009999999979755,-3.0217462168707383e-05,False
2023-12-02,220.74705371,221.76888306,225.11251683,0.00405104,4.56343416,1.0218293500000186,0.004628960309216254,220.55313371,-0.19391999999999143,-0.0008784715208690766,False
2023-12-03,202.89066668,204.51990347999998,207.63604403,0.0,4.93914735,1.6292367999999726,0.00803012196992586,202.69689667999998,-0.19377000000002909,-0.0009550463960259144,False
2023-12-04,232.22493953999998,234.00308317999998,237.68380600999998,0.0,6.590976469999999,1.7781436399999961,0.00765698827835723,231.09282954,-1.132109999999983,-0.004875057787688565,False
2023-12-05,237.2082423,240.90629651,244.15848029,0.0,7.00817799,3.6980542100000093,0.0155899060426536,237.1503023,-0.0579400000000021,-0.000244257954269248,False
2023-12-06,235.67376693999998,242.21707644999998,245.51315863,0.0,9.83939169,6.54330951,0.027764267508253716,235.67376694,2.842170943040401e-14,1.2059767957814275e-16,False
2023-12-07,229.77132734,235.90665663,239.01044861,0.0,9.298791269999999,6.135329289999987,0.026701892533881496,229.71165734,-0.059670000000011214,-0.00025969297688616994,False
2023-12-08,211.23999402,217.41262196999998,221.1513267,0.0,9.91133268,6.1726279499999634,0.029220924657929807,211.23999402,0.0,0.0,False
2023-12-09,220.54114431999997,226.20531669,229.94913644999997,0.0,9.40799213,5.664172370000017,0.025683064207653865,220.54114431999997,0.0,0.0,False
2023-12-10,207.7386695,207.53086001,210.59135393,0.0038564299999999997,3.1535508599999997,-0.20780948999998827,-0.0010003409114930732,207.44165950000001,-0.2970099999999718,-0.0014297289990103253,False
2023-12-11,233.52073072999997,236.45121464,239.29243080999998,0.0,5.85977008,2.930483910000021,0.012549138146489823,233.43266072999998,-0.08806999999998766,-0.0003771399640823129,False
2023-12-12,238.30952087,241.03330850999998,244.06064218,0.0,5.751121309999999,2.7237876399999834,0.011429621569697311,238.30952087,0.0,0.0,False
2023-12-13,237.10925469,240.69117803999998,243.39890341,0.0,6.5296387199999995,3.5819233499999825,0.01510663662067109,236.86926469,-0.23999000000000592,-0.001012149442727456,False
2023-12-14,237.1502085,241.25651184999998,244.07290369999998,0.0,7.0900652,4.10630334999999,0.017315200252079856,236.98283849999999,-0.16737000000000535,-0.0007057552302341971,False
2023-12-15,233.56837922,235.62267351,238.62421916999998,0.0,5.11392995,2.0542942900000014,0.008795258574214126,233.51028921999998,-0.05809000000002129,-0.0002487066108606501,False
2023-12-16,220.49373771999998,223.74606064999998,227.07509342999998,0.0,6.63386571,3.252322929999991,0.014750182765417322,220.44122771999997,-0.05251000000001227,-0.00023814735304044567,False
2023-12-17,202.53313372999997,203.16056776,205.9818364,0.013266769999999997,3.91906944,0.6274340300000176,0.003097932760159923,202.07603373,-0.45709999999996853,-0.002256914666660595,False
2023-12-18,228.42829591999998,225.98053127999998,228.39568961999998,0.02413742,0.46179111999999994,-2.4477646400000026,-0.010715680516468316,227.95803592,-0.4702599999999961,-0.0020586766543348478,False
2023-12-19,230.54553259,227.80913144,230.56256527999997,0.013240809999999999,0.7356935,-2.736401150000006,-0.011869243872386788,229.84011259,-0.7054200000000037,-0.0030597860304433485,False
2023-12-20,230.53217779,229.86685226,232.48686153,0.00594675,1.96063049,-0.6653255299999898,-0.0028860419242907544,230.53217779,0.0,0.0,False
2023-12-21,229.0303158,228.84834096,231.56825034,0.00317354,3.27233808,-0.1819748400000094,-0.0007945447717887196,228.2990858,-0.7312300000000107,-0.003192721441464347,False
2023-12-22,228.9167739,228.90385098,232.02006579,0.00545509,3.10874698,-0.012922920000022486,-5.6452481746347405e-05,228.91677389999998,-2.842170943040401e-14,-1.2415739111726144e-16,False
2023-12-23,216.04192749,214.86835311,217.69893444999997,0.00506359,1.6664705499999999,-1.1735743800000193,-0.005432160292378158,216.03752748999995,-0.0044000000000608,-2.036641707089224e-05,False
2023-12-24,198.77667983999999,198.98402109999998,201.99798964,0.0,3.2213098,0.20734125999999264,0.0010430864433739737,198.77667983999999,0.0,0.0,False
2023-12-25,188.36679083,186.60454192999998,189.0877879,0.00541745,0.7284445199999999,-1.7622489000000314,-0.009355411812427442,188.36476083,-0.002030000000019072,-1.0776846550680665e-05,False
2023-12-26,217.92933641999997,220.23518904,223.26079357999998,0.0018044399999999998,5.3564815999999995,2.3058526200000244,0.010580735287314031,217.90611642,-0.0232199999999807,-0.00010654829855137272,False
2023-12-27,222.29675140999998,220.00245275999998,222.76057466999998,0.00557178,0.90052504,-2.2942986500000018,-0.010320882493547736,221.86562141,-0.431129999999996,-0.00193943454983212,False
2023-12-28,221.20949775,218.5319937,221.19560762999998,0.01507768,0.00278756,-2.6775040500000102,-0.012103928977886801,221.20789774999997,-0.0016000000000246928,-7.2329624916599806e-06,False
2023-12-29,216.28443119999997,214.18220065999998,216.7466292,0.01266588,0.51958388,-2.1022305399999937,-0.009719749721865296,216.2397112,-0.044719999999983884,-0.00020676476689452945,False
2023-12-30,204.55702434,201.46550546999998,204.52417308,0.01527666,0.0106454,-3.091518870000016,-0.01511323739663672,204.52880434000002,-0.028219999999976153,-0.00013795664114213402,False
2023-12-31,191.31210854,188.73992472,191.31145461,0.008280339999999999,0.00762641,-2.5721838199999922,-0.013444960905138912,191.31210854,0.0,0.0,False
2024-01-01,176.26881502999998,173.81037332,176.15349609,0.11916748999999999,0.0038485499999999996,-2.4584417099999882,-0.013947116565012223,176.26881503,2.842170943040401e-14,1.6124071308680886e-16,False
2024-01-02,203.89615639,203.75783270999997,206.68762949,0.00227693,2.84173003,-0.13832368000001338,-0.0006784025871259504,203.84817639,-0.04797999999999547,-0.0002353158629838136,False
2024-01-03,214.8647595,212.55827233,214.84660331,0.008319,0.00882281,-2.306487169999997,-0.010734599640105232,214.8460995,-0.0186599999999828,-8.684532560576925e-05,False
2024-01-04,219.407971,217.01830561,219.39759899999999,0.01026345,0.0035214499999999998,-2.3896653900000047,-0.010891424678458946,219.404341,-0.003630000000015343,-1.6544521985554223e-05,False
2024-01-05,221.26343549,218.52270919,221.2674807,0.015085439999999999,0.01913065,-2.7407263000000057,-0.01238671131509152,221.26343549,0.0,0.0,False
2024-01-06,211.66904588,209.78243143999998,212.21834743,0.01668786,0.56598941,-1.8866144400000167,-0.0089130389006883,211.66904588,0.0,0.0,False
2024-01-07,196.82146233,194.43359449,196.79519154,0.01839464,0.01812385,-2.3878678400000126,-0.01213215170607971,196.79546233,-0.02600000000001046,-0.00013209941483118164,False
2024-01-08,200.52605781999998,197.87616384999998,200.52539518,0.01736409,0.018701449999999998,-2.6498939699999937,-0.013214711338805862,200.52405782,-0.001999999999981128,-9.973766111616308e-06,False
2024-01-09,223.69321965999998,221.0106865,223.63196688,0.01928187,0.01998909,-2.6825331599999913,-0.011992018193833848,223.63125965999998,-0.06195999999999913,-0.0002769864911157099,False
2024-01-10,229.88615811,227.86835458,231.0187927,0.00305369,1.14638828,-2.017803530000009,-0.008777403331237084,229.87545811,-0.010699999999985721,-4.654477715385454e-05,False
2024-01-11,232.20464852,229.27472097999998,232.20228906,0.02335288,0.020993420000000002,-2.9299275400000226,-0.012617867724330527,232.20464852,0.0,0.0,False
2024-01-12,233.46670769999997,233.52018902999998,236.94556107,0.0052188799999999995,3.5378322499999997,0.053481330000010985,0.00022907475985284127,233.4129477,-0.05375999999998271,-0.0002302683775755438,False
2024-01-13,221.76156305,223.78378944999997,227.248156,0.0,5.4865929499999995,2.0222263999999655,0.009118922017807113,221.76156305,0.0,0.0,False
2024-01-14,202.79666212,208.50263736,211.30603072,0.0,8.5393986,5.705975239999987,0.028136435680699783,202.76663212,-0.03003000000001066,-0.00014807936031137009,False
2024-01-15,230.23856313999997,231.76788211,235.18849207999997,0.0,4.9530489399999995,1.5293189700000198,0.006642323289127264,230.23544313999997,-0.0031199999999955708,-1.3551161705688757e-05,False
2024-01-16,233.56623227,235.17117629999998,238.24657695,0.0025845,4.84377918,1.6049440299999844,0.006871472876886958,233.40538227,-0.1608500000000106,-0.000688669755198473,False
2024-01-17,235.34735111999998,232.44268259,235.33658243999997,0.01980947,0.10027079,-2.904668529999981,-0.012342048959450302,235.25612112,-0.09122999999999593,-0.00038763979949567887,False
2024-01-18,235.51654296,232.68602903,235.50437997999998,0.0159611,0.01867812,-2.8305139300000235,-0.01201832319048924,235.50166295999998,-0.014880000000033533,-6.318027520708278e-05,False
2024-01-19,236.21035881999998,233.21061576,236.19123231999998,0.01282807,0.005711569999999999,-2.999743059999986,-0.012699456006016603,236.19834882,-0.012009999999975207,-5.084451020679927e-05,False
2024-01-20,225.58031927,222.58193187999998,225.57288097,0.01691316,0.00947486,-2.998387390000005,-0.013291883794220525,225.58031927,0.0,0.0,False
2024-01-21,205.74131816999997,202.47396315999998,205.02085079,0.01549186,0.036654479999999996,-3.2673550099999886,-0.01588088887085013,204.99968816999998,-0.7416299999999865,-0.0036046721514012676,False
2024-01-22,230.95771283,227.45948823,230.51911847,0.03739425,0.01793989,-3.498224599999986,-0.015146602194553722,230.53857283,-0.41913999999999874,-0.0018147910925517055,False
2024-01-23,234.95005869,231.75052269999998,234.51229050999999,0.00669265,0.01014447,-3.1995359900000153,-0.013617940799161822,234.50883868999998,-0.4412200000000155,-0.0018779310056788456,False
2024-01-24,235.09009159,231.75259197,234.78910438,0.034263169999999996,0.03589596,-3.3374996199999885,-0.014196683481754853,234.78747159,-0.30261999999999034,-0.001287251189334527,False
2024-01-25,234.70484942,230.84374810999998,234.55163513999997,0.015272659999999999,0.01738838,-3.8611013100000093,-0.016450879986253032,234.54951941999997,-0.15533000000002062,-0.0006618099301478874,False
2024-01-26,236.13377471,232.03922971999998,235.27164112,0.011048569999999999,0.017814979999999998,-4.094544990000031,-0.017339937901846583,235.26487471000002,-0.8688999999999965,-0.003679693856023382,False
2024-01-27,224.9139118,222.49327875,225.58438807,0.0069957,0.7311919699999999,-2.420633049999992,-0.010762486991700583,224.8601918,-0.053719999999998436,-0.00023884694179241266,False
2024-01-28,205.37608627999998,201.88410052,204.52091837,0.00966966,0.008381749999999999,-3.4919857599999773,-0.017002883944526873,204.52220627999998,-0.8538800000000037,-0.00415764082112201,False
2024-01-29,231.71921049,233.10589277,236.05334345,0.0009315899999999999,4.37240455,1.3866822800000023,0.005984321615232871,231.68187049,-0.03734000000000037,-0.0001611433075446794,False
2024-01-30,236.74260872999997,237.70969270999998,241.14839390999998,0.0033685,4.59415368,0.9670839800000124,0.004084959548211076,236.55760872999997,-0.18500000000000227,-0.0007814393910434219,False
2024-01-31,235.12228727,235.56978961,238.61271871,0.0029385999999999995,3.49659004,0.4475023399999998,0.0019032748668615816,235.11906727,-0.0032199999999988904,-1.3695001173160758e-05,False
2024-02-01,232.42191506,233.12107616999998,236.71893495999998,0.0029899699999999998,4.300009869999999,0.6991611099999773,0.00300815484555098,232.42191505999998,-2.842170943040401e-14,-1.2228498084213318e-16,False
2024-02-02,228.78511422,225.85660299,228.77194194999998,0.018256849999999998,0.01004458,-2.928511229999998,-0.01280026998253015,228.78015422,-0.004960000000011178,-2.167973216667251e-05,False
2024-02-03,216.82780991999996,213.60424917,216.69048558,0.05224349,0.04199915,-3.2235607499999617,-0.014866915600860035,216.70072992,-0.1270799999999781,-0.000586087181560636,False
2024-02-04,198.63577822,195.91597733999998,198.45342875999998,0.02466106,0.0220916,-2.719800880000008,-0.013692401763531642,198.45599821999997,-0.17978000000002226,-0.000905073605626606,False
2024-02-05,223.23130627999998,220.14651687,223.09870021999998,0.01933016,0.0119741,-3.084789409999985,-0.013818802843588256,223.10605628,-0.1252499999999941,-0.0005610772166646397,False
2024-02-06,225.76315563999998,223.06516201,225.60238718,0.013965909999999998,0.01297745,-2.697993629999985,-0.011950548894267684,225.60337564,-0.1597799999999836,-0.0007077328430630525,False
2024-02-07,222.80359642,220.23443837,222.61415078,0.01432345,0.01274781,-2.5691580499999986,-0.011531043893730334,222.61572642,-0.18787000000000376,-0.0008432090101717029,False
2024-02-08,222.76789368,220.08215576999999,222.76889283999998,0.0052759,0.00627506,-2.6857379100000003,-0.012056216295953265,222.76789367999996,-2.842170943040401e-14,-1.2758440617673128e-16,False
2024-02-09,226.09855134999998,223.47529702,226.07320163,0.0122792,0.01115948,-2.6232543299999804,-0.011602260670565684,226.07432135,-0.02422999999998865,-0.00010716565787491788,False
2024-02-10,219.27271122,216.51081875999998,219.22461296999998,0.01051884,0.00959059,-2.7618924600000128,-0.012595696220625282,219.22554122,-0.04716999999999416,-0.00021512024792117294,False
2024-02-11,203.15555400999997,200.79948026999998,203.14430076,0.00938139,0.00836814,-2.3560737399999994,-0.011597387782388788,203.14531401,-0.01023999999998182,-5.040472582638707e-05,False
2024-02-12,230.45824061,227.62769534999998,230.42101492999998,0.01202405,0.012528369999999999,-2.830545260000008,-0.01228224797910388,230.42051060999998,-0.03773000000001048,-0.0001637172960278744,False
2024-02-13,234.52142787,231.98864834,234.51664406999998,0.016206159999999997,0.01743236,-2.532779529999999,-0.01079977873665331,234.51541787,-0.0060100000000034015,-2.562665618484494e-05,False
2024-02-14,236.29724238999998,233.52843739,236.1305164,0.01824607,0.017760079999999998,-2.768804999999986,-0.011717466407966686,236.13100239000002,-0.1662399999999593,-0.0007035206941839222,False
2024-02-15,237.7495851,234.82082681999998,237.60526299999998,0.01420743,0.01621533,-2.928758280000011,-0.012318668311316481,237.60325509999998,-0.14633000000000607,-0.0006154795178231673,False
2024-02-16,239.23680281,236.18094882,238.94392313,0.01426376,0.014484079999999998,-3.055853990000003,-0.01277334404283499,238.94370281000002,-0.29309999999998126,-0.0012251459497757918,False
2024-02-17,228.97038961,227.17707396999998,229.50474143,0.01203261,0.5476544299999999,-1.7933156400000314,-0.00783208537599357,228.96911961,-0.0012700000000052114,-5.5465687164544425e-06,False
2024-02-18,209.58383086999999,206.28484045,205.534504,3.0707868699999996,0.0,-3.2989904199999955,-0.015740672390162976,208.60529087,-0.9785399999999811,-0.004668967047400459,False
2024-02-19,234.03666334,231.06944191999997,232.35755939999999,1.22565445,0.02017051,-2.9672214200000155,-0.012678446947815794,233.56304333999998,-0.47362000000001103,-0.0020237000187955725,False
2024-02-20,235.61746798,232.83777338,235.32360939,0.01905753,0.01293894,-2.779694599999999,-0.011797489480856101,235.32972798,-0.28773999999998523,-0.0012212167564096292,False
2024-02-21,230.9067353,228.0937339,230.46265185,0.01887444,0.014790989999999999,-2.8130014000000187,-0.012182413805925992,230.46673529999998,-0.44000000000002615,-0.0019055312502182613,False
2024-02-22,229.02576564999998,225.88308634,228.59365469,0.019105999999999998,0.01435504,-3.142679309999977,-0.01372194652894495,228.59840565,-0.4273599999999931,-0.0018659909237159365,False
2024-02-23,230.44485521,226.81553454,230.44330664,0.01326542,0.01171685,-3.6293206699999985,-0.015749193735276355,230.44485521000001,2.842170943040401e-14,1.2333410266201798e-16,False
2024-02-24,222.31781532,219.09944961,222.22835861,0.012614809999999999,0.014008099999999999,-3.2183657100000005,-0.014476418389446417,222.22696531999998,-0.09085000000001742,-0.00040864921180180577,False
2024-02-25,202.92124977,199.34286995,202.11827585999998,0.016636019999999998,0.014382109999999998,-3.578379820000009,-0.017634327721004598,202.12052976999996,-0.800720000000041,-0.003945964264006912,False
2024-02-26,228.19744684,225.03555283999998,227.79064354,0.0198505,0.0290972,-3.161894000000018,-0.013855956952125634,227.78139683999999,-0.4160500000000127,-0.0018232018182557713,False
2024-02-27,233.71192477,230.22762057999998,233.50760057,0.02411611,0.02786191,-3.4843041900000173,-0.01490854261471246,233.50385476999998,-0.20807000000002063,-0.0008902840546317265,False
2024-02-28,234.74294236999998,233.8982174,236.89449671999998,0.0,2.2696643499999998,-0.8447249699999873,-0.003598510615362989,234.62483236999998,-0.11811000000000149,-0.0005031461172274029,False
2024-02-29,236.24663433,235.5762184,238.83103537,7.646999999999999e-05,2.5844775099999997,-0.6704159300000185,-0.002837779813885311,236.24663433,0.0,0.0,False
2024-03-01,233.27966522,232.70633834999998,236.38596754,0.0,3.39885232,-0.5733268700000167,-0.00245768043888149,232.98711522,-0.29255000000000564,-0.0012540741591175954,False
2024-03-02,221.45268933,223.70566545,226.73111034,0.0,5.328331009999999,2.2529761199999996,0.010173622758054224,221.40277933,-0.04991000000001122,-0.00022537545220612483,False
2024-03-03,201.95883577,200.95597877,203.61502615999999,0.0,3.26325039,-1.0028570000000059,-0.004965650530596767,200.35177577,-1.6070600000000184,-0.007957364152317714,False
2024-03-04,230.31869286,233.23711418,236.18915303999998,0.0,6.062020179999999,2.918421319999993,0.012671230822649577,230.12713286,-0.19156000000000972,-0.0008317171204008617,False
2024-03-05,234.96495041999998,237.85163998,240.67939422999999,0.0,5.726443809999999,2.8866895600000078,0.012285617726558997,234.95295041999998,-0.012000000000000455,-5.1071446947940314e-05,False
2024-03-06,238.78123511,240.35581176,243.49711126,0.0,5.2029561499999994,1.5745766499999831,0.006594222738125207,238.29415511,-0.48708000000002016,-0.002039858784446088,False
2024-03-07,240.47417715999998,240.84590465,244.04170477,0.0,3.60628761,0.37172749000001204,0.0015458104250115903,240.43541716,-0.03875999999999635,-0.00016118154746489602,False
2024-03-08,241.26376082,243.11455034999997,246.64050251999998,0.0,5.3767417,1.850789529999986,0.007671228881244238,241.26376082,0.0,0.0,False
2024-03-09,229.23266794999998,230.34149484,233.39931608,0.0,4.167848129999999,1.1088268900000173,0.004837124219318835,229.23146795,-0.0011999999999829924,-5.234855968455313e-06,False
2024-03-10,211.14322858,210.30177683,213.16662379,0.00273407,2.20565928,-0.8414517500000045,-0.003985217786329279,210.96369858,-0.17952999999999975,-0.0008502759061107076,False
2024-03-11,238.46400806,237.45489743,241.18654644,0.0005424399999999999,2.9652008199999997,-1.0091106300000092,-0.004231710429634759,238.22188806,-0.2421199999999999,-0.0010153314203252006,False
2024-03-12,241.69209555,241.77931174,245.23687594999998,0.00013391,3.54491431,0.08721618999999237,0.00036085660890779745,241.69209554999998,-2.842170943040401e-14,-1.1759469984207354e-16,False
2024-03-13,243.33615849999998,243.18817884,246.38454715999998,0.0007425299999999999,3.06928119,-0.14797965999997587,-0.0006081285285021703,243.31600849999998,-0.020150000000001,-8.280725776313676e-05,False
2024-03-14,244.04593788,243.79125084999998,247.40888434,0.0,3.42695646,-0.2546870300000137,-0.0010436028241750373,243.98192787999997,-0.06401000000002455,-0.00026228668485971254,False
2024-03-15,243.34090408,243.69967069999998,247.08178648999998,0.0,3.7637024099999996,0.35876661999998305,0.0014743374993052383,243.31808407999998,-0.022820000000024265,-9.37779042380891e-05,False
2024-03-16,233.23085834,233.86325122,236.95867060999998,0.0,3.7600622699999997,0.6323928799999976,0.0027114460089072176,233.19860834,-0.032250000000004775,-0.0001382750131330875,False
2024-03-17,212.56703671999998,211.49410027,214.42134070999998,0.0,2.99981399,-1.072936449999986,-0.00504752038018619,211.42152671999997,-1.1455100000000016,-0.005388935263320736,False
2024-03-18,241.33618042999998,239.9435149,243.55524032,0.00298948,2.3183093699999997,-1.392665529999988,-0.005770645443706826,241.23992042999998,-0.0962600000000009,-0.0003988626977873353,False
2024-03-19,242.09352199999998,241.82251981,245.42505405,0.0,3.5417120499999997,-0.27100218999999015,-0.0011194111587999871,241.883342,-0.21017999999997983,-0.0008681768857903594,False
2024-03-20,240.34971518999998,239.55406668999998,243.02236489999999,0.0,2.6906997099999996,-0.7956484999999986,-0.0033103783766543133,240.33166519,-0.01804999999998813,-7.509890321991579e-05,False
2024-03-21,238.68233375,237.84139571999998,241.27019187,0.00180059,2.64955871,-0.840938030000018,-0.003523252084843577,238.62243374999997,-0.059900000000027376,-0.0002509611794845599,False
2024-03-22,241.01366613,239.42031960999998,242.56777069999998,0.00139339,1.69854796,-1.5933465200000114,-0.006611021464403511,240.87061612999997,-0.14305000000001655,-0.0005935348077849537,False
2024-03-23,230.6741878,229.68271521,232.90565931,0.01720394,2.3739854499999997,-0.9914725900000008,-0.00429815142932087,230.5488778,-0.1253099999999847,-0.0005432337323698803,False
2024-03-24,210.67056813999997,211.81188605,215.17311313,0.0,4.51302499,1.1413179100000264,0.005417547975859494,210.66008814,-0.010479999999972733,-4.974591416589482e-05,False
2024-03-25,215.52940677,216.36411501999999,219.90623741999997,0.0,4.427210649999999,0.8347082499999772,0.0038728276688977646,215.47902676999996,-0.05038000000004672,-0.00023375000541716898,False
2024-03-26,230.15375874,233.48218959,237.18880213999998,0.0,7.113823399999999,3.3284308499999895,0.014461770549487527,230.07497873999998,-0.07878000000002316,-0.00034229291075371627,False
2024-03-27,223.17674078,222.31090021999998,225.87140782,0.0,2.6946670399999997,-0.8658405600000094,-0.0038796182656575555,223.17674078,0.0,0.0,False
2024-03-28,200.27914557,201.38071567999998,204.9561269,0.0,4.85473133,1.101570109999983,0.005500173804241495,200.10139557,-0.17775000000000318,-0.0008875112757951995,False
2024-03-29,191.48761403999998,193.7252517,197.19647440999998,0.0,5.70886037,2.2376376600000185,0.011685547763588494,191.48761403999998,0.0,0.0,False
2024-03-30,203.36438241,208.56702378,211.85623384,0.0,8.491851429999999,5.202641370000009,0.025582854324564266,203.36438241,0.0,0.0,False
2024-03-31,199.04007941999998,203.48627419,207.17346781,0.0,8.13482839,4.446194770000005,0.022338188283265132,199.03863942,-0.0014399999999739066,-7.234723801206503e-06,False
2024-04-01,225.81644851,229.01443385,232.06257867,0.00144711,6.29152727,3.1979853400000025,0.014161879531368078,225.77249851,-0.04394999999999527,-0.00019462709776010405,False
2024-04-02,227.77095622999997,226.12534065999998,229.75653122999998,0.0141699,2.0010949,-1.6456155699999897,-0.0072248700942286505,227.76960623,-0.001349999999973761,-5.927006771708636e-06,False
2024-04-03,230.11030780000002,228.31726686,231.36150203,0.007305099999999999,1.39849933,-1.7930409400000258,-0.007792093092841562,229.9703078,-0.14000000000001478,-0.0006084038622107079,False
2024-04-04,229.24360224,227.1623669,230.65906364,0.00979541,1.6704868099999999,-2.0812353400000063,-0.009078706317924269,228.99837224,-0.2452299999999923,-0.0010697354150946197,False
2024-04-05,232.20327016999997,234.05465612999998,236.99014523,0.0,4.923875059999999,1.851385960000016,0.007973126126279723,232.06627017,-0.13699999999997203,-0.00059000030404254,False
2024-04-06,225.42907628,226.19512949,229.33430026,0.00045519999999999995,3.9930291799999997,0.7660532099999955,0.0033982005455609433,225.34172628,-0.08735000000001492,-0.00038748328938508175,False
2024-04-07,208.85825146,209.46393099,212.35218158,0.00010706,3.84898718,0.6056795300000033,0.0028999549970665224,208.50330146000002,-0.3549499999999739,-0.0016994779833630516,False
2024-04-08,234.32576283999998,233.02183356,235.82903499999998,0.00838504,1.5116572,-1.303929279999977,-0.005564600597887793,234.32576283999998,0.0,0.0,False
2024-04-09,235.60935632,232.25435306999998,235.50049997,0.00473051,0.39827416,-3.35500325000001,-0.014239685988714772,235.10695632,-0.5023999999999944,-0.0021323431626273986,False
2024-04-10,237.41875725999998,236.27193423,239.74388955999999,0.00823353,2.6203358299999997,-1.1468230299999789,-0.004830380898439629,237.13178726,-0.2869699999999682,-0.0012087082053323364,False
2024-04-11,241.22621238,239.88986910999998,243.39837719,0.0026777399999999996,2.18211255,-1.3363432700000146,-0.005539792947106815,241.21894238,-0.007270000000005439,-3.013768664805431e-05,False
2024-04-12,241.3534537,238.76212675,241.97732985,0.00496203,0.68743818,-2.5913269499999956,-0.010736647478104829,241.2948537,-0.05859999999998422,-0.00024279743712647865,False
2024-04-13,229.40138977,226.83498616,229.37579391999998,0.028748279999999998,0.00736243,-2.566403610000009,-0.011187393470340826,229.39717976999998,-0.004210000000028913,-1.8352112008780323e-05,False
2024-04-14,208.78473125,205.89435891,208.20697479,0.016319939999999998,0.01583348,-2.890372339999999,-0.013843791749977402,208.20746125,-0.5772699999999986,-0.0027649052521411268,False
2024-04-15,235.63239738999997,232.45694561,235.53319802,0.01126371,0.040874339999999995,-3.1754517799999746,-0.01347629534466867,235.50358739,-0.1288099999999588,-0.0005466565779015639,False
2024-04-16,239.64576809,236.60194303999998,239.39337052999997,0.01675589,0.03249833,-3.0438250500000095,-0.01270135114114299,239.37762808999997,-0.2681400000000167,-0.001118901460839966,False
2024-04-17,239.41943541999999,235.78951372,238.89615848,0.05102657,0.02371963,-3.629921699999983,-0.015161349343390675,238.92346542,-0.4959699999999714,-0.002071552792403504,False
2024-04-18,236.75062938,232.95649755,236.64387317999999,0.01124036,0.029534159999999997,-3.7941318299999978,-0.01602585741772273,236.62557937999998,-0.12505000000001587,-0.0005281928936260717,False
2024-04-19,232.55972085,228.39875874999998,232.03034805,0.013698469999999999,0.02275567,-4.160962100000006,-0.017892015370468254,232.02129084999999,-0.5384300000000053,-0.002315233257212629,False
2024-04-20,221.97631586,218.49370600999998,221.75367586,0.0,0.0,-3.482609850000017,-0.01568910555392987,221.75367586,-0.2226400000000126,-0.001002989887175311,False
2024-04-21,201.00575916999998,197.51954917999998,200.34355917,0.0,0.0,-3.486209989999992,-0.017343831362819515,200.34355917,-0.6621999999999844,-0.0032944329691565245,False
2024-04-22,220.48207371,217.36957389,220.38639371,0.0,0.0,-3.1124998200000107,-0.014116793114409295,220.38639371,-0.09568000000001575,-0.0004339581825861436,False
2024-04-23,225.16154061,222.65398213999998,225.09492153,0.00095908,0.0,-2.5075584700000206,-0.011136708619094667,225.09588061,-0.06566000000000827,-0.00029161285636136806,False
2024-04-24,230.91745061,227.59553664999999,230.40257579,0.00030481999999999997,0.0,-3.3219139600000176,-0.014385720746633603,230.40288060999998,-0.5145700000000204,-0.0022283720811948748,False
2024-04-25,232.32134483000002,228.37597316999998,231.73086483,0.0,0.0,-3.945371660000035,-0.01698238990001991,231.73086483,-0.5904800000000137,-0.0025416519538146373,False
2024-04-26,224.54337921,221.13622211999999,224.47978920999998,0.0,0.0,-3.4071570900000268,-0.015173714326324209,224.47978920999998,-0.06359000000003334,-0.0002831969493990824,False
2024-04-27,217.17119748,213.84777125,217.16553747999998,0.0,0.0,-3.3234262299999955,-0.015303255075093744,217.16553747999998,-0.005660000000005994,-2.6062387948693067e-05,False
2024-04-28,195.06084352,191.31293852,194.18878673,0.004315009999999999,0.01243822,-3.747905000000003,-0.019214030516666574,194.18066352,-0.8801799999999957,-0.00451233565956434,False
2024-04-29,223.03865659,219.4978285,222.35454110999999,0.012662439999999999,0.04164696,-3.540828089999991,-0.015875400901956226,222.32555659,-0.7130999999999972,-0.0031972036188814153,False
2024-04-30,228.32994925,230.85961364,233.85816407,0.00274526,5.53702008,2.5296643899999935,0.01107898634545855,228.32388925,-0.0060599999999908505,-2.6540539337464294e-05,False
2024-05-01,210.97998961000002,214.12229614,217.47009347,0.0,6.4999838599999995,3.142306529999985,0.014893860483207863,210.97010961,-0.009880000000009659,-4.682908563164213e-05,False
2024-05-02,228.43317803,228.91204133,232.85749858,0.0,4.49559055,0.47886330000000044,0.002096294873317884,228.36190803,-0.07126999999999839,-0.0003119949589399774,False
2024-05-03,229.14441713999997,229.32562009,232.14583715999999,0.00432511,3.02721513,0.18120295000002784,0.0007907805577882292,229.12294713999998,-0.02146999999999366,-9.369636959942242e-05,False
2024-05-04,216.74378541,213.81333184,217.43927243,0.0,0.83636702,-2.9304535699999974,-0.013520357986073976,216.60290540999998,-0.1408800000000099,-0.0006499840340682269,False
2024-05-05,197.98896481,197.43511107,199.78094903,0.00041026999999999996,1.9996944899999998,-0.5538537399999939,-0.002797397019230336,197.78166481,-0.2073000000000036,-0.0010470280512802264,False
2024-05-06,229.44851053,229.29368248,232.52979048999998,0.00321983,3.1070097899999998,-0.1548280499999919,-0.0006747834171699641,229.42600052999998,-0.022510000000011132,-9.81047989721772e-05,False
2024-05-07,232.09059627,231.3248735,234.56904201999998,0.0001039,3.01534965,-0.7657227699999964,-0.0032992408236531975,231.55379627,-0.5367999999999995,-0.002312889917243865,False
2024-05-08,229.04626394,229.4522429,232.61527848999998,0.0,3.7718145499999998,0.4059789599999988,0.0017724758003751912,228.84346394,-0.20279999999999632,-0.0008854106437340579,False
2024-05-09,225.6363726,222.99272631999997,226.21927269,0.00569368,0.6155437699999999,-2.643646280000013,-0.011716401258969774,225.60942260000002,-0.02694999999997094,-0.00011943996302292507,False
2024-05-10,228.57422075,226.20233063999999,229.34591684999998,0.04318514,0.81801124,-2.3718901100000096,-0.01037689246940158,228.57109074999997,-0.0031300000000271666,-1.369358272230779e-05,False
2024-05-11,221.66952084,219.28145923,222.27286915,0.006533,0.60988131,-2.388061609999994,-0.0107730715569313,221.66952084,0.0,0.0,False
2024-05-12,199.47689556,196.49827967,199.46668255999998,0.0125703,0.0104273,-2.9786158900000146,-0.014932134780010582,199.46882555999997,-0.008070000000031996,-4.0455813077382926e-05,False
2024-05-13,207.28647862999998,204.68230456999999,206.99311267,0.00672412,0.01656816,-2.604174059999991,-0.012563164163970204,206.98326863,-0.30320999999997866,-0.0014627582175352559,False
2024-05-14,231.11934412,228.17962043,230.86461161,0.01191451,0.008612,-2.939723689999994,-0.012719505159523355,230.86791412,-0.25142999999999915,-0.0010878795150502574,False
2024-05-15,230.88143374999999,228.0338683,230.86166027,0.021089959999999998,0.01004648,-2.8475654499999905,-0.012333453598886405,230.87270375,-0.008729999999985694,-3.781161550407989e-05,False
2024-05-16,233.12908722999998,230.27402655,233.12289948999998,0.0108712,0.01316346,-2.85506067999998,-0.012246694369730193,233.12060723,-0.008479999999991605,-3.6374697386540295e-05,False
2024-05-17,232.87614836999998,230.99334102999998,233.60262509999998,0.00518151,0.8025982399999999,-1.8828073399999994,-0.008085015804231457,232.80520836999997,-0.07094000000000733,-0.0003046254435954339,False
2024-05-18,224.46941093,223.59919147,226.03708389,0.0028880299999999998,1.5849909899999999,-0.8702194600000155,-0.0038767841747105146,224.45498093,-0.014430000000004384,-6.428492835713963e-05,False
2024-05-19,208.66228996,208.45086569999998,210.84175222,0.0,2.44073226,-0.21142426000002956,-0.0010132365557790008,208.40101995999999,-0.26127000000002454,-0.0012521189144914938,False
2024-05-20,233.37305752999998,231.49589047999999,234.57576015,0.01319018,1.4546628,-1.877167049999997,-0.008043632242160979,233.13428753000002,-0.23876999999995974,-0.0010231258163520697,False
2024-05-21,227.39596938999998,225.01917633,227.79660883999998,0.015839409999999998,0.45562885999999997,-2.376793059999983,-0.01045222158675828,227.35681939,-0.039149999999978036,-0.0001721666400024578,False
2024-05-22,226.81305103999998,223.73360030999999,226.74407485,0.009793799999999998,0.02358761,-3.0794507299999907,-0.013577043807134842,226.73028104000002,-0.08276999999995382,-0.0003649260905421037,False
2024-05-23,229.50880612,226.08251233,229.36542229,0.01265111,0.01920728,-3.4262937900000168,-0.014928811874035715,229.35886612000002,-0.14993999999998664,-0.00065330826531157,False
2024-05-24,231.10961687999998,232.40689154999998,235.77193701,0.00369583,4.701815959999999,1.2972746700000073,0.005613243998728087,231.07381687999998,-0.035799999999994725,-0.00015490484767920025,False
2024-05-25,219.03456787,220.03622402,223.70246558,0.00457239,4.7937701,1.0016561500000023,0.004573050545129018,218.91326787,-0.12129999999999086,-0.0005537938654139016,False
2024-05-26,202.97932197,200.93776305999998,204.04385635999998,0.00678477,1.31056916,-2.0415589100000204,-0.010057964969957676,202.74007196999997,-0.23925000000002683,-0.00117869149269987,False
2024-05-27,224.58941337,221.46229732,224.61280327,0.00680379,0.03019369,-3.1271160499999837,-0.013923701937135453,224.58941337,0.0,0.0,False
2024-05-28,230.51682906,227.35932825999998,230.53495571,0.00317566,0.02270231,-3.157500800000008,-0.013697484964007375,230.51542906,-0.0013999999999896318,-6.0733092924214795e-06,False
2024-05-29,228.61625525,225.62705355,228.38334835,0.007322789999999999,0.02949589,-2.9892016999999953,-0.013075193173517767,228.36117525,-0.2550799999999924,-0.0011157561815587145,False
2024-05-30,227.93976819,225.15788591999998,227.82615049999998,0.008955949999999999,0.028488259999999998,-2.781882270000011,-0.012204462135282876,227.80661819,-0.13315000000000055,-0.0005841455444888094,False
2024-05-31,227.8888375,225.12520505999998,227.86535360999997,0.00282148,0.03142759,-2.763632440000009,-0.012127107542070853,227.83674749999997,-0.052090000000021064,-0.00022857635578583818,False
2024-06-01,222.32761856999997,218.8343716,222.34305584999998,0.00993269,0.02536997,-3.493246969999973,-0.015712159346051385,222.32761856999997,0.0,0.0,False
2024-06-02,205.85454384,202.82488659999999,205.20933424999998,0.00925396,0.02640437,-3.029657240000006,-0.014717465951855795,205.19218383999998,-0.6623600000000067,-0.003217611754612639,False
2024-06-03,206.35676406,203.89717052999998,206.24119403,0.01364405,0.036294019999999996,-2.4595935300000065,-0.011919132097287873,206.21854406,-0.1382199999999898,-0.0006698108522374442,False
2024-06-04,224.79614997999997,222.01396168999997,224.5956696,0.013498399999999999,0.03653802,-2.7821882899999935,-0.012376494393909877,224.57262998000002,-0.22351999999995087,-0.0009943230790199803,False
2024-06-05,226.08009128999998,223.78394419999998,226.08133707,0.01603762,0.0337334,-2.296147090000005,-0.010156343607693725,226.06364129,-0.01644999999999186,-7.276182482999324e-05,False
2024-06-06,227.25098602999998,224.42127287,227.24073248,0.015308619999999998,0.03600507,-2.829713159999983,-0.012451929073814559,227.22003603000002,-0.03094999999996162,-0.00013619302842486161,False
2024-06-07,227.62925571999997,225.50268819,227.65237566,0.014523479999999998,0.03764342,-2.1265675299999884,-0.009342241722284662,227.62925572,2.842170943040401e-14,1.2485965101675995e-16,False
2024-06-08,221.15685199,219.74205336999998,221.17141042999998,0.01401761,0.03051605,-1.4147986200000275,-0.0063972633326504404,221.15491199,-0.0019400000000189266,-8.772054686809555e-06,False
2024-06-09,197.08388706,195.4942738,196.8029133,0.00985622,0.03031246,-1.589613259999993,-0.008065668298474613,196.78245705999998,-0.3014300000000105,-0.001529450248300834,False
2024-06-10,202.11137134999998,200.22037425,202.10417151,0.01428545,0.035625609999999995,-1.8909970999999928,-0.009356213296506303,202.08283134999996,-0.028540000000020882,-0.0001412092739235223,False
2024-06-11,221.66025684,219.33100964,221.62679362,0.009439109999999999,0.03419589,-2.3292471999999975,-0.010508185965341128,221.60203683999998,-0.05822000000000571,-0.00026265421158485074,False
2024-06-12,226.03465305999998,223.84272155,226.05719545,0.011515359999999999,0.03405775,-2.191931509999989,-0.009697325079699837,226.03465306,2.842170943040401e-14,1.2574049618338645e-16,False
2024-06-13,227.38869863,224.65574332999998,222.72340844,4.65866721,0.0034670199999999995,-2.7329553000000146,-0.01201887040326044,227.37860863,-0.01008999999999105,-4.4373357430613526e-05,False
2024-06-14,226.72397894,223.75208933,220.68461829999998,6.00520547,0.00232483,-2.971889610000005,-0.013107963365385727,226.68749893999998,-0.036480000000011614,-0.0001609004930601789,False
2024-06-15,210.20924491,206.01358120999998,208.76278650999998,1.45237806,0.017919659999999997,-4.195663700000011,-0.019959463256701022,210.19724491,-0.012000000000000455,-5.708597642857332e-05,False
2024-06-16,191.0642103,190.86297942,192.66625657,0.41398112,2.01602739,-0.20123088000002554,-0.0010532107488056622,191.06421029999998,-2.842170943040401e-14,-1.4875475310513454e-16,False
2024-06-17,223.53439516999998,224.07672885,226.60732615999999,0.03957065,3.3434516399999996,0.5423336800000129,0.002426175531454849,223.30344516999997,-0.2309500000000071,-0.0010331743346448652,False
2024-06-18,227.81107056,225.15741651,227.76057624999999,0.01372031,0.075516,-2.65365405,-0.011648485929489064,227.69878056,-0.11229000000000156,-0.0004929084426141927,False
2024-06-19,223.72350203,222.15168860999998,224.71719466,0.10990699999999999,1.28511963,-1.5718134200000122,-0.007025696476846859,223.54198202999999,-0.18152000000000612,-0.000811358656345659,False
2024-06-20,223.47193735,220.77472638999998,223.33554862,0.03823119,0.00685246,-2.6972109600000067,-0.012069573441678524,223.36692735,-0.10500999999999294,-0.0004699024013718873,False
2024-06-21,226.89954265,229.94409756,232.7056648,0.017242109999999998,5.92851426,3.044554909999988,0.013418074247493368,226.79439265000002,-0.10514999999998054,-0.0004634209429067817,False
2024-06-22,217.12865481,217.81257994999999,220.51835359999998,0.014777869999999999,3.40447666,0.6839251399999853,0.0031498612681889406,217.12865480999997,-2.842170943040401e-14,-1.308980127716198e-16,False
2024-06-23,198.04395884,195.2780197,193.37584647999998,4.48897018,0.009367819999999999,-2.7659391400000004,-0.013966288879503802,197.85544883999998,-0.18851000000000795,-0.0009518593806353137,False
2024-06-24,224.61456991,221.75736193,220.65989878,3.95962528,0.01175415,-2.8572079799999983,-0.012720492624965702,224.60776991,-0.006799999999998363,-3.0274082410250724e-05,False
2024-06-25,226.95000786,223.58781994999998,221.35614078,5.4891602399999995,0.0032331599999999997,-3.362187910000017,-0.01481466311327061,226.84206786,-0.10794000000001347,-0.00047561135167088894,False
2024-06-26,225.06191168,221.55589214999998,218.29517368,6.692328,0.0,-3.5060195300000316,-0.015578022526463734,224.98750168,-0.07441000000000031,-0.0003306201366750974,False
2024-06-27,223.67233908999998,220.57543915,219.06602783999998,4.5922645399999995,0.00557329,-3.096899939999986,-0.013845699260800743,223.65271908999998,-0.0196200000000033,-8.77175965513944e-05,False
2024-06-28,224.47310464999998,221.08755574999998,224.28420875999998,0.1792091,0.01660321,-3.3855489000000034,-0.01508220285578878,224.44681465,-0.026289999999988822,-0.00011711870801172538,False
2024-06-29,214.90831562999998,210.97242154,214.87916993,0.03246777,0.01347207,-3.9358940899999766,-0.01831429406750489,214.89816563,-0.010149999999981674,-4.722944279855866e-05,False
2024-06-30,198.65931037,195.22881228999998,198.03327917,0.03647102,0.017539819999999998,-3.4304980800000067,-0.01726824719974491,198.05221036999998,-0.6071000000000026,-0.0030559856412935692,False
2024-07-01,200.77443593,197.84732207,200.77963189,0.02508995,0.03028591,-2.92711386000002,-0.014579116342384136,200.77443592999998,-2.842170943040401e-14,-1.4156039985246546e-16,False
2024-07-02,224.64598966,224.74146753,227.97766384,0.00279425,3.4204784299999997,0.0954778699999963,0.00042501479837009923,224.55997965999998,-0.08601000000001591,-0.0003828690649238448,False
2024-07-03,226.54033955,227.32990436,230.50362371999998,0.010820090000000001,3.99338426,0.7895648100000017,0.003485316617642554,226.52105955,-0.019280000000009068,-8.510625541705678e-05,False
2024-07-04,227.90034243,224.62152369999998,227.90552746,0.00983885,0.045023879999999995,-3.278818730000012,-0.014387072415247058,227.87034243,-0.030000000000001137,-0.00013163648496586044,False
2024-07-05,220.57037486000002,217.22171742,220.42533307,0.00715816,0.03206637,-3.348657440000011,-0.015181809624821394,220.40042486,-0.16995000000002847,-0.0007705023854989538,False
2024-07-06,213.77330887999997,213.02806593999998,216.04592101,0.002309,2.29476113,-0.7452429399999971,-0.0034861365242670854,213.75346887999999,-0.019839999999987867,-9.280859291524042e-05,False
2024-07-07,200.05918918999998,196.01622014,198.87187536,0.01491358,0.02502975,-4.042969049999982,-0.020208864518391597,198.86175919000001,-1.1974299999999687,-0.005985378651428737,False
2024-07-08,227.18389793,223.8055109,227.20482622,0.010918389999999998,0.03504668,-3.378387029999999,-0.014870715137746906,227.18069793,-0.003199999999992542,-1.4085505307152215e-05,False
2024-07-09,231.16678233,228.09989220999998,231.11400959999997,0.00576359,0.02776086,-3.0668901200000107,-0.013267001811799673,231.09201232999996,-0.07477000000002931,-0.0003234461251153814,False
2024-07-10,231.93289452,229.13175403999998,231.91799615,0.00875896,0.03061059,-2.801140480000015,-0.012077374732881918,231.89614451999998,-0.03675000000001205,-0.0001584510040116066,False
2024-07-11,232.48311628,230.85235282,233.50734334,0.00033789,1.23452495,-1.6307634599999972,-0.007014545770437473,232.27315628,-0.20995999999999526,-0.0009031193462974827,False
2024-07-12,230.82124772999998,230.07490263,232.77961266,0.00130059,1.95966552,-0.746345099999985,-0.003233433262058318,230.82124773,2.842170943040401e-14,1.2313298584907537e-16,False
2024-07-13,219.98701862,218.59771073,221.20624891999998,0.00451914,1.22374944,-1.3893078899999978,-0.006315408512353418,219.98701862,0.0,0.0,False
2024-07-14,203.1238399,200.23719269999998,203.13122259,0.0123824,0.028215089999999998,-2.886647200000027,-0.014211267379649548,203.1153899,-0.008450000000010505,-4.160023758988865e-05,False
2024-07-15,227.3184709,224.39621792999998,227.24002703999997,0.010911259999999999,0.0273974,-2.9222529700000166,-0.012855325651409776,227.22354089999996,-0.09493000000003349,-0.0004176079472300968,False
2024-07-16,230.37702131,227.34551001,229.92317405,0.4501821,0.01920484,-3.0315113000000053,-0.013158913518205195,230.35415131000002,-0.022869999999983293,-9.927205356652717e-05,False
2024-07-17,233.82275800999997,230.66686396,233.62095044,0.00839764,0.02858007,-3.155894049999972,-0.013496949898542394,233.60076801,-0.22198999999997682,-0.0009493943270931861,False
2024-07-18,230.33571121,227.61467048999998,230.28231827,0.00948774,0.026024799999999997,-2.721040720000019,-0.011813368868013747,230.26578121,-0.06992999999999938,-0.00030360033896890314,False
2024-07-19,227.13561719999998,224.24013616,227.12467175999998,0.00709509,0.02330965,-2.895481039999993,-0.01274780712815477,227.1084572,-0.027159999999980755,-0.0001195761384092638,False
2024-07-20,209.35391468,206.65583249999997,209.36747191,0.01121171,0.02476894,-2.6980821800000285,-0.012887660515563226,209.35391468,0.0,0.0,False
2024-07-21,202.28916565,199.56152063,202.15832938,0.00993838,0.02445211,-2.7276450200000113,-0.013483890801741567,202.14381565,-0.14535000000000764,-0.0007185258762275568,False
2024-07-22,229.46346036,226.56196839999998,229.48915348,0.007648879999999999,0.033342,-2.9014919600000155,-0.012644679703896782,229.46346036,0.0,0.0,False
2024-07-23,231.82954672,229.02040821,231.84002696,0.00653631,0.02397655,-2.809138509999997,-0.012117258346680154,231.82258672,-0.006959999999992306,-3.0022057578357265e-05,False
2024-07-24,232.74594902,229.6628623,232.61691878,0.00568591,0.027795669999999998,-3.0830867200000114,-0.013246575216375,232.59480902,-0.15113999999999805,-0.0006493775751474433,False
2024-07-25,233.66128705999998,233.69684786,236.70477086,0.00327502,3.47585882,0.03556080000001316,0.00015218952376514896,233.23218705999997,-0.42910000000000537,-0.0018364188839284288,False
2024-07-26,232.94690334999999,234.40089562999998,237.74796116,0.0,4.92477781,1.4539922799999943,0.006241732596957462,232.82318335,-0.12371999999999161,-0.0005311081547802495,False
2024-07-27,222.16047455,220.90603786,224.09481283,0.0008660499999999999,2.31233433,-1.2544366900000057,-0.005646534076509091,221.78334455,-0.37712999999999397,-0.0016975566907835179,False
2024-07-28,205.43812794,202.35005253999998,205.14943397,0.0012748599999999998,0.016480889999999998,-3.088075400000008,-0.01503165664020219,205.13422794,-0.3038999999999987,-0.0014792774985213815,False
2024-07-29,233.99958737999998,236.38858811,239.73410027999998,0.00041159,5.763494489999999,2.3890007300000207,0.01020942283167551,233.97101737999998,-0.028570000000001983,-0.00012209423238685536,False
2024-07-30,235.63811421999998,241.72211625,245.11038208999997,0.0,9.56572787,6.084002030000022,0.025819261243619464,235.54465421999998,-0.09345999999999322,-0.000396625139822396,False
2024-07-31,234.85257291,241.05447335,244.76233804999998,0.0,10.09501514,6.201900440000003,0.026407632512404664,234.66732291,-0.18524999999999636,-0.0007887927209168269,False
2024-08-01,230.92315699,237.6579791,241.32854905,0.0,10.55481206,6.73482211000001,0.029164775840526284,230.77373699,-0.14941999999999211,-0.0006470550721184825,False
2024-08-02,232.2341138,238.89375371999998,242.8994649,0.0,10.8008211,6.659639919999989,0.028676406799283894,232.0986438,-0.13546999999999798,-0.0005833337651533174,False
2024-08-03,223.50347005,230.28900772999998,234.2514253,0.0,10.88201525,6.785537679999976,0.030359876195577555,223.36941005,-0.13406000000000518,-0.0005998117164356088,False
2024-08-04,204.33019091999998,210.84427383,214.52209026999998,0.0,10.82915935,6.514082910000013,0.031880178257898406,203.69293091999998,-0.6372599999999977,-0.0031187755325374302,False
2024-08-05,228.97385898,234.77072485,239.11649315999998,0.0,10.29911418,5.796865870000005,0.0253167147368833,228.81737897999997,-0.15648000000001616,-0.0006833967890355733,False
2024-08-06,227.01397102,233.45893476999998,237.29494696,0.0,10.407075939999999,6.444963749999971,0.028390163482194527,226.88787102,-0.1261000000000081,-0.0005554724206330836,False
2024-08-07,209.61668396,215.57701403,218.87242596,0.0,9.447682,5.960330069999998,0.028434425912096647,209.42474396,-0.19193999999998823,-0.0009156713882403325,False
2024-08-08,230.0213877,237.28435623,240.85360048,0.0,10.87640278,7.262968529999995,0.03157518786675851,229.9771977,-0.044189999999986185,-0.00019211257023464252,False
2024-08-09,231.38252793,237.18040775999998,240.71685076999998,0.0005532,9.50330604,5.797879829999971,0.025057552451644056,231.21409792999998,-0.16843000000002917,-0.0007279287745139692,False
2024-08-10,218.82962605999998,222.68173589999998,226.22862225,0.0009167499999999999,7.48023294,3.852109839999997,0.017603237319172692,218.74930605999998,-0.08032000000000039,-0.0003670435372310045,False
2024-08-11,198.79197803,203.72518312,206.49406799,0.0,7.90991996,4.933205090000001,0.0248159163105441,198.58414803,-0.2078300000000013,-0.0010454647217637593,False
2024-08-12,226.78024474999998,233.85482205,237.41938384,0.0,10.64598909,7.074577300000016,0.03119573888721635,226.77339475,-0.006849999999985812,-3.020545289355859e-05,False
2024-08-13,227.60508069999997,231.8866492,235.29635303999999,0.0,7.94909234,4.28156850000002,0.01881139246466751,227.3472607,-0.25781999999998106,-0.0011327515150674802,False
2024-08-14,232.16163493,238.3775115,241.67891928,0.0,9.51728435,6.215876570000006,0.026773917972597757,232.16163493,0.0,0.0,False
2024-08-15,236.18263706999997,243.65629101,247.06992613,0.0,10.887289059999999,7.47365394000002,0.031643536682948344,236.18263707,2.842170943040401e-14,1.2033784440293282e-16,False
2024-08-16,236.79186715,243.2118942,246.42450681,0.0,9.654549659999999,6.420027049999987,0.02711253189254641,236.76995715,-0.021909999999991214,-9.252851571169856e-05,False
2024-08-17,220.88318123,225.81293642,229.10512193,0.0,8.2903907,4.929755190000009,0.022318381881990288,220.81473123,-0.06844999999998436,-0.00030989231329799224,False
2024-08-18,200.65694882,202.61530728999998,204.81862905,0.0,4.20854023,1.958358469999979,0.009759734120928606,200.61008882,-0.04686000000000945,-0.00023353290417091598,False
2024-08-19,209.83724868,215.23597327,218.19754218999998,0.0,8.61729351,5.3987245900000005,0.025728151812707996,209.58024867999998,-0.257000000000005,-0.0012247587195156557,False
2024-08-20,235.05046665,239.40741576,242.46014724,0.0,7.434420589999999,4.356949109999988,0.018536228292146587,235.02572665,-0.024740000000008422,-0.00010525399227072082,False
2024-08-21,236.12105087999998,240.21215152,243.26206158,0.0,7.3981407,4.091100640000008,0.017326285076035692,235.86392088,-0.2571299999999894,-0.001088975332956088,False
2024-08-22,234.8109383,236.73712625,239.62831251999998,0.0,5.0666742199999995,1.926187949999985,0.008203144044077886,234.56163829999997,-0.2493000000000336,-0.001061705224658325,False
2024-08-23,234.65480287,236.84391416999998,240.15374272999998,0.0,5.93059986,2.189111299999979,0.009329070929832015,234.22314286999998,-0.43166000000002214,-0.001839553227636956,False
2024-08-24,221.10041922999997,223.45555148999998,226.83128087999998,0.0,5.867481649999999,2.355132260000005,0.010651867003246501,220.96379922999998,-0.13661999999999352,-0.0006179092761369865,False
2024-08-25,200.67045862999998,207.38594533,211.07488415,0.0,10.640615519999999,6.715486700000014,0.03346524817777068,200.43426863,-0.23618999999999346,-0.001177004336425448,False
2024-08-26,219.01688047999997,225.20941485999998,228.71556586,0.0,9.698685379999999,6.192534380000012,0.02827423332132382,219.01688048,2.842170943040401e-14,1.2976949250721978e-16,False
2024-08-27,227.85781262,234.52411651,237.88741251,0.0,10.03307989,6.666303889999995,0.02925642010404723,227.85433261999998,-0.0034800000000245745,-1.527268238034126e-05,False
2024-08-28,236.2817299,242.87366297,247.05409777999998,0.0,10.78835788,6.59193307000001,0.027898615236945624,236.26573989999997,-0.01599000000001638,-6.767345070134591e-05,False
2024-08-29,239.29882303,245.80438278999998,249.78575363,0.0,10.6790006,6.505559759999983,0.027185924600993148,239.10675303,-0.19207000000000107,-0.0008026366263235736,False
2024-08-30,236.91355234,243.91002895,247.34304708,0.0,10.631824739999999,6.996476610000002,0.02953177030564803,236.71122234,-0.20232999999998924,-0.0008540245925214987,False
2024-08-31,224.68614752,230.85892267999998,234.35807555999997,0.0,9.957218039999999,6.172775159999986,0.027472878182000646,224.40085752,-0.2852900000000034,-0.001269726697212648,False
2024-09-01,200.0652385,207.21463168,210.34474394,0.0,10.63750544,7.149393180000004,0.03573530931011788,199.7072385,-0.3580000000000041,-0.0017894163058216838,False
2024-09-02,228.36155556,234.78429241999999,238.44408067999998,0.0,10.18252512,6.422736859999986,0.02812529825455874,228.26155555999998,-0.10000000000002274,-0.00043790207924796084,False
2024-09-03,232.54738702999998,238.8042075,242.83331977,0.0,10.32383274,6.256820470000008,0.026905572020866617,232.50948703,-0.03789999999997917,-0.000162977535391915,False
2024-09-04,231.61753908,237.70825478,241.68546580999998,0.0,10.330716729999999,6.090715700000004,0.02629643559893057,231.35474907999998,-0.26279000000002384,-0.001134585925762975,False
2024-09-05,232.75527946,238.00669948,241.6073257,0.0,9.12993624,5.251420020000012,0.022561980257476785,232.47738945999998,-0.2778900000000135,-0.0011939149163221027,False
2024-09-06,233.20689364999998,238.21602869999998,241.75941727999998,0.0,8.59883363,5.009135049999998,0.021479360972569594,233.16058364999998,-0.0463100000000054,-0.00019857903544441557,False
2024-09-07,221.36955281,225.62215351999998,229.05195383999998,0.0,7.8133110299999995,4.252600709999996,0.019210413790057095,221.23864281,-0.13091000000000008,-0.0005913640712476809,False
2024-09-08,206.11365946,212.13714969999998,214.96772787999998,0.0,9.24688842,6.023490239999973,0.029224119623032247,205.72083945999998,-0.3928200000000288,-0.0019058416653664938,False
2024-09-09,234.46291746,240.91985419999997,244.48909787,0.0,10.19352041,6.456936739999975,0.027539266379305143,234.29557746,-0.16733999999999583,-0.0007137162746793189,False
2024-09-10,240.64987834,243.89491164999998,247.41747593,0.0,6.81595759,3.2450333099999966,0.013484458551918654,240.60151833999998,-0.0483600000000024,-0.00020095584645040798,False
2024-09-11,242.37468783999998,246.56896325,249.93225336999998,0.0,7.96958553,4.194275410000017,0.01730492341167575,241.96266784,-0.41201999999998407,-0.0016999299872104338,False
2024-09-12,238.75319494999997,242.00339376999997,245.10130241,0.0,6.3489774599999995,3.2501988200000085,0.01361321602703859,238.75232495,-0.0008699999999635111,-3.643930294401747e-06,False
2024-09-13,239.21614709999997,245.92570163999997,249.09342927999998,0.0,9.93078218,6.709554539999999,0.02804808379927293,239.1626471,-0.05349999999998545,-0.00022364711014938614,False
2024-09-14,232.71702508,238.73290470999999,242.62017078,0.0,9.908325699999999,6.015879629999972,0.025850621061918103,232.71184508,-0.005180000000024165,-2.2258792618389057e-05,False
2024-09-15,216.32258645,220.24036462,223.38808648,0.0,7.65032003,3.9177781700000196,0.018110814197876468,215.73776645,-0.5848199999999792,-0.0027034624982868,False
2024-09-16,239.39621558,243.60823491,247.72219962999998,0.0,8.46148405,4.212019330000004,0.017594343836201773,239.26071557999998,-0.1355000000000075,-0.0005660072765633462,False
2024-09-17,236.76914218,233.59991294,237.90816680999998,0.0,8.24519463,-3.169229239999993,-0.013385313689191122,229.66297218,-7.106169999999992,-0.03001307490736119,False
2024-09-18,239.63692403,245.15119535999997,249.09126025999998,0.0,10.14265623,5.5142713299999855,0.0230109418751747,238.94860402999998,-0.6883200000000045,-0.002872345331530938,False
2024-09-19,240.98337400999998,245.68724831999998,250.16432869,0.0,9.58203468,4.703874310000003,0.019519497265420512,240.58229401,-0.401079999999979,-0.0016643471843137841,False
2024-09-20,235.94362395,238.16482581999998,242.20733492999997,0.0,6.299010979999999,2.2212018699999874,0.009414121190537845,235.90832394999998,-0.03530000000000655,-0.00014961201073815475,False
2024-09-21,227.62970253,229.81108466999999,233.88195033,0.0,6.3585177999999996,2.1813821399999824,0.009583029436646087,227.52343253,-0.10626999999999498,-0.00046685471543850623,False
2024-09-22,202.83859213,205.6586662,209.49894207,0.0,6.88099994,2.820074070000004,0.013903044979688127,202.61794213,-0.22065000000000623,-0.0010878107449029761,False
2024-09-23,230.29834219999998,233.25053104,237.45646465,0.0,7.294342449999999,2.9521888400000194,0.012818975646104411,230.1621222,-0.13621999999998025,-0.0005914936195314925,False
2024-09-24,239.20434946999998,242.83819264,246.63886243,0.0,7.47259296,3.633843170000006,0.01519137581758624,239.16626946999997,-0.038080000000007885,-0.0001591944297182762,False
2024-09-25,236.5467553,241.17948324,245.32303270999998,0.0,8.81557741,4.632727939999995,0.0195848297903074,236.50745529999998,-0.03930000000002565,-0.00016614051606915297,False
2024-09-26,233.36262853,235.54556606,239.14031595999998,0.0,5.80268743,2.182937530000004,0.009354272120393843,233.33762853,-0.025000000000005684,-0.00010712940695554345,False
2024-09-27,236.04236382,238.08048040999998,241.63425691999998,0.0,5.7213031,2.038116589999987,0.008634537279732565,235.91295381999998,-0.12941000000000713,-0.0005482490426959627,False
2024-09-28,221.45077847999997,226.75902638,231.00237857,0.0,9.890710089999999,5.308247900000026,0.023970328469535878,221.11166848,-0.3391099999999767,-0.001531310941092957,False
2024-09-29,196.81954588,202.4942853,205.94037695,0.0,9.315531069999999,5.674739420000009,0.02883219445826723,196.62484588,-0.19469999999998322,-0.0009892310193556231,False
2024-09-30,220.61849704,217.19092614,220.31643825999998,0.00939418,0.0188054,-3.4275709000000063,-0.015536190056532562,220.30702703999998,-0.3114700000000141,-0.0014118036528167537,False
2024-10-01,228.74960172,230.3108274,233.48947884999998,0.0,4.7761371299999995,1.5612256800000068,0.006825042178263631,228.71334172,-0.03625999999999863,-0.00015851393719313459,False
2024-10-02,232.02060787999997,228.02997205,231.92932645,0.00526323,0.0415918,-3.990635829999974,-0.017199488728449126,231.89299788,-0.1276099999999758,-0.0005499942490710787,False
2024-10-03,233.50306838999998,230.62368433,233.32808337,0.01023436,0.01667934,-2.8793840599999783,-0.012331247207384839,233.32163839,-0.18142999999997755,-0.0007769919309880361,False
2024-10-04,234.72351109,231.8084147,234.65619189999998,0.006461199999999999,0.02702201,-2.915096390000002,-0.012419277372185641,234.63563108999998,-0.08788000000001261,-0.00037439794416809316,False
2024-10-05,221.60238582,218.2977245,221.37025688,0.01757454,0.0579056,-3.304661320000008,-0.014912571034701182,221.32992582,-0.27245999999999526,-0.001229499398175727,False
2024-10-06,201.85849353999998,197.4163686,201.16594522,0.00277878,0.01196046,-4.442124939999985,-0.022006133416029583,201.15676354,-0.7017299999999977,-0.003476346165542665,False
2024-10-07,225.28803118,222.06825670999999,224.8681595,0.00518994,0.01485826,-3.2197744700000044,-0.014291813254062655,224.85849118,-0.4295400000000029,-0.001906625921271469,False
2024-10-08,225.32858808999998,222.06787857999998,224.97454804999998,0.0058731799999999995,0.01094314,-3.260709509999998,-0.01447090907389708,224.96947809,-0.35910999999998694,-0.001593716993675709,False
2024-10-09,229.37079891999997,226.42598278,229.32818107,0.00875517,0.019677319999999998,-2.944816139999972,-0.012838670632293808,229.31725892,-0.05353999999996972,-0.0002334211689197779,False
2024-10-10,228.35467121,225.62656137,228.45739587,0.0022346099999999997,0.14564927,-2.728109840000002,-0.011946809870559521,228.31398120999998,-0.040690000000012105,-0.00017818772782008337,False
2024-10-11,229.56136381999997,226.49679024,229.52560362999998,0.0077434999999999995,0.011873309999999998,-3.0645735799999727,-0.013349692339356015,229.52147381999998,-0.03988999999998555,-0.00017376617448249464,False
2024-10-12,222.19190016,218.57153379,221.60987633999997,0.0033212700000000003,0.02154745,-3.6203663699999993,-0.016293871952096275,221.59165015999994,-0.6002500000000452,-0.002701493616859149,False
2024-10-13,201.765623,198.96347597,201.56799959,0.00648665,0.02440324,-2.8021470300000146,-0.013888129148740143,201.550083,-0.21554000000000428,-0.001068269196680766,False
2024-10-14,205.71950697,202.77534003,205.53752064,0.01814211,0.03355578,-2.9441669400000023,-0.014311559381820554,205.52210697,-0.19739999999998759,-0.0009595589786668814,False
2024-10-15,227.08014000999998,223.9296542,227.08057968999998,0.011258899999999999,0.02263858,-3.150485809999992,-0.013873894079249967,227.06920000999997,-0.010940000000005057,-4.817682426795795e-05,False
2024-10-16,229.51053244999997,226.19382244999997,229.39184609,0.02025372,0.024947360000000002,-3.3167100000000005,-0.014451232214027313,229.38715245,-0.12337999999996896,-0.0005375788147188753,False
2024-10-17,235.82035872999998,232.60795301,235.74120333,0.00428443,0.013539029999999999,-3.2124057199999925,-0.013622257795299185,235.73194873,-0.08840999999998189,-0.00037490401794022365,False
2024-10-18,241.01023612,237.44335511,240.87915058,0.013871789999999998,0.013386249999999999,-3.566881010000003,-0.014799707545301263,240.87963612,-0.13060000000001537,-0.0005418856978962051,False
2024-10-19,227.83472071,224.69875851,227.59055755999998,0.0015990099999999999,0.015365859999999999,-3.1359621999999945,-0.01376419796871791,227.57679070999998,-0.257930000000016,-0.0011320925941236272,False
2024-10-20,205.01727436000002,201.16135480999998,203.80130279,0.0023149399999999997,0.01064337,-3.8559195500000385,-0.018807778817843603,203.79297436,-1.224300000000028,-0.00597169191631247,False
2024-10-21,226.99237140999998,223.79192328,226.79793701999998,0.02165729,0.0334529,-3.200448129999984,-0.0140993642655032,226.78614141,-0.2062299999999766,-0.0009085327349062237,False
2024-10-22,230.09510135,226.55017856999999,230.05461971999998,0.00200361,0.019601979999999998,-3.5449227800000074,-0.01540633746308136,230.03702134999997,-0.05808000000001812,-0.00025241736855437024,False
2024-10-23,231.8883838,228.53732406999998,231.75005615,0.010084969999999999,0.03248732,-3.3510597300000313,-0.014451175496959201,231.7276538,-0.16073000000000093,-0.0006931351944676451,False
2024-10-24,235.5768431,232.40442013999998,235.51829716999998,0.00383594,0.01345001,-3.172422960000006,-0.013466616320405246,235.50868309999996,-0.06816000000003442,-0.00028933234312466437,False
2024-10-25,238.90412736,236.45055295999998,238.85641013,0.013630429999999999,0.016773200000000002,-2.453574400000008,-0.010270121437888614,238.85326736000002,-0.050859999999971706,-0.00021288874563197378,False
2024-10-26,231.0193758,228.19213867,230.95624260999998,0.0080012,0.01751801,-2.8272371300000145,-0.01223809526889049,230.94672579999997,-0.07265000000003852,-0.00031447578692678,False
2024-10-27,211.9532049,208.95735489999998,211.67042526,0.0035144099999999995,0.01468477,-2.9958500000000186,-0.014134487852700633,211.6592549,-0.29394999999999527,-0.0013868627282077736,False
2024-10-28,232.92644009999998,230.13659416,232.83178388,0.01830928,0.01769306,-2.789845939999992,-0.011977369073267317,232.8324001,-0.09403999999997836,-0.00040373261171898354,False
2024-10-29,236.89954050999998,234.2567685,236.79783382,0.00870133,0.015234639999999999,-2.6427720099999874,-0.011155665411214384,236.79130051,-0.10823999999996659,-0.0004569025324698659,False
2024-10-30,235.92102622,232.60876915,235.61421384,0.00531938,0.017667,-3.312257069999987,-0.01403968575022752,235.60186622,-0.31915999999998235,-0.0013528255836864694,False
2024-10-31,225.56128571,222.00645551,225.06899227,0.00496866,0.01798522,-3.554830199999998,-0.015759930560824954,225.05597570999998,-0.5053100000000086,-0.0022402337280949727,False
2024-11-01,222.52820853999998,219.93106396,222.24653050999999,0.00237279,0.03585476,-2.5971445799999913,-0.011671080251082632,222.21304854,-0.31515999999999167,-0.0014162698835700235,False
2024-11-02,213.71564716999998,211.07334899,213.70129910999998,0.02477225,0.02182419,-2.642298179999983,-0.012363615930742632,213.70424717,-0.011399999999980537,-5.3341906177381636e-05,False
2024-11-03,193.76048988,191.00246435999998,193.31159015999998,0.00538459,0.01966487,-2.758025520000018,-0.01423419976749709,193.29730987999997,-0.4631800000000226,-0.0023904770280405454,False
2024-11-04,197.70418003999998,195.05394626999998,197.06493121999998,0.00454622,0.0099574,-2.65023377,-0.013405046719112353,197.05952004,-0.6446599999999876,-0.0032607302479368844,False
2024-11-05,225.37648518,222.22662602,225.13779208999998,0.00355109,0.016097999999999998,-3.1498591600000054,-0.013975988477610375,225.12524517999998,-0.2512400000000241,-0.0011147569357085672,False
2024-11-06,230.39230953999999,227.14834875999998,229.99138201999997,0.0015725399999999999,0.00950502,-3.243960780000009,-0.014080160863341677,229.98344953999998,-0.4088600000000042,-0.0017746252069625581,False
2024-11-07,229.61136104,226.54890733,229.59484619999998,0.01304647,0.01720163,-3.0624537099999998,-0.013337553055427854,229.59069104,-0.020669999999995525,-9.002167796215736e-05,False
2024-11-08,225.15950669999998,221.83356558999998,225.15031825,0.00926012,0.02099167,-3.3259411100000023,-0.014771488704811604,225.1385867,-0.020919999999989614,-9.291191078981705e-05,False
2024-11-09,212.88165876,210.27976515,212.79477423999998,0.02648784,0.01465332,-2.6018936099999905,-0.012222253552305,212.80660875999996,-0.07505000000003292,-0.00035254328830950775,False
2024-11-10,193.68498264,190.68137431,192.93562303,0.004341729999999999,0.007632119999999999,-3.0036083299999916,-0.015507698578690342,192.93233263999997,-0.7526500000000169,-0.0038859491827456685,False
2024-11-11,196.75672898,193.62214192,196.01419167999998,0.010619259999999998,0.02750196,-3.134587060000001,-0.015931282636430833,195.99730897999999,-0.7594200000000058,-0.003859690105323918,False
2024-11-12,221.69286878999998,218.85998382,221.51776024999998,0.00577865,0.01751011,-2.8328849699999807,-0.012778421721284367,221.50602879,-0.18683999999998946,-0.0008427875962802163,False
2024-11-13,226.9711932,223.52436194,226.62125774999998,0.00682443,0.01743898,-3.446831259999982,-0.015186205841385083,226.61064319999997,-0.3605500000000177,-0.0015885275788382193,False
2024-11-14,228.24834778,224.97793814,228.18220430999997,0.01238715,0.01840368,-3.270409639999997,-0.014328294911261403,228.17618777999996,-0.07216000000002509,-0.0003161468667873005,False
2024-11-15,229.89316827,226.90835912999998,229.87949604,0.00438808,0.024185850000000002,-2.98480914000001,-0.01298346167683624,229.85969827,-0.033469999999994116,-0.0001455893633197703,False
2024-11-16,217.99695743,215.12675363999998,217.95341868999998,0.012197379999999999,0.01353864,-2.8702037900000335,-0.01316625618924829,217.95207742999997,-0.04488000000003467,-0.00020587443296976233,False
2024-11-17,201.41220163999998,208.723965,211.37284388999998,0.0,10.118082249999999,7.311763360000015,0.03630248465814852,201.25476164,-0.15743999999997982,-0.0007816805472460145,False
2024-11-18,226.52326294,233.35968420999998,236.39319249,0.0,10.37226955,6.836421269999988,0.0301797757160631,226.02092294,-0.5023400000000038,-0.0022176088825502233,False
2024-11-19,230.78683433,236.7655499,240.31894505,0.0,9.66304072,5.978715569999991,0.02590579132192212,230.65590433,-0.13093000000000643,-0.0005673200569699345,False
2024-11-20,227.12778033,233.62306931,236.87293316999998,0.0,9.786742839999999,6.495288979999998,0.02859751004726423,227.08619033,-0.04159000000001356,-0.0001831127832077007,False
2024-11-21,227.73615902,234.40684113,237.86956739,0.0,10.25874837,6.670682110000001,0.029291273457431835,227.61081901999998,-0.12534000000002266,-0.000550373733092667,False
2024-11-22,225.02400991999997,231.73331252999998,234.80163768,0.0,9.89045776,6.709302610000009,0.029815941029516294,224.91117992,-0.112829999999974,-0.0005014131604893499,False
2024-11-23,215.40128021,222.81000898,225.65896919,0.0,10.389218979999999,7.408728769999982,0.03439500806484079,215.26975020999998,-0.13153000000002635,-0.0006106277542630875,False
2024-11-24,201.15538475999998,207.83606729,210.70502187,0.0,10.23209711,6.680682530000013,0.03321155204455892,200.47292475999998,-0.6824599999999919,-0.0033927006270015594,False
2024-11-25,230.02909384,236.73524157999998,239.79254459999999,0.0,9.80602076,6.706147739999977,0.029153476319236964,229.98652384,-0.04257000000001199,-0.0001850635469164703,False
2024-11-26,233.31313761,240.01606782,243.66032414,0.0,10.43559653,6.702930209999977,0.02872933036974718,233.22472761,-0.08841000000001031,-0.00037893279780838615,False
2024-11-27,231.23366808,238.67375287,241.84111817,0.0,10.842570089999999,7.440084789999986,0.03217561201955217,230.99854807999998,-0.2351200000000233,-0.0010168069466366756,False
2024-11-28,232.05789543,239.49662884999998,242.32067935999999,0.0,10.536313929999999,7.438733419999977,0.032055506692483395,231.78436542999998,-0.27353000000002226,-0.0011787144733566382,False
2024-11-29,234.17319541999998,240.13126997999998,243.77682977999999,0.0,9.643754359999999,5.95807456,0.025443025403970466,234.13307541999998,-0.04012000000000171,-0.00017132618414351274,False
2024-11-30,224.0104428,229.44606334,232.13373249,0.0,8.21771969,5.435620540000002,0.024265031897879014,223.9160128,-0.09442999999998847,-0.00042154284782293405,False
2024-12-01,208.41100375999997,215.92750213,218.70175695,0.0,10.335593189999999,7.516498370000022,0.03606574621489661,208.36616376,-0.04483999999996513,-0.00021515178753038188,False
2024-12-02,232.2204908,239.52535636,242.60596177999997,0.0,10.45315098,7.304865559999996,0.03145659340756159,232.15281079999997,-0.06768000000002417,-0.000291447149073135,False
2024-12-03,235.45969262999998,242.46404564,245.56962793,0.0,10.436635299999999,7.004353010000017,0.029747567117598413,235.13299263,-0.3266999999999882,-0.0013874986259893014,False
2024-12-04,237.33609493999998,243.99756721999998,247.32779589999998,0.0,10.051770959999999,6.661472279999998,0.02806767458478686,237.27602493999999,-0.06006999999999607,-0.00025310098750542826,False
2024-12-05,238.11605584999998,244.36130296,247.36248870999998,0.0,9.64504286,6.245247110000008,0.026227744650424458,237.71744585,-0.3986099999999908,-0.0016740156331629026,False
2024-12-06,235.81087700999998,242.60003586,245.95501743,0.0,10.25138042,6.789158850000007,0.028790694204118922,235.70363701,-0.10723999999999023,-0.00045477121903686625,False
2024-12-07,220.59082223,227.98915695,230.7860552,0.0,10.24424297,7.398334720000008,0.03353872407386968,220.54181223,-0.049009999999981346,-0.00022217606110956354,False
2024-12-08,202.95440849,209.80533939999998,212.42270008,0.0,9.49599159,6.850930909999988,0.0337560093469837,202.92670849,-0.027699999999981628,-0.000136483854704474,False
2024-12-09,232.42194765,236.58449858999998,239.20088819999998,0.0,6.83952055,4.1625509399999885,0.017909457269794066,232.36136764999998,-0.06058000000001584,-0.00026064664121669856,False
2024-12-10,238.33438621,245.09171644999998,248.44813696999998,0.0,10.17233076,6.7573302399999875,0.028352309322440795,238.27580620999998,-0.058580000000006294,-0.0002457891239763891,False
2024-12-11,238.11526203,243.49870188,246.69410158,0.0,9.22295955,5.383439850000002,0.022608545979391048,237.47114202999998,-0.6441200000000151,-0.002705076501643405,False
2024-12-12,239.01166783,244.51297476999997,248.09282808999998,0.0,9.294760259999999,5.501306939999978,0.023016896998990236,238.79806782999998,-0.21360000000001378,-0.0008936802204649667,False
2024-12-13,236.64273490999997,242.79888329,246.67603208,0.0,10.056907169999999,6.156148380000019,0.026014525154728824,236.61912491,-0.023609999999962383,-9.977065219830959e-05,False
2024-12-14,222.65280122999997,223.95962598,227.4084972,0.005358470000000001,4.80081444,1.3068247500000325,0.005869338911438553,222.61304123,-0.039759999999972706,-0.00017857399404061706,False
2024-12-15,206.16270577999998,209.35567823,211.90999281,0.0,6.188017029999999,3.1929724500000134,0.015487633604340122,205.72197578,-0.44072999999997364,-0.0021377775302885513,False
2024-12-16,232.54516672,238.32777323,240.76597486,0.0,8.35179814,5.782606509999994,0.024866595128862173,232.41417672,-0.13098999999999705,-0.0005632884219766124,False
2024-12-17,235.39388626,238.10515811,241.16750808,0.0,6.153701819999999,2.711271850000003,0.011518021530114497,235.01380626,-0.3800799999999924,-0.0016146553593162655,False
2024-12-18,238.3351944,240.47291106999998,243.65426079,0.0,5.64138639,2.137716669999975,0.008969370534559939,238.0128744,-0.32232000000001904,-0.0013523810480925726,False
2024-12-19,236.96747799,240.48949266999998,243.13028447,0.0,6.1725664799999995,3.522014679999984,0.01486286097094139,236.95771799,-0.009759999999999991,-4.1187086442350806e-05,False
2024-12-20,235.42347026,241.96017075999998,245.82047747,0.0,10.43783721,6.536700499999995,0.027765712963031722,235.38264026,-0.0408299999999997,-0.00017343215591422275,False
2024-12-21,223.36108349,227.82892392,230.9111959,0.0,7.57270241,4.467840429999995,0.02000277022384709,223.33849349,-0.022590000000008104,-0.00010113668704969131,False
2024-12-22,206.52954312,211.88398734999998,214.58963957,0.0,8.13920645,5.354444229999984,0.025925802909895986,206.45043312,-0.0791099999999858,-0.00038304447298380195,False
2024-12-23,222.38439402999998,225.91708744,229.29386956,0.0,6.97444553,3.5326934100000074,0.01588552751378517,222.31942403,-0.0649699999999882,-0.0002921517954682722,False
2024-12-24,209.47220578999998,213.59186863,216.62430451,0.0,7.23240872,4.119662840000018,0.019666870955328847,209.39189579,-0.0803099999999688,-0.00038339215313596856,False
2024-12-25,187.0207826,190.41197941,192.90315618,0.00081029,5.89681387,3.3911968099999967,0.018132727084417606,187.0071526,-0.013629999999977827,-7.287960092183801e-05,False
2024-12-26,219.55888912,225.38331553999998,228.43325862,0.0,8.951639499999999,5.8244264199999805,0.026527855207067647,219.48161912,-0.07726999999999862,-0.00035193291562778253,False
2024-12-27,222.90449508,228.01131918,231.52299738,0.0,8.6325023,5.106824099999983,0.022910368398659495,222.89049508,-0.014000000000010004,-6.280716768401387e-05,False
2024-12-28,213.46664516999996,219.82371774,222.92470987,0.0,9.5763647,6.357072570000042,0.02978016806765017,213.34834517,-0.11829999999997654,-0.0005541849402550226,False
2024-12-29,199.77611999,206.21036880999998,209.30284468,0.0,9.63336469,6.434248819999965,0.03220729694981581,199.66947998999999,-0.10664000000002716,-0.0005337975329852493,False
2024-12-30,210.8126953,214.38261366999998,216.97163050999998,0.0,6.16271521,3.569918369999982,0.01693407678754716,210.8089153,-0.003780000000006112,-1.7930608944717153e-05,False
2024-12-31,197.24608640999998,198.34735364,200.82502014,0.0,3.59171373,1.101267230000019,0.005583214602853519,197.23330640999998,-0.012779999999992242,-6.479216005040251e-05,False
2025-01-01,176.78208052,176.12359116,178.81965345999998,0.00379147,2.05615441,-0.6584893600000044,-0.0037248648622251455,176.76729052,-0.014790000000004966,-8.366232570914742e-05,False
2025-01-02,202.35850811999998,204.82845411,207.58568286,0.0,5.2421247399999995,2.4699459900000136,0.012205792644682469,202.34355811999998,-0.014949999999998909,-7.387878147003068e-05,False
2025-01-03,209.93243441999996,212.38707194,215.50343253999998,0.0,5.578868119999999,2.454637520000034,0.011692512054088696,209.92456441999997,-0.007869999999996935,-3.748825197850024e-05,False
2025-01-04,204.60461415999998,205.84466984,209.15770743,0.0,4.57857327,1.2400556800000118,0.006060741518909701,204.57913416,-0.025479999999987513,-0.00012453287089636333,False
2025-01-05,187.89642411,193.90259856999998,196.70292372999998,0.0,8.90115962,6.006174459999983,0.03196534733669969,187.80176411,-0.09466000000000463,-0.0005037881931408547,False
2025-01-06,192.93313413999996,197.79396477,200.21464068,0.0007255599999999999,7.327102099999999,4.860830630000038,0.025194379657321204,192.88826414000002,-0.04486999999994623,-0.0002325676209011707,False
2025-01-07,217.94904676,221.97402857999998,224.5077574,0.00150286,6.5753835,4.024981819999994,0.01846753578340814,217.93387676,-0.015169999999983474,-6.960342440354096e-05,False
2025-01-08,225.02038627,232.13321624,234.94277363999998,0.0,9.96367737,7.112829970000007,0.03160971362597069,224.97909626999999,-0.0412900000000036,-0.00018349448547501867,False
2025-01-09,226.59967806999998,230.87051390999997,234.12021565999999,0.0,7.556447589999999,4.2708358399999895,0.018847492972521637,226.56376806999998,-0.03591000000000122,-0.00015847330546033738,False
2025-01-10,228.76235369,232.45224921,236.57087087999997,0.0,7.85961719,3.689895519999993,0.016129819703639862,228.71125368999998,-0.05110000000001946,-0.00022337591468072582,False
2025-01-11,219.45551455999998,223.61314867,226.56662294,0.0,7.13428838,4.157634110000004,0.01894522504178536,219.43233456000002,-0.023179999999968004,-0.00010562505137518658,False
2025-01-12,201.56183306999998,205.28206396,207.77701915999998,0.0,6.24781609,3.7202308900000105,0.018457020524853134,201.52920307,-0.032629999999983283,-0.00016188580696550463,False
2025-01-13,226.83181531999998,229.95266979,232.88550719,0.0,6.07281187,3.120854470000012,0.013758451236645564,226.81269532,-0.019119999999986703,-8.4291526622989e-05,False
2025-01-14,230.65185913,237.2457048,240.32978382,0.0,9.69401469,6.593845670000007,0.028587871326385385,230.63576913,-0.016089999999991278,-6.975881339383713e-05,False
2025-01-15,230.46637899,237.36404220999998,240.1066252,0.0,9.68300621,6.89766321999997,0.02992915170632876,230.42361899,-0.04276000000001545,-0.00018553682401488514,False
2025-01-16,230.85059572999998,237.54622701,240.78502050999998,0.0,10.214914779999999,6.695631280000015,0.029004175877592894,230.57010573,-0.28048999999998614,-0.0012150282701806142,False
2025-01-17,232.85377769,239.66088631999997,243.1324361,0.0,10.32295841,6.807108629999988,0.02923340431720349,232.80947769,-0.04429999999999268,-0.00019024814817034924,False
2025-01-18,220.89317219,225.01714568,227.85291963999998,0.0,6.99444745,4.123973489999997,0.018669538080845635,220.85847219,-0.03470000000001505,-0.00015708950917762204,False
2025-01-19,203.61254287,208.41681806999998,210.87370328,0.0,7.75672041,4.804275199999978,0.023595182950332052,203.11698287000002,-0.49555999999998335,-0.002433838274473996,False
2025-01-20,230.54912294999997,237.57974101,241.11939671,0.0,10.59381376,7.030618060000023,0.030495097834420212,230.52558295,-0.023539999999968586,-0.00010210405356898188,False
2025-01-21,234.87805287999998,241.26676748,244.2198747,0.0,9.370181819999999,6.388714600000014,0.02720013437468349,234.84969288,-0.02835999999999217,-0.00012074350775754,False
2025-01-22,236.02396977,242.34988400999998,245.45126162,0.0,9.47194185,6.325914239999975,0.02680199916205305,235.97931977,-0.04465000000001851,-0.0001891757012795307,False
2025-01-23,236.90412966999997,242.96544885999998,246.67130434999999,0.0,9.818354679999999,6.061319190000006,0.02558553621856754,236.85294967,-0.05117999999998801,-0.00021603675744817175,False
2025-01-24,236.60865146999998,242.81024981,246.90770308999998,0.0,10.325781619999999,6.201598340000004,0.026210361715308262,236.58192147,-0.026729999999986376,-0.00011297135516355166,False
2025-01-25,225.47534763,230.93984202,234.3344317,0.0,8.883454069999999,5.464494389999999,0.024235440581145535,225.45097763,-0.024369999999976244,-0.00010808276938535591,False
2025-01-26,206.04459873,206.20622744,208.73612839999998,0.01438594,3.7143656099999998,0.16162871000000223,0.0007844355590791285,205.03614873,-1.008449999999982,-0.004894328733758515,False
2025-01-27,234.06686359,234.5218913,238.55811262,0.0,4.53320903,0.455027709999996,0.0019440073790070473,234.02490359,-0.041959999999988895,-0.00017926501580115822,False
2025-01-28,235.48624431,237.85379872,240.92168056,0.0,5.72371625,2.367554409999997,0.010053896850481376,235.19796431,-0.2882799999999861,-0.0012241904016290952,False
2025-01-29,237.55096622,238.00648805999998,240.94458189,0.0017736199999999998,3.45307929,0.45552183999998874,0.0019175751934350047,237.49327621999998,-0.05769000000000801,-0.00024285314818117944,False
2025-01-30,238.71866765,235.57436275999999,238.54940137999998,0.0044513,0.04878503,-3.144304890000001,-0.013171591987142196,238.50506764999997,-0.21360000000001378,-0.0008947771119147907,False
2025-01-31,238.74508919999997,236.08961706,239.19128569999998,0.006976999999999999,0.5023135,-2.655472139999972,-0.011122625176911797,238.69594919999997,-0.04913999999999419,-0.00020582622312632763,False
2025-02-01,226.38845488999996,225.56775800999998,228.56784233,0.00262101,2.38237845,-0.8206968799999856,-0.0036251710821506096,226.18808489,-0.20036999999996397,-0.0008850716353769978,False
2025-02-02,205.72626204,206.69937327999997,209.50367563,0.009860559999999999,3.9028641499999996,0.9731112399999802,0.004730126481424988,205.61067204,-0.11558999999999742,-0.0005618631226455809,False
2025-02-03,232.43118141999997,237.84054468,241.29039622,0.0,8.8903648,5.4093632600000205,0.02327296719378359,232.40003142,-0.03114999999996826,-0.00013401816318130155,False
2025-02-04,235.22769356,239.20710734,242.42506045,0.0,7.88486689,3.9794137799999874,0.016917284354467176,234.54019355999998,-0.6875000000000284,-0.002922700085160961,False
2025-02-05,236.87581666,241.22891592,245.1406068,0.0,8.45361014,4.353099259999993,0.018377136684443476,236.68699666,-0.18881999999999266,-0.0007971265393926459,False
2025-02-06,236.22838294999997,242.69265625999998,246.03883695,0.0,9.851424,6.46427331000001,0.027364507301259545,236.18741294999998,-0.040969999999987294,-0.0001734338587444803,False
2025-02-07,237.40656438,243.80862890999998,247.65099098,0.0,10.2711966,6.40206452999999,0.02696667022126926,237.37979438,-0.026769999999999072,-0.00011276015079831666,False
2025-02-08,224.24242547,226.14064151,230.08863560999998,0.0,5.9436601399999995,1.898216039999994,0.008465017429335399,224.14497547,-0.09745000000000914,-0.0004345743219453643,False
2025-02-09,204.69406941,204.55641728999998,207.49425681,0.0,2.9309574,-0.1376521200000127,-0.000672477323826598,204.56329940999998,-0.1307700000000125,-0.0006388558319102133,False
2025-02-10,228.53450575999997,225.37094482999998,228.29294259,0.00628833,0.02607516,-3.1635609299999885,-0.013842815199741716,228.27315575999998,-0.2613499999999931,-0.0011435909825996033,False
2025-02-11,231.89358112,228.30847838,231.89307881,0.00212158,0.02265927,-3.5851027399999964,-0.015460120641048628,231.87254112,-0.02103999999999928,-9.073127379542054e-05,False
2025-02-12,233.23535612,230.16982141999998,233.12720823,0.010256429999999999,0.022828539999999998,-3.065534700000029,-0.013143524854022587,233.11463612,-0.12072000000000571,-0.0005175887653066419,False
2025-02-13,234.70665108999998,231.40655189,234.03842114999998,0.61989487,0.052514929999999994,-3.300099199999977,-0.014060526979844853,234.60580108999997,-0.10085000000000832,-0.00042968530943478315,False
2025-02-14,233.27327319,229.26588751999998,233.17640796999999,0.02579035,0.01443513,-4.007385670000019,-0.01717893188190497,233.18776318999997,-0.08551000000002773,-0.00036656578282922376,False
2025-02-15,221.75552846,218.28405592,218.12505582,3.5936143499999997,0.01763171,-3.4714725400000077,-0.015654502794622268,221.70103846,-0.05448999999998705,-0.00024572104415343087,False
2025-02-16,202.67785124,199.52556621,202.51864694,0.04903306999999999,0.02224877,-3.1522850300000016,-0.01555317964303479,202.54543124,-0.1324199999999962,-0.000653352101326512,False
2025-02-17,228.65460216999998,224.76892428,227.7183595,0.70772742,0.03361475,-3.8856778899999824,-0.016993657040460797,228.39247217,-0.2621299999999849,-0.0011464015922369086,False
2025-02-18,231.63063294,227.66106245999998,230.85256864,0.39741202,0.028357719999999996,-3.9695704800000158,-0.017137502193107015,231.22162293999997,-0.4090100000000234,-0.001765785443870762,False
2025-02-19,233.65462349,229.97721944,233.56202976999998,0.03619898999999999,0.022525269999999997,-3.677404050000007,-0.01573863163960628,233.57570349,-0.07892000000001076,-0.0003377634853580734,False
2025-02-20,235.87345205,231.76537739999998,234.82634063,0.77990902,0.0194976,-4.10807465000002,-0.017416435017575435,235.58675205,-0.2866999999999962,-0.0012154822745343214,False
2025-02-21,237.00927284999997,232.93283716,236.90777781,0.09508951,0.02232447,-4.0764356899999825,-0.017199477644825757,236.98054285,-0.028729999999967504,-0.00012121888588785444,False
2025-02-22,224.97045591999998,221.29247096,224.56339131,0.3307654,0.024480790000000002,-3.677984959999975,-0.0163487465274457,224.86967591999996,-0.10078000000001452,-0.0004479699327090848,False
2025-02-23,205.92328777,201.39184447999997,201.58381391,3.9239194,0.008765539999999999,-4.531443290000027,-0.02200549213773864,205.49896776999998,-0.4243200000000229,-0.0020605731609819418,False
2025-02-24,231.60033712,226.79094304999998,224.54437536999998,6.9854812299999995,0.00210948,-4.809394070000025,-0.02076591998874386,231.52774712,-0.07259000000001947,-0.0003134278684681194,False
2025-02-25,235.16839979,230.80647872999998,229.94645881,5.18688725,0.0062562699999999995,-4.3619210600000144,-0.018548074757897364,235.12708979,-0.04130999999998153,-0.00017566135601922034,False
2025-02-26,233.93521086,230.13965463999997,230.70730902,3.1402446499999996,0.01346281,-3.7955562200000372,-0.016224818000021003,233.83409086,-0.10112000000000876,-0.00043225643385734117,False
2025-02-27,235.26061273,231.33128551,233.67439283,1.56464873,0.016938830000000002,-3.9293272200000047,-0.016702018983983307,235.22210273,-0.038510000000002265,-0.0001636908088996554,False
2025-02-28,233.59703487,229.81233249,230.06140549,3.459588,0.009778619999999998,-3.784702379999999,-0.016201842553807407,233.51121487,-0.08581999999998402,-0.0003673848002725893,False
2025-03-01,223.45069119,218.8981632,218.82178763,4.6081607799999995,0.00638722,-4.552527989999987,-0.020373747629757723,223.42356119,-0.027129999999999654,-0.00012141381105387154,False
2025-03-02,204.47978955,201.41699572,204.15225764,0.01053232,0.019810409999999997,-3.062793830000004,-0.01497846724480847,204.14297955,-0.3368099999999856,-0.0016471554511142915,False
2025-03-03,227.99110524999998,224.13693417,224.22890482,3.68396051,0.00510008,-3.854171079999986,-0.016904918618530128,227.90776524999998,-0.08333999999999264,-0.0003655405762808488,False
2025-03-04,232.87627806999998,228.91821690999998,227.01102884,5.7794783,0.0036990699999999996,-3.9580611599999997,-0.016996411969493308,232.78680806999998,-0.08947000000000571,-0.0003841954223139552,False
2025-03-05,233.90875831,230.65610096,233.81308316,0.05088695,0.0271218,-3.2526573499999927,-0.01390566720759227,233.83684831,-0.07191000000000258,-0.00030742756500250424,False
2025-03-06,233.37067818,229.79030906,233.21363694,0.00947378,0.04211254,-3.5803691200000003,-0.01534198361131917,233.18099818,-0.18968000000000984,-0.0008127842001372113,False
2025-03-07,234.6786766,230.78450485,234.67403030999998,0.00493153,0.02537524,-3.894171749999998,-0.016593632648770434,234.65358659999998,-0.02509000000000583,-0.00010691214201267501,False
2025-03-08,223.07137287999998,219.58495499999998,216.84683707,6.2210310799999995,0.0035752699999999998,-3.4864178800000047,-0.015629158663382162,223.06429287999998,-0.007080000000001974,-3.173872069999148e-05,False
2025-03-09,206.16033511999998,202.56941869999997,205.05410283,0.6025006199999999,0.01913833,-3.5909164200000134,-0.01741807616828836,205.63746512,-0.5228699999999833,-0.0025362298702882673,False
2025-03-10,231.57940011,228.14943678,227.52593599,4.03947665,0.005822529999999999,-3.4299633299999925,-0.014811176332483645,231.55959011000002,-0.019809999999978345,-8.554301457974506e-05,False
2025-03-11,234.56442164999999,230.74938053,230.84212639999998,3.69461139,0.0038661399999999997,-3.8150411199999894,-0.016264363935347862,234.53287164999998,-0.03155000000000996,-0.00013450462682310183,False
2025-03-12,233.26987000999998,229.63817702,227.44537434,5.59990646,0.0012507899999999999,-3.6316929899999764,-0.015568632973663895,233.04403001,-0.22583999999997673,-0.0009681490369514728,False
2025-03-13,234.6920385,233.1550633,233.66540049,3.27677192,2.35749391,-1.5369752000000005,-0.006548902169086578,234.5846785,-0.1073599999999999,-0.0004574505410842895,False
2025-03-14,234.61110644,229.92513318,231.26813324999998,2.96546056,0.01119737,-4.685973259999997,-0.019973364991560615,234.22239643999998,-0.3887100000000032,-0.0016568269332953036,False
2025-03-15,223.38789709999998,218.977757,220.38526521999998,2.4988078099999997,0.017545929999999998,-4.410140099999978,-0.019742072678296314,222.86652709999996,-0.5213700000000188,-0.0023339223242100113,False
2025-03-16,204.56238249999998,199.9277414,199.93730875999998,3.6703835899999997,0.00968985,-4.634641099999982,-0.0226563703617403,203.59800249999998,-0.9643800000000056,-0.004714356511759955,False
2025-03-17,230.21974766,226.4808344,227.13949859,3.00687086,0.013401789999999998,-3.738913260000004,-0.016240627913126797,230.13296766,-0.08678000000000452,-0.0003769442060555359,False
2025-03-18,230.68379833999998,227.22586368999998,229.87500676,0.79785316,0.02608158,-3.4579346499999986,-0.014989932864307278,230.64677833999997,-0.03702000000001249,-0.00016047941063225207,False
2025-03-19,232.71295124,229.27103789,230.04573699,2.63009419,0.00682994,-3.441913349999993,-0.014790381590968273,232.66900124,-0.04394999999999527,-0.00018885927820437053,False
2025-03-20,235.80993443999998,231.89661207999998,234.41196946,1.21946979,0.01255481,-3.913322359999995,-0.01659523959112804,235.61888444,-0.19104999999998995,-0.0008101863920775618,False
2025-03-21,236.44453636999998,233.16781519999998,235.52059870999997,0.87107633,0.01922867,-3.276721170000002,-0.013858307831111936,236.37244636999998,-0.07209000000000287,-0.0003048917987565292,False
2025-03-22,228.78317244999997,223.36959649,228.36122469,0.42845553,0.022467769999999998,-5.413575959999974,-0.023662474394540965,228.76721245000002,-0.015959999999950014,-6.97603754202597e-05,False
2025-03-23,208.62678202,205.25474823,208.61088071,0.01902404,0.02163273,-3.3720337900000175,-0.01616299574460559,208.60827202000002,-0.018509999999992033,-8.872302884975512e-05,False
2025-03-24,214.87745974,210.87357519,213.0406248,1.41122336,0.22685842,-4.003884550000009,-0.01863333899630365,214.22498973999998,-0.6524700000000223,-0.0030364748391455564,False
2025-03-25,238.81508612,234.88157839,235.95961248999998,2.75132282,0.01182919,-3.9335077300000023,-0.016470934872278086,238.69910612,-0.1159799999999791,-0.00048564771130790865,False
2025-03-26,239.52272133,235.68403905,238.72415259,0.71674349,0.19775474999999998,-3.8386822800000004,-0.016026380539954265,239.24314133,-0.27958000000000993,-0.001167237907316615,False
2025-03-27,240.13729527,235.54917046999998,239.40896689,0.00893086,0.38782247999999997,-4.588124800000031,-0.01910625667221471,239.03007526999997,-1.1072200000000407,-0.00461077900771361,False
2025-03-28,237.03887296,233.14905688,236.75480302,0.007661970000000001,0.031352029999999996,-3.889816080000003,-0.0164100344868599,236.73111296,-0.3077600000000018,-0.0012983524438708242,False
2025-03-29,225.77866322999998,222.03757794,221.61885367999997,3.8546702699999997,0.01154072,-3.7410852899999725,-0.01656970254177181,225.46198322999996,-0.3166800000000194,-0.001402612609489226,False
2025-03-30,205.80875756,201.71573916999998,204.85187491,0.01116821,0.01909556,-4.093018390000026,-0.019887484082434036,204.84394755999998,-0.9648100000000284,-0.004687895750591442,False
2025-03-31,229.56762924999998,226.28238905,227.25451766999998,2.1608012899999998,0.22684971,-3.2852401999999756,-0.014310555067074971,229.18846924999997,-0.37916000000001304,-0.001651626587070368,False
2025-04-01,231.81734534999998,230.02185624,229.27807402,3.73765937,1.39836804,-1.795489109999977,-0.007745275088406913,231.61736534999997,-0.1999800000000107,-0.0008626619362674481,False
2025-04-02,231.71529456,228.72941887,231.34398133,0.32417882,0.01470559,-2.9858756900000003,-0.012885967219685804,231.65345455999997,-0.06184000000001788,-0.00026687923262659353,False
2025-04-03,234.00726627,230.16606477999997,233.61341123,0.00945246,0.02470742,-3.8412014900000315,-0.016414881260858,233.59815627,-0.4091099999999983,-0.00174827904501035,False
2025-04-04,232.09979515,228.45078866999998,231.84755056,0.00508053,0.02835594,-3.6490064800000255,-0.015721713488121642,231.82427514999998,-0.27552000000002863,-0.001187075584543137,False
2025-04-05,222.63106077999998,219.01587393999998,222.14753681,0.0119772,0.01841323,-3.615186840000007,-0.01623846568099709,222.14110078,-0.4899599999999964,-0.00220077107966604,False
2025-04-06,203.63551263,199.9790199,203.14415996,0.23016929,0.023876619999999998,-3.6564927299999965,-0.017956066124103515,203.35045262999998,-0.28506000000001563,-0.0013998540643446688,False
2025-04-07,229.47593781,225.55171359,228.68625543,0.11356406999999999,0.01432169,-3.9242242200000135,-0.017100809163046835,228.78549780999998,-0.6904400000000237,-0.0030087686168285307,False
2025-04-08,232.33994505,229.04137674999998,229.95023018999998,2.43752194,0.17994708,-3.298568300000028,-0.014197163984394374,232.20780505,-0.13214000000002102,-0.0005687356083844482,False
2025-04-09,234.28827388999997,230.57272325,233.94736987,0.01226246,0.02239844,-3.715550639999975,-0.015858884349220368,233.93723389,-0.35103999999998337,-0.0014983250940027804,False
2025-04-10,232.48679324999998,228.20585247999998,231.40761644999998,0.67755925,0.022472449999999998,-4.280940770000001,-0.018413694430360943,232.06270324999997,-0.42409000000000674,-0.001824146628165541,False
2025-04-11,227.47324572,223.75833099,227.03271518999998,0.0055305,0.02474997,-3.714914730000004,-0.016331216087595392,227.01349571999998,-0.45975000000001387,-0.0020211168067031785,False
2025-04-12,222.78238381,218.62590604,222.26635407999999,0.01364694,0.01952721,-4.156477770000009,-0.018657120455021534,222.26047380999998,-0.5219100000000196,-0.0023426897184345183,False
2025-04-13,210.25090447999997,207.17285445,210.22966297,0.010755009999999999,0.0177835,-3.078050029999986,-0.014639889600535744,210.22263447999998,-0.028269999999992024,-0.00013445839897768998,False
2025-04-14,235.96589802,232.26461983,235.85048243,0.010292899999999999,0.019647309999999998,-3.7012781900000107,-0.015685648735930043,235.84112801999999,-0.12477000000001226,-0.0005287628468645796,False
2025-04-15,239.00088775999998,235.44193391,238.95966309999997,0.01378648,0.02818182,-3.5589538499999946,-0.014890964980740266,238.94526775999998,-0.055620000000004666,-0.00023271880084335577,False
2025-04-16,235.56845657,232.74099711,235.55117732,0.01245777,0.03422852,-2.82745946,-0.01200270826225756,235.52940657,-0.03905000000000314,-0.00016576922296215535,False
2025-04-17,208.82837740999997,205.66869212,208.82477297,0.01255123,0.02394679,-3.1596852899999703,-0.015130536037238133,208.81337741000002,-0.014999999999957936,-7.182931834263079e-05,False
2025-04-18,197.43986687999998,195.02302405999998,197.44214226,0.0067776799999999995,0.02596306,-2.4168428199999994,-0.012240905842328734,197.42295688,-0.016909999999995762,-8.564633003056734e-05,False
2025-04-19,208.88552882,205.70055121,208.77663163999998,0.01007533,0.02495815,-3.1849776100000042,-0.01524747850170392,208.76174881999998,-0.12378000000001066,-0.0005925733615882691,False
2025-04-20,204.56855853999997,201.28370755999998,204.53152332,0.00898137,0.01482615,-3.2848509799999874,-0.01605745772196801,204.52567853999997,-0.0428799999999967,-0.00020961187929381743,False
2025-04-21,230.42963949,227.07969265,230.42501459,0.0095808,0.0598459,-3.349946840000001,-0.014537829627361715,230.37474949,-0.05489000000000033,-0.0002382072033853197,False
2025-04-22,233.35274732,229.96457515999998,233.50974061999997,0.012770469999999999,0.28076376999999997,-3.3881721600000105,-0.014519529763040506,233.24174731999997,-0.11100000000001842,-0.0004756747082467494,False
2025-04-23,233.75050177999998,230.47084514,233.89857049,0.011749009999999999,0.34783772,-3.2796566399999847,-0.014030586522918843,233.56248177999998,-0.18801999999999452,-0.000804361909678184,False
2025-04-24,236.15012503999998,234.07121747,237.64023103,0.008918619999999999,1.93990461,-2.078907569999984,-0.008803330379976937,235.70924503999998,-0.44087999999999283,-0.001866947984572589,False
2025-04-25,236.25210111,232.71105655,236.15830533,0.008147080000000001,0.0323913,-3.5410445600000173,-0.014988415101338259,236.13406110999998,-0.11804000000003612,-0.000499635768086042,False
2025-04-26,222.70694797,219.82493377999998,223.21537981999998,0.00513983,0.60877168,-2.8820141900000067,-0.01294083645018669,222.61174796999998,-0.0952000000000055,-0.00042746757956033565,False
2025-04-27,203.90775957,200.78076921,203.04111705999998,0.01096666,0.02131415,-3.1269903600000077,-0.015335318119301564,203.03076957,-0.8769900000000064,-0.004300915285663478,False
2025-04-28,228.62950967999998,229.51259045999998,232.59370815999998,0.00468679,4.03165527,0.8830807800000002,0.0038624969332961404,228.56673967999998,-0.06277000000000044,-0.0002745489857711549,False
2025-04-29,231.78316163999997,228.72568728,231.56300205999997,0.01835713,0.01592755,-3.0574743599999863,-0.013191097827670424,231.56543163999999,-0.21772999999998888,-0.0009393693591002175,False
2025-04-30,229.79132152,226.69395036999998,229.5190907,0.00891055,0.01472973,-3.097371150000015,-0.013479060608171984,229.51327152,-0.27805000000000746,-0.0012100108836173226,False
2025-05-01,212.51529594999997,209.97862027999997,212.47187334999998,0.00779525,0.023312649999999997,-2.536675669999994,-0.011936438074541308,212.45635594999996,-0.058940000000006876,-0.0002773447423468009,False
2025-05-02,230.90309696999998,227.19631737999998,230.89796008,0.00798287,0.02662598,-3.7067795899999965,-0.01605339919057733,230.87931697,-0.023779999999987922,-0.00010298692530346413,False
2025-05-03,217.75301523,214.58355959,217.71097652,0.00824633,0.02450762,-3.1694556399999954,-0.014555277852994512,217.69471522999999,-0.05830000000000268,-0.0002677345245411355,False
2025-05-04,201.83260116999998,199.59887655999998,201.77519250999998,0.01209673,0.018678069999999998,-2.233724609999996,-0.011067214102436156,201.76861116999999,-0.06398999999998978,-0.00031704491558374234,False
2025-05-05,225.41478887999997,223.17823708,225.99894303,0.01296599,0.61937014,-2.2365517999999724,-0.009921939066698084,225.39253888,-0.022249999999985448,-9.870692207258097e-05,False
2025-05-06,230.02758449,227.23448764999998,229.98218115999998,0.01738257,0.024439239999999997,-2.7930968400000324,-0.012142443030007373,229.97512448999998,-0.05246000000002482,-0.00022805960474842708,False
2025-05-07,229.28137827,226.54391434,229.26915211,0.0075816699999999996,0.03136551,-2.7374639300000183,-0.011939320805967947,229.24536827,-0.03601000000000454,-0.0001570559295818583,False
2025-05-08,230.33857661,227.02157628999998,230.10368422,0.00784373,0.02715134,-3.3170003200000053,-0.014400541884116167,230.08437661,-0.2541999999999973,-0.001103592822970329,False
2025-05-09,233.63818630999998,230.85119097999998,233.48383300999998,0.00978948,0.01834618,-2.7869953299999963,-0.011928680726454987,233.47527630999997,-0.16291000000001077,-0.0006972747159741072,False
2025-05-10,228.61642805,225.6659052,228.54095457999998,0.01358566,0.02878219,-2.9505228499999987,-0.012905996630105247,228.52575804999998,-0.09067000000001713,-0.0003966031696557999,False
2025-05-11,209.85996412999998,207.28155804,209.63151947999998,0.01145058,0.02236593,-2.578406089999987,-0.01228631721485841,209.62060412999998,-0.2393600000000049,-0.0011405700986955797,False
2025-05-12,239.23452862,236.91164107999998,240.07372804999997,0.016712429999999997,0.9573518599999999,-2.3228875400000106,-0.00970966671658707,239.13308862,-0.10143999999999664,-0.00042401906022990476,False
2025-05-13,241.43697888,237.81446289,241.40394822,0.01058423,0.02158357,-3.622515990000011,-0.01500398160548757,241.39294888,-0.04402999999999224,-0.00018236643037964874,False
2025-05-14,240.31044477999998,235.60007148999998,239.55751346999998,0.00969826,0.01817695,-4.710373290000007,-0.019601200831334115,239.54903477999997,-0.7614100000000121,-0.0031684432222539045,False
2025-05-15,234.15499734,230.47189321,234.1103585,0.007058989999999999,0.02966015,-3.683104130000004,-0.015729342409259058,234.08775733999997,-0.06724000000002661,-0.0002871602176501582,False
2025-05-16,232.2786957,228.34971251,232.25407626,0.012656,0.02553656,-3.9289831899999967,-0.016914952867974096,232.2411957,-0.037499999999994316,-0.0001614439924719894,False
2025-05-17,220.00104464999998,215.82026362,219.73678635,0.00991745,0.022949149999999998,-4.1807810299999915,-0.01900345990016185,219.72375465,-0.2772899999999936,-0.0012604031059994952,False
2025-05-18,203.68813249,199.61470479,203.34271769,0.01486589,0.02075109,-4.073427699999996,-0.019998355575281148,203.33683249,-0.35129999999998063,-0.0017246954729541134,False
2025-05-19,226.52096697999997,222.65810352,226.01258220999998,0.01607124,0.02728647,-3.8628634599999714,-0.017053006224986813,226.00136697999997,-0.519599999999997,-0.0022938273967631154,False
2025-05-20,233.69808043,230.93717599,233.61486609,0.01038598,0.029441639999999998,-2.7609044400000187,-0.01181397996474771,233.59581043,-0.1022700000000043,-0.000437615917990552,False
2025-05-21,237.36796991,233.95664474999998,236.97907346,0.00371456,0.02060811,-3.4113251600000183,-0.01437146368692225,236.96217990999997,-0.4057900000000245,-0.0017095398345188828,False
2025-05-22,237.74838843,234.09940939999998,237.59228804999998,0.00521688,0.0240365,-3.648979030000021,-0.015348070513102071,237.57346843,-0.1749200000000144,-0.0007357357968023236,False
2025-05-23,241.82207565,238.88481822,241.75206633,0.013013819999999999,0.019344499999999997,-2.9372574299999883,-0.012146357697513165,241.74573565,-0.07633999999998764,-0.00031568664603837896,False
2025-05-24,232.58894424,229.14748827,232.59688069999999,0.01104226,0.03015872,-3.4414559699999927,-0.01479630074956994,232.57776424,-0.011179999999995971,-4.8067632950170404e-05,False
2025-05-25,213.22943028999998,210.27740337,213.07337726,0.01348974,0.02332671,-2.9520269199999802,-0.013844369025350363,213.06354029000002,-0.1658899999999619,-0.0007779882907080196,False
2025-05-26,235.49253708,232.34325497999998,235.44764648,0.01325813,0.03137753,-3.149282100000022,-0.013373171562248565,235.42952708,-0.06300999999999135,-0.00026756686552060886,False
2025-05-27,236.53599402,232.99207101999997,236.3135394,0.00762842,0.0255438,-3.543923000000035,-0.014982594994402345,236.29562402,-0.24037000000001285,-0.0010162089748577067,False
2025-05-28,237.82273897999997,234.17786676999998,237.62128747999998,0.00380555,0.022924049999999998,-3.6448722099999884,-0.015326003836439327,237.60216898,-0.22056999999998084,-0.0009274554693381526,False
2025-05-29,238.90736241,235.51295083999997,238.79499536,0.00552844,0.022721389999999998,-3.394411570000017,-0.014208065987412768,238.77780241000002,-0.12955999999996948,-0.0005423022492610569,False
2025-05-30,241.87879532,238.27499665,241.83468864999998,0.008678809999999999,0.02297214,-3.6037986700000033,-0.014899192238956962,241.82039531999996,-0.058400000000034424,-0.000241443239878769,False
2025-05-31,225.08684706,221.29413408,225.06673633,0.00618959,0.02663886,-3.7927129800000046,-0.01684999825418055,225.04628706,-0.04055999999999926,-0.00018019711293564586,False
2025-06-01,201.74028193,198.18294813,201.30657965999998,0.021094739999999997,0.02854247,-3.557333800000009,-0.01763323499882059,201.29913193,-0.4411500000000217,-0.002186722432325599,False
2025-06-02,210.17598368,207.37299131,210.08347257,0.01000386,0.02344275,-2.8029923699999983,-0.013336406571873828,210.07003368000002,-0.10594999999997867,-0.0005041013637471116,False
2025-06-03,233.98812647999998,231.0149999,233.94549773999998,0.0085913,0.02570256,-2.9731265799999846,-0.01270631388321369,233.92838647999997,-0.05974000000000501,-0.00025531210022792015,False
2025-06-04,237.48536675999998,234.45182451,237.65736962999998,0.00980759,0.20852046,-3.0335422499999822,-0.012773596501487376,237.45865676,-0.026709999999980027,-0.00011247008758637686,False
2025-06-05,238.60876528999998,234.69165576999998,238.58574281,0.00909862,0.02604614,-3.917109519999997,-0.016416452745309777,238.56879529,-0.03996999999998252,-0.00016751270621346973,False
2025-06-06,238.48623258,234.57467665,238.26705858999998,0.00720669,0.029132699999999997,-3.91155593000002,-0.01640160057745846,238.24513258,-0.2411000000000172,-0.0010109598251930136,False
2025-06-07,228.92746305,224.83265896999998,228.85972195,0.015196349999999999,0.023775249999999998,-4.094804080000017,-0.017886906295317098,228.85114305,-0.07632000000000971,-0.0003333807092569784,False
2025-06-08,214.58463565,211.09027537999998,214.0463806,0.01710573,0.02500068,-3.4943602700000156,-0.016284298544558987,214.03848564999998,-0.5461500000000115,-0.002545149601907258,False
2025-06-09,237.32333247999998,233.48593742999998,236.80008970999998,0.0058752200000000004,0.02212245,-3.837395049999998,-0.01616948072446011,236.78384247999998,-0.5394900000000007,-0.0022732278127160772,False
2025-06-10,235.18208603999997,231.87915053999998,235.10953207999998,0.00620075,0.025626789999999997,-3.3029354999999896,-0.01404416278303707,235.09010604,-0.09197999999997819,-0.00039110121671569046,False
2025-06-11,231.51472303999998,228.41077153999998,231.44503466,0.01004072,0.02588234,-3.1039514999999938,-0.01340714516658929,231.42919304,-0.08552999999997724,-0.00036943654760652,False
2025-06-12,233.87191131999998,230.38588188999998,233.73443475,0.01125689,0.02981032,-3.486029430000002,-0.014905720872269145,233.71588132,-0.156029999999987,-0.0006671600668901867,False
2025-06-13,228.89280756,225.12627811,228.67489326999998,0.01103268,0.01969839,-3.7665294500000073,-0.01645542946565799,228.66622755999998,-0.22658000000001266,-0.0009898956739416939,False
2025-06-14,215.85541937,212.35665573,215.4972962,0.00970065,0.024347479999999998,-3.498763639999993,-0.016208829271980085,215.48264937000002,-0.3727699999999743,-0.001726942974551894,False
2025-06-15,201.03392356,198.65799902999998,200.99855598,0.01723466,0.02010708,-2.3759245300000202,-0.011818525390770223,200.99568356,-0.03824000000000183,-0.0001902166526068364,False
2025-06-16,232.84717799,229.92155083,232.74060638999998,0.009965459999999999,0.02585386,-2.925627160000005,-0.012564580705915407,232.72471798999996,-0.12246000000004642,-0.000525924346849098,False
2025-06-17,236.82216182,232.72386353,236.11039992,0.01458935,0.023037449999999998,-4.0982982900000025,-0.017305383324365445,236.10195181999998,-0.7202100000000087,-0.003041142748065168,False
2025-06-18,238.78719635,236.4732618,238.76113565999998,0.018924649999999998,0.02446396,-2.313934549999999,-0.0096903627387474,238.75559635,-0.03159999999999741,-0.0001323354035853749,False
2025-06-19,242.34465511,238.02216607,241.9711083,0.014293549999999999,0.023426739999999998,-4.322489039999994,-0.01783612284759497,241.96197511,-0.38267999999999347,-0.0015790734061219358,False
2025-06-20,244.04894656999997,239.46924572999998,243.70451827,0.011683059999999999,0.04763476,-4.579700839999987,-0.01876550136505671,243.66856657,-0.38037999999997396,-0.0015586217656172938,False
2025-06-21,231.28367552999998,227.59965572,231.24730254,0.01896043,0.02201744,-3.6840198099999952,-0.015928576893971653,231.24424552999997,-0.03943000000001007,-0.00017048328166548691,False
2025-06-22,205.02539944999998,201.63184492,204.73954625,0.020250499999999998,0.0254673,-3.3935545299999887,-0.016551873763463062,204.73432945,-0.2910699999999906,-0.0014196777608082385,False
2025-06-23,206.60100524,203.58194527999999,206.59722628,0.01410892,0.037599959999999995,-3.019059960000021,-0.01461299743673997,206.57373524000002,-0.02726999999998725,-0.00013199354944236016,False
2025-06-24,231.23414558,227.07795332999999,231.13082583,0.01127701,0.02286726,-4.156192250000004,-0.017973955531416477,231.11923557999998,-0.11491000000000895,-0.0004969421782919754,False
2025-06-25,236.50724502,233.14996064,236.51151926999998,0.00563107,0.04587532,-3.35728438000001,-0.014195270761012437,236.47127501999998,-0.035970000000020264,-0.00015208836413014957,False
2025-06-26,240.55881791999997,236.92426801,240.39718012999998,0.01589219,0.0406744,-3.6345499099999756,-0.015108778557469792,240.37239791999997,-0.18641999999999825,-0.0007749456104410769,False
2025-06-27,240.36760725,236.61749188,240.24359593,0.012129909999999999,0.02879859,-3.750115370000003,-0.015601583811164735,240.22692725,-0.14068000000000325,-0.0005852702101148168,False
2025-06-28,226.77087544999998,223.81186276,226.83925524,0.02291894,0.12022872999999999,-2.9590126899999802,-0.013048468786514889,226.74194545,-0.028929999999974143,-0.00012757370161651483,False
2025-06-29,208.02052128999998,205.26708852,207.93474426999998,0.01626797,0.018610949999999998,-2.753432769999989,-0.013236351648986821,207.93240128999997,-0.08812000000000353,-0.0004236120525683908,False
2025-06-30,213.9205498,211.29709352999998,213.77460352,0.01859742,0.07994114,-2.6234562700000197,-0.012263694499910171,213.7132598,-0.20729000000000042,-0.0009690046150021647,False
2025-07-01,236.29048563999999,232.90136264999998,236.26506934,0.01590368,0.015667379999999998,-3.389122990000004,-0.014343036203173653,236.26530564,-0.025179999999977554,-0.00010656374898793218,False
2025-07-02,240.75981578999998,237.19057496,240.7688144,0.01382942,0.03701803,-3.569240829999984,-0.014824902645353468,240.74562579,-0.014189999999985048,-5.893840694894913e-05,False
2025-07-03,240.2960703,237.47706479,241.03137657,0.00132238,0.80543865,-2.819005510000011,-0.011731384148232618,240.22726029999998,-0.06881000000001336,-0.0002863550781921104,False
2025-07-04,237.50503766999998,234.78957228,238.03551513,0.015016459999999999,0.5732439199999999,-2.7154653899999914,-0.011433295969801615,237.47728766999998,-0.0277499999999975,-0.00011683962694953266,False
2025-07-05,221.24652193999998,218.19654226999998,221.13255232999998,0.01755772,0.01630811,-3.049979669999999,-0.013785435555127621,221.13380193999998,-0.11271999999999593,-0.0005094769355541081,False
2025-07-06,207.07730987,203.55410934,206.31564387,0.0165172,0.0204912,-3.523200529999997,-0.017013938090135558,206.31166987,-0.7656399999999906,-0.0036973630789421,False
2025-07-07,236.29651353,232.64884468999998,235.59975536,0.026697059999999998,0.02533889,-3.647668840000023,-0.015436828861789017,235.60111353,-0.6954000000000065,-0.0029429126550008073,False
2025-07-08,240.90369391,237.53372789,240.88899225999998,0.01396056,0.01260891,-3.3699660199999926,-0.013988851583400748,240.89034390999996,-0.01335000000003106,-5.541633581184741e-05,False
2025-07-09,241.53708792999998,238.43682757,241.53657006,0.006524359999999999,0.03646649,-3.100260359999993,-0.01283554582267085,241.50662792999998,-0.03046000000000504,-0.00012610899742582254,False
2025-07-10,241.36986534,237.64832392999998,241.22149627,0.12382925,0.018590179999999998,-3.7215414100000146,-0.01541841772483799,241.32673534,-0.04312999999999079,-0.00017868842052522476,False
2025-07-11,241.18983655,237.80447683,241.17192735999998,0.01562846,0.01189927,-3.3853597199999967,-0.014036079498309179,241.17565654999999,-0.014180000000010295,-5.879186371549575e-05,False
2025-07-12,228.60640363,225.14223983,228.57410914,0.014163189999999999,0.0234387,-3.4641637999999944,-0.015153397914464163,228.56483362999998,-0.04157000000000721,-0.00018184092545057642,False
2025-07-13,209.18836548,205.35305123,208.14620320999998,0.01638885,0.022256579999999998,-3.835314249999982,-0.01833426176068414,208.14033547999998,-1.0480300000000113,-0.005009982259745756,False
2025-07-14,234.61611903999997,231.47615320999998,234.37646668999997,0.01297651,0.020314159999999998,-3.139965829999994,-0.013383419020176776,234.36912903999996,-0.24699000000001092,-0.0010527409668638383,False
2025-07-15,239.99959074999998,236.37744145,239.41166277,0.01091749,0.01936951,-3.6221492999999896,-0.015092314485540388,239.40321075,-0.5963799999999821,-0.0024849209039744255,False
2025-07-16,241.92196765999998,238.66945633999998,241.79750529999998,0.0154293,0.026546939999999998,-3.2525113199999964,-0.01344446455797315,241.78638765999997,-0.13558000000000447,-0.0005604286428033283,False
2025-07-17,243.40949561,240.09726944,243.41148377,0.00907719,0.02381535,-3.3122261700000024,-0.013607629241001255,243.39674560999998,-0.012750000000011141,-5.238086529064453e-05,False
2025-07-18,245.72090422,242.05544658,245.59663806999998,0.012723579999999998,0.02461743,-3.6654576399999996,-0.01491715835750883,245.58474421999998,-0.13616000000001804,-0.0005541246091057463,False
2025-07-19,233.76728622999997,230.56109099999998,234.27698679,0.00712139,0.53422195,-3.2061952299999916,-0.013715328956873232,233.74988623000002,-0.017399999999952342,-7.443299822043002e-05,False
2025-07-20,214.69679099,211.64914273999997,214.48575262,0.01501947,0.021861099999999998,-3.0476482500000373,-0.0141951271649048,214.47891099,-0.21788000000000807,-0.001014826532782953,False
2025-07-21,240.36910045,236.81549489,240.2794789,0.00900015,0.0271386,-3.553605559999994,-0.014783953317407334,240.26134044999998,-0.10776000000001318,-0.00044831053491598314,False
2025-07-22,245.72747933,241.25272977,245.56145906999998,0.0056947099999999995,0.02015445,-4.474749559999992,-0.018210212273372252,245.54699932999998,-0.18048000000001707,-0.0007344721904612112,False
2025-07-23,243.16800046999998,239.79513140999998,243.39721027,0.00696942,0.44575922,-3.3728690599999993,-0.01387053005938631,242.95842046999996,-0.20958000000001675,-0.0008618732711332754,False
2025-07-24,245.56593929,242.75201798,246.38309350999998,0.01015694,0.90439116,-2.8139213099999836,-0.011458923489698203,245.48885929,-0.07707999999999515,-0.00031388717923525977,False
2025-07-25,243.10736368,239.79025259,243.20648805,0.01024407,0.16449844,-3.3171110899999974,-0.013644634369719383,243.05223368,-0.05512999999999124,-0.0002267722341498399,False
2025-07-26,229.23147422,224.67060877,228.19555377999998,0.0128753,0.022694859999999997,-4.560865449999994,-0.019896331712384318,228.18573421999997,-1.0457400000000234,-0.004561938990089978,False
2025-07-27,208.95790684,205.6614201,208.23084751,0.01430946,0.021190129999999998,-3.296486740000006,-0.01577584112442388,208.22396683999997,-0.7339400000000182,-0.003512382044303303,False
2025-07-28,238.23408622,235.62548099999998,238.22891561,0.00791076,0.14043015,-2.6086052200000154,-0.01094975644077678,238.09639622,-0.1376899999999921,-0.0005779609550618239,False
2025-07-29,240.8262136,236.82145732,240.68649509,0.02128194,0.014923429999999998,-4.004756279999981,-0.016629237407899775,240.69285359999998,-0.13336000000001036,-0.00055376031540119,False
2025-07-30,238.86419358,234.43715602999998,238.43961879,0.00877329,0.0226985,-4.427037550000023,-0.018533701027556172,238.42569358,-0.4385000000000048,-0.0018357711694998902,False
2025-07-31,243.84476388,239.98604046999998,243.96672322,0.01724808,0.23084741999999997,-3.8587234100000103,-0.01582450797220707,243.75312388,-0.09163999999998396,-0.0003758128677517205,False
2025-08-01,246.05292853999998,243.0671712,247.40002934999998,0.01082977,1.48636058,-2.985757339999992,-0.01213461411622503,245.92449853999997,-0.1284300000000087,-0.0005219608673713887,False
2025-08-02,233.58897034999998,230.8621395,234.82784653,0.00968429,1.40361047,-2.7268308499999705,-0.011673628450496618,233.43392035,-0.15504999999998859,-0.000663772779030055,False
2025-08-03,208.78332541999998,205.57621742999999,208.49131333999998,0.01181518,0.0213031,-3.2071079899999972,-0.01536093930656772,208.48182541999998,-0.3015000000000043,-0.0014440808402370754,False
2025-08-04,233.97782450999998,230.57580395,234.09514998999998,0.012703619999999999,0.1356991,-3.4020205599999827,-0.014539927307746139,233.97215450999997,-0.005670000000009168,-2.4233065726990883e-05,False
2025-08-05,238.69013911,235.2547502,238.7132139,0.01194546,0.04987025,-3.4353889100000004,-0.014392672117957946,238.67528911,-0.014849999999995589,-6.221455170023588e-05,False
2025-08-06,237.67153474,234.10645717,237.80699564,0.00917073,0.26822163,-3.5650775699999997,-0.015000019139439666,237.54794474,-0.1235900000000072,-0.0005200033741323212,False
2025-08-07,221.47222421,218.33245217,221.74538836,0.0072118899999999994,0.47380604,-3.139772039999997,-0.014176820823467527,221.27879421,-0.19343000000000643,-0.0008733826586606006,False
2025-08-08,237.29405472999997,234.32149966999998,237.91952300999998,0.00422549,0.67650377,-2.9725550599999906,-0.01252688384200038,237.24724472999998,-0.04680999999999358,-0.00019726579350357238,False
2025-08-09,221.99359929,218.66929839,221.96178948,0.01814288,0.00850307,-3.3243008999999972,-0.014974760131067189,221.97142929,-0.022169999999988477,-9.986774425431443e-05,False
2025-08-10,202.97348997999998,200.10425666999998,202.95727657,0.014207879999999999,0.02089447,-2.8692333099999985,-0.014136000274137863,202.95058998,-0.022899999999992815,-0.00011282261541765513,False
2025-08-11,233.58047327,229.11041655999998,232.96985597999998,0.007246509999999999,0.01424922,-4.470056710000023,-0.019137116418258993,232.96285326999995,-0.6176200000000449,-0.0026441422579280695,False
2025-08-12,239.62452341,238.67114142,242.024159,0.0022024,2.61602799,-0.9533819899999969,-0.003978649498944441,239.41033341,-0.2141900000000021,-0.0008938567595334173,False
2025-08-13,243.23962,240.03679738,243.88638021999998,0.00469242,1.01722264,-3.2028226200000063,-0.01316735579507979,242.87384999999998,-0.36577000000002613,-0.0015037435102062161,False
2025-08-14,242.95876227,238.7714509,242.95393234999997,0.006646269999999999,0.017486349999999998,-4.187311370000003,-0.0172346587992025,242.94309226999997,-0.015670000000028494,-6.449654193831638e-05,False
2025-08-15,239.20560549,237.66032178999998,241.65786172,0.00227301,2.5475692399999996,-1.5452837000000272,-0.006460064749881573,239.11256549,-0.09304000000000201,-0.0003889540958265359,False
2025-08-16,222.56459822999997,219.02438854,222.47296175,0.00771864,0.01778216,-3.5402096899999833,-0.015906436684694585,222.46289823,-0.10169999999996548,-0.0004569459869573144,False
2025-08-17,203.56012255000002,200.48058999,203.43310982,0.022727789999999998,0.02628506,-3.0795325600000183,-0.015128368569554185,203.42955255,-0.13057000000000585,-0.0006414321153099829,False
2025-08-18,210.52543884999997,207.11020861,210.11034046999998,0.20849377,0.04042539,-3.415230239999971,-0.016222411213845437,210.27840884999998,-0.2470299999999952,-0.0011733973877427937,False
2025-08-19,237.87270646,232.98937666999998,236.93877354999998,0.01205617,0.011523259999999999,-4.883329790000005,-0.020529172357237932,236.93930645999998,-0.933400000000006,-0.0039239474502593425,False
2025-08-20,246.29529996,246.47891227,250.74401285,0.0,5.05895289,0.1836123100000009,0.0007454966052126076,245.68505996,-0.6102400000000046,-0.002477676188295561,False
2025-08-21,246.83501603,245.97842845999998,250.84891359,0.0,4.12412756,-0.8565875700000163,-0.0034702838510396266,246.72478603,-0.11023000000000138,-0.00044657359305376747,False
2025-08-22,244.57389674,244.34406432,249.13420119999998,0.0,4.60181446,-0.22983242000000814,-0.0009397258786138443,244.53238674,-0.04151000000001659,-0.00016972375446977795,False
2025-08-23,230.25450674,228.60311695,232.87612534,0.0025247,2.6726533,-1.6513897900000245,-0.007172019403141366,230.20599674,-0.04851000000002159,-0.00021067991539813101,False
2025-08-24,214.54824761999998,210.8840913,214.47436577,0.01238619,0.38657433999999996,-3.6641563199999894,-0.017078472374613886,214.10017761999998,-0.4480700000000013,-0.002088434675978368,False
2025-08-25,241.70542275,237.56559453999998,241.47254279999999,0.014230489999999998,0.01885054,-4.139828210000019,-0.01712757687808235,241.46792274999999,-0.23750000000001137,-0.0009826010409607633,False
2025-08-26,244.9420853,241.58644027999998,244.92870342,0.00536024,0.020978359999999998,-3.3556450200000256,-0.013699748721784992,244.9130853,-0.028999999999996362,-0.00011839533400100584,False
2025-08-27,246.03144490999998,244.85487168999998,247.45529724,0.78678343,2.24381576,-1.1765732199999945,-0.004782206682688033,245.99826491000002,-0.03317999999995891,-0.0001348608102191831,False
2025-08-28,245.62152737999997,241.70349779,245.02092359999997,0.56103969,0.011225909999999999,-3.918029589999975,-0.01595149102683662,245.57073737999997,-0.05079000000000633,-0.00020678154940967104,False
2025-08-29,246.95294116,243.42365026,246.5396963,0.19667706000000001,0.009452200000000001,-3.5292909000000066,-0.014291349936639915,246.72692116000002,-0.22601999999997702,-0.0009152351008184163,False
2025-08-30,233.99773084999998,230.18608418,233.90977902999998,0.014869209999999999,0.016817389999999998,-3.8116466699999876,-0.016289246293774425,233.90783084999998,-0.08990000000000009,-0.00038419175978090516,False
2025-08-31,214.41255912,211.43393225,214.3697894,0.00485034,0.57038062,-2.9786268699999994,-0.01389203543964491,213.80425911999998,-0.608300000000014,-0.0028370539603492515,False
2025-09-01,238.88478435,238.31787280999998,242.14744776999999,0.00275693,3.39022035,-0.5669115400000067,-0.0023731588495372775,238.75998435,-0.12479999999999336,-0.0005224275808924846,False
2025-09-02,242.28422293999998,242.60023518,246.42010421999998,0.00183058,4.21491186,0.3160122400000205,0.0013043038302922379,242.20702293999997,-0.07720000000000482,-0.0003186340367656662,False
2025-09-03,243.69822403999999,239.96834084999998,243.69564218,0.0023676500000000002,0.8645557899999999,-3.7298831900000096,-0.01530533595266495,242.83345404,-0.8647699999999929,-0.0035485281167172227,False
2025-09-04,245.89933559,243.06888626,246.47066046999998,0.012454919999999998,0.6255798,-2.8304493299999933,-0.011510601780231486,245.85753559,-0.04179999999999495,-0.0001699882592187648,False
2025-09-05,240.61819063999997,243.66458364999997,248.20311078,0.0038205799999999996,7.61030072,3.0463930100000027,0.012660692867389451,240.59663064,-0.021559999999965385,-8.960253562966194e-05,False
2025-09-06,226.31497306999998,230.04565076999998,234.30800441,0.00049557,8.174716909999999,3.730677700000001,0.016484449302636685,226.13378307,-0.18118999999998664,-0.0008006098648362253,False
2025-09-07,207.18662385,204.16653975,207.59976451999998,0.01018211,0.87829278,-3.020084099999991,-0.01457663648299268,206.73165384999996,-0.4549700000000314,-0.0021959429211483405,False
2025-09-08,232.46287478999997,235.84746191999997,239.76144509,0.0057689099999999995,7.36398921,3.38458713,0.01455968886669553,232.40322479,-0.059649999999976444,-0.0002566001132605044,False
2025-09-09,243.10750875999997,247.78868027,251.57761377,0.00026635,8.52043136,4.681171510000013,0.019255561187216757,243.05744876,-0.05005999999997357,-0.0002059171280036179,False
2025-09-10,248.39614893,251.01690666,254.95281408,0.00233951,6.865804659999999,2.62075772999998,0.010550718041681596,248.08934893,-0.30680000000000973,-0.0012351238186324232,False
2025-09-11,249.80041766999997,245.69150381,249.75548676,0.007548609999999999,0.0245877,-4.108913859999973,-0.016448786988931593,249.73844766999997,-0.0619700000000023,-0.0002480780479793595,False
2025-09-12,242.44356068,238.56889622999998,241.98523974,0.34124174,0.0265508,-3.8746644500000116,-0.01598171730827762,242.29993068,-0.1436300000000017,-0.0005924265408293446,False
2025-09-13,233.56947643,228.87479919999998,230.18099150999998,3.36802841,0.005043489999999999,-4.694677230000025,-0.020099703530426862,233.54397643,-0.025500000000022283,-0.00010917522439052325,False
2025-09-14,213.51879666,209.63909418999998,211.82053833,1.33898935,0.01790102,-3.8797024700000122,-0.018170308800390614,213.14162666,-0.37717000000000667,-0.00176644869632063,False
2025-09-15,244.3606269,240.06333598999998,241.73206109999998,2.60737131,0.00733551,-4.297290910000015,-0.017585856463523484,244.33209689999998,-0.028530000000017708,-0.00011675367002431646,False
2025-09-16,246.41086962999998,242.27927621999999,246.38270918999999,0.00453897,0.02267853,-4.131593409999994,-0.016767090738342094,246.36456962999998,-0.04630000000000223,-0.00018789755528854845,False
2025-09-17,242.8435932,238.2031032,242.71020241,0.00438081,0.02342002,-4.64049,-0.01910896614092762,242.69116319999998,-0.1524300000000096,-0.0006276879615863369,False
2025-09-18,239.33076452,234.17533580999998,239.20768531,0.0077291999999999994,0.026589989999999997,-5.155428710000024,-0.021541019686038748,239.18882452,-0.14194000000000528,-0.0005930704323979371,False
2025-09-19,237.89661162,233.28087836999998,237.88933115999998,0.00859247,0.027222009999999998,-4.615733250000005,-0.01940226562525769,237.87070161999998,-0.025910000000010314,-0.00010891285850425311,False
2025-09-20,226.35303992,222.61064906,226.31959648999998,0.01085352,0.026220089999999998,-3.7423908600000004,-0.01653342434156252,226.30422991999998,-0.04881000000000313,-0.00021563660031804328,False
2025-09-21,211.94736777999998,209.53207580999998,211.69730088,0.011871979999999999,0.01862508,-2.4152919699999984,-0.011395715810479214,211.69054778,-0.2568199999999763,-0.0012117159212213186,False
2025-09-22,238.19166252,235.08026637999998,238.45149849999999,0.00925346,0.51760944,-3.1113961400000107,-0.013062573673160199,237.94314251999998,-0.2485200000000134,-0.001043361456781243,False
2025-09-23,246.57657328,244.9889987,248.18231938999998,0.00051661,1.88111272,-1.5875745799999947,-0.006438464769308091,246.30172327999998,-0.2748500000000149,-0.0011146638804486468,False
2025-09-24,247.01856807,247.8912119,250.88973801999998,0.0029643,4.055154249999999,0.8726438300000154,0.00353270540274821,246.83754807,-0.18101999999998952,-0.0007328194046882021,False
2025-09-25,244.28244887999998,243.80460652,246.05441629999999,0.00598165,1.8966890699999999,-0.4778423599999826,-0.0019561059838347837,244.16370887999997,-0.11874000000000251,-0.00048607667290224244,False
2025-09-26,243.83338023,239.95658239,243.71990885999998,0.008142449999999999,0.025791079999999997,-3.8767978399999947,-0.01589937290925114,243.70226022999998,-0.1311200000000099,-0.0005377442574774985,False
2025-09-27,230.83790304,226.70092341999998,225.61305500999998,5.04859803,0.0,-4.136979620000005,-0.017921578586178467,230.66165303999998,-0.17625000000001023,-0.0007635227910100593,False
2025-09-28,212.87284033,208.22860929,203.96399047,8.309919859999999,0.0,-4.644231039999994,-0.021816926164936815,212.27391033,-0.5989299999999957,-0.0028135576105975837,False
2025-09-29,238.80645587,234.64570651,238.47059643,0.00634515,0.024565709999999998,-4.160749360000011,-0.017423102507182698,238.45237587,-0.3540800000000104,-0.0014827069842398325,False
2025-09-30,235.43613112999998,231.30837626,235.21690963999998,0.00933006,0.027238569999999997,-4.12775486999999,-0.017532376403691333,235.19900112999997,-0.2371300000000076,-0.0010071946003439563,False
2025-10-01,238.05024348999999,233.43770464,237.11663643999998,0.0056117499999999996,0.0285847,-4.612538849999993,-0.019376324856369056,237.09366348999998,-0.9565800000000024,-0.004018395385679101,False
2025-10-02,237.71240147999998,233.68788336,237.51072779999998,0.00871674,0.02405306,-4.024518119999982,-0.016930198403378574,237.49539148,-0.2170099999999877,-0.0009129098803801615,False
2025-10-03,238.7906083,235.08495315,238.76627849,0.008995659999999999,0.03790585,-3.7056551500000126,-0.01551842920616243,238.7373683,-0.053239999999988186,-0.00022295684231057,False
2025-10-04,224.27202647,220.37633728999998,223.76084949999998,0.20749584,0.02022887,-3.895689180000005,-0.017370374902824167,223.94811646999997,-0.32391000000001213,-0.0014442728551495936,False
2025-10-05,210.83810033,208.35343580999998,209.96835811,1.61672693,0.9319447099999998,-2.484664520000024,-0.011784703600113413,210.65314032999999,-0.184960000000018,-0.0008772607973156746,False
2025-10-06,238.33359224999998,234.15427309,238.24220823,0.02659427,0.03469025,-4.179319159999977,-0.01753558581711,238.23411224999998,-0.09947999999999979,-0.0004173981479524307,False
2025-10-07,241.90701288999998,238.74131624999998,241.68670559999998,0.010341719999999999,0.024824429999999998,-3.165696639999993,-0.013086419455890267,241.67222289,-0.2347899999999754,-0.0009705795511878739,False
2025-10-08,242.18020833,238.54877366999997,242.60606095,0.01336006,0.55427268,-3.631434660000025,-0.014994762309609352,242.06514833,-0.11505999999999972,-0.0004751007557282157,False
2025-10-09,241.05177337,238.15029549,242.00005531,0.002722,1.01596394,-2.901477880000016,-0.012036741482695592,240.98681337,-0.06496000000001345,-0.0002694856755951086,False
2025-10-10,235.41884346999998,232.80874827,237.02323023,0.0,1.67769676,-2.6100951999999893,-0.01108702753580811,235.34553347,-0.07330999999999221,-0.00031140243032131917,False
2025-10-11,220.35300468,216.59633282,220.25803901999998,0.0,0.020124339999999998,-3.7566718600000115,-0.017048425844955042,220.23791468,-0.11509000000000924,-0.0005222983011606522,False
2025-10-12,199.53901196,196.13565197999998,199.5260918,0.00235336,0.0146232,-3.403359980000033,-0.017056113221019045,199.51382196,-0.02519000000000915,-0.00012624097790490607,False
2025-10-13,205.1634435,201.92782265,205.33821214,0.00050946,0.2621281,-3.2356208500000037,-0.015770942399882287,205.07659349999997,-0.08685000000002674,-0.000423321028924077,False
2025-10-14,232.76465928,228.58982683,232.70452471,0.00107279,0.02082822,-4.174832449999997,-0.017935851872504228,232.68476927999998,-0.07989000000000601,-0.00034322220670064777,False
2025-10-15,235.55601933,231.60904821,235.41969197,0.07745844,0.02438108,-3.9469711200000006,-0.01675597648163059,235.47276932999998,-0.08325000000002092,-0.0003534191154902843,False
2025-10-16,231.45124683999998,227.35726280999998,231.44128375999998,0.010379619999999999,0.03033654,-4.093984030000001,-0.017688321345834587,231.42132683999998,-0.029920000000004165,-0.00012927128459449421,False
2025-10-17,235.15505346999998,232.81809881,236.71881814,0.00626805,1.60305272,-2.336954659999975,-0.009937930848243978,235.12203347,-0.03301999999999339,-0.00014041799022705643,False
2025-10-18,228.49300899,225.17889162,228.41421548,0.0015829,0.02714939,-3.314117369999991,-0.014504239690523895,228.38864898999998,-0.104360000000014,-0.0004567316981001433,False
2025-10-19,210.58657818999998,207.55959317999998,210.54604290999998,0.0079177,0.020902419999999998,-3.026985010000004,-0.014374064273312481,210.53305819,-0.053519999999991796,-0.0002541472512635816,False
2025-10-20,236.58590561,233.9103625,237.81010211999998,0.00457329,1.2534798,-2.6755431100000067,-0.01130897084972807,236.56119560999997,-0.02471000000002732,-0.00010444409161364209,False
2025-10-21,238.45082756,234.58153618999998,238.26699345999998,0.006371969999999999,0.03594787,-3.8692913700000133,-0.016226789437442428,238.23741755999998,-0.2134100000000103,-0.000894985361064898,False
2025-10-22,239.88300951,241.79850887999999,246.19407951,0.0,6.6016699999999995,1.915499369999992,0.007985139814248247,239.59240950999998,-0.29060000000001196,-0.0012114238544597622,False
2025-10-23,240.27140188999996,243.93825145,248.26284171999998,0.0,8.03927983,3.6668495600000313,0.015261281747041925,240.22356188999998,-0.047839999999979455,-0.00019910817360561855,False
2025-10-24,241.45141708,242.01378702,245.92421047,0.0031447199999999997,4.49141811,0.5623699399999964,0.0023291225489625793,241.43593707999997,-0.01548000000002503,-6.411227644564226e-05,False
2025-10-25,230.29767697,231.25212729999998,235.50541134999997,0.004777699999999999,5.36271208,0.954450329999986,0.004144420137265729,230.14747696999999,-0.15020000000001232,-0.0006521993707282524,False
2025-10-26,214.78194613,219.70204378,222.60517500999998,0.0,7.85624888,4.920097650000002,0.022907407902068452,214.74892612999997,-0.03302000000002181,-0.00015373731635728806,False
2025-10-27,237.15346519999997,238.24082590999998,242.29785284,0.0,5.21506764,1.0873607100000129,0.004585050903991653,237.0827852,-0.07067999999998165,-0.0002980348608458016,False
2025-10-28,243.87404704,241.0928509,244.46070285,0.005886799999999999,0.7267726099999999,-2.7811961399999916,-0.011404231707951368,243.73981704,-0.1342300000000023,-0.0005504070713108148,False
2025-10-29,244.92782849999998,241.08663105,244.94452443,0.00206207,0.033808,-3.8411974499999815,-0.015682976791671438,244.9127785,-0.015049999999973807,-6.144667223869095e-05,False
2025-10-30,242.71635841999998,238.36052594999998,242.30496789,0.01475427,0.02587374,-4.355832469999996,-0.017946184172978562,242.29384842,-0.4225099999999884,-0.0017407561762642749,False
2025-10-31,239.08440643,234.88887049,238.86995969,0.010090799999999999,0.02989406,-4.195535940000013,-0.017548346220682517,238.85015643,-0.23425000000000296,-0.000979779499206225,False
2025-11-01,230.23732243,226.10398103,229.93202187,0.00585019,0.04048963,-4.133341400000006,-0.017952525491416287,229.89738243,-0.3399400000000128,-0.0014764765174133145,False
2025-11-02,213.45172833,210.55471805,214.31665099,0.005037429999999999,1.4452900899999999,-2.8970102800000177,-0.013572203432905404,212.87639833,-0.5753300000000081,-0.002695363511465872,False
2025-11-03,217.49049249,214.5648835,218.45084233,0.007935939999999999,1.18608578,-2.9256089900000006,-0.013451663824498063,217.27269249,-0.2178000000000111,-0.0010014230852414172,False
2025-11-04,240.1032933,235.53085997,238.78698993,1.1290038199999999,0.024130449999999998,-4.5724333299999955,-0.019043609386427338,239.8918633,-0.2114299999999787,-0.0008805793418910123,False
2025-11-05,242.78628123,237.46608339,241.74578889,0.28319239999999996,0.024910059999999998,-5.320197839999992,-0.021913090859363594,242.00407123,-0.7822099999999921,-0.0032218047742943803,False
2025-11-06,242.69538405999998,237.67860491999997,242.00650097,0.08148247,0.026039379999999997,-5.016779140000011,-0.020671094176062887,242.06194406,-0.6334399999999789,-0.0026100207981021085,False
2025-11-07,246.74477109999998,241.89444075,241.75221058999998,4.77166133,0.0018908199999999999,-4.850330349999979,-0.019657277146652285,246.52198109999998,-0.22279000000000337,-0.0009029168034921061,False
2025-11-08,238.74807338999997,233.92013010999997,235.77805578,2.92959166,0.00352405,-4.8279432799999995,-0.020221915140288704,238.70412338999998,-0.04394999999999527,-0.00018408525512246554,False
2025-11-09,220.6486133,215.53201017,217.30503033999997,2.91647269,0.00525973,-5.116603129999987,-0.023188920399165668,220.21624329999997,-0.4323700000000201,-0.0019595409802651144,False
2025-11-10,243.47493444,238.61383827,241.25618275,2.39775088,0.21734919,-4.861096169999996,-0.01996548918343759,243.43658444,-0.03835000000000832,-0.00015751108050697098,False
2025-11-11,243.89103522999997,239.08342955,242.52166226999998,0.95171372,0.01943076,-4.807605679999966,-0.019712104938445902,243.45394522999996,-0.43709000000001197,-0.00179215279310212,False
2025-11-12,246.08708862,241.79165122999999,245.18976289999998,0.84822466,0.01071894,-4.295437390000018,-0.017454948222143007,246.02726861999997,-0.059820000000030404,-0.0002430846751671827,False
2025-11-13,245.46801861999998,240.95819534,245.19100038,0.20872373,0.01745549,-4.509823279999978,-0.018372345633267482,245.38226862,-0.08574999999999022,-0.0003493326767457094,False
2025-11-14,245.67178334,243.19357752,246.51323226999997,1.03816609,2.03281502,-2.4782058199999994,-0.010087466237708956,245.51858334,-0.15319999999999823,-0.0006235962385146019,False
2025-11-15,231.59992284999998,227.39893006999998,226.86550283,4.57688002,0.0,-4.200992780000007,-0.018139007683179838,231.44238285,-0.15753999999998314,-0.0006802247516378356,False
2025-11-16,208.26372956,203.81514872,205.01227311,2.7166654,0.00889895,-4.448580840000005,-0.02136032447607919,207.72003956,-0.543689999999998,-0.002610584191249504,False
2025-11-17,213.9053154,209.75826848,212.03616893999998,1.4480157999999999,0.01070934,-4.147046920000008,-0.019387301864121922,213.47347539999998,-0.43184000000002243,-0.0020188371625664728,False
2025-11-18,241.21107056999998,237.49643611999997,240.67473263,0.35721012999999996,0.025022189999999996,-3.7146344500000055,-0.01539993351558054,241.00692057,-0.20414999999997008,-0.0008463541889580284,False
2025-11-19,247.49057112,242.81878867,244.55429469999999,2.6509174399999997,0.00908102,-4.671782449999995,-0.018876607819272445,247.19613112,-0.2944400000000087,-0.0011897018891165938,False
2025-11-20,246.87768133,242.60848672999998,246.63897029999998,0.061939789999999995,0.03165876,-4.26919460000002,-0.017292752333871005,246.66925132999998,-0.2084300000000212,-0.0008442642480970729,False
2025-11-21,245.92977728,241.39955464,245.00135305999999,0.9266186699999999,0.02377445,-4.530222640000005,-0.01842079755491415,245.90419728,-0.025579999999990832,-0.00010401343132542698,False
2025-11-22,235.64784515,231.39789133,232.67582484,2.93192892,0.00596861,-4.249953820000002,-0.018035190677405614,235.60178514999998,-0.046060000000011314,-0.00019546115505826987,False
2025-11-23,217.10650540999998,212.10805424,211.41907344,5.22137956,0.0053175900000000005,-4.998451169999981,-0.023023037290202504,216.63513541,-0.471369999999979,-0.0021711463648213074,False
2025-11-24,242.39232097,238.29528792999997,240.09824135,2.30809495,0.02183533,-4.097033040000014,-0.016902486941849485,242.38450097,-0.007819999999981064,-3.2261748097824094e-05,False
2025-11-25,246.74929654,243.35015055,244.76741156999998,1.7376641,0.017079129999999998,-3.399145989999994,-0.013775706912497583,246.48799653999995,-0.26130000000003406,-0.0010589695843678942,False
2025-11-26,249.43220811,245.86088632,248.51741471999998,0.8987787899999999,0.017915399999999998,-3.571321790000013,-0.014317805294916263,249.39827810999998,-0.03393000000002644,-0.00013602894452613456,False
2025-11-27,249.41205313999998,245.27618378,246.90994805,2.4832373399999996,0.00897225,-4.135869359999987,-0.016582475898542243,249.38421313999999,-0.027839999999997644,-0.0001116225124227276,False
2025-11-28,241.62791431999997,236.26538044999998,238.63528637,2.84275194,0.01181399,-5.362533869999993,-0.02219335412918443,241.46622431999998,-0.161689999999993,-0.0006691693733111432,False
2025-11-29,223.47569186,219.27401104999998,219.72990894,3.65151212,0.006009199999999999,-4.201680810000028,-0.018801511587364227,223.37541186,-0.10027999999999793,-0.00044872889380210515,False
2025-11-30,209.95525281999997,206.32258209,204.94488569,4.76600269,0.0027255599999999997,-3.6326707299999725,-0.01730211881440449,209.70816282,-0.2470899999999574,-0.0011768698171690612,False
2025-12-01,232.51728165999998,229.22549257999998,229.35806598,3.1497824899999998,0.013506810000000001,-3.291789080000001,-0.01415718030289655,232.49434166,-0.02293999999997709,-9.865933334590271e-05,False
2025-12-02,237.7539066,234.40046737999998,236.76683524,0.9337096,0.018538239999999997,-3.3534392200000127,-0.014104665062946279,237.6820066,-0.07189999999999941,-0.0003024135377130304,False
2025-12-03,241.46535520999998,237.59340501,241.40171819,0.026643399999999998,0.033616379999999994,-3.8719501999999864,-0.016035220442421606,241.39474521,-0.07060999999998785,-0.00029242290240179194,False
2025-12-04,241.85913763,237.74310676,241.66071627,0.02535726,0.0986559,-4.116030870000003,-0.017018297966053173,241.58741762999998,-0.27172000000001617,-0.0011234638586022653,False
2025-12-05,241.81072706,240.30376915,244.33444276,0.0059799,2.5524856,-1.5069579100000112,-0.00623197294976121,241.78793706,-0.022790000000014743,-9.424726635208333e-05,False
2025-12-06,232.20865422999998,233.25698083999998,238.03455212,0.00252261,5.882540499999999,1.0483266100000037,0.004514588887637445,232.15453423,-0.05411999999998329,-0.00023306624888484156,False
2025-12-07,212.209238,213.75358434999998,217.72221316,0.0,5.5270151599999995,1.5443463499999837,0.007277469937477386,212.195198,-0.01403999999999428,-6.616111594535898e-05,False
2025-12-08,213.62733457,218.28544861,221.80417565,0.0,8.205561079999999,4.658114040000015,0.021804859613944558,213.59861457,-0.02871999999999275,-0.00013443972447534317,False
2025-12-09,243.02692184999998,246.56078449999998,251.34353016999998,0.0,8.36709832,3.533862650000003,0.014541033656267756,242.97643184999998,-0.05048999999999637,-0.00020775476073041648,False
2025-12-10,246.25241687999997,249.41881092,253.66502391999998,0.0,7.70410704,3.1663940400000286,0.012858326753166562,245.96091687999998,-0.291499999999985,-0.00118374472702956,False
2025-12-11,247.83108176,250.73323813,255.46497312,0.0,7.721551359999999,2.90215637,0.011710219514800217,247.74342176,-0.08765999999999963,-0.00035370866066303057,False
2025-12-12,247.64479394,249.73756937,255.46294817999998,0.0,7.85260424,2.092775429999989,0.008450714415208066,247.61034393999998,-0.034450000000020964,-0.000139110535908813,False
2025-12-13,233.75102234999997,237.30314381,242.16729203,0.0,8.42852968,3.5521214600000235,0.01519617507675052,233.73876235,-0.012259999999969295,-5.2448968465310744e-05,False
2025-12-14,216.28371321999998,218.44583186999998,222.32708573999997,0.0,7.00506252,2.1621186499999965,0.009996678056848078,215.32202321999998,-0.9616900000000044,-0.0044464281923151106,False
2025-12-15,243.86555241,246.68629955,250.74651974,0.0,7.18372733,2.820747140000009,0.011566812582277368,243.56279241,-0.30276000000000636,-0.0012415037589687528,False
2025-12-16,245.36051099,248.5440237,252.92089423,0.0,7.57254324,3.1835127100000022,0.012974837300244091,245.34835099,-0.012159999999994398,-4.9559727239441537e-05,False
2025-12-17,245.73548265999997,246.64529355,250.99159283,0.00195109,5.27451126,0.909810890000017,0.0037023993448224686,245.71903266,-0.01644999999996344,-6.694189956573624e-05,False
2025-12-18,246.87912409999998,247.29489242,251.97086636,0.0,5.55874226,0.4157683200000122,0.0016840967073084823,246.4121241,-0.46699999999998454,-0.001891613969801769,False
2025-12-19,245.61987077,247.52336480999998,252.26225071,0.0,6.6570699399999995,1.9034940399999698,0.007749755889182165,245.60518077,-0.014690000000001646,-5.980786470552887e-05,False
2025-12-20,230.05093412,232.20105895,236.32457112999998,0.0,6.47037701,2.15012483000001,0.009346299062965135,229.85419412,-0.19674000000000547,-0.0008552019175778753,False
2025-12-21,215.07360927,218.85934117,222.53982420999998,0.0,7.535294939999999,3.785731900000002,0.01760202896510401,215.00452926999998,-0.0690800000000138,-0.0003211923593716785,False
2025-12-22,237.32148593999997,240.26025693,244.24471232,0.0,7.06796638,2.938770990000023,0.012383080184922693,237.17674594,-0.14473999999998455,-0.0006098899955336448,False
2025-12-23,238.94811683,242.05520169,245.88617304,0.0,6.95035621,3.1070848599999863,0.013003177849736001,238.93581683,-0.012300000000010414,-5.14756096979884e-05,False
2025-12-24,222.25024584,225.61470924,229.8268626,0.0,7.60745676,3.3644634000000053,0.015138176280903255,222.21940584,-0.030839999999983547,-0.00013876250117709902,False
2025-12-25,197.10646805,200.01159216,204.27548750999998,0.0,7.1762194599999996,2.9051241100000027,0.014738857322850817,197.09926804999998,-0.0072000000000116415,-3.6528481643662846e-05,False
2025-12-26,224.07921668999998,226.92676194999999,231.2725468,0.0,7.19905011,2.847545260000004,0.012707761576743686,224.07349668999998,-0.005719999999996617,-2.5526686876587444e-05,False
2025-12-27,223.83462484999998,226.60697389999999,230.95196352,0.0,7.130748669999999,2.7723490500000025,0.012385702399071895,223.82121485,-0.01340999999999326,-5.9910302121397914e-05,False
2025-12-28,212.24677875999998,214.95871433,219.11616325999998,0.0,6.9685844999999995,2.7119355700000085,0.012777275517884561,212.14757876,-0.09919999999999618,-0.0004673804737087082,False
2025-12-29,230.97307752999998,233.72354073999998,237.92805839,0.0,6.96467086,2.7504632099999924,0.01190815500842408,230.96338752999998,-0.009690000000006194,-4.1952941458069314e-05,False
2025-12-30,229.47492562999997,232.55683283,236.75529831,0.0,7.29569268,3.0819072000000176,0.013430256885535341,229.45960563,-0.015319999999974243,-6.676110672185533e-05,False
2025-12-31,215.15410993999998,218.88382606,222.50788674999998,0.0,7.35489681,3.729716120000006,0.017335091209924422,215.15298994,-0.001119999999986021,-5.205571022084381e-06,False
2026-01-01,192.6857929,192.73883533,195.97482071,0.00105077,3.3365285799999995,0.05304243000000497,0.00027527940281270714,192.6393429,-0.046449999999993,-0.00024106603450571782,False
2026-01-02,215.14239281999997,215.4355331,219.70502216999998,0.0008625299999999999,4.585701879999999,0.29314028000001713,0.0013625407626904778,215.12018282,-0.02220999999997275,-0.00010323395453984221,False
2026-01-03,215.01400804,217.92413341,222.33866884999998,0.0,7.488320809999999,2.910125370000003,0.013534585009264232,214.85034803999997,-0.16366000000002145,-0.000761159709973757,False
2026-01-04,204.40271733999998,207.58085913,211.42405435999999,0.0,7.22128702,3.178141790000012,0.015548432189937796,204.20276733999998,-0.19995000000000118,-0.0009782159581930008,False
2026-01-05,226.75339934,228.98216868,233.44665381,0.0,6.76209447,2.2287693400000137,0.009829044885268241,226.68455934,-0.06883999999999446,-0.0003035897155251638,False
2026-01-06,229.33533864999998,232.55915242999998,236.49908964999997,0.0,7.207661,3.2238137800000004,0.014057204611278955,229.29142864999997,-0.043910000000010996,-0.00019146634905239885,False
2026-01-07,232.36996455,235.54803561,239.5369566,0.0,7.21498205,3.1780710600000077,0.01367677215148935,232.32197455,-0.047989999999998645,-0.00020652410948607104,False
2026-01-08,235.44063527,238.07046666,242.41777513,0.0,7.069529859999999,2.6298313899999926,0.011169827956776191,235.34824527,-0.09238999999999464,-0.00039241314437519717,False
2026-01-09,237.90516781,239.59245607,245.03314991,0.0,7.1775820999999995,1.6872882600000025,0.007092272419015018,237.85556781,-0.04959999999999809,-0.00020848643371887792,False
2026-01-10,227.15709123,227.14814743,232.24807805999998,0.00041908999999999995,5.15798592,-0.008943799999997282,-3.937275280101887e-05,227.09051123,-0.06657999999998765,-0.0002931011294407463,False
2026-01-11,209.24205811000002,211.77163536999998,216.06233931,0.0,6.8479012,2.529577259999968,0.012089239050928048,209.21443811,-0.02762000000001308,-0.00013200023097408576,False
2026-01-12,211.81564949,212.34433794999998,216.93313787,0.00288338,5.19755176,0.5286884599999837,0.0024959839429850228,211.73846948999997,-0.0771800000000269,-0.00036437345486916266,False
2026-01-13,232.89927902,234.83108549,239.93507982999998,0.0,7.04532081,1.931806469999998,0.008294600473340692,232.88975901999999,-0.009520000000009077,-4.087603894725478e-05,False
2026-01-14,237.39376147,239.47800554999998,244.14415284999998,0.0,6.76576138,2.0842440799999906,0.008779691880249268,237.37839147,-0.015369999999990114,-6.474475110388466e-05,False
2026-01-15,240.30692077999998,237.29731163999998,242.31432148,7.863e-05,2.22646933,-3.009609140000009,-0.012524021905949576,240.08793078,-0.21898999999999091,-0.0009112929385852993,False
2026-01-16,240.44137616999998,239.98682606,244.38113628,0.0,3.95262011,-0.45455010999998535,-0.0018904820677727425,240.42851617,-0.012859999999989213,-5.348497086831165e-05,False
2026-01-17,232.67848109,232.28749141,237.15546286,0.0,4.52649177,-0.3909896799999899,-0.00168038607682313,232.62897109,-0.049509999999997945,-0.00021278289151650207,False
2026-01-18,216.59694980999998,216.11301454,220.23184974,0.0,4.124509929999999,-0.48393526999998926,-0.002234266320114387,216.10733981,-0.48960999999997057,-0.0022604658118660446,False
2026-01-19,242.89385615999998,243.69304613999998,248.98296646,0.0,6.124780299999999,0.7991899799999942,0.003290284870250274,242.85818616,-0.03566999999998188,-0.00014685427027221802,False
2026-01-20,243.89042378999997,243.10973423,247.47245311,0.0,3.6396493199999997,-0.7806895599999848,-0.003200984884392967,243.83280379,-0.05761999999995737,-0.00023625363843547478,False
2026-01-21,245.78962571999998,246.81641135,251.15742746,0.0,5.4254817399999995,1.0267856300000346,0.004177497837804326,245.73194572,-0.05767999999997642,-0.00023467223171446888,False
2026-01-22,246.81160452999998,247.36769195999997,252.17867725,0.0,5.37783272,0.556087429999991,0.0022530846191731574,246.80084453,-0.010759999999976344,-4.359600522214694e-05,False
2026-01-23,243.61315040999997,239.98905313999998,243.6250289,0.00239006,0.02496855,-3.624097269999993,-0.01487644350849144,243.60245041,-0.010699999999985721,-4.392209526447018e-05,False
2026-01-24,233.25577753999997,229.14924395,233.14884375999998,0.0007354099999999999,0.02245163,-4.1065335899999695,-0.01760528134955096,233.12712753999998,-0.12864999999999327,-0.0005515404649641815,False
2026-01-25,215.36237613999998,211.48147097999998,215.04066810999998,0.0107171,0.03200907,-3.8809051599999975,-0.018020348909398867,215.01937614,-0.3429999999999893,-0.0015926644483947202,False
2026-01-26,241.70606048,237.86192843999999,241.64937111,0.00963046,0.019861089999999998,-3.844132040000005,-0.01590416074949055,241.63914048,-0.06691999999998188,-0.00027686521333841025,False
2026-01-27,245.46603259999998,241.30962373999998,245.46736195999998,0.00212076,0.027280119999999998,-4.156408859999999,-0.01693272513502139,245.44220259999997,-0.023830000000003793,-9.708064186149963e-05,False
2026-01-28,243.42119227,239.47382711,243.38166142999998,0.0007353099999999999,0.02471447,-3.947365160000004,-0.016216193517044446,243.35768227,-0.06351000000000795,-0.0002609057962774391,False
2026-01-29,242.98173691,238.58068373999998,242.97312093,0.00200278,0.028106799999999998,-4.4010531700000115,-0.018112691208681884,242.94701691,-0.03471999999999298,-0.00014289139768909137,False
2026-01-30,244.22947105999998,239.33537735,244.06832154,0.00351281,0.01499329,-4.894093709999993,-0.02003891540508499,244.05684105999998,-0.17262999999999806,-0.0007068352531361293,False
2026-01-31,229.08297586,223.16142803999998,229.06759139,0.00139623,0.021851759999999998,-5.921547820000029,-0.02584892132542786,229.04713586,-0.03584000000000742,-0.00015644986217531242,False
2026-02-01,202.61058035,197.94599953,202.54995087999998,0.00069304,0.02092357,-4.664580819999998,-0.023022395039499714,202.52972034999996,-0.08086000000002969,-0.0003990907081967188,False
2026-02-02,220.64323638,215.16156128,220.56867344,0.004223449999999999,0.028400509999999997,-5.48167509999999,-0.024844065877275497,220.54449638,-0.09873999999999228,-0.00044750975203218367,False
2026-02-03,231.28795043,226.04314223999998,231.20735184999998,0.027674289999999997,0.043095709999999995,-5.244808190000015,-0.022676530187798832,231.19193042999999,-0.09602000000000999,-0.00041515349079575476,False
2026-02-04,237.89726066999998,232.75504019,237.79913365,0.00781458,0.04624756,-5.142220479999992,-0.021615299249422803,237.76070066999998,-0.1365600000000029,-0.0005740293083468186,False
2026-02-05,240.68439682,235.83511787,240.60202564,0.01895922,0.018748039999999997,-4.849278949999984,-0.020147874204020803,240.60223682,-0.08215999999998758,-0.00034135989322744655,False
2026-02-06,238.306708,233.49395629999998,238.29088749,0.01025186,0.02541135,-4.812751700000007,-0.020195619923548302,238.275728,-0.030979999999999563,-0.00013000053695508883,False
2026-02-07,224.96418631999998,220.97636909,224.94595658999998,0.0063576399999999995,0.02677791,-3.9878172299999903,-0.01772645368684385,224.92553632,-0.03864999999998986,-0.00017180512432771064,False
2026-02-08,208.91979317,204.84953892,208.71761644999998,0.0085389,0.02643218,-4.070254250000005,-0.019482377367126727,208.69972316999997,-0.22007000000002108,-0.0010533707537272357,False
2026-02-09,238.49596182,234.37907925,238.48993309,0.011243359999999999,0.025664629999999997,-4.116882570000001,-0.017261854408701205,238.47551182,-0.020449999999982538,-8.574568661005993e-05,False
2026-02-10,243.40617459999999,239.82112592,243.22219321999998,0.01718993,0.02493855,-3.58504868,-0.014728667774724561,243.21444459999998,-0.19173000000000684,-0.0007876957119723242,False
2026-02-11,246.01163916,241.66842917,245.84305709,0.01137878,0.02524671,-4.343209989999991,-0.017654489864096522,245.82918916,-0.18244999999998868,-0.0007416315773634093,False
2026-02-12,247.8322748,242.25528502999998,247.19993287999998,0.007994949999999999,0.029473029999999997,-5.5769897700000115,-0.022503081063596855,247.1784548,-0.6538199999999961,-0.002638155181877046,False
2026-02-13,247.72289415,242.92572669999998,247.68778005,0.007535689999999999,0.02247159,-4.797167450000018,-0.019365054919369944,247.67284414999997,-0.05005000000002724,-0.00020204026830770514,False
2026-02-14,232.65091590999998,227.81305189,232.61088038,0.015874179999999998,0.028298649999999998,-4.837864019999984,-0.02079451955337021,232.59845590999998,-0.0524599999999964,-0.00022548804415749787,False
2026-02-15,210.76357018,206.88973894,210.63017947999998,0.00489901,0.02397831,-3.873831239999987,-0.018379984912438092,210.61110018,-0.1524699999999939,-0.0007234172388984434,False
2026-02-16,234.96116525999997,230.59057971,234.94638496,0.00652289,0.01975259,-4.370585549999987,-0.018601310327873318,234.93315526,-0.02800999999996634,-0.00011921118951283474,False
2026-02-17,240.73358327999998,236.87622647,240.73112960999998,0.01116396,0.04401029,-3.8573568099999704,-0.016023343139097607,240.69828328,-0.03529999999997813,-0.00014663512883834033,False
2026-02-18,242.27117221,238.35422645,242.25487891999998,0.01538078,0.02247749,-3.9169457600000044,-0.01616760972537338,242.24778220999997,-0.02339000000003466,-9.654470974268565e-05,False
2026-02-19,243.02591233,238.89922128,242.94735531999999,0.01270736,0.02427035,-4.126691050000005,-0.01698045698269596,242.93579233,-0.09012000000001308,-0.0003708246546057234,False
2026-02-20,245.88275427,241.18637024999998,245.86470452999998,0.0117521,0.02676236,-4.696384020000011,-0.019100095221981226,245.84969427,-0.033060000000006085,-0.00013445432599841232,False
2026-02-21,236.01946728,230.93952044999997,236.02955871999998,0.00184949,0.021860929999999997,-5.0799468300000115,-0.021523422997872684,236.00954728,-0.009919999999993934,-4.2030431278897065e-05,False
2026-02-22,215.88942175999998,210.80529930999998,215.22057321999998,0.00759649,0.02368795,-5.084122449999995,-0.02354965986083336,215.20448175999996,-0.6849400000000117,-0.0031726427094767337,False
2026-02-23,240.7568781,235.99328864999998,240.76096751999998,0.015815799999999998,0.039355219999999996,-4.763589450000012,-0.019785891425379853,240.7374281,-0.019450000000006185,-8.078689237666346e-05,False
2026-02-24,240.62367824999998,236.62330523,240.37962509,0.00795392,0.026600759999999998,-4.000373019999984,-0.016625018157372398,240.36097825,-0.26269999999999527,-0.0010917462566882496,False
2026-02-25,243.68934041999998,239.34962993,243.70243324999998,0.00940584,0.04373867,-4.339710489999987,-0.017808372260027752,243.66810041999997,-0.02124000000000592,-8.716015219787069e-05,False
2026-02-26,247.89279316999998,243.13329545,247.89662789,0.00632036,0.02989508,-4.759497719999985,-0.019199822871558896,247.87305317,-0.019739999999984548,-7.963119761391065e-05,False
2026-02-27,250.41287243999997,245.1589033,250.36445377,0.00895616,0.01920749,-5.253969139999981,-0.020981226279646846,250.35420244,-0.05866999999997802,-0.00023429306739826487,False
2026-02-28,239.24972103,234.50925164999998,239.22886208999998,0.00727719,0.02472825,-4.7404693800000075,-0.019813897209959925,239.21141102999997,-0.03831000000002405,-0.00016012557855906665,False
2026-03-01,218.34064580999998,214.69959327,218.26874513,0.012195329999999999,0.02348465,-3.6410525399999756,-0.016676018001560825,218.25745581,-0.08318999999997345,-0.00038101013987274445,False
2026-03-02,244.26797374999998,240.14346634999998,244.26417125999998,0.00799997,0.02259748,-4.124507399999999,-0.016885174657490273,244.24957374999997,-0.01840000000001396,-7.532710783790976e-05,False
2026-03-03,250.71240525,246.59503866999998,250.67654068,0.00466415,0.024649579999999997,-4.117366580000009,-0.01642266794056059,250.65655525,-0.055849999999992406,-0.00022276520359772826,False
2026-03-04,252.24036159,248.08719247,251.90710556,0.011476359999999998,0.025430329999999998,-4.153169120000001,-0.016465125144209485,251.89315158999997,-0.3472100000000182,-0.001376504528503591,False
2026-03-05,250.93281402,245.70527389999998,250.48565893999998,0.00807833,0.011133249999999999,-5.227540120000015,-0.02083242935132177,250.48260401999997,-0.45021000000002687,-0.0017941455833837018,False
2026-03-06,250.18726125999999,246.37983973,249.93950802999998,0.0057316599999999995,0.015478429999999998,-3.807421529999999,-0.015218286937652052,249.92976126,-0.2574999999999932,-0.0010292290610767493,False
2026-03-07,237.78344694999998,233.09514345,237.55358966,0.0035883599999999996,0.018591069999999998,-4.688303499999989,-0.01971669416074124,237.53858695,-0.24485999999998853,-0.0010297604948568038,False
2026-03-08,215.0971053,211.01065375,214.69104191999998,0.00036637,0.01372299,-4.086451550000021,-0.0189981708228968,214.67768529999998,-0.41942000000003077,-0.0019499100158277712,False
2026-03-09,243.30372343,239.6054198,243.1370671,0.0006954,0.021949069999999998,-3.698303629999998,-0.01520035771694231,243.11581343,-0.18790999999998803,-0.0007723268569461532,False
2026-03-10,248.88571327999998,244.89688131999998,248.7001716,0.0045772,0.022075519999999998,-3.988831959999999,-0.016026761469881984,248.68267328000002,-0.2030399999999588,-0.0008157961231448264,False
2026-03-11,248.24391789999999,243.86580558999998,248.12806007,0.00240087,0.02346304,-4.378112310000006,-0.017636332632180094,248.1069979,-0.13691999999997506,-0.0005515542985231586,False
2026-03-12,248.42899662,245.79699868999998,248.38107058,0.00736883,0.029582789999999998,-2.6319979300000114,-0.010594568129363527,248.35885661999998,-0.0701400000000092,-0.00028233419187896245,False
2026-03-13,246.72342704,244.17444297999998,246.47621422,0.007112469999999999,0.02178965,-2.5489840600000093,-0.010331341821004925,246.46153704000002,-0.26188999999996554,-0.0010614719613046988,False
2026-03-14,235.81076693999998,233.56530654,235.76575644,0.04449758,0.01652708,-2.2454603999999847,-0.009522298023700176,235.79372694,-0.017039999999980182,-7.226133149516394e-05,False
2026-03-15,218.17686774,216.38469399,217.99609887,0.00243746,0.01696859,-1.7921737500000177,-0.008214316066429828,217.98156774,-0.19530000000000314,-0.0008951453104219138,False
2026-03-16,248.12001931,245.93449379,247.81115606999998,0.01088085,0.01748761,-2.185525519999999,-0.008808340117326096,247.80454931,-0.3154700000000048,-0.0012714411391603917,False
2026-03-17,252.05047359999998,249.30425105999998,251.77763177,0.00524576,0.04034393,-2.746222539999991,-0.010895526204637098,251.7425336,-0.3079399999999737,-0.0012217394222740858,False
2026-03-18,246.71601088999998,242.32315301,246.53840694,0.00578336,0.09020940999999999,-4.39285787999998,-0.01780532144692695,246.45398089,-0.26202999999998156,-0.0010620713226301695,False
2026-03-19,245.20423157,241.64010334,245.22434879999997,0.01260746,0.08543469,-3.5641282299999943,-0.014535345524746869,245.15152156999997,-0.05271000000001891,-0.00021496366381006544,False
2026-03-20,246.38940043,242.74727091999998,246.40396289999998,0.014143979999999999,0.05192645,-3.642129510000018,-0.014782005653018172,246.36618043,-0.023220000000009122,-9.42410670243341e-05,False
2026-03-21,234.37406536,230.78293276999997,234.34284762,0.00888962,0.06953187999999999,-3.5911325900000293,-0.015322226819268708,234.28220535999998,-0.09186000000002537,-0.0003919375629676767,False
2026-03-22,214.47150845,211.48850814,214.04350821999998,0.012408349999999999,0.016588119999999998,-2.983000309999994,-0.013908608801039998,214.03932844999997,-0.43218000000001666,-0.002015092835050262,False
2026-03-23,222.07561099999998,219.03633204,221.92329555999999,0.009465069999999999,0.04258963,-3.03927895999999,-0.013685784523182018,221.89017099999998,-0.18543999999999983,-0.0008350309120617475,False
2026-03-24,245.58546096,241.91583867999998,245.51176797999997,0.00671215,0.03638917,-3.669622280000027,-0.014942343352311564,245.48209095999997,-0.10337000000004082,-0.00042091253934970244,False
2026-03-25,251.10213316999997,247.27784291999998,250.90724397,0.01284393,0.029654729999999997,-3.82429024999999,-0.015230018963681553,250.89043317,-0.21169999999997913,-0.0008430832399844848,False
2026-03-26,253.00390711,250.31044283999998,252.98293361999998,0.00823639,0.0259329,-2.693464270000021,-0.010645939427445157,252.96523711,-0.03866999999999621,-0.00015284348942162156,False
2026-03-27,249.23001888,245.24380431,249.16703843,0.002972,0.06459155,-3.986214569999987,-0.015994118958516317,249.10541888,-0.12459999999998672,-0.0004999397767569062,False
2026-03-28,238.64926375999997,234.6657697,238.60892588,0.01145396,0.03849608,-3.9834940599999697,-0.016691834691792768,238.58188376,-0.06737999999995736,-0.00028233902312692127,False
2026-03-29,221.85062383,218.16092855,221.65179111,0.00930926,0.017916539999999998,-3.689695279999995,-0.016631439733193358,221.64318383000003,-0.20743999999996277,-0.0009350435730977263,False
2026-03-30,241.60227421,237.90657885,241.58105884999998,0.01164029,0.02387493,-3.695695360000002,-0.01529660832905784,241.56882420999997,-0.03345000000001619,-0.00013845068350201682,False
2026-03-31,242.2192803,238.85975112999998,242.2133002,0.011307959999999999,0.03027786,-3.3595291700000303,-0.01386978429561468,242.1943303,-0.024950000000018235,-0.00010300583821864421,False
2026-04-01,236.53989802,232.61747735999998,236.46362667999998,0.005977099999999999,0.04813576,-3.9224206600000286,-0.016582490703823585,236.42146801999996,-0.11843000000004622,-0.0005006766342227504,False
2026-04-02,212.56805377,209.39863859,212.60966585999998,0.00258668,0.14164877,-3.1694151800000157,-0.014910119953534237,212.47060377,-0.09745000000000914,-0.0004584414180385293,False
2026-04-03,205.38962834,202.48833373,205.51797037999998,0.00408375,0.17244579,-2.901294610000008,-0.014125808754068306,205.34960833999997,-0.04002000000002681,-0.0001948491767742921,False
2026-04-04,219.88237931999998,216.36404874,219.86437761,0.01131229,0.01880058,-3.518330579999997,-0.01600096647526125,219.85688932,-0.025489999999990687,-0.00011592561477104307,False
2026-04-05,215.37333719999998,211.83312138,215.34504915,0.00558955,0.0215215,-3.540215819999986,-0.01643757702798871,215.32911719999998,-0.04421999999999571,-0.00020531789391800217,False
2026-04-06,244.35202305,240.77136492,244.11875356999997,0.01378955,0.041260069999999996,-3.5806581300000175,-0.014653687271774022,244.09128305,-0.26074000000002684,-0.0010670670811130279,False
2026-04-07,252.38367250999997,248.37738134999998,252.24998114,0.008600519999999999,0.02315915,-4.006291159999989,-0.015873812755622104,252.23542250999998,-0.14824999999999022,-0.0005873993294638196,False
2026-04-08,253.58492005,249.61701097,253.35735578999999,0.01171152,0.029987259999999998,-3.9679090799999983,-0.015647259621028076,253.33908004999998,-0.24584000000001538,-0.000969458278321686,False
2026-04-09,254.89311949,251.16746347999998,254.74181119999997,0.01085295,0.02027466,-3.725656010000023,-0.01461654209205199,254.73238948999995,-0.16073000000005777,-0.0006305780254941858,False
2026-04-10,254.63563133,251.28069299999999,254.53349371999997,0.02021042,0.02800281,-3.35493833000001,-0.013175447255659648,254.52570132999998,-0.10993000000001985,-0.00043171491525297934,False
2026-04-11,242.42491744999998,238.45108403,242.41575848,0.01010029,0.02824132,-3.973833419999977,-0.016392017214235322,242.39761744999998,-0.02729999999999677,-0.00011261218643346505,False
2026-04-12,223.99757269,220.69524101,223.91993764,0.008929920000000001,0.02804487,-3.302331680000009,-0.01474271189791083,223.90082269,-0.0967499999999859,-0.0004319243232777457,False
2026-04-13,249.08503525999998,245.11446726999998,248.86457328999998,0.00599,0.027728029999999997,-3.9705679900000064,-0.015940612352947848,248.84283526,-0.24219999999999686,-0.0009723586956847231,False
2026-04-14,249.78956616,246.22106295,249.7474978,0.00954524,0.026336879999999997,-3.5685032099999887,-0.014286037903257427,249.73070615999998,-0.058860000000009904,-0.00023563834512730516,False
2026-04-15,248.25510771,245.2076157,248.21602998,0.00980024,0.03574251,-3.0474920100000134,-0.012275646765584179,248.19008771,-0.06502000000000407,-0.0002619080050347137,False
2026-04-16,249.01429628999998,245.35517618999998,248.94199903999998,0.00581416,0.02289691,-3.6591200999999955,-0.01469441776844256,248.92491629,-0.08937999999997714,-0.0003589352150925742,False
2026-04-17,248.01310336999998,244.28980542999997,247.92291613999998,0.00467108,0.023293849999999998,-3.723297940000009,-0.015012504941907777,247.90429337,-0.10880999999997698,-0.00043872681935537924,False
2026-04-18,235.83950675999998,232.5043369,235.68447447999998,0.00168352,0.01657124,-3.3351698599999793,-0.014141692822458224,235.66958676,-0.16991999999999052,-0.0007204899736027185,False
2026-04-19,218.65057012,214.78848864,217.90914461999998,0.00190611,0.01698061,-3.8620814800000005,-0.017663258220092494,217.89407011999998,-0.7565000000000168,-0.0034598583465153274,False
2026-04-20,244.64425933,241.16632181,244.55929183,0.007784849999999999,0.01472735,-3.4779375200000118,-0.014216305461345941,244.55234933000003,-0.0919099999999844,-0.0003756883576655164,False
2026-04-21,249.08607974999998,244.83934102999999,249.03320337,0.00693677,0.02432039,-4.246738719999996,-0.01704928161486309,249.01581975,-0.07025999999999044,-0.0002820711621882212,False
2026-04-22,249.56339128,245.24975396,248.85600225999997,0.01075954,0.022550519999999998,-4.313637319999998,-0.017284735945747236,248.84421127999997,-0.7191800000000228,-0.002881752793594362,False
2026-04-23,248.74434021,245.07641067999998,248.51250797999998,0.01097401,0.03223178,-3.667929530000009,-0.01474578085637404,248.49125021,-0.25308999999998605,-0.0010174703866078613,False
2026-04-24,249.01672374999998,244.48301209,248.06621801999998,0.00731342,0.02498769,-4.5337116599999945,-0.018206454537373195,248.04854375,-0.9681799999999896,-0.0038880119592770513,False
2026-04-25,237.22614572999998,233.99672411,237.21242155,0.004871309999999999,0.021287129999999998,-3.2294216199999823,-0.013613261767847306,237.19600573,-0.03013999999998873,-0.00012705176281156087,False
2026-04-26,219.900568,216.84906231,219.75565523,0.00506224,0.019589469999999998,-3.051505689999999,-0.01387675219647454,219.741128,-0.15943999999998937,-0.0007250549712085754,False
2026-04-27,246.85245300999998,243.37590937,246.71712320999998,0.00310075,0.019120949999999998,-3.4765436399999885,-0.014083488325146009,246.70110300999997,-0.15135000000000787,-0.0006131192870660948,False
2026-04-28,252.88455317999998,249.03037125999998,252.82842961999998,0.00191345,0.01484989,-3.854181920000002,-0.015240875219676406,252.81549317999998,-0.06906000000000745,-0.0002730890405585644,False
2026-04-29,251.86860419999996,248.22753627999998,251.73153621,0.00405218,0.01727419,-3.6410679199999834,-0.014456219867358854,251.7183142,-0.15028999999995563,-0.0005967000153803038,False
2026-04-30,252.78413584,248.63732237,252.71463888,0.005315029999999999,0.01652807,-4.146813470000012,-0.016404563744556906,252.70342584,-0.0807100000000105,-0.0003192842768072122,False
2026-05-01,235.86790536,231.67975399,235.84130555,0.00700139,0.01969158,-4.188151370000014,-0.017756342744502395,235.82861536,-0.039290000000022474,-0.00016657628743535502,False
2026-05-02,233.43311788,230.57373225,233.36000744999998,0.0052083799999999994,0.01735795,-2.8593856299999914,-0.012249271465713378,233.34785788,-0.08526000000000522,-0.0003652438041967742,False
2026-05-03,218.43337896999998,216.04997945,218.00633779999998,0.009606139999999999,0.02079497,-2.3833995199999833,-0.010911333841186074,217.99514896999997,-0.43823000000000434,-0.002006240996986965,False
2026-05-04,247.05794469,244.77534277,247.03174765,0.00555214,0.0384651,-2.2826019199999905,-0.0092391358750439,246.99883469,-0.05911000000000399,-0.00023925561298655354,False
2026-05-05,256.08219512,253.69045275,255.95964087,0.01178939,0.029545139999999998,-2.391742370000003,-0.009339744877144753,255.94188511999997,-0.1403100000000279,-0.0005479100174624742,False
2026-05-06,256.43582725,254.24517214999997,256.32329126,0.00774974,0.021863749999999998,-2.190655100000015,-0.00854270295805562,256.30917725,-0.12664999999998372,-0.0004938857466141512,False
2026-05-07,258.68430963,255.01571173,258.43797947,0.006633859999999999,0.0314037,-3.6685978999999804,-0.01418175654042269,258.41320963000004,-0.27109999999993306,-0.0010479955293295192,False
2026-05-08,256.8056787,253.17809376999998,256.53434669,0.0070764,0.03077439,-3.627584930000012,-0.014125797172257048,256.51064870000005,-0.2950299999999402,-0.0011488453117292387,False
2026-05-09,243.73793741999998,240.65258401999998,243.55918247,0.00846391,0.02810896,-3.0853534000000025,-0.01265848653951411,243.53953742,-0.19839999999999236,-0.0008139890002355973,False
2026-05-10,224.17437052,221.58743151,224.1144969,0.00095418,0.02334056,-2.586939010000009,-0.011539851785907934,224.09211052,-0.0822599999999909,-0.0003669464970914325,False
2026-05-11,251.89769431,248.0189403,251.74599633999998,0.00913448,0.039126509999999996,-3.8787540099999944,-0.015398132248191893,251.71600431,-0.18169000000000324,-0.0007212848870954925,False
2026-05-12,253.62614241999998,250.08770665999998,253.40569996,0.010660069999999999,0.026857609999999997,-3.5384357599999987,-0.013951384215513627,253.38950241999999,-0.2366399999999942,-0.0009330268470831486,False
2026-05-13,255.66693752,251.74151727,254.94133109,0.00614024,0.02385381,-3.925420250000002,-0.015353648336687762,254.92361752000002,-0.7433199999999829,-0.0029073763201854573,False
2026-05-14,258.39047701,254.68985153,258.05319416,0.00864307,0.01777022,-3.700625479999985,-0.014321833849382798,258.04406701,-0.34640999999999167,-0.0013406453829433707,False
2026-05-15,261.86610738999997,258.29489061,261.69914839,0.01181177,0.02912277,-3.571216779999986,-0.013637567746334333,261.68183739,-0.1842699999999695,-0.0007036802197755751,False
2026-05-16,249.59519705,244.80943116,249.24463744999997,0.008061229999999999,0.03107163,-4.785765889999993,-0.01917411050598577,249.22162704999997,-0.37357000000002927,-0.0014967034799359305,False
2026-05-17,223.56679881999997,219.70706572,223.46341034,0.00725791,0.02601943,-3.8597330999999713,-0.017264339429521255,223.44464882,-0.12214999999997644,-0.0005463691417719091,False
2026-05-18,228.70752922999998,225.3853732,228.18672386999998,0.00795653,0.031391169999999996,-3.3221560299999737,-0.014525783393248256,228.16328922999998,-0.544240000000002,-0.002379633070377349,False
2026-05-19,254.38660244,250.76637282,254.05068566,0.01053533,0.017938549999999998,-3.6202296200000035,-0.014231211806265923,254.04328244,-0.3433199999999772,-0.0013495993763309652,False
2026-05-20,259.22350117999997,255.21774465,258.76714666,0.02419203,0.04091751,-4.005756529999985,-0.015452906514129915,258.75042118,-0.47307999999998174,-0.0018249888526560862,False
2026-05-21,257.75410225,253.30863778,257.25675664,0.00663917,0.08228355999999999,-4.445464470000019,-0.017246920344601492,257.18111225,-0.5729900000000043,-0.0022230102062323408,False
2026-05-22,258.75093882,255.11922962,258.70829996,0.00076903,0.13582017,-3.631709199999989,-0.014035540186103002,258.57324882,-0.17768999999998414,-0.0006867221460541024,False
2026-05-23,248.04156791,245.03193339999999,247.95135649999997,0.0044029099999999995,0.0236115,-3.009634510000012,-0.012133589282470731,247.93214791,-0.10942000000000007,-0.0004411357375377594,False
2026-05-24,225.25651835,222.33332843999997,224.51987728,0.005610459999999999,0.024399389999999996,-2.923189910000019,-0.012977160134642644,224.50108835,-0.7554299999999898,-0.003353643239864938,False
2026-05-25,254.15615791,251.25953442999997,253.81355535,0.00834322,0.03100066,-2.8966234800000166,-0.011397022617196427,253.79089791,-0.36525999999997794,-0.00143714794480534,False
2026-05-26,257.36075052999996,253.77199782,257.19131791999996,0.00749213,0.023539519999999998,-3.588752709999966,-0.013944444530136825,257.17527053,-0.1854799999999841,-0.0007207004161202239,False
2026-05-27,257.27097754,253.6223532,257.00374032,0.01109595,0.02856873,-3.648624339999998,-0.014182028516732777,256.98626754000003,-0.2847099999999614,-0.001106654169554338,False
2026-05-28,259.85771601,255.78188006999997,259.31450242,0.00525797,0.027014379999999998,-4.075835940000019,-0.01568487556414592,259.29274601,-0.5649700000000166,-0.0021741513343335747,False
2026-05-29,256.40825163,252.31592543999997,256.19531945,0.00485823,0.02802605,-4.092326190000023,-0.01596019692808208,256.17215163000003,-0.2360999999999649,-0.0009207971993844405,False
2026-05-30,240.76929665999998,237.05151164,240.32963526,0.00371559,0.022734189999999998,-3.7177850199999796,-0.01544127541000385,240.31061666000002,-0.45867999999995845,-0.0019050601815217285,False
2026-05-31,221.35336921,218.56189497,221.20359929999998,0.00758309,0.02688318,-2.7914742400000137,-0.012610940822643255,221.18429920999998,-0.16907000000003336,-0.0007638013399273588,False
2026-06-01,253.0124644,249.77006833,252.97857392999998,0.00492206,0.02653159,-3.2423960700000123,-0.012815163386077086,252.9569644,-0.055499999999995,-0.00021935678201312757,False
2026-06-02,257.37705285,253.95204187,257.34767589,0.00997021,0.030803249999999997,-3.425010979999996,-0.013307367312174878,257.32684285,-0.05020999999999276,-0.00019508343670892556,False
2026-06-03,254.00980228,250.55166609999998,253.96538447,0.014937449999999998,0.03135964,-3.458136180000025,-0.013614183976207554,253.94896228,-0.060840000000013106,-0.00023951831564731496,False
2026-06-04,251.22304905000001,247.47841578,251.14093379,0.00835678,0.03254152,-3.7446332700000085,-0.014905611902093933,251.11674905,-0.1063000000000045,-0.0004231299651921986,False
2026-06-05,247.75603594999998,244.05649037999999,247.5928138,0.009671939999999999,0.03434979,-3.699545569999998,-0.014932211664649853,247.56813595,-0.18789999999998486,-0.0007584073553626974,False
2026-06-06,231.70983381,227.98104426999998,231.72160006,0.00488819,0.03339444,-3.728789540000008,-0.016092495854351966,231.69309381,-0.016739999999998645,-7.224553107972662e-05,False
2026-06-07,209.87074218,207.37507069999998,209.84310721999998,0.0055022199999999995,0.023387259999999997,-2.495671480000027,-0.011891469263779333,209.82522218,-0.04552000000001044,-0.00021689540679743375,False
2026-06-08,213.88514136,211.38140898999998,213.81996106,0.01041311,0.018582809999999998,-2.503732370000023,-0.01170596682911168,213.81179136,-0.07335000000000491,-0.00034294107357624306,False
2026-06-09,241.33082413999998,236.13020942,241.33497115,0.00312199,0.024489,-5.200614719999976,-0.02154973256538093,241.31360414000002,-0.01721999999995205,-7.135433304600346e-05,False
2026-06-10,245.76880687,242.26838898,245.48464911,0.005917599999999999,0.02387984,-3.5004178899999943,-0.01424272646549303,245.46668687,-0.30212000000000216,-0.0012292853753397975,False
2026-06-11,254.56619958,250.77692399,254.52990345999999,0.0079458,0.02977968,-3.7892755899999884,-0.014885226696441961,254.50806957999998,-0.058130000000005566,-0.0002283492470560202,False
2026-06-12,259.80896414,255.85678825999997,259.64658334,0.006948639999999999,0.019517839999999998,-3.952175880000027,-0.01521185342115589,259.63401414000003,-0.17494999999996708,-0.0006733793831135632,False
2026-06-13,248.23665659,244.32311367,248.10137224,0.0043478,0.03350345,-3.9135429199999976,-0.01576537073033416,248.07221658999998,-0.16444000000001324,-0.0006624323831093589,False
2026-06-14,223.34696572,220.0409147,223.16155604,0.00699288,0.0279932,-3.306051019999984,-0.014802309981433242,223.14055572,-0.2064099999999769,-0.0009241674689180412,False
2026-06-15,223.28139094999997,219.81941195,223.01326978999998,0.009245,0.03424384,-3.4619789999999853,-0.015505004627883368,222.98827095,-0.2931199999999876,-0.0013127829361544365,False
2026-06-16,245.26372572999998,242.00403912,245.18572016,0.01434991,0.019364339999999997,-3.2596866099999886,-0.01329053695281639,245.18070572999997,-0.08302000000000476,-0.0003384927785505379,False
2026-06-17,250.97387755,247.53581223999998,250.47798792999998,0.0065714499999999995,0.02526183,-3.438065310000013,-0.013698897046825394,250.45929754999997,-0.5145800000000236,-0.00205033290724652,False
2026-06-18,247.61024288,243.97154310999997,247.59635895999998,0.01084055,0.02703663,-3.6386997700000165,-0.014695271599743348,247.58016288,-0.030079999999998108,-0.00012148124265834939,False
2026-06-19,249.06590437,245.19019698,248.94566487999998,0.00923453,0.018505039999999997,-3.8757073900000023,-0.0155609713011639,248.93639436999996,-0.12951000000003887,-0.0005199828548497156,False
2026-06-20,239.71355813,236.14413553999998,239.62153228999998,0.0078016399999999994,0.0293358,-3.5694225900000163,-0.01489036589271379,239.59999812999996,-0.11356000000003519,-0.00047373206958302303,False
2026-06-21,217.84995074,214.98002007,217.63630937,0.007318089999999999,0.02130672,-2.8699306700000022,-0.013173887165231508,217.62232074,-0.22763000000000488,-0.001044893511459533,False
2026-06-22,250.94236966,247.63225171,250.88255679,0.00803073,0.025307859999999998,-3.3101179500000057,-0.01319074955132073,250.86527966,-0.07708999999999833,-0.0003072020085904465,False
2026-06-23,254.95573093,251.52575789,254.94953857,0.009041539999999999,0.038189179999999996,-3.429973039999993,-0.013453210200408156,254.92039093,-0.03533999999999082,-0.0001386122989708111,False
2026-06-24,255.27346769,252.07071187999998,255.21592866999998,0.01332322,0.0311242,-3.2027558100000135,-0.012546371696918338,255.19812768999998,-0.07534000000001129,-0.00029513447159930844,False
2026-06-25,258.78098782,254.92688268999999,258.68015166,0.0132388,0.02041264,-3.854105130000022,-0.014893308671813314,258.67297781999997,-0.10801000000003569,-0.0004173799663952287,False
2026-06-26,256.38656812,253.02948437999999,256.31607591,0.00950091,0.018038699999999998,-3.3570837400000073,-0.013093836251315424,256.30753812,-0.07902999999998883,-0.00030824547705244595,False
2026-06-27,242.62375174,238.62421737,242.59284520999998,0.0062458800000000005,0.02724935,-3.999534369999992,-0.016484512918941117,242.57184173999997,-0.05191000000002077,-0.000213952672101322,False
2026-06-28,223.50929903,220.27321783,223.42904199,0.00704359,0.00914655,-3.236081200000001,-0.014478508115967228,223.42693903,-0.08235999999999422,-0.00036848578720180964,False
2026-06-29,232.24851730999998,229.36495922999998,232.15895367,0.02359451,0.04248087,-2.8835580800000002,-0.012415829876541658,232.14006731,-0.1084499999999764,-0.0004669566947341146,False
2026-06-30,256.26047688,253.06581683999997,256.13583001,0.02355433,0.06213746,-3.1946600400000307,-0.012466456313885677,256.09724688000006,-0.1632299999999418,-0.0006369690792247222,False
2026-07-01,257.16006916,253.64293252,256.89564981999996,0.0060256,0.032756259999999995,-3.5171366399999897,-0.013676838132329542,256.86891915999996,-0.291150000000016,-0.0011321742172143692,False
2026-07-02,258.0871299,254.18543891,257.97018926,0.01864708,0.02297644,-3.9016909899999916,-0.015117727844514234,257.9658599,-0.12126999999998134,-0.00046988007517836846,False
2026-07-03,253.60880989999998,250.72420541999998,253.53359783,0.01279691,0.016984839999999998,-2.8846044800000072,-0.01137422821051615,253.5294099,-0.07939999999999259,-0.000313080606432011,False
2026-07-04,239.11523319999998,235.73061722,238.94719858,0.00725143,0.02564681,-3.384615979999978,-0.014154748464599196,238.92880319999998,-0.18643000000000143,-0.000779665927197822,False
2026-07-05,223.54741869999998,220.60947793999998,223.45023177,0.00655317,0.01766624,-2.9379407600000036,-0.013142360475844777,223.43911869999997,-0.10830000000001405,-0.0004844609731117153,False
2026-07-06,255.48546144999997,252.39815676999999,255.43968282,0.01229765,0.023009019999999998,-3.0873046799999884,-0.012084071878212109,255.42897145,-0.05648999999996818,-0.0002211084720021284,False
2026-07-07,258.69407099,254.59134992,258.63046149999997,0.0138017,0.038982209999999996,-4.102721070000001,-0.015859354852236232,258.60528099,-0.08879000000001724,-0.0003432239465722022,False
2026-07-08,262.65251337,258.17076276,262.54998817999996,0.0079991,0.02879391,-4.481750610000006,-0.017063421752551593,262.52919337,-0.12332000000003518,-0.000469517684859591,False
2026-07-09,259.42277716999996,253.83592181,259.26741968,0.00805479,0.031577299999999996,-5.586855359999959,-0.02153571641220573,259.24389717,-0.17887999999993554,-0.0006895308189639621,False
2026-07-10,255.6192088,251.09844289,255.18398845,0.01083164,0.025551289999999997,-4.520765909999994,-0.017685548481362775,255.16926879999997,-0.44994000000002643,-0.001760196356573757,False
2026-07-11,245.98163938999997,240.87830602,245.57889988,0.006975599999999999,0.02059609,-5.103333369999973,-0.02074680607323183,245.56527939,-0.416359999999969,-0.0016926466586387645,False
2026-07-12,222.48618065,41.99203849,222.45448782,0.00550665,0.02204382,-180.49414216,-0.8112600145891353,222.43795065,-0.04822999999998956,-0.0002167775088730643,False
2026-07-13,225.55885290999998,48.649712369999996,225.52957232,0.007341319999999999,0.027320729999999998,-176.90914053999998,-0.7843147730964403,225.50959290999998,-0.049260000000003856,-0.00021839089605433948,False
